#
# A fatal error has been detected by the Java Runtime Environment:
#
#  EXCEPTION_ACCESS_VIOLATION (0xc0000005) at pc=0x00007fff2230bb06, pid=22808, tid=23396
#
# JRE version: Java(TM) SE Runtime Environment (24.0.2+12) (build 24.0.2+12-54)
# Java VM: Java HotSpot(TM) 64-Bit Server VM (24.0.2+12-54, mixed mode, emulated-client, sharing, tiered, compressed oops, compressed class ptrs, g1 gc, windows-amd64)
# Problematic frame:
# C  [glass.dll+0x1bb06]
#
# No core dump will be written. Minidumps are not enabled by default on client versions of Windows
#
# If you would like to submit a bug report, please visit:
#   https://bugreport.java.com/bugreport/crash.jsp
# The crash happened outside the Java Virtual Machine in native code.
# See problematic frame for where to report the bug.
#

---------------  S U M M A R Y ------------

Command Line: -Dspring.jmx.enabled=true -Dmanagement.endpoints.jmx.exposure.include=* -Dspring.application.admin.enabled=true -Dspring.output.ansi.enabled=always -XX:TieredStopAtLevel=1 -Dspring.boot.project.name=repromarket-client -Dfile.encoding=UTF-8 -Dstdout.encoding=UTF-8 -Dstderr.encoding=UTF-8 -XX:+ShowCodeDetailsInExceptionMessages org.code_studio.main.SpringBootJfxApplication

Host: Intel(R) Core(TM) i7-5500U CPU @ 2.40GHz, 4 cores, 7G,  Windows 10 , 64 bit Build 19041 (10.0.19041.7663)
Time: Sat Aug 29 11:06:42 2026 Central Europe Daylight Time elapsed time: 25.426125 seconds (0d 0h 0m 25s)

---------------  T H R E A D  ---------------

Current thread (0x000002d3464ad0b0):  JavaThread "JavaFX Application Thread"        [_thread_in_native, id=23396, stack(0x000000e04f700000,0x000000e04f800000) (1024K)]

Stack: [0x000000e04f700000,0x000000e04f800000],  sp=0x000000e04f7fe350,  free space=1016k
Native frames: (J=compiled Java code, j=interpreted, Vv=VM code, C=native code)
C  [glass.dll+0x1bb06]  (no source info available)
C  [glass.dll+0x1a8b1]  (no source info available)
C  [glass.dll+0xa484]  (no source info available)
C  [glass.dll+0x177f]  (no source info available)
C  [USER32.dll+0xef5c]  (no source info available)
C  [USER32.dll+0xdfbb]  (no source info available)
C  [USER32.dll+0xd814]  (no source info available)
C  [glass.dll+0x1cbdf]  (no source info available)
C  0x000002d36a4bc867  (no source info available)

The last pc belongs to native method entry point (kind = native) (printed below).
Java frames: (J=compiled Java code, j=interpreted, Vv=VM code)
j  com.sun.glass.ui.win.WinWindow._close(J)Z+0
j  com.sun.glass.ui.Window.close()V+63
j  com.sun.glass.ui.win.WinWindow.close()V+8
j  com.sun.glass.ui.Application.terminate()V+75
j  com.sun.javafx.tk.quantum.QuantumToolkit.lambda$exit$9()Ljava/lang/Object;+5
j  com.sun.javafx.tk.quantum.QuantumToolkit$$Lambda+0x000002d301662a20.get()Ljava/lang/Object;+0
j  com.sun.javafx.tk.quantum.QuantumToolkit.runWithRenderLock(Ljava/util/function/Supplier;)Ljava/lang/Object;+7
j  com.sun.javafx.tk.quantum.QuantumToolkit.exit()V+26
j  com.sun.javafx.application.PlatformImpl.lambda$tkExit$9()V+3
j  com.sun.javafx.application.PlatformImpl$$Lambda+0x000002d3016627f0.run()V+0
j  com.sun.javafx.application.PlatformImpl.lambda$runAndWait$5(Ljava/lang/Runnable;Ljava/util/concurrent/CountDownLatch;)V+1
j  com.sun.javafx.application.PlatformImpl$$Lambda+0x000002d3010e5710.run()V+8
j  com.sun.javafx.application.PlatformImpl.lambda$runLater$4(Ljava/lang/Runnable;)V+1
j  com.sun.javafx.application.PlatformImpl$$Lambda+0x000002d3010e5b60.run()V+4
j  com.sun.glass.ui.InvokeLaterDispatcher$Future.run()V+4
v  ~StubRoutines::call_stub 0x000002d36a4b0fcd
j  com.sun.glass.ui.win.WinApplication._runLoop(Ljava/lang/Runnable;)V+0
j  com.sun.glass.ui.win.WinApplication.lambda$runLoop$0(ILjava/lang/Runnable;)V+8
j  com.sun.glass.ui.win.WinApplication$$Lambda+0x000002d3010d4570.run()V+12
j  java.lang.Thread.runWith(Ljava/lang/Object;Ljava/lang/Runnable;)V+5 java.base@24.0.2
j  java.lang.Thread.run()V+19 java.base@24.0.2
v  ~StubRoutines::call_stub 0x000002d36a4b0fcd

siginfo: EXCEPTION_ACCESS_VIOLATION (0xc0000005), reading address 0x0000000000000128


Registers:
RAX=0x0000000000000000, RBX=0x0000000000000000, RCX=0x0000000000000000, RDX=0x0000000000000000
RSP=0x000000e04f7fe350, RBP=0x0000000000000000, RSI=0x0000000000000401, RDI=0x000000e04f7fe6d0
R8 =0x000000e04f7fe6d0, R9 =0x0000000000000000, R10=0x0000000000000000, R11=0x0000000000000246
R12=0x000000e04f7fe6d0, R13=0x0000000000000000, R14=0x0000000000000000, R15=0x000000e04f7fe6d0
RIP=0x00007fff2230bb06, EFLAGS=0x0000000000010206

XMM[0]=0x0000000000000000 0x0000000000000000
XMM[1]=0x0000000000000000 0x0000000000000000
XMM[2]=0x0000000000000000 0x0000000000000000
XMM[3]=0x0000000000000000 0x0000000000000000
XMM[4]=0x0000000000000000 0x0000000000000000
XMM[5]=0x0000000000000000 0x0000000000000000
XMM[6]=0x0000000000000000 0x0000000000000000
XMM[7]=0x0000000000000000 0x0000000000000000
XMM[8]=0x0000000000000000 0x0000000000000000
XMM[9]=0x0000000000000000 0x0000000000000000
XMM[10]=0x0000000000000000 0x0000000000000000
XMM[11]=0x0000000000000000 0x0000000000000000
XMM[12]=0x0000000000000000 0x0000000000000000
XMM[13]=0x0000000000000000 0x0000000000000000
XMM[14]=0x0000000000000000 0x0000000000000000
XMM[15]=0x0000000000000000 0x0000000000000000
  MXCSR=0x00001fa7


Register to memory mapping:

RAX=0x0 is null
RBX=0x0 is null
RCX=0x0 is null
RDX=0x0 is null
RSP=0x000000e04f7fe350 is pointing into the stack for thread: 0x000002d3464ad0b0
RBP=0x0 is null
RSI=0x0000000000000401 is an unknown value
RDI=0x000000e04f7fe6d0 is pointing into the stack for thread: 0x000002d3464ad0b0
R8 =0x000000e04f7fe6d0 is pointing into the stack for thread: 0x000002d3464ad0b0
R9 =0x0 is null
R10=0x0 is null
R11=0x0000000000000246 is an unknown value
R12=0x000000e04f7fe6d0 is pointing into the stack for thread: 0x000002d3464ad0b0
R13=0x0 is null
R14=0x0 is null
R15=0x000000e04f7fe6d0 is pointing into the stack for thread: 0x000002d3464ad0b0

Top of Stack: (sp=0x000000e04f7fe350)
0x000000e04f7fe350:   000002d300000578 000000e04f7fe360   x.......`..O....
0x000000e04f7fe360:   0000000000180016 00007fff2231a620   ........ .1"....
0x000000e04f7fe370:   000000e04f7fe6d0 00007fff2230a8b1   ...O......0"....
0x000000e04f7fe380:   0000000000000000 000000e04f7fe6d0   ...........O....
0x000000e04f7fe390:   0000000000000401 00007fff2231a620   ........ .1"....
0x000000e04f7fe3a0:   000002d3464581f0 00007fff222fa484   ..EF....../"....
0x000000e04f7fe3b0:   000000e04f7fe6d0 000002d3464ad001   ...O......JF....
0x000000e04f7fe3c0:   000000000000c1dd 00007fff09abb6ce   ................
0x000000e04f7fe3d0:   0000000000000000 00007fff222f177f   ........../"....
0x000000e04f7fe3e0:   000002d3464581f0 0000000000000401   ..EF............
0x000000e04f7fe3f0:   000002d34645821c 0000000000ac0db8   ..EF............
0x000000e04f7fe400:   0000000000000000 0000000000000401   ................
0x000000e04f7fe410:   0000000080000022 00007fff49bfef5c   ".......\..I....
0x000000e04f7fe420:   0000000000000001 000000e04f7fe610   ...........O....
0x000000e04f7fe430:   0000000000ac0db8 0000000000ac0db8   ................
0x000000e04f7fe440:   0000000000000007 000000e0000a0100   ................
0x000000e04f7fe450:   000002d3464ad0b0 00007fff098a69dd   ..JF.....i......
0x000000e04f7fe460:   000002d300000000 0000000000000000   ................
0x000000e04f7fe470:   0000000000000000 0000000100000000   ................
0x000000e04f7fe480:   0000000080000022 0000000000000000   "...............
0x000000e04f7fe490:   0000000000000000 000002d3464ad0b0   ..........JF....
0x000000e04f7fe4a0:   000002d341602548 000002d3464ad0b0   H%`A......JF....
0x000000e04f7fe4b0:   000002d34140e000 000002d3464ad0b0   ..@A......JF....
0x000000e04f7fe4c0:   000002d3414109ab 000002d3000000b6   ..AA............
0x000000e04f7fe4d0:   000002d341410a10 0000000000000000   ..AA............
0x000000e04f7fe4e0:   0000000000000000 000000e04f7fe8c8   ...........O....
0x000000e04f7fe4f0:   000000e04f7fe878 000002d341604460   x..O....`D`A....
0x000000e04f7fe500:   000002d3414f8800 000002d341602548   ..OA....H%`A....
0x000000e04f7fe510:   000002d3464ad0b0 000002d34160a9b0   ..JF......`A....
0x000000e04f7fe520:   00007fff222f1720 0000000700000001    ./"............
0x000000e04f7fe530:   0000000000000048 0000000000000001   H...............
0x000000e04f7fe540:   0000000000000000 0000000000000000   ................

Instructions: (pc=0x00007fff2230bb06)
  0x00007fff2230ba06:   a8 00 00 00 41 5e 41 5d 41 5c 5e 5d 5b c3 cc cc
  0x00007fff2230ba16:   cc cc cc cc cc cc cc cc cc cc b0 01 c3 cc cc cc
  0x00007fff2230ba26:   cc cc cc cc cc cc cc cc cc cc 48 89 5c 24 08 57
  0x00007fff2230ba36:   48 83 ec 30 48 8b fa 48 8b d9 48 39 91 28 01 00
  0x00007fff2230ba46:   00 0f 84 a5 00 00 00 e8 ae 00 00 00 48 8b 93 28
  0x00007fff2230ba56:   01 00 00 48 85 d2 75 04 48 8b 53 08 48 89 54 24
  0x00007fff2230ba66:   20 4c 8b c7 48 85 ff 75 04 4c 8b 43 08 48 8d 0d
  0x00007fff2230ba76:   06 16 01 00 4c 89 44 24 28 e8 bc 7b fe ff 48 8b
  0x00007fff2230ba86:   4c 24 20 4c 8d 44 24 20 48 8d 15 8b f9 ff ff ff
  0x00007fff2230ba96:   15 05 3a 02 00 48 8b 05 8e 3d 02 00 48 85 c0 75
  0x00007fff2230baa6:   04 33 c9 eb 03 8b 48 48 4c 8d 44 24 20 48 8d 15
  0x00007fff2230bab6:   a6 f9 ff ff ff 15 e8 39 02 00 48 89 bb 28 01 00
  0x00007fff2230bac6:   00 e8 14 63 00 00 4c 8b 05 1d 41 02 00 48 8b c8
  0x00007fff2230bad6:   48 8b 93 c8 00 00 00 4c 8b cf e8 1b 98 fe ff e8
  0x00007fff2230bae6:   f6 62 00 00 48 8b c8 e8 0e 62 00 00 48 8b 5c 24
  0x00007fff2230baf6:   40 48 83 c4 30 5f c3 cc cc cc 40 57 48 83 ec 20
=>0x00007fff2230bb06:   48 8b 81 28 01 00 00 48 8b f9 48 85 c0 75 04 48
  0x00007fff2230bb16:   8b 41 08 48 3b 05 00 40 02 00 75 3b 48 89 5c 24
  0x00007fff2230bb26:   30 e8 b4 62 00 00 4c 8b 05 ad 40 02 00 48 8b c8
  0x00007fff2230bb36:   48 8b 97 c8 00 00 00 48 8b d8 e8 bb 97 fe ff 48
  0x00007fff2230bb46:   8b cb e8 b3 61 00 00 48 8b 5c 24 30 48 c7 05 c3
  0x00007fff2230bb56:   3f 02 00 00 00 00 00 48 83 c4 20 5f c3 cc cc cc
  0x00007fff2230bb66:   cc cc cc cc cc cc cc cc cc cc 40 53 48 83 ec 50
  0x00007fff2230bb76:   48 8b 05 4b 06 02 00 48 33 c4 48 89 44 24 40 48
  0x00007fff2230bb86:   8b d9 48 8b 49 08 ff 15 8e 38 02 00 85 c0 0f 85
  0x00007fff2230bb96:   1b 01 00 00 48 8b 4b 08 48 8d 54 24 30 ff 15 e7
  0x00007fff2230bba6:   36 02 00 48 8b 4b 08 48 8d 54 24 20 ff 15 40 37
  0x00007fff2230bbb6:   02 00 48 8b 4b 08 4c 8d 44 24 20 41 b9 02 00 00
  0x00007fff2230bbc6:   00 33 d2 ff 15 31 37 02 00 8b 44 24 24 2b 44 24
  0x00007fff2230bbd6:   34 8b 4c 24 20 2b 4c 24 30 8b 54 24 3c 2b 54 24
  0x00007fff2230bbe6:   2c 44 8b 44 24 38 44 2b 44 24 28 89 83 14 01 00
  0x00007fff2230bbf6:   00 89 8b 10 01 00 00 89 93 1c 01 00 00 44 89 83


Stack slot to memory mapping:

stack at sp + 0 slots: 0x000002d300000578 is pointing into metadata
stack at sp + 1 slots: 0x000000e04f7fe360 is pointing into the stack for thread: 0x000002d3464ad0b0
stack at sp + 2 slots: 0x0000000000180016 is an unknown value
stack at sp + 3 slots: 0x00007fff2231a620 glass.dll
stack at sp + 4 slots: 0x000000e04f7fe6d0 is pointing into the stack for thread: 0x000002d3464ad0b0
stack at sp + 5 slots: 0x00007fff2230a8b1 glass.dll
stack at sp + 6 slots: 0x0 is null
stack at sp + 7 slots: 0x000000e04f7fe6d0 is pointing into the stack for thread: 0x000002d3464ad0b0

Lock stack of current Java thread (top to bottom):

native method entry point (kind = native)  [0x000002d36a4bc4c0, 0x000002d36a4bcec0]  2560 bytes
[MachCode]
  0x000002d36a4bc4c0: 488b 4b08 | 0fb7 492e | 584c 8d74 | ccf8 6800 | 0000 0068 | 0000 0000 | 5055 488b | ec41 5568 
  0x000002d36a4bc4e0: 0000 0000 | 4c8b 6b08 | 4d8d 6d38 | 5348 8b53 | 0848 8b52 | 0848 8b52 | 1848 8b52 | 7048 8b12 
  0x000002d36a4bc500: 5268 0000 | 0000 488b | 5308 488b | 5208 488b | 5210 5249 | 8bc6 482b | c548 c1e8 | 0350 6800 
  0x000002d36a4bc520: 0000 0068 | f7ff ffff | 41c6 8771 | 0400 0001 | 488b 4318 | 4885 c00f | 85b0 0000 | 00e8 0500 
  0x000002d36a4bc540: 0000 e999 | 0000 0048 | 8bd3 488d | 4424 084c | 896d c049 | 8bcf c5f8 | 7749 89af | b803 0000 
  0x000002d36a4bc560: 4989 87a8 | 0300 0048 | 83ec 2040 | f6c4 0f0f | 8419 0000 | 0048 83ec | 0848 b8a0 | 2f8a 09ff 
  0x000002d36a4bc580: 7f00 00ff | d048 83c4 | 08e9 0c00 | 0000 48b8 | a02f 8a09 | ff7f 0000 | ffd0 4883 | c420 49c7 
  0x000002d36a4bc5a0: 87a8 0300 | 0000 0000 | 0049 c787 | b803 0000 | 0000 0000 | 49c7 87b0 | 0300 0000 | 0000 00c5 
  0x000002d36a4bc5c0: f877 4983 | 7f08 000f | 8405 0000 | 00e9 ee48 | ffff 4c8b | 6dc0 4c8b | 75c8 4e8d | 74f5 00c3 
  0x000002d36a4bc5e0: 488b 4318 | 4885 c00f | 8410 0000 | 008b 0883 | c102 8908 | 2348 140f | 8412 0800 | 0049 3ba7 
  0x000002d36a4bc600: f004 0000 | 0f87 4800 | 0000 8984 | 2400 f0ff | ff89 8424 | 00e0 ffff | 8984 2400 | d0ff ff89 
  0x000002d36a4bc620: 8424 00c0 | ffff 8984 | 2400 b0ff | ff89 8424 | 00a0 ffff | 8984 2400 | 90ff ff89 | 8424 0080 
  0x000002d36a4bc640: ffff 493b | a7e8 0400 | 0076 0749 | 89a7 f004 | 0000 41c6 | 8771 0400 | 0000 488b | 5de8 4c8b 
  0x000002d36a4bc660: 5b08 450f | b75b 2e41 | c1e3 0349 | 2be3 4883 | ec20 4883 | e4f0 4c8b | 5b60 4d85 | db0f 85ab 
  0x000002d36a4bc680: 0000 00e8 | 0500 0000 | e999 0000 | 0048 8bd3 | 488d 4424 | 084c 896d | c049 8bcf | c5f8 7749 
  0x000002d36a4bc6a0: 89af b803 | 0000 4989 | 87a8 0300 | 0048 83ec | 2040 f6c4 | 0f0f 8419 | 0000 0048 | 83ec 0848 
  0x000002d36a4bc6c0: b8e0 598a | 09ff 7f00 | 00ff d048 | 83c4 08e9 | 0c00 0000 | 48b8 e059 | 8a09 ff7f | 0000 ffd0 
  0x000002d36a4bc6e0: 4883 c420 | 49c7 87a8 | 0300 0000 | 0000 0049 | c787 b803 | 0000 0000 | 0000 49c7 | 87b0 0300 
  0x000002d36a4bc700: 0000 0000 | 00c5 f877 | 4983 7f08 | 000f 8405 | 0000 00e9 | a847 ffff | 4c8b 6dc0 | 4c8b 75c8 
  0x000002d36a4bc720: 4e8d 74f5 | 00c3 488b | 5de8 4c8b | 5b60 41ff | d348 8b5d | e848 8945 | 1844 8b5b | 2841 f6c3 
  0x000002d36a4bc740: 080f 841b | 0000 004c | 8b5b 084d | 8b5b 084d | 8b5b 184d | 8b5b 704d | 8b1b 4c89 | 5d10 488d 
  0x000002d36a4bc760: 5510 488b | 4358 49ba | f072 c309 | ff7f 0000 | 493b c20f | 85ab 0000 | 00e8 0500 | 0000 e999 
  0x000002d36a4bc780: 0000 0048 | 8bd3 488d | 4424 084c | 896d c049 | 8bcf c5f8 | 7749 89af | b803 0000 | 4989 87a8 
  0x000002d36a4bc7a0: 0300 0048 | 83ec 2040 | f6c4 0f0f | 8419 0000 | 0048 83ec | 0848 b8e0 | 598a 09ff | 7f00 00ff 
  0x000002d36a4bc7c0: d048 83c4 | 08e9 0c00 | 0000 48b8 | e059 8a09 | ff7f 0000 | ffd0 4883 | c420 49c7 | 87a8 0300 
  0x000002d36a4bc7e0: 0000 0000 | 0049 c787 | b803 0000 | 0000 0000 | 49c7 87b0 | 0300 0000 | 0000 00c5 | f877 4983 
  0x000002d36a4bc800: 7f08 000f | 8405 0000 | 00e9 b246 | ffff 4c8b | 6dc0 4c8b | 75c8 4e8d | 74f5 00c3 | 488b 5de8 
  0x000002d36a4bc820: 488b 4358 | 498d 8fc8 | 0300 004c | 8d15 d500 | 0000 4d89 | 97b0 0300 | 00c5 f877 | 4989 afb8 
  0x000002d36a4bc840: 0300 0049 | 89a7 a803 | 0000 41c7 | 8754 0400 | 0004 0000 | 0049 3ba7 | 4805 0000 | 7607 4989 
  0x000002d36a4bc860: a748 0500 | 00ff d049 | 3ba7 4805 | 0000 720b | 49c7 8748 | 0500 0000 | 0000 00c5 | f877 4883 
  0x000002d36a4bc880: ec10 c5fb | 1104 2448 | 83ec 1048 | 8904 2448 | c744 2408 | 0000 0000 | 41c7 8754 | 0400 0005 
  0x000002d36a4bc8a0: 0000 00f0 | 8344 24c0 | 0049 3b6f | 280f 870e | 0000 0041 | 83bf 5004 | 0000 000f | 8420 0000 
  0x000002d36a4bc8c0: 0049 8bcf | 4c8b e448 | 83ec 2048 | 83e4 f048 | b810 b98b | 09ff 7f00 | 00ff d049 | 8be4 4d33 
  0x000002d36a4bc8e0: e441 c787 | 5404 0000 | 0800 0000 | 4d8b 9770 | 0500 0049 | 83fa 0074 | 3549 c787 | 7005 0000 
  0x000002d36a4bc900: 0000 0000 | 41ff e249 | ba20 b74b | 6ad3 0200 | 0041 ffd2 | 4883 ec10 | c5fb 1104 | 2448 83ec 
  0x000002d36a4bc920: 1048 8904 | 2448 c744 | 2408 0000 | 0000 49c7 | 87a8 0300 | 0000 0000 | 0049 c787 | b803 0000 
  0x000002d36a4bc940: 0000 0000 | 49c7 87b0 | 0300 0000 | 0000 00c5 | f877 4d8b | 9f38 0400 | 0041 c783 | 0001 0000 
  0x000002d36a4bc960: 0000 0000 | 49bb baa0 | 4b6a d302 | 0000 4c3b | 5d18 0f85 | 5501 0000 | 488b 0424 | 4883 c410 
  0x000002d36a4bc980: 4885 c00f | 842f 0100 | 00a8 030f | 8508 0000 | 0048 8b00 | e91f 0100 | 00a8 010f | 8509 0000 
  0x000002d36a4bc9a0: 0048 8b40 | fee9 0e01 | 0000 488b | 40ff 4180 | 7f48 000f | 84ff 0000 | 0048 83f8 | 000f 84f5 
  0x000002d36a4bc9c0: 0000 004d | 8b5f 384d | 85db 0f84 | 1400 0000 | 4983 eb08 | 4d89 5f38 | 4d03 5f40 | 4989 03e9 
  0x000002d36a4bc9e0: d400 0000 | 4883 ec70 | 4889 0424 | 4889 4c24 | 0848 8954 | 2410 4c89 | 4424 184c | 894c 2420 
  0x000002d36a4bca00: 4c89 5424 | 284c 895c | 2430 c5fb | 1144 2440 | c5fb 114c | 2448 c5fb | 1154 2450 | c5fb 115c 
  0x000002d36a4bca20: 2458 c5fb | 1164 2460 | c5fb 116c | 2468 498b | d748 8bc8 | 4883 ec20 | 40f6 c40f | 0f84 1900 
  0x000002d36a4bca40: 0000 4883 | ec08 48b8 | 5049 7e09 | ff7f 0000 | ffd0 4883 | c408 e90c | 0000 0048 | b850 497e 
  0x000002d36a4bca60: 09ff 7f00 | 00ff d048 | 83c4 20c5 | fb10 6c24 | 68c5 fb10 | 6424 60c5 | fb10 5c24 | 58c5 fb10 
  0x000002d36a4bca80: 5424 50c5 | fb10 4c24 | 48c5 fb10 | 4424 404c | 8b5c 2430 | 4c8b 5424 | 284c 8b4c | 2420 4c8b 
  0x000002d36a4bcaa0: 4424 1848 | 8b54 2410 | 488b 4c24 | 0848 8b04 | 2448 83c4 | 70c5 f877 | 4889 4510 | 4883 ec10 
  0x000002d36a4bcac0: 4889 0424 | 48c7 4424 | 0800 0000 | 0041 83bf | d004 0000 | 020f 85bf | 0000 0048 | 81ec 8000 
  0x000002d36a4bcae0: 0000 4889 | 4424 7848 | 894c 2470 | 4889 5424 | 6848 895c | 2460 4889 | 6c24 5048 | 8974 2448 
  0x000002d36a4bcb00: 4889 7c24 | 404c 8944 | 2438 4c89 | 4c24 304c | 8954 2428 | 4c89 5c24 | 204c 8964 | 2418 4c89 
  0x000002d36a4bcb20: 6c24 104c | 8974 2408 | 4c89 3c24 | 4c8b e448 | 83ec 2048 | 83e4 f048 | b880 59c3 | 09ff 7f00 
  0x000002d36a4bcb40: 00ff d049 | 8be4 4c8b | 3c24 4c8b | 7424 084c | 8b6c 2410 | 4c8b 6424 | 184c 8b5c | 2420 4c8b 
  0x000002d36a4bcb60: 5424 284c | 8b4c 2430 | 4c8b 4424 | 3848 8b7c | 2440 488b | 7424 4848 | 8b6c 2450 | 488b 5c24 
  0x000002d36a4bcb80: 6048 8b54 | 2468 488b | 4c24 7048 | 8b44 2478 | 4881 c480 | 0000 004d | 33e4 488b | 5de8 4c8b 
  0x000002d36a4bcba0: 6b08 4d8d | 6d38 4983 | 7f08 000f | 84bb 0000 | 00e8 0500 | 0000 e996 | 0000 0048 | 8d44 2408 
  0x000002d36a4bcbc0: 4c89 6dc0 | 498b cfc5 | f877 4989 | afb8 0300 | 0049 8987 | a803 0000 | 4883 ec20 | 40f6 c40f 
  0x000002d36a4bcbe0: 0f84 1900 | 0000 4883 | ec08 48b8 | 8078 8a09 | ff7f 0000 | ffd0 4883 | c408 e90c | 0000 0048 
  0x000002d36a4bcc00: b880 788a | 09ff 7f00 | 00ff d048 | 83c4 2049 | c787 a803 | 0000 0000 | 0000 49c7 | 87b8 0300 
  0x000002d36a4bcc20: 0000 0000 | 0049 c787 | b003 0000 | 0000 0000 | c5f8 7749 | 837f 0800 | 0f84 0500 | 0000 e97d 
  0x000002d36a4bcc40: 42ff ff4c | 8b6d c04c | 8b75 c84e | 8d74 f500 | c348 b908 | ece9 09ff | 7f00 0048 | 83e4 f048 
  0x000002d36a4bcc60: b800 a9b0 | 09ff 7f00 | 00ff d0f4 | 448b 5b28 | 41f6 c320 | 0f84 7201 | 0000 488d | 55a8 4c8b 
  0x000002d36a4bcc80: 5a08 4d85 | db0f 85bb | 0000 00e8 | 0500 0000 | e996 0000 | 0048 8d44 | 2408 4c89 | 6dc0 498b 
  0x000002d36a4bcca0: cfc5 f877 | 4989 afb8 | 0300 0049 | 8987 a803 | 0000 4883 | ec20 40f6 | c40f 0f84 | 1900 0000 
  0x000002d36a4bccc0: 4883 ec08 | 48b8 b077 | 8a09 ff7f | 0000 ffd0 | 4883 c408 | e90c 0000 | 0048 b8b0 | 778a 09ff 
  0x000002d36a4bcce0: 7f00 00ff | d048 83c4 | 2049 c787 | a803 0000 | 0000 0000 | 49c7 87b8 | 0300 0000 | 0000 0049 
  0x000002d36a4bcd00: c787 b003 | 0000 0000 | 0000 c5f8 | 7749 837f | 0800 0f84 | 0500 0000 | e9a3 41ff | ff4c 8b6d 
  0x000002d36a4bcd20: c04c 8b75 | c84e 8d74 | f500 c348 | b908 ece9 | 09ff 7f00 | 0048 83e4 | f048 b800 | a9b0 09ff 
  0x000002d36a4bcd40: 7f00 00ff | d0f4 4c89 | 6dc0 4c8b | 4a08 48c7 | 4208 0000 | 0000 458b | 8758 0600 | 004f 3b4c 
  0x000002d36a4bcd60: 07f8 0f85 | 4200 0000 | 4183 af58 | 0600 0008 | 4f3b 4c07 | f00f 842a | 0000 0049 | 8b01 a802 
  0x000002d36a4bcd80: 0f85 1200 | 0000 4c8b | c049 83c8 | 01f0 4d0f | b101 0f84 | 0d00 0000 | 4183 8758 | 0600 0008 
  0x000002d36a4bcda0: e905 0000 | 00e9 3e00 | 0000 4c89 | 4a08 488b | ca48 83ec | 2040 f6c4 | 0f0f 8419 | 0000 0048 
  0x000002d36a4bcdc0: 83ec 0848 | b8d0 498a | 09ff 7f00 | 00ff d048 | 83c4 08e9 | 0c00 0000 | 48b8 d049 | 8a09 ff7f 
  0x000002d36a4bcde0: 0000 ffd0 | 4883 c420 | 4c8b 6dc0 | 488b 0424 | 4883 c410 | c5fb 1004 | 2448 83c4 | 104c 8b5d 
  0x000002d36a4bce00: 1841 ffd3 | 4c8b 5df8 | c95f 498b | e3ff e7ba | 0000 0000 | e805 0000 | 00e9 9600 | 0000 488d 
  0x000002d36a4bce20: 4424 084c | 896d c049 | 8bcf c5f8 | 7749 89af | b803 0000 | 4989 87a8 | 0300 0048 | 83ec 2040 
  0x000002d36a4bce40: f6c4 0f0f | 8419 0000 | 0048 83ec | 0848 b870 | 3e8a 09ff | 7f00 00ff | d048 83c4 | 08e9 0c00 
  0x000002d36a4bce60: 0000 48b8 | 703e 8a09 | ff7f 0000 | ffd0 4883 | c420 49c7 | 87a8 0300 | 0000 0000 | 0049 c787 
  0x000002d36a4bce80: b803 0000 | 0000 0000 | 49c7 87b0 | 0300 0000 | 0000 00c5 | f877 4983 | 7f08 000f | 8405 0000 
  0x000002d36a4bcea0: 00e9 1a40 | ffff 4c8b | 6dc0 4c8b | 75c8 4e8d | 74f5 00c3 | 488b 5de8 | e940 f7ff | ff66 6690 
[/MachCode]

---------------  P R O C E S S  ---------------

Threads class SMR info:
_java_thread_list=0x000002d352d53250, length=24, elements={
0x000002d361c0f4b0, 0x000002d371e40b00, 0x000002d371e42a00, 0x000002d371e469a0,
0x000002d371e474d0, 0x000002d371e48000, 0x000002d371e48b30, 0x000002d371e49660,
0x000002d3450742a0, 0x000002d345079210, 0x000002d345b3e540, 0x000002d3462667a0,
0x000002d3462bc340, 0x000002d346313e80, 0x000002d346322d60, 0x000002d346429c60,
0x000002d3464ac970, 0x000002d3464ad0b0, 0x000002d34661c5c0, 0x000002d34661dbb0,
0x000002d34661a880, 0x000002d346ee5170, 0x000002d346ee1e40, 0x000002d346ee6eb0
}

Java Threads: ( => current thread )
  0x000002d361c0f4b0 JavaThread "main"                              [_thread_blocked, id=25576, stack(0x000000e04dd00000,0x000000e04de00000) (1024K)]
  0x000002d371e40b00 JavaThread "Reference Handler"          daemon [_thread_blocked, id=23772, stack(0x000000e04e500000,0x000000e04e600000) (1024K)]
  0x000002d371e42a00 JavaThread "Finalizer"                  daemon [_thread_blocked, id=11300, stack(0x000000e04e600000,0x000000e04e700000) (1024K)]
  0x000002d371e469a0 JavaThread "Signal Dispatcher"          daemon [_thread_blocked, id=18176, stack(0x000000e04e700000,0x000000e04e800000) (1024K)]
  0x000002d371e474d0 JavaThread "Attach Listener"            daemon [_thread_blocked, id=16488, stack(0x000000e04e800000,0x000000e04e900000) (1024K)]
  0x000002d371e48000 JavaThread "Service Thread"             daemon [_thread_blocked, id=17976, stack(0x000000e04e900000,0x000000e04ea00000) (1024K)]
  0x000002d371e48b30 JavaThread "Monitor Deflation Thread"   daemon [_thread_blocked, id=28060, stack(0x000000e04ea00000,0x000000e04eb00000) (1024K)]
  0x000002d371e49660 JavaThread "C1 CompilerThread0"         daemon [_thread_blocked, id=28308, stack(0x000000e04eb00000,0x000000e04ec00000) (1024K)]
  0x000002d3450742a0 JavaThread "Notification Thread"        daemon [_thread_blocked, id=22828, stack(0x000000e04ec00000,0x000000e04ed00000) (1024K)]
  0x000002d345079210 JavaThread "Common-Cleaner"             daemon [_thread_blocked, id=26904, stack(0x000000e04ed00000,0x000000e04ee00000) (1024K)]
  0x000002d345b3e540 JavaThread "JavaFX-Launcher"                   [_thread_blocked, id=3696, stack(0x000000e04f000000,0x000000e04f100000) (1024K)]
  0x000002d3462667a0 JavaThread "RMI TCP Accept-0"           daemon [_thread_in_native, id=28284, stack(0x000000e04f100000,0x000000e04f200000) (1024K)]
  0x000002d3462bc340 JavaThread "RMI TCP Connection(1)-172.26.160.1" daemon [_thread_in_native, id=5524, stack(0x000000e04f200000,0x000000e04f300000) (1024K)]
  0x000002d346313e80 JavaThread "RMI Scheduler(0)"           daemon [_thread_blocked, id=2432, stack(0x000000e04f300000,0x000000e04f400000) (1024K)]
  0x000002d346322d60 JavaThread "JMX server connection timeout 29" daemon [_thread_blocked, id=16744, stack(0x000000e04f400000,0x000000e04f500000) (1024K)]
  0x000002d346429c60 JavaThread "QuantumRenderer-0"          daemon [_thread_blocked, id=11696, stack(0x000000e04f500000,0x000000e04f600000) (1024K)]
  0x000002d3464ac970 JavaThread "InvokeLaterDispatcher"      daemon [_thread_blocked, id=8096, stack(0x000000e04f600000,0x000000e04f700000) (1024K)]
=>0x000002d3464ad0b0 JavaThread "JavaFX Application Thread"         [_thread_in_native, id=23396, stack(0x000000e04f700000,0x000000e04f800000) (1024K)]
  0x000002d34661c5c0 JavaThread "Thread-2"                   daemon [_thread_in_native, id=4912, stack(0x000000e050100000,0x000000e050200000) (1024K)]
  0x000002d34661dbb0 JavaThread "RMI TCP Connection(2)-172.26.160.1" daemon [_thread_in_native, id=28324, stack(0x000000e050300000,0x000000e050400000) (1024K)]
  0x000002d34661a880 JavaThread "RMI TCP Connection(3)-172.26.160.1" daemon [_thread_in_native, id=1864, stack(0x000000e050400000,0x000000e050500000) (1024K)]
  0x000002d346ee5170 JavaThread "Prism Font Disposer"        daemon [_thread_blocked, id=26924, stack(0x000000e050800000,0x000000e050900000) (1024K)]
  0x000002d346ee1e40 JavaThread "Cleaner-0"                  daemon [_thread_blocked, id=22600, stack(0x000000e050500000,0x000000e050600000) (1024K)]
  0x000002d346ee6eb0 JavaThread "Keep-Alive-Timer"           daemon [_thread_blocked, id=25448, stack(0x000000e04ef00000,0x000000e04f000000) (1024K)]
Total: 24

Other Threads:
  0x000002d371e2bea0 VMThread "VM Thread"                           [id=27244, stack(0x000000e04e400000,0x000000e04e500000) (1024K)]
  0x000002d371e212c0 WatcherThread "VM Periodic Task Thread"        [id=728, stack(0x000000e04e300000,0x000000e04e400000) (1024K)]
  0x000002d361c699d0 WorkerThread "GC Thread#0"                     [id=19200, stack(0x000000e04de00000,0x000000e04df00000) (1024K)]
  0x000002d3464b6820 WorkerThread "GC Thread#1"                     [id=3452, stack(0x000000e04f800000,0x000000e04f900000) (1024K)]
  0x000002d3464b6bd0 WorkerThread "GC Thread#2"                     [id=20140, stack(0x000000e04f900000,0x000000e04fa00000) (1024K)]
  0x000002d3464b6f80 WorkerThread "GC Thread#3"                     [id=11412, stack(0x000000e04fa00000,0x000000e04fb00000) (1024K)]
  0x000002d361cbd010 ConcurrentGCThread "G1 Main Marker"            [id=22292, stack(0x000000e04df00000,0x000000e04e000000) (1024K)]
  0x000002d361cbdb20 WorkerThread "G1 Conc#0"                       [id=11584, stack(0x000000e04e000000,0x000000e04e100000) (1024K)]
  0x000002d371cea6c0 ConcurrentGCThread "G1 Refine#0"               [id=28468, stack(0x000000e04e100000,0x000000e04e200000) (1024K)]
  0x000002d371ceb150 ConcurrentGCThread "G1 Service"                [id=8896, stack(0x000000e04e200000,0x000000e04e300000) (1024K)]
Total: 10

Threads with active compile tasks:
Total: 0

VM state: not at safepoint (normal execution)

VM Mutex/Monitor currently owned by a thread: None

Heap address: 0x0000000081400000, size: 2028 MB, Compressed Oops mode: 32-bit

CDS archive(s) mapped at: [0x000002d300000000-0x000002d300d40000-0x000002d300d40000), size 13893632, SharedBaseAddress: 0x000002d300000000, ArchiveRelocationMode: 1.
Compressed class space mapped at: 0x000002d301000000-0x000002d341000000, reserved size: 1073741824
UseCompressedClassPointers 1, UseCompactObjectHeaders 0
Narrow klass pointer bits 32, Max shift 3
Narrow klass base: 0x000002d300000000, Narrow klass shift: 0
Encoding Range: [0x000002d300000000 - 0x000002d400000000), (4294967296 bytes)
Klass Range:    [0x000002d300000000 - 0x000002d341000000), (1090519040 bytes)
Klass ID Range:  [8 - 1090519033) (1090519025)

GC Precious Log:
 CardTable entry size: 512
 Card Set container configuration: InlinePtr #cards 5 size 8 Array Of Cards #cards 10 size 36 Howl #buckets 4 coarsen threshold 1843 Howl Bitmap #cards 512 size 80 coarsen threshold 460 Card regions per heap region 1 cards per card region 2048
 CPUs: 4 total, 4 available
 Memory: 8111M
 Large Page Support: Disabled
 NUMA Support: Disabled
 Compressed Oops: Enabled (32-bit)
 Heap Region Size: 1M
 Heap Min Capacity: 8M
 Heap Initial Capacity: 128M
 Heap Max Capacity: 2028M
 Pre-touch: Disabled
 Parallel Workers: 4
 Concurrent Workers: 1
 Concurrent Refinement Workers: 4
 Periodic GC: Disabled

Heap:
 garbage-first heap   total reserved 2076672K, committed 194560K, used 164755K [0x0000000081400000, 0x0000000100000000)
  region size 1024K, 108 young (110592K), 4 survivors (4096K)
 Metaspace       used 45849K, committed 46464K, reserved 1114112K
  class space    used 6310K, committed 6592K, reserved 1048576K

Heap Regions: E=young(eden), S=young(survivor), O=old, HS=humongous(starts), HC=humongous(continues), CS=collection set, F=free, TAMS=top-at-mark-start, PB=parsable bottom
|   0|0x0000000081400000, 0x0000000081500000, 0x0000000081500000|100%|HS|  |TAMS 0x0000000081400000| PB 0x0000000081400000| Complete |  0
|   1|0x0000000081500000, 0x0000000081600000, 0x0000000081600000|100%|HS|  |TAMS 0x0000000081500000| PB 0x0000000081500000| Complete |  0
|   2|0x0000000081600000, 0x0000000081700000, 0x0000000081700000|100%| O|  |TAMS 0x0000000081600000| PB 0x0000000081600000| Untracked |  0
|   3|0x0000000081700000, 0x0000000081800000, 0x0000000081800000|100%| O|  |TAMS 0x0000000081700000| PB 0x0000000081700000| Untracked |  0
|   4|0x0000000081800000, 0x0000000081900000, 0x0000000081900000|100%| O|  |TAMS 0x0000000081800000| PB 0x0000000081800000| Untracked |  0
|   5|0x0000000081900000, 0x0000000081900000, 0x0000000081a00000|  0%| F|  |TAMS 0x0000000081900000| PB 0x0000000081900000| Untracked |  0
|   6|0x0000000081a00000, 0x0000000081b00000, 0x0000000081b00000|100%| O|  |TAMS 0x0000000081a00000| PB 0x0000000081a00000| Untracked |  0
|   7|0x0000000081b00000, 0x0000000081c00000, 0x0000000081c00000|100%| O|  |TAMS 0x0000000081b00000| PB 0x0000000081b00000| Untracked |  0
|   8|0x0000000081c00000, 0x0000000081d00000, 0x0000000081d00000|100%| O|  |TAMS 0x0000000081c00000| PB 0x0000000081c00000| Untracked |  0
|   9|0x0000000081d00000, 0x0000000081e00000, 0x0000000081e00000|100%| O|  |TAMS 0x0000000081d00000| PB 0x0000000081d00000| Untracked |  0
|  10|0x0000000081e00000, 0x0000000081f00000, 0x0000000081f00000|100%| O|  |TAMS 0x0000000081e00000| PB 0x0000000081e00000| Untracked |  0
|  11|0x0000000081f00000, 0x0000000082000000, 0x0000000082000000|100%| O|  |TAMS 0x0000000081f00000| PB 0x0000000081f00000| Untracked |  0
|  12|0x0000000082000000, 0x0000000082100000, 0x0000000082100000|100%| O|  |TAMS 0x0000000082000000| PB 0x0000000082000000| Untracked |  0
|  13|0x0000000082100000, 0x0000000082200000, 0x0000000082200000|100%| O|  |TAMS 0x0000000082100000| PB 0x0000000082100000| Untracked |  0
|  14|0x0000000082200000, 0x0000000082300000, 0x0000000082300000|100%| O|  |TAMS 0x0000000082200000| PB 0x0000000082200000| Untracked |  0
|  15|0x0000000082300000, 0x0000000082400000, 0x0000000082400000|100%| O|  |TAMS 0x0000000082300000| PB 0x0000000082300000| Untracked |  0
|  16|0x0000000082400000, 0x0000000082500000, 0x0000000082500000|100%| O|  |TAMS 0x0000000082400000| PB 0x0000000082400000| Untracked |  0
|  17|0x0000000082500000, 0x0000000082600000, 0x0000000082600000|100%| O|  |TAMS 0x0000000082500000| PB 0x0000000082500000| Untracked |  0
|  18|0x0000000082600000, 0x0000000082700000, 0x0000000082700000|100%| O|  |TAMS 0x0000000082600000| PB 0x0000000082600000| Untracked |  0
|  19|0x0000000082700000, 0x0000000082800000, 0x0000000082800000|100%| O|  |TAMS 0x0000000082700000| PB 0x0000000082700000| Untracked |  0
|  20|0x0000000082800000, 0x0000000082900000, 0x0000000082900000|100%| O|  |TAMS 0x0000000082800000| PB 0x0000000082800000| Untracked |  0
|  21|0x0000000082900000, 0x0000000082a00000, 0x0000000082a00000|100%| O|  |TAMS 0x0000000082900000| PB 0x0000000082900000| Untracked |  0
|  22|0x0000000082a00000, 0x0000000082b00000, 0x0000000082b00000|100%| O|  |TAMS 0x0000000082a00000| PB 0x0000000082a00000| Untracked |  0
|  23|0x0000000082b00000, 0x0000000082c00000, 0x0000000082c00000|100%| O|  |TAMS 0x0000000082b00000| PB 0x0000000082b00000| Untracked |  0
|  24|0x0000000082c00000, 0x0000000082d00000, 0x0000000082d00000|100%| O|  |TAMS 0x0000000082c00000| PB 0x0000000082c00000| Untracked |  0
|  25|0x0000000082d00000, 0x0000000082e00000, 0x0000000082e00000|100%| O|  |TAMS 0x0000000082d00000| PB 0x0000000082d00000| Untracked |  0
|  26|0x0000000082e00000, 0x0000000082f00000, 0x0000000082f00000|100%| O|  |TAMS 0x0000000082e00000| PB 0x0000000082e00000| Untracked |  0
|  27|0x0000000082f00000, 0x0000000083000000, 0x0000000083000000|100%|HS|  |TAMS 0x0000000082f00000| PB 0x0000000082f00000| Complete |  0
|  28|0x0000000083000000, 0x0000000083100000, 0x0000000083100000|100%|HC|  |TAMS 0x0000000083000000| PB 0x0000000083000000| Complete |  0
|  29|0x0000000083100000, 0x0000000083200000, 0x0000000083200000|100%|HC|  |TAMS 0x0000000083100000| PB 0x0000000083100000| Complete |  0
|  30|0x0000000083200000, 0x0000000083300000, 0x0000000083300000|100%|HC|  |TAMS 0x0000000083200000| PB 0x0000000083200000| Complete |  0
|  31|0x0000000083300000, 0x0000000083400000, 0x0000000083400000|100%|HC|  |TAMS 0x0000000083300000| PB 0x0000000083300000| Complete |  0
|  32|0x0000000083400000, 0x0000000083500000, 0x0000000083500000|100%|HC|  |TAMS 0x0000000083400000| PB 0x0000000083400000| Complete |  0
|  33|0x0000000083500000, 0x0000000083600000, 0x0000000083600000|100%|HS|  |TAMS 0x0000000083500000| PB 0x0000000083500000| Complete |  0
|  34|0x0000000083600000, 0x0000000083700000, 0x0000000083700000|100%|HC|  |TAMS 0x0000000083600000| PB 0x0000000083600000| Complete |  0
|  35|0x0000000083700000, 0x0000000083800000, 0x0000000083800000|100%| O|  |TAMS 0x0000000083700000| PB 0x0000000083700000| Untracked |  0
|  36|0x0000000083800000, 0x0000000083900000, 0x0000000083900000|100%| O|  |TAMS 0x0000000083800000| PB 0x0000000083800000| Untracked |  0
|  37|0x0000000083900000, 0x0000000083a00000, 0x0000000083a00000|100%| O|  |TAMS 0x0000000083900000| PB 0x0000000083900000| Untracked |  0
|  38|0x0000000083a00000, 0x0000000083b00000, 0x0000000083b00000|100%| O|  |TAMS 0x0000000083a00000| PB 0x0000000083a00000| Untracked |  0
|  39|0x0000000083b00000, 0x0000000083c00000, 0x0000000083c00000|100%| O|  |TAMS 0x0000000083b00000| PB 0x0000000083b00000| Untracked |  0
|  40|0x0000000083c00000, 0x0000000083d00000, 0x0000000083d00000|100%| O|  |TAMS 0x0000000083c00000| PB 0x0000000083c00000| Untracked |  0
|  41|0x0000000083d00000, 0x0000000083e00000, 0x0000000083e00000|100%| O|  |TAMS 0x0000000083d00000| PB 0x0000000083d00000| Untracked |  0
|  42|0x0000000083e00000, 0x0000000083f00000, 0x0000000083f00000|100%| O|  |TAMS 0x0000000083e00000| PB 0x0000000083e00000| Untracked |  0
|  43|0x0000000083f00000, 0x0000000084000000, 0x0000000084000000|100%| O|  |TAMS 0x0000000083f00000| PB 0x0000000083f00000| Untracked |  0
|  44|0x0000000084000000, 0x0000000084100000, 0x0000000084100000|100%| O|  |TAMS 0x0000000084000000| PB 0x0000000084000000| Untracked |  0
|  45|0x0000000084100000, 0x0000000084200000, 0x0000000084200000|100%| O|  |TAMS 0x0000000084100000| PB 0x0000000084100000| Untracked |  0
|  46|0x0000000084200000, 0x0000000084300000, 0x0000000084300000|100%| O|  |TAMS 0x0000000084200000| PB 0x0000000084200000| Untracked |  0
|  47|0x0000000084300000, 0x00000000843cc7d0, 0x0000000084400000| 79%| O|  |TAMS 0x0000000084300000| PB 0x0000000084300000| Untracked |  0
|  48|0x0000000084400000, 0x0000000084400000, 0x0000000084500000|  0%| F|  |TAMS 0x0000000084400000| PB 0x0000000084400000| Untracked |  0
|  49|0x0000000084500000, 0x0000000084500000, 0x0000000084600000|  0%| F|  |TAMS 0x0000000084500000| PB 0x0000000084500000| Untracked |  0
|  50|0x0000000084600000, 0x0000000084600000, 0x0000000084700000|  0%| F|  |TAMS 0x0000000084600000| PB 0x0000000084600000| Untracked |  0
|  51|0x0000000084700000, 0x0000000084800000, 0x0000000084800000|100%| O|  |TAMS 0x0000000084700000| PB 0x0000000084700000| Untracked |  0
|  52|0x0000000084800000, 0x0000000084900000, 0x0000000084900000|100%| O|  |TAMS 0x0000000084800000| PB 0x0000000084800000| Untracked |  0
|  53|0x0000000084900000, 0x0000000084a00000, 0x0000000084a00000|100%| O|  |TAMS 0x0000000084900000| PB 0x0000000084900000| Untracked |  0
|  54|0x0000000084a00000, 0x0000000084b00000, 0x0000000084b00000|100%| O|  |TAMS 0x0000000084a00000| PB 0x0000000084a00000| Untracked |  0
|  55|0x0000000084b00000, 0x0000000084b00000, 0x0000000084c00000|  0%| F|  |TAMS 0x0000000084b00000| PB 0x0000000084b00000| Untracked |  0
|  56|0x0000000084c00000, 0x0000000084c18470, 0x0000000084d00000|  9%| S|CS|TAMS 0x0000000084c00000| PB 0x0000000084c00000| Complete |  0
|  57|0x0000000084d00000, 0x0000000084e00000, 0x0000000084e00000|100%| O|  |TAMS 0x0000000084d00000| PB 0x0000000084d00000| Untracked |  0
|  58|0x0000000084e00000, 0x0000000084f00000, 0x0000000084f00000|100%| S|CS|TAMS 0x0000000084e00000| PB 0x0000000084e00000| Complete |  0
|  59|0x0000000084f00000, 0x0000000085000000, 0x0000000085000000|100%| S|CS|TAMS 0x0000000084f00000| PB 0x0000000084f00000| Complete |  0
|  60|0x0000000085000000, 0x0000000085100000, 0x0000000085100000|100%| S|CS|TAMS 0x0000000085000000| PB 0x0000000085000000| Complete |  0
|  61|0x0000000085100000, 0x0000000085100000, 0x0000000085200000|  0%| F|  |TAMS 0x0000000085100000| PB 0x0000000085100000| Untracked |  0
|  62|0x0000000085200000, 0x0000000085200000, 0x0000000085300000|  0%| F|  |TAMS 0x0000000085200000| PB 0x0000000085200000| Untracked |  0
|  63|0x0000000085300000, 0x0000000085300000, 0x0000000085400000|  0%| F|  |TAMS 0x0000000085300000| PB 0x0000000085300000| Untracked |  0
|  64|0x0000000085400000, 0x0000000085400000, 0x0000000085500000|  0%| F|  |TAMS 0x0000000085400000| PB 0x0000000085400000| Untracked |  0
|  65|0x0000000085500000, 0x0000000085500000, 0x0000000085600000|  0%| F|  |TAMS 0x0000000085500000| PB 0x0000000085500000| Untracked |  0
|  66|0x0000000085600000, 0x0000000085600000, 0x0000000085700000|  0%| F|  |TAMS 0x0000000085600000| PB 0x0000000085600000| Untracked |  0
|  67|0x0000000085700000, 0x0000000085700000, 0x0000000085800000|  0%| F|  |TAMS 0x0000000085700000| PB 0x0000000085700000| Untracked |  0
|  68|0x0000000085800000, 0x0000000085800000, 0x0000000085900000|  0%| F|  |TAMS 0x0000000085800000| PB 0x0000000085800000| Untracked |  0
|  69|0x0000000085900000, 0x0000000085900000, 0x0000000085a00000|  0%| F|  |TAMS 0x0000000085900000| PB 0x0000000085900000| Untracked |  0
|  70|0x0000000085a00000, 0x0000000085a00000, 0x0000000085b00000|  0%| F|  |TAMS 0x0000000085a00000| PB 0x0000000085a00000| Untracked |  0
|  71|0x0000000085b00000, 0x0000000085b00000, 0x0000000085c00000|  0%| F|  |TAMS 0x0000000085b00000| PB 0x0000000085b00000| Untracked |  0
|  72|0x0000000085c00000, 0x0000000085c00000, 0x0000000085d00000|  0%| F|  |TAMS 0x0000000085c00000| PB 0x0000000085c00000| Untracked |  0
|  73|0x0000000085d00000, 0x0000000085d00000, 0x0000000085e00000|  0%| F|  |TAMS 0x0000000085d00000| PB 0x0000000085d00000| Untracked |  0
|  74|0x0000000085e00000, 0x0000000085e00000, 0x0000000085f00000|  0%| F|  |TAMS 0x0000000085e00000| PB 0x0000000085e00000| Untracked |  0
|  75|0x0000000085f00000, 0x0000000085f00000, 0x0000000086000000|  0%| F|  |TAMS 0x0000000085f00000| PB 0x0000000085f00000| Untracked |  0
|  76|0x0000000086000000, 0x0000000086000000, 0x0000000086100000|  0%| F|  |TAMS 0x0000000086000000| PB 0x0000000086000000| Untracked |  0
|  77|0x0000000086100000, 0x0000000086100000, 0x0000000086200000|  0%| F|  |TAMS 0x0000000086100000| PB 0x0000000086100000| Untracked |  0
|  78|0x0000000086200000, 0x0000000086200000, 0x0000000086300000|  0%| F|  |TAMS 0x0000000086200000| PB 0x0000000086200000| Untracked |  0
|  79|0x0000000086300000, 0x0000000086300000, 0x0000000086400000|  0%| F|  |TAMS 0x0000000086300000| PB 0x0000000086300000| Untracked |  0
|  80|0x0000000086400000, 0x0000000086400000, 0x0000000086500000|  0%| F|  |TAMS 0x0000000086400000| PB 0x0000000086400000| Untracked |  0
|  81|0x0000000086500000, 0x0000000086500000, 0x0000000086600000|  0%| F|  |TAMS 0x0000000086500000| PB 0x0000000086500000| Untracked |  0
|  82|0x0000000086600000, 0x0000000086600000, 0x0000000086700000|  0%| F|  |TAMS 0x0000000086600000| PB 0x0000000086600000| Untracked |  0
|  83|0x0000000086700000, 0x0000000086780000, 0x0000000086800000| 50%| E|  |TAMS 0x0000000086700000| PB 0x0000000086700000| Complete |  0
|  84|0x0000000086800000, 0x0000000086900000, 0x0000000086900000|100%| E|CS|TAMS 0x0000000086800000| PB 0x0000000086800000| Complete |  0
|  85|0x0000000086900000, 0x0000000086a00000, 0x0000000086a00000|100%| E|CS|TAMS 0x0000000086900000| PB 0x0000000086900000| Complete |  0
|  86|0x0000000086a00000, 0x0000000086b00000, 0x0000000086b00000|100%| E|CS|TAMS 0x0000000086a00000| PB 0x0000000086a00000| Complete |  0
|  87|0x0000000086b00000, 0x0000000086c00000, 0x0000000086c00000|100%| E|CS|TAMS 0x0000000086b00000| PB 0x0000000086b00000| Complete |  0
|  88|0x0000000086c00000, 0x0000000086d00000, 0x0000000086d00000|100%| E|CS|TAMS 0x0000000086c00000| PB 0x0000000086c00000| Complete |  0
|  89|0x0000000086d00000, 0x0000000086e00000, 0x0000000086e00000|100%| E|CS|TAMS 0x0000000086d00000| PB 0x0000000086d00000| Complete |  0
|  90|0x0000000086e00000, 0x0000000086f00000, 0x0000000086f00000|100%| E|CS|TAMS 0x0000000086e00000| PB 0x0000000086e00000| Complete |  0
|  91|0x0000000086f00000, 0x0000000087000000, 0x0000000087000000|100%| E|CS|TAMS 0x0000000086f00000| PB 0x0000000086f00000| Complete |  0
|  92|0x0000000087000000, 0x0000000087100000, 0x0000000087100000|100%| E|CS|TAMS 0x0000000087000000| PB 0x0000000087000000| Complete |  0
|  93|0x0000000087100000, 0x0000000087200000, 0x0000000087200000|100%| E|CS|TAMS 0x0000000087100000| PB 0x0000000087100000| Complete |  0
|  94|0x0000000087200000, 0x0000000087300000, 0x0000000087300000|100%| E|CS|TAMS 0x0000000087200000| PB 0x0000000087200000| Complete |  0
|  95|0x0000000087300000, 0x0000000087400000, 0x0000000087400000|100%| E|CS|TAMS 0x0000000087300000| PB 0x0000000087300000| Complete |  0
|  96|0x0000000087400000, 0x0000000087500000, 0x0000000087500000|100%| E|CS|TAMS 0x0000000087400000| PB 0x0000000087400000| Complete |  0
|  97|0x0000000087500000, 0x0000000087600000, 0x0000000087600000|100%| E|CS|TAMS 0x0000000087500000| PB 0x0000000087500000| Complete |  0
|  98|0x0000000087600000, 0x0000000087700000, 0x0000000087700000|100%| E|CS|TAMS 0x0000000087600000| PB 0x0000000087600000| Complete |  0
|  99|0x0000000087700000, 0x0000000087800000, 0x0000000087800000|100%| E|CS|TAMS 0x0000000087700000| PB 0x0000000087700000| Complete |  0
| 100|0x0000000087800000, 0x0000000087900000, 0x0000000087900000|100%| E|CS|TAMS 0x0000000087800000| PB 0x0000000087800000| Complete |  0
| 101|0x0000000087900000, 0x0000000087a00000, 0x0000000087a00000|100%| E|CS|TAMS 0x0000000087900000| PB 0x0000000087900000| Complete |  0
| 102|0x0000000087a00000, 0x0000000087b00000, 0x0000000087b00000|100%| E|CS|TAMS 0x0000000087a00000| PB 0x0000000087a00000| Complete |  0
| 103|0x0000000087b00000, 0x0000000087c00000, 0x0000000087c00000|100%| E|CS|TAMS 0x0000000087b00000| PB 0x0000000087b00000| Complete |  0
| 104|0x0000000087c00000, 0x0000000087d00000, 0x0000000087d00000|100%| E|CS|TAMS 0x0000000087c00000| PB 0x0000000087c00000| Complete |  0
| 105|0x0000000087d00000, 0x0000000087e00000, 0x0000000087e00000|100%| E|CS|TAMS 0x0000000087d00000| PB 0x0000000087d00000| Complete |  0
| 106|0x0000000087e00000, 0x0000000087f00000, 0x0000000087f00000|100%| E|CS|TAMS 0x0000000087e00000| PB 0x0000000087e00000| Complete |  0
| 107|0x0000000087f00000, 0x0000000088000000, 0x0000000088000000|100%| E|CS|TAMS 0x0000000087f00000| PB 0x0000000087f00000| Complete |  0
| 108|0x0000000088000000, 0x0000000088100000, 0x0000000088100000|100%| E|CS|TAMS 0x0000000088000000| PB 0x0000000088000000| Complete |  0
| 109|0x0000000088100000, 0x0000000088200000, 0x0000000088200000|100%| E|CS|TAMS 0x0000000088100000| PB 0x0000000088100000| Complete |  0
| 110|0x0000000088200000, 0x0000000088300000, 0x0000000088300000|100%| E|CS|TAMS 0x0000000088200000| PB 0x0000000088200000| Complete |  0
| 111|0x0000000088300000, 0x0000000088400000, 0x0000000088400000|100%| E|CS|TAMS 0x0000000088300000| PB 0x0000000088300000| Complete |  0
| 112|0x0000000088400000, 0x0000000088500000, 0x0000000088500000|100%| E|CS|TAMS 0x0000000088400000| PB 0x0000000088400000| Complete |  0
| 113|0x0000000088500000, 0x0000000088600000, 0x0000000088600000|100%| E|CS|TAMS 0x0000000088500000| PB 0x0000000088500000| Complete |  0
| 114|0x0000000088600000, 0x0000000088700000, 0x0000000088700000|100%| E|CS|TAMS 0x0000000088600000| PB 0x0000000088600000| Complete |  0
| 115|0x0000000088700000, 0x0000000088800000, 0x0000000088800000|100%| E|CS|TAMS 0x0000000088700000| PB 0x0000000088700000| Complete |  0
| 116|0x0000000088800000, 0x0000000088900000, 0x0000000088900000|100%| E|CS|TAMS 0x0000000088800000| PB 0x0000000088800000| Complete |  0
| 117|0x0000000088900000, 0x0000000088a00000, 0x0000000088a00000|100%| E|CS|TAMS 0x0000000088900000| PB 0x0000000088900000| Complete |  0
| 118|0x0000000088a00000, 0x0000000088b00000, 0x0000000088b00000|100%| E|CS|TAMS 0x0000000088a00000| PB 0x0000000088a00000| Complete |  0
| 119|0x0000000088b00000, 0x0000000088c00000, 0x0000000088c00000|100%| E|CS|TAMS 0x0000000088b00000| PB 0x0000000088b00000| Complete |  0
| 120|0x0000000088c00000, 0x0000000088d00000, 0x0000000088d00000|100%| E|CS|TAMS 0x0000000088c00000| PB 0x0000000088c00000| Complete |  0
| 121|0x0000000088d00000, 0x0000000088e00000, 0x0000000088e00000|100%| E|CS|TAMS 0x0000000088d00000| PB 0x0000000088d00000| Complete |  0
| 122|0x0000000088e00000, 0x0000000088f00000, 0x0000000088f00000|100%| E|CS|TAMS 0x0000000088e00000| PB 0x0000000088e00000| Complete |  0
| 123|0x0000000088f00000, 0x0000000089000000, 0x0000000089000000|100%| E|CS|TAMS 0x0000000088f00000| PB 0x0000000088f00000| Complete |  0
| 124|0x0000000089000000, 0x0000000089100000, 0x0000000089100000|100%| E|CS|TAMS 0x0000000089000000| PB 0x0000000089000000| Complete |  0
| 125|0x0000000089100000, 0x0000000089200000, 0x0000000089200000|100%| E|CS|TAMS 0x0000000089100000| PB 0x0000000089100000| Complete |  0
| 126|0x0000000089200000, 0x0000000089300000, 0x0000000089300000|100%| E|CS|TAMS 0x0000000089200000| PB 0x0000000089200000| Complete |  0
| 127|0x0000000089300000, 0x0000000089400000, 0x0000000089400000|100%| E|CS|TAMS 0x0000000089300000| PB 0x0000000089300000| Complete |  0
| 128|0x0000000089400000, 0x0000000089500000, 0x0000000089500000|100%| E|CS|TAMS 0x0000000089400000| PB 0x0000000089400000| Complete |  0
| 129|0x0000000089500000, 0x0000000089600000, 0x0000000089600000|100%| E|CS|TAMS 0x0000000089500000| PB 0x0000000089500000| Complete |  0
| 130|0x0000000089600000, 0x0000000089700000, 0x0000000089700000|100%| E|CS|TAMS 0x0000000089600000| PB 0x0000000089600000| Complete |  0
| 131|0x0000000089700000, 0x0000000089800000, 0x0000000089800000|100%| E|CS|TAMS 0x0000000089700000| PB 0x0000000089700000| Complete |  0
| 132|0x0000000089800000, 0x0000000089900000, 0x0000000089900000|100%| E|CS|TAMS 0x0000000089800000| PB 0x0000000089800000| Complete |  0
| 133|0x0000000089900000, 0x0000000089a00000, 0x0000000089a00000|100%| E|CS|TAMS 0x0000000089900000| PB 0x0000000089900000| Complete |  0
| 134|0x0000000089a00000, 0x0000000089b00000, 0x0000000089b00000|100%| E|CS|TAMS 0x0000000089a00000| PB 0x0000000089a00000| Complete |  0
| 135|0x0000000089b00000, 0x0000000089c00000, 0x0000000089c00000|100%| E|CS|TAMS 0x0000000089b00000| PB 0x0000000089b00000| Complete |  0
| 136|0x0000000089c00000, 0x0000000089d00000, 0x0000000089d00000|100%| E|CS|TAMS 0x0000000089c00000| PB 0x0000000089c00000| Complete |  0
| 137|0x0000000089d00000, 0x0000000089e00000, 0x0000000089e00000|100%| E|CS|TAMS 0x0000000089d00000| PB 0x0000000089d00000| Complete |  0
| 138|0x0000000089e00000, 0x0000000089f00000, 0x0000000089f00000|100%| E|CS|TAMS 0x0000000089e00000| PB 0x0000000089e00000| Complete |  0
| 139|0x0000000089f00000, 0x000000008a000000, 0x000000008a000000|100%| E|CS|TAMS 0x0000000089f00000| PB 0x0000000089f00000| Complete |  0
| 140|0x000000008a000000, 0x000000008a100000, 0x000000008a100000|100%| E|CS|TAMS 0x000000008a000000| PB 0x000000008a000000| Complete |  0
| 141|0x000000008a100000, 0x000000008a200000, 0x000000008a200000|100%| E|CS|TAMS 0x000000008a100000| PB 0x000000008a100000| Complete |  0
| 142|0x000000008a200000, 0x000000008a300000, 0x000000008a300000|100%| E|CS|TAMS 0x000000008a200000| PB 0x000000008a200000| Complete |  0
| 143|0x000000008a300000, 0x000000008a400000, 0x000000008a400000|100%| E|CS|TAMS 0x000000008a300000| PB 0x000000008a300000| Complete |  0
| 144|0x000000008a400000, 0x000000008a500000, 0x000000008a500000|100%| E|CS|TAMS 0x000000008a400000| PB 0x000000008a400000| Complete |  0
| 145|0x000000008a500000, 0x000000008a600000, 0x000000008a600000|100%| E|CS|TAMS 0x000000008a500000| PB 0x000000008a500000| Complete |  0
| 146|0x000000008a600000, 0x000000008a700000, 0x000000008a700000|100%| E|CS|TAMS 0x000000008a600000| PB 0x000000008a600000| Complete |  0
| 147|0x000000008a700000, 0x000000008a800000, 0x000000008a800000|100%| E|CS|TAMS 0x000000008a700000| PB 0x000000008a700000| Complete |  0
| 148|0x000000008a800000, 0x000000008a900000, 0x000000008a900000|100%| E|CS|TAMS 0x000000008a800000| PB 0x000000008a800000| Complete |  0
| 149|0x000000008a900000, 0x000000008aa00000, 0x000000008aa00000|100%| E|CS|TAMS 0x000000008a900000| PB 0x000000008a900000| Complete |  0
| 150|0x000000008aa00000, 0x000000008ab00000, 0x000000008ab00000|100%| E|CS|TAMS 0x000000008aa00000| PB 0x000000008aa00000| Complete |  0
| 151|0x000000008ab00000, 0x000000008ac00000, 0x000000008ac00000|100%| E|CS|TAMS 0x000000008ab00000| PB 0x000000008ab00000| Complete |  0
| 152|0x000000008ac00000, 0x000000008ad00000, 0x000000008ad00000|100%| E|CS|TAMS 0x000000008ac00000| PB 0x000000008ac00000| Complete |  0
| 153|0x000000008ad00000, 0x000000008ae00000, 0x000000008ae00000|100%| E|CS|TAMS 0x000000008ad00000| PB 0x000000008ad00000| Complete |  0
| 154|0x000000008ae00000, 0x000000008af00000, 0x000000008af00000|100%| E|CS|TAMS 0x000000008ae00000| PB 0x000000008ae00000| Complete |  0
| 155|0x000000008af00000, 0x000000008b000000, 0x000000008b000000|100%| E|CS|TAMS 0x000000008af00000| PB 0x000000008af00000| Complete |  0
| 156|0x000000008b000000, 0x000000008b100000, 0x000000008b100000|100%| E|CS|TAMS 0x000000008b000000| PB 0x000000008b000000| Complete |  0
| 157|0x000000008b100000, 0x000000008b200000, 0x000000008b200000|100%| E|CS|TAMS 0x000000008b100000| PB 0x000000008b100000| Complete |  0
| 158|0x000000008b200000, 0x000000008b300000, 0x000000008b300000|100%| E|CS|TAMS 0x000000008b200000| PB 0x000000008b200000| Complete |  0
| 159|0x000000008b300000, 0x000000008b400000, 0x000000008b400000|100%| E|CS|TAMS 0x000000008b300000| PB 0x000000008b300000| Complete |  0
| 160|0x000000008b400000, 0x000000008b500000, 0x000000008b500000|100%| E|CS|TAMS 0x000000008b400000| PB 0x000000008b400000| Complete |  0
| 161|0x000000008b500000, 0x000000008b600000, 0x000000008b600000|100%| E|CS|TAMS 0x000000008b500000| PB 0x000000008b500000| Complete |  0
| 162|0x000000008b600000, 0x000000008b700000, 0x000000008b700000|100%| E|CS|TAMS 0x000000008b600000| PB 0x000000008b600000| Complete |  0
| 163|0x000000008b700000, 0x000000008b800000, 0x000000008b800000|100%| E|CS|TAMS 0x000000008b700000| PB 0x000000008b700000| Complete |  0
| 164|0x000000008b800000, 0x000000008b900000, 0x000000008b900000|100%| E|CS|TAMS 0x000000008b800000| PB 0x000000008b800000| Complete |  0
| 165|0x000000008b900000, 0x000000008ba00000, 0x000000008ba00000|100%| E|CS|TAMS 0x000000008b900000| PB 0x000000008b900000| Complete |  0
| 166|0x000000008ba00000, 0x000000008bb00000, 0x000000008bb00000|100%| E|CS|TAMS 0x000000008ba00000| PB 0x000000008ba00000| Complete |  0
| 167|0x000000008bb00000, 0x000000008bc00000, 0x000000008bc00000|100%| E|CS|TAMS 0x000000008bb00000| PB 0x000000008bb00000| Complete |  0
| 168|0x000000008bc00000, 0x000000008bd00000, 0x000000008bd00000|100%| E|CS|TAMS 0x000000008bc00000| PB 0x000000008bc00000| Complete |  0
| 169|0x000000008bd00000, 0x000000008be00000, 0x000000008be00000|100%| E|CS|TAMS 0x000000008bd00000| PB 0x000000008bd00000| Complete |  0
| 170|0x000000008be00000, 0x000000008bf00000, 0x000000008bf00000|100%| E|CS|TAMS 0x000000008be00000| PB 0x000000008be00000| Complete |  0
| 171|0x000000008bf00000, 0x000000008c000000, 0x000000008c000000|100%| E|CS|TAMS 0x000000008bf00000| PB 0x000000008bf00000| Complete |  0
| 172|0x000000008c000000, 0x000000008c100000, 0x000000008c100000|100%| E|CS|TAMS 0x000000008c000000| PB 0x000000008c000000| Complete |  0
| 173|0x000000008c100000, 0x000000008c200000, 0x000000008c200000|100%| E|CS|TAMS 0x000000008c100000| PB 0x000000008c100000| Complete |  0
| 174|0x000000008c200000, 0x000000008c300000, 0x000000008c300000|100%| E|CS|TAMS 0x000000008c200000| PB 0x000000008c200000| Complete |  0
| 175|0x000000008c300000, 0x000000008c400000, 0x000000008c400000|100%| E|CS|TAMS 0x000000008c300000| PB 0x000000008c300000| Complete |  0
| 176|0x000000008c400000, 0x000000008c500000, 0x000000008c500000|100%| E|CS|TAMS 0x000000008c400000| PB 0x000000008c400000| Complete |  0
| 177|0x000000008c500000, 0x000000008c600000, 0x000000008c600000|100%| E|CS|TAMS 0x000000008c500000| PB 0x000000008c500000| Complete |  0
| 178|0x000000008c600000, 0x000000008c700000, 0x000000008c700000|100%| E|CS|TAMS 0x000000008c600000| PB 0x000000008c600000| Complete |  0
| 179|0x000000008c700000, 0x000000008c800000, 0x000000008c800000|100%| E|CS|TAMS 0x000000008c700000| PB 0x000000008c700000| Complete |  0
| 180|0x000000008c800000, 0x000000008c900000, 0x000000008c900000|100%| E|CS|TAMS 0x000000008c800000| PB 0x000000008c800000| Complete |  0
| 181|0x000000008c900000, 0x000000008ca00000, 0x000000008ca00000|100%| E|CS|TAMS 0x000000008c900000| PB 0x000000008c900000| Complete |  0
| 182|0x000000008ca00000, 0x000000008cb00000, 0x000000008cb00000|100%| E|CS|TAMS 0x000000008ca00000| PB 0x000000008ca00000| Complete |  0
| 183|0x000000008cb00000, 0x000000008cc00000, 0x000000008cc00000|100%| E|CS|TAMS 0x000000008cb00000| PB 0x000000008cb00000| Complete |  0
| 184|0x000000008cc00000, 0x000000008cd00000, 0x000000008cd00000|100%| E|CS|TAMS 0x000000008cc00000| PB 0x000000008cc00000| Complete |  0
| 185|0x000000008cd00000, 0x000000008ce00000, 0x000000008ce00000|100%| E|CS|TAMS 0x000000008cd00000| PB 0x000000008cd00000| Complete |  0
|2024|0x00000000ffc00000, 0x00000000ffd00000, 0x00000000ffd00000|100%| O|  |TAMS 0x00000000ffc00000| PB 0x00000000ffc00000| Untracked |  0
|2025|0x00000000ffd00000, 0x00000000ffe00000, 0x00000000ffe00000|100%| O|  |TAMS 0x00000000ffd00000| PB 0x00000000ffd00000| Untracked |  0
|2026|0x00000000ffe00000, 0x00000000fff00000, 0x00000000fff00000|100%| O|  |TAMS 0x00000000ffe00000| PB 0x00000000ffe00000| Untracked |  0
|2027|0x00000000fff00000, 0x0000000100000000, 0x0000000100000000|100%| E|CS|TAMS 0x00000000fff00000| PB 0x00000000fff00000| Complete |  0

Card table byte_map: [0x000002d36d8b0000,0x000002d36dcb0000] _byte_map_base: 0x000002d36d4a6000

Marking Bits: (CMBitMap*) 0x000002d361c6a8f0
 Bits: [0x000002d36dcb0000, 0x000002d36fc60000)

Polling page: 0x000002d35fa60000

Metaspace:

Usage:
  Non-class:     38.61 MB used.
      Class:      6.16 MB used.
       Both:     44.78 MB used.

Virtual space:
  Non-class space:       64.00 MB reserved,      38.94 MB ( 61%) committed,  1 nodes.
      Class space:        1.00 GB reserved,       6.44 MB ( <1%) committed,  1 nodes.
             Both:        1.06 GB reserved,      45.38 MB (  4%) committed. 

Chunk freelists:
   Non-Class:  8.95 MB
       Class:  9.61 MB
        Both:  18.56 MB

MaxMetaspaceSize: unlimited
CompressedClassSpaceSize: 1.00 GB
Initial GC threshold: 21.00 MB
Current GC threshold: 74.38 MB
CDS: on
 - commit_granule_bytes: 65536.
 - commit_granule_words: 8192.
 - virtual_space_node_default_size: 8388608.
 - enlarge_chunks_in_place: 1.
UseCompressedClassPointers 1, UseCompactObjectHeaders 0
Narrow klass pointer bits 32, Max shift 3
Narrow klass base: 0x000002d300000000, Narrow klass shift: 0
Encoding Range: [0x000002d300000000 - 0x000002d400000000), (4294967296 bytes)
Klass Range:    [0x000002d300000000 - 0x000002d341000000), (1090519040 bytes)
Klass ID Range:  [8 - 1090519033) (1090519025)


Internal statistics:

num_allocs_failed_limit: 6.
num_arena_births: 648.
num_arena_deaths: 0.
num_vsnodes_births: 2.
num_vsnodes_deaths: 0.
num_space_committed: 725.
num_space_uncommitted: 0.
num_chunks_returned_to_freelist: 6.
num_chunks_taken_from_freelist: 2187.
num_chunk_merges: 6.
num_chunk_splits: 1566.
num_chunks_enlarged: 1226.
num_inconsistent_stats: 0.

CodeCache: size=49152Kb used=11546Kb max_used=12549Kb free=37605Kb
 bounds [0x000002d36a4b0000, 0x000002d36b100000, 0x000002d36d4b0000]
 total_blobs=8934, nmethods=7994, adapters=865, full_count=0
Compilation: enabled, stopped_count=0, restarted_count=0

Compilation events (20 events):
Event: 25.024 Thread 0x000002d371e49660 8752       1       com.sun.glass.ui.View::handleMouseEvent (34 bytes)
Event: 25.024 Thread 0x000002d371e49660 nmethod 8752 0x000002d36aebcd08 code [0x000002d36aebce20, 0x000002d36aebcfe8]
Event: 25.024 Thread 0x000002d371e49660 8753       1       com.sun.javafx.tk.quantum.GlassViewEventHandler::handleMouseEvent (106 bytes)
Event: 25.024 Thread 0x000002d371e49660 nmethod 8753 0x000002d36aebca08 code [0x000002d36aebcb20, 0x000002d36aebcca0]
Event: 25.025 Thread 0x000002d371e49660 8754       1       com.sun.javafx.tk.quantum.GlassViewEventHandler$MouseEventNotification::get (5 bytes)
Event: 25.025 Thread 0x000002d371e49660 nmethod 8754 0x000002d36aebc708 code [0x000002d36aebc820, 0x000002d36aebc908]
Event: 25.025 Thread 0x000002d371e49660 8755   !   1       com.sun.javafx.tk.quantum.GlassViewEventHandler$MouseEventNotification::get (637 bytes)
Event: 25.026 Thread 0x000002d371e49660 nmethod 8755 0x000002d36aebbd08 code [0x000002d36aebbec0, 0x000002d36aebc638]
Event: 25.039 Thread 0x000002d371e49660 8756       1       javafx.scene.Scene$ClickGenerator::postProcess (266 bytes)
Event: 25.040 Thread 0x000002d371e49660 nmethod 8756 0x000002d36aebb208 code [0x000002d36aebb400, 0x000002d36aebbbf0]
Event: 25.214 Thread 0x000002d371e49660 8757       1       java.util.concurrent.locks.AbstractQueuedSynchronizer$ConditionObject::canReacquire (38 bytes)
Event: 25.214 Thread 0x000002d371e49660 nmethod 8757 0x000002d36aebaf08 code [0x000002d36aebb020, 0x000002d36aebb178]
Event: 25.214 Thread 0x000002d371e49660 8758       1       java.util.concurrent.locks.LockSupport::setCurrentBlocker (14 bytes)
Event: 25.214 Thread 0x000002d371e49660 nmethod 8758 0x000002d36aebac08 code [0x000002d36aebad20, 0x000002d36aebae28]
Event: 25.323 Thread 0x000002d371e49660 8759       1       java.lang.ref.Reference::clearImpl (5 bytes)
Event: 25.324 Thread 0x000002d371e49660 nmethod 8759 0x000002d36aeba908 code [0x000002d36aebaa20, 0x000002d36aebab00]
Event: 25.324 Thread 0x000002d371e49660 8760   !   1       java.util.ArrayList$Itr::remove (68 bytes)
Event: 25.325 Thread 0x000002d371e49660 nmethod 8760 0x000002d36aeba388 code [0x000002d36aeba4e0, 0x000002d36aeba890]
Event: 25.341 Thread 0x000002d371e49660 8761   !   1       java.util.concurrent.ConcurrentHashMap::clear (176 bytes)
Event: 25.342 Thread 0x000002d371e49660 nmethod 8761 0x000002d36aeb9b08 code [0x000002d36aeb9c60, 0x000002d36aeba300]

GC Heap History (20 events):
Event: 12.022 GC heap before
{Heap before GC invocations=11 (full 0):
 garbage-first heap   total reserved 2076672K, committed 63488K, used 55421K [0x0000000081400000, 0x0000000100000000)
  region size 1024K, 18 young (18432K), 3 survivors (3072K)
 Metaspace       used 40921K, committed 41344K, reserved 1114112K
  class space    used 5310K, committed 5504K, reserved 1048576K
}
Event: 12.031 GC heap after
{Heap after GC invocations=12 (full 0):
 garbage-first heap   total reserved 2076672K, committed 63488K, used 42928K [0x0000000081400000, 0x0000000100000000)
  region size 1024K, 3 young (3072K), 3 survivors (3072K)
 Metaspace       used 40921K, committed 41344K, reserved 1114112K
  class space    used 5310K, committed 5504K, reserved 1048576K
}
Event: 12.448 GC heap before
{Heap before GC invocations=12 (full 0):
 garbage-first heap   total reserved 2076672K, committed 63488K, used 56240K [0x0000000081400000, 0x0000000100000000)
  region size 1024K, 16 young (16384K), 3 survivors (3072K)
 Metaspace       used 42881K, committed 43392K, reserved 1114112K
  class space    used 5590K, committed 5760K, reserved 1048576K
}
Event: 12.455 GC heap after
{Heap after GC invocations=13 (full 0):
 garbage-first heap   total reserved 2076672K, committed 63488K, used 44903K [0x0000000081400000, 0x0000000100000000)
  region size 1024K, 2 young (2048K), 2 survivors (2048K)
 Metaspace       used 42881K, committed 43392K, reserved 1114112K
  class space    used 5590K, committed 5760K, reserved 1048576K
}
Event: 12.655 GC heap before
{Heap before GC invocations=14 (full 0):
 garbage-first heap   total reserved 2076672K, committed 75776K, used 56167K [0x0000000081400000, 0x0000000100000000)
  region size 1024K, 13 young (13312K), 2 survivors (2048K)
 Metaspace       used 43953K, committed 44416K, reserved 1114112K
  class space    used 5842K, committed 6016K, reserved 1048576K
}
Event: 12.660 GC heap after
{Heap after GC invocations=15 (full 0):
 garbage-first heap   total reserved 2076672K, committed 75776K, used 45703K [0x0000000081400000, 0x0000000100000000)
  region size 1024K, 1 young (1024K), 1 survivors (1024K)
 Metaspace       used 43953K, committed 44416K, reserved 1114112K
  class space    used 5842K, committed 6016K, reserved 1048576K
}
Event: 13.038 GC heap before
{Heap before GC invocations=15 (full 0):
 garbage-first heap   total reserved 2076672K, committed 75776K, used 66183K [0x0000000081400000, 0x0000000100000000)
  region size 1024K, 22 young (22528K), 1 survivors (1024K)
 Metaspace       used 44780K, committed 45312K, reserved 1114112K
  class space    used 6051K, committed 6272K, reserved 1048576K
}
Event: 13.048 GC heap after
{Heap after GC invocations=16 (full 0):
 garbage-first heap   total reserved 2076672K, committed 91136K, used 48098K [0x0000000081400000, 0x0000000100000000)
  region size 1024K, 3 young (3072K), 3 survivors (3072K)
 Metaspace       used 44780K, committed 45312K, reserved 1114112K
  class space    used 6051K, committed 6272K, reserved 1048576K
}
Event: 13.377 GC heap before
{Heap before GC invocations=16 (full 0):
 garbage-first heap   total reserved 2076672K, committed 91136K, used 78818K [0x0000000081400000, 0x0000000100000000)
  region size 1024K, 33 young (33792K), 3 survivors (3072K)
 Metaspace       used 44944K, committed 45440K, reserved 1114112K
  class space    used 6090K, committed 6272K, reserved 1048576K
}
Event: 13.386 GC heap after
{Heap after GC invocations=17 (full 0):
 garbage-first heap   total reserved 2076672K, committed 91136K, used 50683K [0x0000000081400000, 0x0000000100000000)
  region size 1024K, 5 young (5120K), 5 survivors (5120K)
 Metaspace       used 44944K, committed 45440K, reserved 1114112K
  class space    used 6090K, committed 6272K, reserved 1048576K
}
Event: 13.960 GC heap before
{Heap before GC invocations=18 (full 0):
 garbage-first heap   total reserved 2076672K, committed 91136K, used 80379K [0x0000000081400000, 0x0000000100000000)
  region size 1024K, 34 young (34816K), 5 survivors (5120K)
 Metaspace       used 45088K, committed 45568K, reserved 1114112K
  class space    used 6114K, committed 6272K, reserved 1048576K
}
Event: 13.974 GC heap after
{Heap after GC invocations=19 (full 0):
 garbage-first heap   total reserved 2076672K, committed 91136K, used 54737K [0x0000000081400000, 0x0000000100000000)
  region size 1024K, 5 young (5120K), 5 survivors (5120K)
 Metaspace       used 45088K, committed 45568K, reserved 1114112K
  class space    used 6114K, committed 6272K, reserved 1048576K
}
Event: 14.225 GC heap before
{Heap before GC invocations=19 (full 0):
 garbage-first heap   total reserved 2076672K, committed 91136K, used 80337K [0x0000000081400000, 0x0000000100000000)
  region size 1024K, 30 young (30720K), 5 survivors (5120K)
 Metaspace       used 45157K, committed 45696K, reserved 1114112K
  class space    used 6125K, committed 6400K, reserved 1048576K
}
Event: 14.238 GC heap after
{Heap after GC invocations=20 (full 0):
 garbage-first heap   total reserved 2076672K, committed 91136K, used 56900K [0x0000000081400000, 0x0000000100000000)
  region size 1024K, 2 young (2048K), 2 survivors (2048K)
 Metaspace       used 45157K, committed 45696K, reserved 1114112K
  class space    used 6125K, committed 6400K, reserved 1048576K
}
Event: 14.452 GC heap before
{Heap before GC invocations=20 (full 0):
 garbage-first heap   total reserved 2076672K, committed 91136K, used 82500K [0x0000000081400000, 0x0000000100000000)
  region size 1024K, 27 young (27648K), 2 survivors (2048K)
 Metaspace       used 45157K, committed 45696K, reserved 1114112K
  class space    used 6125K, committed 6400K, reserved 1048576K
}
Event: 14.457 GC heap after
{Heap after GC invocations=21 (full 0):
 garbage-first heap   total reserved 2076672K, committed 91136K, used 57370K [0x0000000081400000, 0x0000000100000000)
  region size 1024K, 3 young (3072K), 3 survivors (3072K)
 Metaspace       used 45157K, committed 45696K, reserved 1114112K
  class space    used 6125K, committed 6400K, reserved 1048576K
}
Event: 14.661 GC heap before
{Heap before GC invocations=22 (full 0):
 garbage-first heap   total reserved 2076672K, committed 97280K, used 80922K [0x0000000081400000, 0x0000000100000000)
  region size 1024K, 26 young (26624K), 3 survivors (3072K)
 Metaspace       used 45157K, committed 45696K, reserved 1114112K
  class space    used 6125K, committed 6400K, reserved 1048576K
}
Event: 14.668 GC heap after
{Heap after GC invocations=23 (full 0):
 garbage-first heap   total reserved 2076672K, committed 97280K, used 58508K [0x0000000081400000, 0x0000000100000000)
  region size 1024K, 2 young (2048K), 2 survivors (2048K)
 Metaspace       used 45157K, committed 45696K, reserved 1114112K
  class space    used 6125K, committed 6400K, reserved 1048576K
}
Event: 14.897 GC heap before
{Heap before GC invocations=23 (full 0):
 garbage-first heap   total reserved 2076672K, committed 97280K, used 88204K [0x0000000081400000, 0x0000000100000000)
  region size 1024K, 31 young (31744K), 2 survivors (2048K)
 Metaspace       used 45206K, committed 45760K, reserved 1114112K
  class space    used 6144K, committed 6400K, reserved 1048576K
}
Event: 14.915 GC heap after
{Heap after GC invocations=24 (full 0):
 garbage-first heap   total reserved 2076672K, committed 194560K, used 59283K [0x0000000081400000, 0x0000000100000000)
  region size 1024K, 4 young (4096K), 4 survivors (4096K)
 Metaspace       used 45206K, committed 45760K, reserved 1114112K
  class space    used 6144K, committed 6400K, reserved 1048576K
}

Dll operation events (20 events):
Event: 1.092 Loaded shared library C:\Users\Srba\.openjfx\cache\24+29\amd64\api-ms-win-crt-math-l1-1-0.dll
Event: 1.097 Loaded shared library C:\Users\Srba\.openjfx\cache\24+29\amd64\api-ms-win-crt-multibyte-l1-1-0.dll
Event: 1.103 Loaded shared library C:\Users\Srba\.openjfx\cache\24+29\amd64\api-ms-win-crt-private-l1-1-0.dll
Event: 1.108 Loaded shared library C:\Users\Srba\.openjfx\cache\24+29\amd64\api-ms-win-crt-process-l1-1-0.dll
Event: 1.112 Loaded shared library C:\Users\Srba\.openjfx\cache\24+29\amd64\api-ms-win-crt-runtime-l1-1-0.dll
Event: 1.118 Loaded shared library C:\Users\Srba\.openjfx\cache\24+29\amd64\api-ms-win-crt-stdio-l1-1-0.dll
Event: 1.124 Loaded shared library C:\Users\Srba\.openjfx\cache\24+29\amd64\api-ms-win-crt-string-l1-1-0.dll
Event: 1.128 Loaded shared library C:\Users\Srba\.openjfx\cache\24+29\amd64\api-ms-win-crt-time-l1-1-0.dll
Event: 1.133 Loaded shared library C:\Users\Srba\.openjfx\cache\24+29\amd64\api-ms-win-crt-utility-l1-1-0.dll
Event: 1.161 Loaded shared library C:\Users\Srba\.openjfx\cache\24+29\amd64\ucrtbase.dll
Event: 1.168 Loaded shared library C:\Users\Srba\.openjfx\cache\24+29\amd64\vcruntime140.dll
Event: 1.173 Loaded shared library C:\Users\Srba\.openjfx\cache\24+29\amd64\vcruntime140_1.dll
Event: 1.189 Loaded shared library C:\Users\Srba\.openjfx\cache\24+29\amd64\msvcp140.dll
Event: 1.193 Loaded shared library C:\Users\Srba\.openjfx\cache\24+29\amd64\msvcp140_1.dll
Event: 1.204 Loaded shared library C:\Users\Srba\.openjfx\cache\24+29\amd64\msvcp140_2.dll
Event: 1.264 Loaded shared library C:\Users\Srba\.openjfx\cache\24+29\amd64\prism_d3d.dll
Event: 1.333 Loaded shared library C:\Users\Srba\.openjfx\cache\24+29\amd64\glass.dll
Event: 3.347 Loaded shared library C:\Program Files\Java\jdk-24\bin\sunmscapi.dll
Event: 5.995 Loaded shared library C:\Users\Srba\.openjfx\cache\24+29\amd64\javafx_font.dll
Event: 7.569 Loaded shared library C:\Users\Srba\.openjfx\cache\24+29\amd64\javafx_iio.dll

Deoptimization events (4 events):
Event: 12.002 Thread 0x000002d3464ad0b0 DEOPT PACKING pc=0x000002d36a8da2b4 sp=0x000000e04f7fc870
Event: 12.002 Thread 0x000002d3464ad0b0 DEOPT UNPACKING pc=0x000002d36a505722 sp=0x000000e04f7fbd38 mode 0
Event: 13.088 Thread 0x000002d3464ad0b0 DEOPT PACKING pc=0x000002d36ad3033c sp=0x000000e04f7fdf90
Event: 13.088 Thread 0x000002d3464ad0b0 DEOPT UNPACKING pc=0x000002d36a505722 sp=0x000000e04f7fd458 mode 0

Classes loaded (20 events):
Event: 14.109 Loading class java/text/BreakIterator
Event: 14.109 Loading class java/text/BreakIterator done
Event: 14.110 Loading class sun/util/locale/provider/BreakIteratorProviderImpl$GraphemeBreakIterator
Event: 14.110 Loading class sun/util/locale/provider/BreakIteratorProviderImpl$GraphemeBreakIterator done
Event: 14.110 Loading class java/text/StringCharacterIterator
Event: 14.110 Loading class java/text/StringCharacterIterator done
Event: 14.110 Loading class sun/util/locale/provider/BreakIteratorProviderImpl$CharacterIteratorCharSequence
Event: 14.110 Loading class sun/util/locale/provider/BreakIteratorProviderImpl$CharacterIteratorCharSequence done
Event: 14.111 Loading class java/text/BreakIterator$BreakIteratorCache
Event: 14.111 Loading class java/text/BreakIterator$BreakIteratorCache done
Event: 14.111 Loading class jdk/internal/util/regex/Grapheme
Event: 14.111 Loading class jdk/internal/util/regex/Grapheme done
Event: 14.112 Loading class jdk/internal/util/regex/IndicConjunctBreak
Event: 14.112 Loading class jdk/internal/util/regex/IndicConjunctBreak done
Event: 14.727 Loading class java/lang/FdLibm$Acos
Event: 14.727 Loading class java/lang/FdLibm$Acos done
Event: 17.452 Loading class jdk/internal/reflect/AccessorUtils
Event: 17.452 Loading class jdk/internal/reflect/AccessorUtils done
Event: 17.564 Loading class java/lang/Throwable$WrappedPrintStream
Event: 17.564 Loading class java/lang/Throwable$WrappedPrintStream done

Classes unloaded (0 events):
No events

Classes redefined (0 events):
No events

Internal exceptions (20 events):
Event: 6.923 Thread 0x000002d3464ad0b0 Exception <a 'java/io/FileNotFoundException'{0x00000000883f2f08}> (0x00000000883f2f08) 
thrown [s\open\src\hotspot\share\prims\jni.cpp, line 518]
Event: 7.359 Thread 0x000002d3464ad0b0 Exception <a 'java/lang/IncompatibleClassChangeError'{0x00000000fffa4120}: Found class java.lang.Object, but interface was expected> (0x00000000fffa4120) 
thrown [s\open\src\hotspot\share\interpreter\linkResolver.cpp, line 872]
Event: 7.470 Thread 0x000002d3464ad0b0 Exception <a 'java/io/FileNotFoundException'{0x00000000892fa190}> (0x00000000892fa190) 
thrown [s\open\src\hotspot\share\prims\jni.cpp, line 518]
Event: 7.470 Thread 0x000002d3464ad0b0 Exception <a 'java/io/FileNotFoundException'{0x00000000892fbd30}> (0x00000000892fbd30) 
thrown [s\open\src\hotspot\share\prims\jni.cpp, line 518]
Event: 7.473 Thread 0x000002d3464ad0b0 Exception <a 'java/io/FileNotFoundException'{0x0000000089101ef8}> (0x0000000089101ef8) 
thrown [s\open\src\hotspot\share\prims\jni.cpp, line 518]
Event: 7.473 Thread 0x000002d3464ad0b0 Exception <a 'java/io/FileNotFoundException'{0x0000000089103538}> (0x0000000089103538) 
thrown [s\open\src\hotspot\share\prims\jni.cpp, line 518]
Event: 7.562 Thread 0x000002d3464ad0b0 Exception <a 'java/io/IOException'{0x000000008831ce98}> (0x000000008831ce98) 
thrown [s\open\src\hotspot\share\prims\jni.cpp, line 518]
Event: 7.720 Thread 0x000002d3464ad0b0 Exception <a 'java/lang/NoSuchMethodError'{0x00000000881fcff0}: 'java.lang.Object java.lang.invoke.DirectMethodHandle$Holder.newInvokeSpecial(java.lang.Object, java.lang.Object, int)'> (0x00000000881fcff0) 
thrown [s\open\src\hotspot\share\interpreter\linkResolver.cpp, line 805]
Event: 9.783 Thread 0x000002d3464ad0b0 Exception <a 'java/lang/NoSuchMethodError'{0x0000000083bfb398}: 'long java.lang.invoke.DirectMethodHandle$Holder.invokeStaticInit(java.lang.Object, java.lang.Object, java.lang.Object)'> (0x0000000083bfb398) 
thrown [s\open\src\hotspot\share\interpreter\linkResolver.cpp, line 805]
Event: 12.149 Thread 0x000002d3464ad0b0 Exception <a 'java/lang/NoSuchMethodError'{0x00000000892e4090}: 'int java.lang.invoke.DirectMethodHandle$Holder.invokeVirtual(java.lang.Object, java.lang.Object, java.lang.Object)'> (0x00000000892e4090) 
thrown [s\open\src\hotspot\share\interpreter\linkResolver.cpp, line 805]
Event: 12.173 Thread 0x000002d3464ad0b0 Exception <a 'java/lang/NoSuchMethodError'{0x0000000089142b08}: 'void java.lang.invoke.DirectMethodHandle$Holder.invokeVirtual(java.lang.Object, java.lang.Object, java.lang.Object, java.lang.Object)'> (0x0000000089142b08) 
thrown [s\open\src\hotspot\share\interpreter\linkResolver.cpp, line 805]
Event: 12.236 Thread 0x000002d3464ad0b0 Exception <a 'java/lang/NoSuchMethodError'{0x000000008821f5c8}: 'java.lang.Object java.lang.invoke.DelegatingMethodHandle$Holder.reinvoke_L(java.lang.Object, java.lang.Object, java.lang.Object, java.lang.Object, int, int)'> (0x000000008821f5c8) 
thrown [s\open\src\hotspot\share\interpreter\linkResolver.cpp, line 805]
Event: 12.414 Thread 0x000002d3464ad0b0 Exception <a 'java/lang/NoSuchMethodError'{0x0000000084383e90}: 'void java.lang.invoke.DirectMethodHandle$Holder.invokeStatic(java.lang.Object, java.lang.Object, java.lang.Object, int)'> (0x0000000084383e90) 
thrown [s\open\src\hotspot\share\interpreter\linkResolver.cpp, line 805]
Event: 12.435 Thread 0x000002d3464ad0b0 Exception <a 'java/lang/ClassCastException'{0x0000000084291070}: class org.controlsfx.glyphfont.Glyph cannot be cast to class org.kordamp.ikonli.javafx.FontIcon (org.controlsfx.glyphfont.Glyph and org.kordamp.ikonli.javafx.FontIcon are in unnamed module of loader 'app')> (0x0000000084291070) 
thrown [s\open\src\hotspot\share\interpreter\interpreterRuntime.cpp, line 438]
Event: 12.466 Thread 0x000002d3464ad0b0 Exception <a 'java/io/FileNotFoundException'{0x00000000fff6b4c8}> (0x00000000fff6b4c8) 
thrown [s\open\src\hotspot\share\prims\jni.cpp, line 518]
Event: 13.528 Thread 0x000002d3464ad0b0 Exception <a 'java/lang/NoSuchMethodError'{0x0000000088217cd8}: 'java.lang.Object java.lang.invoke.DirectMethodHandle$Holder.invokeSpecial(java.lang.Object, java.lang.Object, java.lang.Object, java.lang.Object, java.lang.Object, int)'> (0x0000000088217cd8) 
thrown [s\open\src\hotspot\share\interpreter\linkResolver.cpp, line 805]
Event: 17.452 Thread 0x000002d3464ad0b0 Exception <a 'java/lang/NullPointerException'{0x0000000086c91ab0}> (0x0000000086c91ab0) 
thrown [s\open\src\hotspot\share\interpreter\linkResolver.cpp, line 1523]
Event: 17.476 Thread 0x000002d3464ad0b0 Exception <a 'java/lang/NullPointerException'{0x0000000086cc7e68}> (0x0000000086cc7e68) 
thrown [s\open\src\hotspot\share\interpreter\linkResolver.cpp, line 1417]
Event: 23.992 Thread 0x000002d3464ad0b0 Exception <a 'java/io/FileNotFoundException'{0x0000000086988b38}> (0x0000000086988b38) 
thrown [s\open\src\hotspot\share\prims\jni.cpp, line 518]
Event: 23.992 Thread 0x000002d3464ad0b0 Exception <a 'java/io/FileNotFoundException'{0x000000008698a098}> (0x000000008698a098) 
thrown [s\open\src\hotspot\share\prims\jni.cpp, line 518]

VM Operations (20 events):
Event: 14.225 Executing VM operation: G1CollectForAllocation (G1 Evacuation Pause)
Event: 14.238 Executing VM operation: G1CollectForAllocation (G1 Evacuation Pause) done
Event: 14.452 Executing VM operation: G1CollectForAllocation (G1 Evacuation Pause)
Event: 14.457 Executing VM operation: G1CollectForAllocation (G1 Evacuation Pause) done
Event: 14.583 Executing VM operation: G1PauseRemark
Event: 14.590 Executing VM operation: G1PauseRemark done
Event: 14.646 Executing VM operation: G1PauseCleanup
Event: 14.646 Executing VM operation: G1PauseCleanup done
Event: 14.661 Executing VM operation: G1CollectForAllocation (G1 Evacuation Pause)
Event: 14.668 Executing VM operation: G1CollectForAllocation (G1 Evacuation Pause) done
Event: 14.897 Executing VM operation: G1CollectForAllocation (G1 Evacuation Pause)
Event: 14.915 Executing VM operation: G1CollectForAllocation (G1 Evacuation Pause) done
Event: 17.243 Executing VM operation: HandshakeAllThreads (Deoptimize)
Event: 17.243 Executing VM operation: HandshakeAllThreads (Deoptimize) done
Event: 17.252 Executing VM operation: HandshakeAllThreads (Deoptimize)
Event: 17.252 Executing VM operation: HandshakeAllThreads (Deoptimize) done
Event: 17.519 Executing VM operation: HandshakeAllThreads (Deoptimize)
Event: 17.519 Executing VM operation: HandshakeAllThreads (Deoptimize) done
Event: 23.978 Executing VM operation: HandshakeAllThreads (Deoptimize)
Event: 23.978 Executing VM operation: HandshakeAllThreads (Deoptimize) done

Memory protections (0 events):
No events

Nmethod flushes (20 events):
Event: 14.589 Thread 0x000002d371e2bea0 flushing  nmethod 0x000002d36a9f4508
Event: 14.589 Thread 0x000002d371e2bea0 flushing  nmethod 0x000002d36a9f4f88
Event: 14.589 Thread 0x000002d371e2bea0 flushing  nmethod 0x000002d36a9f5288
Event: 14.589 Thread 0x000002d371e2bea0 flushing  nmethod 0x000002d36a9f5588
Event: 14.589 Thread 0x000002d371e2bea0 flushing  nmethod 0x000002d36a9f6408
Event: 14.589 Thread 0x000002d371e2bea0 flushing  nmethod 0x000002d36a9f8808
Event: 14.589 Thread 0x000002d371e2bea0 flushing osr nmethod 0x000002d36a9fa988
Event: 14.589 Thread 0x000002d371e2bea0 flushing  nmethod 0x000002d36a9fd088
Event: 14.589 Thread 0x000002d371e2bea0 flushing  nmethod 0x000002d36aa15788
Event: 14.589 Thread 0x000002d371e2bea0 flushing  nmethod 0x000002d36aa16508
Event: 14.589 Thread 0x000002d371e2bea0 flushing  nmethod 0x000002d36aa16e08
Event: 14.589 Thread 0x000002d371e2bea0 flushing  nmethod 0x000002d36aa27088
Event: 14.589 Thread 0x000002d371e2bea0 flushing  nmethod 0x000002d36aa27688
Event: 14.589 Thread 0x000002d371e2bea0 flushing  nmethod 0x000002d36aa2e488
Event: 14.589 Thread 0x000002d371e2bea0 flushing  nmethod 0x000002d36aa3c708
Event: 14.589 Thread 0x000002d371e2bea0 flushing  nmethod 0x000002d36aa3ca08
Event: 14.589 Thread 0x000002d371e2bea0 flushing  nmethod 0x000002d36aa3cd08
Event: 14.589 Thread 0x000002d371e2bea0 flushing  nmethod 0x000002d36aa41188
Event: 14.589 Thread 0x000002d371e2bea0 flushing  nmethod 0x000002d36ad2fc88
Event: 14.589 Thread 0x000002d371e2bea0 flushing  nmethod 0x000002d36ad30088

Events (20 events):
Event: 5.287 Thread 0x000002d34661a880 Thread added: 0x000002d346ee16f0
Event: 6.192 Thread 0x000002d3464ad0b0 Thread added: 0x000002d346ee5170
Event: 6.289 Thread 0x000002d34661cd10 Thread exited: 0x000002d34661cd10
Event: 6.300 Thread 0x000002d34661b720 Thread exited: 0x000002d34661b720
Event: 6.305 Thread 0x000002d34661be70 Thread exited: 0x000002d34661be70
Event: 6.311 Thread 0x000002d346ee16f0 Thread exited: 0x000002d346ee16f0
Event: 6.856 Thread 0x000002d3464ad0b0 Thread added: 0x000002d346ee6010
Event: 8.025 Thread 0x000002d346429c60 Thread added: 0x000002d346ee1e40
Event: 9.172 Thread 0x000002d345095e30 Thread exited: 0x000002d345095e30
Event: 9.198 Thread 0x000002d345094290 Thread exited: 0x000002d345094290
Event: 9.399 Thread 0x000002d371e49660 Thread added: 0x000002d345095e30
Event: 12.219 Thread 0x000002d3464ad0b0 Thread added: 0x000002d346ee6eb0
Event: 12.332 Thread 0x000002d345095e30 Thread added: 0x000002d352cb4f10
Event: 13.036 Thread 0x000002d3464ad0b0 Thread added: 0x000002d346ee58c0
Event: 13.059 Thread 0x000002d3464ad0b0 Thread added: 0x000002d346ee0fa0
Event: 22.538 Thread 0x000002d352cb4f10 Thread exited: 0x000002d352cb4f10
Event: 23.968 Thread 0x000002d345095e30 Thread exited: 0x000002d345095e30
Event: 25.297 Thread 0x000002d346ee0fa0 Thread exited: 0x000002d346ee0fa0
Event: 25.297 Thread 0x000002d346ee58c0 Thread exited: 0x000002d346ee58c0
Event: 25.298 Thread 0x000002d346ee6010 Thread exited: 0x000002d346ee6010


Dynamic libraries:
0x00007ff683970000 - 0x00007ff683980000 	C:\Program Files\Java\jdk-24\bin\javaw.exe
0x00007fff4a170000 - 0x00007fff4a369000 	C:\Windows\SYSTEM32\ntdll.dll
0x00007fff4a060000 - 0x00007fff4a122000 	C:\Windows\System32\KERNEL32.DLL
0x00007fff479e0000 - 0x00007fff47cd7000 	C:\Windows\System32\KERNELBASE.dll
0x00007fff47ff0000 - 0x00007fff480f0000 	C:\Windows\System32\ucrtbase.dll
0x00007fff24870000 - 0x00007fff24886000 	C:\Program Files\Java\jdk-24\bin\jli.dll
0x00007fff24890000 - 0x00007fff248ab000 	C:\Program Files\Java\jdk-24\bin\VCRUNTIME140.dll
0x00007fff49bf0000 - 0x00007fff49d8d000 	C:\Windows\System32\USER32.dll
0x00007fff47d60000 - 0x00007fff47d82000 	C:\Windows\System32\win32u.dll
0x00007fff37210000 - 0x00007fff374ab000 	C:\Windows\WinSxS\amd64_microsoft.windows.common-controls_6595b64144ccf1df_6.0.19041.7663_none_60b9ed0b71f50c93\COMCTL32.dll
0x00007fff485d0000 - 0x00007fff485fb000 	C:\Windows\System32\GDI32.dll
0x00007fff499c0000 - 0x00007fff49a5e000 	C:\Windows\System32\msvcrt.dll
0x00007fff47ed0000 - 0x00007fff47fea000 	C:\Windows\System32\gdi32full.dll
0x00007fff477e0000 - 0x00007fff4787d000 	C:\Windows\System32\msvcp_win.dll
0x00007fff48600000 - 0x00007fff4862f000 	C:\Windows\System32\IMM32.DLL
0x00007fff24860000 - 0x00007fff2486c000 	C:\Program Files\Java\jdk-24\bin\vcruntime140_1.dll
0x00007fff247d0000 - 0x00007fff2485e000 	C:\Program Files\Java\jdk-24\bin\msvcp140.dll
0x00007fff09490000 - 0x00007fff0a231000 	C:\Program Files\Java\jdk-24\bin\server\jvm.dll
0x00007fff48c90000 - 0x00007fff48d42000 	C:\Windows\System32\ADVAPI32.dll
0x00007fff48450000 - 0x00007fff484f0000 	C:\Windows\System32\sechost.dll
0x00007fff48b60000 - 0x00007fff48c86000 	C:\Windows\System32\RPCRT4.dll
0x00007fff47d30000 - 0x00007fff47d57000 	C:\Windows\System32\bcrypt.dll
0x00007fff48560000 - 0x00007fff485cb000 	C:\Windows\System32\WS2_32.dll
0x00007fff46ca0000 - 0x00007fff46ceb000 	C:\Windows\SYSTEM32\POWRPROF.dll
0x00007fff34780000 - 0x00007fff347a7000 	C:\Windows\SYSTEM32\WINMM.dll
0x00007fff38e10000 - 0x00007fff38e1a000 	C:\Windows\SYSTEM32\VERSION.dll
0x00007fff46b60000 - 0x00007fff46b72000 	C:\Windows\SYSTEM32\UMPDC.dll
0x00007fff45600000 - 0x00007fff45612000 	C:\Windows\SYSTEM32\kernel.appcore.dll
0x00007fff24490000 - 0x00007fff2449a000 	C:\Program Files\Java\jdk-24\bin\jimage.dll
0x00007fff347b0000 - 0x00007fff349b1000 	C:\Windows\SYSTEM32\DBGHELP.DLL
0x00007fff32000000 - 0x00007fff32034000 	C:\Windows\SYSTEM32\dbgcore.DLL
0x00007fff47d90000 - 0x00007fff47e12000 	C:\Windows\System32\bcryptPrimitives.dll
0x00007fff24180000 - 0x00007fff2419e000 	C:\Program Files\Java\jdk-24\bin\java.dll
0x00007fff49ac0000 - 0x00007fff49beb000 	C:\Windows\System32\ole32.dll
0x00007fff48650000 - 0x00007fff489a3000 	C:\Windows\System32\combase.dll
0x00007fff49240000 - 0x00007fff499b1000 	C:\Windows\System32\SHELL32.dll
0x00007fff45810000 - 0x00007fff45fbc000 	C:\Windows\SYSTEM32\windows.storage.dll
0x00007fff47120000 - 0x00007fff4714b000 	C:\Windows\SYSTEM32\Wldp.dll
0x00007fff49e70000 - 0x00007fff49f46000 	C:\Windows\System32\OLEAUT32.dll
0x00007fff49fb0000 - 0x00007fff4a05d000 	C:\Windows\System32\SHCORE.dll
0x00007fff49a60000 - 0x00007fff49abb000 	C:\Windows\System32\shlwapi.dll
0x00007fff47700000 - 0x00007fff47725000 	C:\Windows\SYSTEM32\profapi.dll
0x00007fff24480000 - 0x00007fff24490000 	C:\Program Files\Java\jdk-24\bin\net.dll
0x00007fff46ed0000 - 0x00007fff46f3a000 	C:\Windows\system32\mswsock.dll
0x00007fff23ce0000 - 0x00007fff23cf6000 	C:\Program Files\Java\jdk-24\bin\nio.dll
0x00007fff23cc0000 - 0x00007fff23cd7000 	C:\Program Files\Java\jdk-24\bin\zip.dll
0x00007fff46bd0000 - 0x00007fff46c9c000 	C:\Windows\SYSTEM32\DNSAPI.dll
0x00007fff46b80000 - 0x00007fff46bbb000 	C:\Windows\SYSTEM32\IPHLPAPI.DLL
0x00007fff48440000 - 0x00007fff48448000 	C:\Windows\System32\NSI.dll
0x00007fff386f0000 - 0x00007fff386fa000 	C:\Windows\System32\rasadhlp.dll
0x00007fff3f090000 - 0x00007fff3f110000 	C:\Windows\System32\fwpuclnt.dll
0x00007fff23b90000 - 0x00007fff23b9a000 	C:\Program Files\Java\jdk-24\bin\management.dll
0x00007fff23b80000 - 0x00007fff23b8b000 	C:\Program Files\Java\jdk-24\bin\management_ext.dll
0x00007fff484f0000 - 0x00007fff484f8000 	C:\Windows\System32\PSAPI.DLL
0x000002d3461b0000 - 0x000002d3461b4000 	C:\Users\Srba\.openjfx\cache\24+29\amd64\api-ms-win-core-console-l1-1-0.dll
0x000002d3461c0000 - 0x000002d3461c4000 	C:\Users\Srba\.openjfx\cache\24+29\amd64\api-ms-win-core-console-l1-2-0.dll
0x000002d3461d0000 - 0x000002d3461d4000 	C:\Users\Srba\.openjfx\cache\24+29\amd64\api-ms-win-core-datetime-l1-1-0.dll
0x00007fff47470000 - 0x00007fff47488000 	C:\Windows\SYSTEM32\CRYPTSP.dll
0x00007fff467a0000 - 0x00007fff467d8000 	C:\Windows\system32\rsaenh.dll
0x00007fff476c0000 - 0x00007fff476ee000 	C:\Windows\SYSTEM32\USERENV.dll
0x000002d3461e0000 - 0x000002d3461e4000 	C:\Users\Srba\.openjfx\cache\24+29\amd64\api-ms-win-core-debug-l1-1-0.dll
0x00007fff47090000 - 0x00007fff4709c000 	C:\Windows\SYSTEM32\CRYPTBASE.dll
0x000002d3471c0000 - 0x000002d3471c4000 	C:\Users\Srba\.openjfx\cache\24+29\amd64\api-ms-win-core-errorhandling-l1-1-0.dll
0x000002d3471d0000 - 0x000002d3471d5000 	C:\Users\Srba\.openjfx\cache\24+29\amd64\api-ms-win-core-file-l1-1-0.dll
0x000002d3471e0000 - 0x000002d3471e4000 	C:\Users\Srba\.openjfx\cache\24+29\amd64\api-ms-win-core-file-l1-2-0.dll
0x00007fff27360000 - 0x00007fff27377000 	C:\Windows\system32\napinsp.dll
0x000002d3471f0000 - 0x000002d3471f4000 	C:\Users\Srba\.openjfx\cache\24+29\amd64\api-ms-win-core-file-l2-1-0.dll
0x00007fff27340000 - 0x00007fff2735b000 	C:\Windows\system32\pnrpnsp.dll
0x00007fff440b0000 - 0x00007fff440cd000 	C:\Windows\system32\wshbth.dll
0x00007fff424e0000 - 0x00007fff424fd000 	C:\Windows\system32\NLAapi.dll
0x00007fff26e50000 - 0x00007fff26e62000 	C:\Windows\System32\winrnr.dll
0x000002d347200000 - 0x000002d347204000 	C:\Users\Srba\.openjfx\cache\24+29\amd64\api-ms-win-core-handle-l1-1-0.dll
0x000002d347210000 - 0x000002d347214000 	C:\Users\Srba\.openjfx\cache\24+29\amd64\api-ms-win-core-heap-l1-1-0.dll
0x000002d347220000 - 0x000002d347224000 	C:\Users\Srba\.openjfx\cache\24+29\amd64\api-ms-win-core-interlocked-l1-1-0.dll
0x000002d347230000 - 0x000002d347234000 	C:\Users\Srba\.openjfx\cache\24+29\amd64\api-ms-win-core-libraryloader-l1-1-0.dll
0x000002d347240000 - 0x000002d347244000 	C:\Users\Srba\.openjfx\cache\24+29\amd64\api-ms-win-core-localization-l1-2-0.dll
0x00007fff36bb0000 - 0x00007fff36bb9000 	C:\Program Files\Java\jdk-24\bin\extnet.dll
0x000002d347250000 - 0x000002d347254000 	C:\Users\Srba\.openjfx\cache\24+29\amd64\api-ms-win-core-memory-l1-1-0.dll
0x000002d347260000 - 0x000002d347264000 	C:\Users\Srba\.openjfx\cache\24+29\amd64\api-ms-win-core-namedpipe-l1-1-0.dll
0x000002d347270000 - 0x000002d347274000 	C:\Users\Srba\.openjfx\cache\24+29\amd64\api-ms-win-core-processenvironment-l1-1-0.dll
0x000002d347280000 - 0x000002d347284000 	C:\Users\Srba\.openjfx\cache\24+29\amd64\api-ms-win-core-processthreads-l1-1-0.dll
0x000002d347290000 - 0x000002d347294000 	C:\Users\Srba\.openjfx\cache\24+29\amd64\api-ms-win-core-processthreads-l1-1-1.dll
0x000002d3472a0000 - 0x000002d3472a4000 	C:\Users\Srba\.openjfx\cache\24+29\amd64\api-ms-win-core-profile-l1-1-0.dll
0x000002d345560000 - 0x000002d345564000 	C:\Users\Srba\.openjfx\cache\24+29\amd64\api-ms-win-core-rtlsupport-l1-1-0.dll
0x000002d345570000 - 0x000002d345574000 	C:\Users\Srba\.openjfx\cache\24+29\amd64\api-ms-win-core-string-l1-1-0.dll
0x000002d345580000 - 0x000002d345584000 	C:\Users\Srba\.openjfx\cache\24+29\amd64\api-ms-win-core-synch-l1-1-0.dll
0x000002d345590000 - 0x000002d345594000 	C:\Users\Srba\.openjfx\cache\24+29\amd64\api-ms-win-core-synch-l1-2-0.dll
0x000002d3455a0000 - 0x000002d3455a4000 	C:\Users\Srba\.openjfx\cache\24+29\amd64\api-ms-win-core-sysinfo-l1-1-0.dll
0x000002d3455b0000 - 0x000002d3455b4000 	C:\Users\Srba\.openjfx\cache\24+29\amd64\api-ms-win-core-timezone-l1-1-0.dll
0x000002d3455c0000 - 0x000002d3455c4000 	C:\Users\Srba\.openjfx\cache\24+29\amd64\api-ms-win-core-util-l1-1-0.dll
0x000002d3455d0000 - 0x000002d3455d4000 	C:\Users\Srba\.openjfx\cache\24+29\amd64\api-ms-win-crt-conio-l1-1-0.dll
0x000002d3455e0000 - 0x000002d3455e5000 	C:\Users\Srba\.openjfx\cache\24+29\amd64\api-ms-win-crt-convert-l1-1-0.dll
0x000002d3455f0000 - 0x000002d3455f4000 	C:\Users\Srba\.openjfx\cache\24+29\amd64\api-ms-win-crt-environment-l1-1-0.dll
0x000002d345600000 - 0x000002d345604000 	C:\Users\Srba\.openjfx\cache\24+29\amd64\api-ms-win-crt-filesystem-l1-1-0.dll
0x000002d345610000 - 0x000002d345614000 	C:\Users\Srba\.openjfx\cache\24+29\amd64\api-ms-win-crt-heap-l1-1-0.dll
0x000002d345620000 - 0x000002d345624000 	C:\Users\Srba\.openjfx\cache\24+29\amd64\api-ms-win-crt-locale-l1-1-0.dll
0x000002d345630000 - 0x000002d345636000 	C:\Users\Srba\.openjfx\cache\24+29\amd64\api-ms-win-crt-math-l1-1-0.dll
0x000002d345640000 - 0x000002d345646000 	C:\Users\Srba\.openjfx\cache\24+29\amd64\api-ms-win-crt-multibyte-l1-1-0.dll
0x000002d345650000 - 0x000002d345661000 	C:\Users\Srba\.openjfx\cache\24+29\amd64\api-ms-win-crt-private-l1-1-0.dll
0x000002d3472b0000 - 0x000002d3472b4000 	C:\Users\Srba\.openjfx\cache\24+29\amd64\api-ms-win-crt-process-l1-1-0.dll
0x000002d3472c0000 - 0x000002d3472c5000 	C:\Users\Srba\.openjfx\cache\24+29\amd64\api-ms-win-crt-runtime-l1-1-0.dll
0x000002d3472d0000 - 0x000002d3472d5000 	C:\Users\Srba\.openjfx\cache\24+29\amd64\api-ms-win-crt-stdio-l1-1-0.dll
0x000002d3472e0000 - 0x000002d3472e5000 	C:\Users\Srba\.openjfx\cache\24+29\amd64\api-ms-win-crt-string-l1-1-0.dll
0x000002d3472f0000 - 0x000002d3472f4000 	C:\Users\Srba\.openjfx\cache\24+29\amd64\api-ms-win-crt-time-l1-1-0.dll
0x000002d347300000 - 0x000002d347304000 	C:\Users\Srba\.openjfx\cache\24+29\amd64\api-ms-win-crt-utility-l1-1-0.dll
0x00007fff17e50000 - 0x00007fff17f61000 	C:\Users\Srba\.openjfx\cache\24+29\amd64\ucrtbase.dll
0x00007fff353c0000 - 0x00007fff353db000 	C:\Users\Srba\.openjfx\cache\24+29\amd64\vcruntime140.dll
0x00007fff40ad0000 - 0x00007fff40adc000 	C:\Users\Srba\.openjfx\cache\24+29\amd64\vcruntime140_1.dll
0x00007fff23220000 - 0x00007fff232ae000 	C:\Users\Srba\.openjfx\cache\24+29\amd64\msvcp140.dll
0x00007fff3c120000 - 0x00007fff3c129000 	C:\Users\Srba\.openjfx\cache\24+29\amd64\msvcp140_1.dll
0x00007fff23090000 - 0x00007fff230d1000 	C:\Users\Srba\.openjfx\cache\24+29\amd64\msvcp140_2.dll
0x00007fff25470000 - 0x00007fff254a0000 	C:\Users\Srba\.openjfx\cache\24+29\amd64\prism_d3d.dll
0x00007fff1ab30000 - 0x00007fff1ad01000 	C:\Windows\system32\d3d9.dll
0x00007fff45300000 - 0x00007fff4532e000 	C:\Windows\SYSTEM32\dwmapi.dll
0x00007fff45110000 - 0x00007fff451ae000 	C:\Windows\system32\uxtheme.dll
0x00007ffe8b930000 - 0x00007ffe8de6d000 	C:\Windows\SYSTEM32\igdumdim64.dll
0x00007fff48dd0000 - 0x00007fff49240000 	C:\Windows\System32\SETUPAPI.dll
0x00007fff47ce0000 - 0x00007fff47d2e000 	C:\Windows\System32\cfgmgr32.dll
0x00007fff222f0000 - 0x00007fff22338000 	C:\Users\Srba\.openjfx\cache\24+29\amd64\glass.dll
0x00007fff49d90000 - 0x00007fff49e6a000 	C:\Windows\System32\COMDLG32.dll
0x00007fff489b0000 - 0x00007fff48a59000 	C:\Windows\System32\clbcatq.dll
0x00007fff3b620000 - 0x00007fff3b760000 	C:\Windows\System32\Windows.UI.dll
0x00007fff3b460000 - 0x00007fff3b559000 	C:\Windows\System32\TextInputFramework.dll
0x00007fff3b190000 - 0x00007fff3b2e2000 	C:\Windows\System32\InputHost.dll
0x00007fff40930000 - 0x00007fff409d1000 	C:\Windows\System32\WindowManagementAPI.dll
0x00007fff43d90000 - 0x00007fff43e82000 	C:\Windows\System32\CoreMessaging.dll
0x00007fff43560000 - 0x00007fff438bb000 	C:\Windows\System32\CoreUIComponents.dll
0x00007fff44b40000 - 0x00007fff44c3a000 	C:\Windows\System32\PROPSYS.dll

JVMTI agents: none

dbghelp: loaded successfully - version: 4.0.5 - missing functions: none
symbol engine: initialized successfully - sym options: 0x614 - pdb path: .;C:\Program Files\Java\jdk-24\bin;C:\Windows\SYSTEM32;C:\Windows\WinSxS\amd64_microsoft.windows.common-controls_6595b64144ccf1df_6.0.19041.7663_none_60b9ed0b71f50c93;C:\Program Files\Java\jdk-24\bin\server;C:\Users\Srba\.openjfx\cache\24+29\amd64;C:\Program Files\Common Files\Microsoft Shared\Ink

VM Arguments:
jvm_args: -Dspring.jmx.enabled=true -Dmanagement.endpoints.jmx.exposure.include=* -Dspring.application.admin.enabled=true -Dspring.output.ansi.enabled=always -XX:TieredStopAtLevel=1 -Dspring.boot.project.name=repromarket-client -Dfile.encoding=UTF-8 -Dstdout.encoding=UTF-8 -Dstderr.encoding=UTF-8 -XX:+ShowCodeDetailsInExceptionMessages 
java_command: org.code_studio.main.SpringBootJfxApplication
java_class_path (initial): C:\Users\Srba\Documents\workspace-spring-tools-for-eclipse-5.1.1.RELEASE\Repromarket\repromarket-source-code\repromarket-source-code\client\target\classes;C:\Users\Srba\Documents\workspace-spring-tools-for-eclipse-5.1.1.RELEASE\Repromarket\repromarket-source-code\repromarket-source-code\database\target\classes;C:\Users\Srba\.m2\repository\jakarta\persistence\jakarta.persistence-api\3.1.0\jakarta.persistence-api-3.1.0.jar;C:\Users\Srba\.m2\repository\org\hibernate\orm\hibernate-core\6.6.11.Final\hibernate-core-6.6.11.Final.jar;C:\Users\Srba\.m2\repository\jakarta\transaction\jakarta.transaction-api\2.0.1\jakarta.transaction-api-2.0.1.jar;C:\Users\Srba\.m2\repository\org\jboss\logging\jboss-logging\3.6.1.Final\jboss-logging-3.6.1.Final.jar;C:\Users\Srba\.m2\repository\org\hibernate\common\hibernate-commons-annotations\7.0.3.Final\hibernate-commons-annotations-7.0.3.Final.jar;C:\Users\Srba\.m2\repository\io\smallrye\jandex\3.2.0\jandex-3.2.0.jar;C:\Users\Srba\.m2\repository\com\fasterxml\classmate\1.7.0\classmate-1.7.0.jar;C:\Users\Srba\.m2\repository\net\bytebuddy\byte-buddy\1.15.11\byte-buddy-1.15.11.jar;C:\Users\Srba\.m2\repository\jakarta\xml\bind\jakarta.xml.bind-api\4.0.2\jakarta.xml.bind-api-4.0.2.jar;C:\Users\Srba\.m2\repository\jakarta\activation\jakarta.activation-api\2.1.3\jakarta.activation-api-2.1.3.jar;C:\Users\Srba\.m2\repository\org\glassfish\jaxb\jaxb-runtime\4.0.5\jaxb-runtime-4.0.5.jar;C:\Users\Srba\.m2\repository\org\glassfish\jaxb\jaxb-core\4.0.5\jaxb-core-4.0.5.jar;C:\Users\Srba\.m2\repository\org\eclipse\angus\angus-activation\2.0.2\angus-activation-2.0.2.jar;C:\Users\Srba\.m2\repository\org\glassfish\jaxb\txw2\4.0.5\txw2-4.0.5.jar;C:\Users\Srba\.m2\repository\com\sun\istack\istack-commons-runtime\4.1.2\istack-commons-runtime-4.1.2.jar;C:\Users\Srba\.m2\repository\jakarta\inject\jakarta.inject-api\2.0.1\jakarta.inject-api-2.0.1.jar;C:\Users\Srba\.m2\repository\org\antlr\antlr4-runtime\4.13.0\antlr4-runtime-4.13.0.jar;C:\Users\Srba\.m2\repository\com\fasterxml\jackson\core\jackson-annotations\2.18.3\jackson-annotations-2.18.3.jar;C:\Users\Srba\.m2\repository\com\opencsv\opencsv\5.9\opencsv-5.9.jar;C:\Users\Srba\.m2\repository\org\apache\commons\commons-lang3\3.17.0\commons-lang3-3.17.0.jar;C:\Users\Srba\.m2\repository\org\apache\commons\commons-text\1.11.0\commons-text-1.11.0.jar;C:\Users\Srba\.m2\repository\org\springframework\boot\spring-boot-starter\3.4.4\spring-boot-starter-3.4.4.jar;C:\Users\Srba\.m2\repository\org\springframework\boot\spring-boot\3.4.4\spring-boot-3.4.4.jar;C:\Users\Srba\.m2\repository\org\springframework\spring-context\6.2.5\spring-context-6.2.5.jar;C:\Users\Srba\.m2\repository\org\springframework\boot\spring-boot-autoconfigure\3.4.4\spring-boot-autoconfigure-3.4.4.jar;C:\Users\Srba\.m2\repository\org\springframework\boot\spring-boot-starter-logging\3.4.4\spring-boot-starter-logging-3.4.4.jar;C:\Users\Srba\.m2\repository\ch\qos\logback\logback-classic\1.5.18\logback-classic-1.5.18.jar;C:\Users\Srba\.m2\repository\ch\qos\logback\logback-core\1.5.18\logback-core-1.5.18.jar;C:\Users\Srba\.m2\repository\org\slf4j\slf4j-api\2.0.17\slf4j-api-2.0.17.jar;C:\Users\Srba\.m2\repository\org\apache\logging\log4j\log4j-to-slf4j\2.24.3\log4j-to-slf4j-2.24.3.jar;C:\Users\Srba\.m2\repository\org\apache\logging\log4j\log4j-api\2.24.3\log4j-api-2.24.3.jar;C:\Users\Srba\.m2\repository\org\slf4j\jul-to-slf4j\2.0.17\jul-to-slf4j-2.0.17.jar;C:\Users\Srba\.m2\repository\jakarta\annotation\jakarta.annotation-api\2.1.1\jakarta.annotation-api-2.1.1.jar;C:\Users\Srba\.m2\repository\org\springframework\spring-core\6.2.5\spring-core-6.2.5.jar;C:\Users\Srba\.m2\repository\org\springframework\spring-jcl\6.2.5\spring-jcl-6.2.5.jar;C:\Users\Srba\.m2\repository\org\yaml\snakeyaml\2.3\snakeyaml-2.3.jar;C:\Users\Srba\.m2\repository\org\openjfx\javafx-graphics\24\javafx-graphics-24.jar;C:\Users\Srba\.m2\repository\org\openjfx\javafx-graphics\24\javafx-graphics-24-win.jar;C:\Users\Srba\.m2\repository\org\openjfx\javafx-base\24\javafx-base-24.jar;C:\Users\Srba\.m2\repository\org\openjfx\javafx-base\24\javafx-base-24-win.jar;C:\Users\Srba\.m2\repository\org\openjfx\javafx-fxml\24\javafx-fxml-24.jar;C:\Users\Srba\.m2\repository\org\openjfx\javafx-fxml\24\javafx-fxml-24-win.jar;C:\Users\Srba\.m2\repository\org\openjfx\javafx-controls\24\javafx-controls-24.jar;C:\Users\Srba\.m2\repository\org\openjfx\javafx-controls\24\javafx-controls-24-win.jar;C:\Users\Srba\.m2\repository\org\openjfx\javafx-swing\24\javafx-swing-24.jar;C:\Users\Srba\.m2\repository\org\openjfx\javafx-swing\24\javafx-swing-24-win.jar;C:\Users\Srba\.m2\repository\org\openjfx\javafx-web\24\javafx-web-24.jar;C:\Users\Srba\.m2\repository\org\openjfx\javafx-web\24\javafx-web-24-win.jar;C:\Users\Srba\.m2\repository\org\openjfx\javafx-media\24\javafx-media-24.jar;C:\Users\Srba\.m2\repository\org\openjfx\javafx-media\24\javafx-media-24-win.jar;C:\Users\Srba\.m2\repository\org\springframework\boot\spring-boot-starter-web\3.4.4\spring-boot-starter-web-3.4.4.jar;C:\Users\Srba\.m2\repository\org\springframework\boot\spring-boot-starter-json\3.4.4\spring-boot-starter-json-3.4.4.jar;C:\Users\Srba\.m2\repository\com\fasterxml\jackson\datatype\jackson-datatype-jdk8\2.18.3\jackson-datatype-jdk8-2.18.3.jar;C:\Users\Srba\.m2\repository\com\fasterxml\jackson\datatype\jackson-datatype-jsr310\2.18.3\jackson-datatype-jsr310-2.18.3.jar;C:\Users\Srba\.m2\repository\com\fasterxml\jackson\module\jackson-module-parameter-names\2.18.3\jackson-module-parameter-names-2.18.3.jar;C:\Users\Srba\.m2\repository\org\springframework\boot\spring-boot-starter-tomcat\3.4.4\spring-boot-starter-tomcat-3.4.4.jar;C:\Users\Srba\.m2\repository\org\apache\tomcat\embed\tomcat-embed-core\10.1.39\tomcat-embed-core-10.1.39.jar;C:\Users\Srba\.m2\repository\org\apache\tomcat\embed\tomcat-embed-el\10.1.39\tomcat-embed-el-10.1.39.jar;C:\Users\Srba\.m2\repository\org\apache\tomcat\embed\tomcat-embed-websocket\10.1.39\tomcat-embed-websocket-10.1.39.jar;C:\Users\Srba\.m2\repository\org\springframework\spring-web\6.2.5\spring-web-6.2.5.jar;C:\Users\Srba\.m2\repository\org\springframework\spring-beans\6.2.5\spring-beans-6.2.5.jar;C:\Users\Srba\.m2\repository\io\micrometer\micrometer-observation\1.14.5\micrometer-observation-1.14.5.jar;C:\Users\Srba\.m2\repository\io\micrometer\micrometer-commons\1.14.5\micrometer-commons-1.14.5.jar;C:\Users\Srba\.m2\repository\org\springframework\spring-webmvc\6.2.5\spring-webmvc-6.2.5.jar;C:\Users\Srba\.m2\repository\org\springframework\spring-aop\6.2.5\spring-aop-6.2.5.jar;C:\Users\Srba\.m2\repository\org\springframework\spring-expression\6.2.5\spring-expression-6.2.5.jar;C:\Users\Srba\.m2\repository\org\controlsfx\controlsfx\11.2.1\controlsfx-11.2.1.jar;C:\Users\Srba\.m2\repository\net\sf\jasperreports\jasperreports\6.21.2\jasperreports-6.21.2.jar;C:\Users\Srba\.m2\repository\commons-beanutils\commons-beanutils\1.9.4\commons-beanutils-1.9.4.jar;C:\Users\Srba\.m2\repository\commons-collections\commons-collections\3.2.2\commons-collections-3.2.2.jar;C:\Users\Srba\.m2\repository\commons-digester\commons-digester\2.1\commons-digester-2.1.jar;C:\Users\Srba\.m2\repository\commons-logging\commons-logging\1.1.1\commons-logging-1.1.1.jar;C:\Users\Srba\.m2\repository\org\apache\commons\commons-collections4\4.2\commons-collections4-4.2.jar;C:\Users\Srba\.m2\repository\com\github\librepdf\openpdf\1.3.32\openpdf-1.3.32.jar;C:\Users\Srba\.m2\repository\org\jfree\jcommon\1.0.23\jcommon-1.0.23.jar;C:\Users\Srba\.m2\repository\org\jfree\jfreechart\1.0.19\jfreechart-1.0.19.jar;C:\Users\Srba\.m2\repository\org\eclipse\jdt\ecj\3.21.0\ecj-3.21.0.jar;C:\Users\Srba\.m2\repository\com\fasterxml\jackson\core\jackson-core\2.18.3\jackson-core-2.18.3.jar;C:\Users\Srba\.m2\repository\com\fasterxml\jackson\core\jackson-databind\2.18.3\jackson-databind-2.18.3.jar;C:\Users\Srba\.m2\repository\com\fasterxml\jackson\dataformat\jackson-dataformat-xml\2.18.3\jackson-dataformat-xml-2.18.3.jar;C:\Users\Srba\.m2\repository\org\codehaus\woodstox\stax2-api\4.2.2\stax2-api-4.2.2.jar;C:\Users\Srba\.m2\repository\com\fasterxml\woodstox\woodstox-core\7.0.0\woodstox-core-7.0.0.jar;C:\Users\Srba\.m2\repository\net\sf\jasperreports\jasperreports-functions\6.21.2\jasperreports-functions-6.21.2.jar;C:\Users\Srba\.m2\repository\org\kordamp\ikonli\ikonli-javafx\12.3.1\ikonli-javafx-12.3.1.jar;C:\Users\Srba\.m2\repository\org\kordamp\ikonli\ikonli-core\12.3.1\ikonli-core-12.3.1.jar;C:\Users\Srba\.m2\repository\org\kordamp\ikonli\ikonli-bootstrapicons-pack\12.3.1\ikonli-bootstrapicons-pack-12.3.1.jar;C:\Users\Srba\.m2\repository\org\kordamp\ikonli\ikonli-materialdesign2-pack\12.3.1\ikonli-materialdesign2-pack-12.3.1.jar;C:\Users\Srba\.m2\repository\org\kordamp\ikonli\ikonli-fluentui-pack\12.3.1\ikonli-fluentui-pack-12.3.1.jar;C:\Users\Srba\.m2\repository\org\kordamp\ikonli\ikonli-fileicons-pack\12.3.1\ikonli-fileicons-pack-12.3.1.jar;C:\Users\Srba\.m2\repository\org\json\json\20240303\json-20240303.jar;C:\Users\Srba\.m2\repository\commons-io\commons-io\2.17.0\commons-io-2.17.0.jar;C:\Users\Srba\.m2\repository\net\sourceforge\barbecue\barbecue\1.5-beta1\barbecue-1.5-beta1.jar
Launcher Type: SUN_STANDARD

[Global flags]
     intx CICompilerCount                          = 3                                         {product} {ergonomic}
     uint ConcGCThreads                            = 1                                         {product} {ergonomic}
     uint G1ConcRefinementThreads                  = 4                                         {product} {ergonomic}
   size_t G1HeapRegionSize                         = 1048576                                   {product} {ergonomic}
   size_t InitialHeapSize                          = 134217728                                 {product} {ergonomic}
   size_t MarkStackSize                            = 4194304                                   {product} {ergonomic}
   size_t MarkStackSizeMax                         = 536870912                                 {product} {ergonomic}
   size_t MaxHeapSize                              = 2126512128                                {product} {ergonomic}
   size_t MaxNewSize                               = 1275068416                                {product} {ergonomic}
   size_t MinHeapDeltaBytes                        = 1048576                                   {product} {ergonomic}
   size_t MinHeapSize                              = 8388608                                   {product} {ergonomic}
    uintx NonNMethodCodeHeapSize                   = 4096                                   {pd product} {ergonomic}
    uintx NonProfiledCodeHeapSize                  = 0                                      {pd product} {ergonomic}
     bool ProfileInterpreter                       = false                                  {pd product} {command line}
    uintx ProfiledCodeHeapSize                     = 0                                      {pd product} {ergonomic}
     bool ShowCodeDetailsInExceptionMessages       = true                                   {manageable} {command line}
   size_t SoftMaxHeapSize                          = 2126512128                             {manageable} {ergonomic}
     intx TieredStopAtLevel                        = 1                                         {product} {command line}
     bool UseCompressedOops                        = true                           {product lp64_product} {ergonomic}
     bool UseG1GC                                  = true                                      {product} {ergonomic}
     bool UseLargePagesIndividualAllocation        = false                                  {pd product} {ergonomic}

Logging:
Log output configuration:
 #0: stdout all=warning uptime,level,tags foldmultilines=false
 #1: stderr all=off uptime,level,tags foldmultilines=false

Environment Variables:
JAVA_HOME=C:\Program Files\Java\jdk-21
PATH=C:/Users/Srba/Documents/Instalacije/sts-5.1.1.RELEASE//plugins/org.eclipse.justj.openjdk.hotspot.jre.full.win32.x86_64_25.0.2.v20260203-1141/jre/bin/server;C:/Users/Srba/Documents/Instalacije/sts-5.1.1.RELEASE//plugins/org.eclipse.justj.openjdk.hotspot.jre.full.win32.x86_64_25.0.2.v20260203-1141/jre/bin;C:\Users\Srba\.jdks\semeru-17.0.9\bin;C:\Users\Srba\Documents\Instalacije\WINDOWS.X64_193000_db_home\bin;C:\Program Files\Common Files\Oracle\Java\javapath;C:\Windows\system32;C:\Windows;C:\Windows\System32\Wbem;C:\Windows\System32\WindowsPowerShell\v1.0\;C:\Windows\System32\OpenSSH\;C:\Users\Srba\Documents\Instalacije\sqlite-tools-win-x64-3450200;C:\Users\Srba\AppData\Roaming\nvm;C:\Program Files\nodejs;C:\Users\Srba\.m2\wrapper\dists\apache-maven-3.9.5-bin\2adeog8mj13csp1uusqnc1f2mo\apache-maven-3.9.5\bin;C:\Users\Srba\.m2\wrapper\dists\apache-maven-3.9.5-bin\2adeog8mj13csp1uusqnc1f2mo\apache-maven-3.9.5\bin;C:\Program Files (x86)\Microsoft SQL Server\160\Tools\Binn\;C:\Program Files\Microsoft SQL Server\160\Tools\Binn\;C:\Program Files\Microsoft SQL Server\Client SDK\ODBC\170\Tools\Binn\;C:\Program Files\Microsoft SQL Server\160\DTS\Binn\;C:\Program Files (x86)\Microsoft SQL Server\160\DTS\Binn\;C:\Program Files\Azure Data Studio\bin;C:\Program Files\Docker\Docker\resources\bin;C:\Program Files\Git\cmd;C:\Users\Srba\AppData\Local\Microsoft\WindowsApps;C:\Users\Srba\AppData\Roaming\nvm;C:\Program Files\nodejs;C:\Users\Srba\AppData\Local\Programs\Microsoft VS Code\bin;C:\Program Files\JetBrains\IntelliJ IDEA Community Edition 2024.1\bin;;C:\Program Files\Azure Data Studio\bin;C:\Users\Srba\AppData\Local\GitHubDesktop\bin;C:\Users\Srba\Documents\Instalacije\sts-5.1.1.RELEASE;
USERNAME=Srba
OS=Windows_NT
PROCESSOR_IDENTIFIER=Intel64 Family 6 Model 61 Stepping 4, GenuineIntel
TMP=C:\Users\Srba\AppData\Local\Temp
TEMP=C:\Users\Srba\AppData\Local\Temp




Periodic native trim disabled

---------------  S Y S T E M  ---------------

OS:
 Windows 10 , 64 bit Build 19041 (10.0.19041.7663)
OS uptime: 6 days 23:49 hours
Hyper-V role detected

CPU: total 4 (initial active 4) (2 cores per cpu, 2 threads per core) family 6 model 61 stepping 4 microcode 0x2d, cx8, cmov, fxsr, ht, mmx, 3dnowpref, sse, sse2, sse3, ssse3, sse4.1, sse4.2, popcnt, lzcnt, tsc, tscinvbit, avx, avx2, aes, erms, clmul, bmi1, bmi2, adx, fma, vzeroupper, clflush, hv, rdtscp, f16c
Processor Information for the first 4 processors :
  Max Mhz: 2401, Current Mhz: 2401, Mhz Limit: 2401

Memory: 4k page, system-wide physical 8111M (636M free)
TotalPageFile size 32687M (AvailPageFile size 3782M)
current process WorkingSet (physical memory assigned to process): 384M, peak: 384M
current process commit charge ("private bytes"): 425M, peak: 425M

vm_info: Java HotSpot(TM) 64-Bit Server VM (24.0.2+12-54) for windows-amd64 JRE (24.0.2+12-54), built on 2025-07-08T12:10:27Z with MS VC++ 17.6 (VS2022)

END.
