2026-08-31 06:23:01.655 DEBUG o.s.web.servlet.DispatcherServlet - GET "/api/v1/palette/allOccupiedByRowId/81", parameters={}
2026-08-31 06:23:01.942 DEBUG o.s.w.s.m.m.a.RequestMappingHandlerMapping - Mapped to org.code_studio.controller.PaletteController#allOccupiedByRowId(Integer)
2026-08-31 06:23:02.754 DEBUG o.s.w.s.m.m.a.HttpEntityMethodProcessor - Using 'application/json', given [*/*] and supported [application/json, application/*+json, application/yaml]
2026-08-31 06:23:02.764 TRACE o.s.w.s.m.m.a.HttpEntityMethodProcessor - Writing [{status=404, message=No data, data=null}]
2026-08-31 06:23:02.842 DEBUG o.s.web.servlet.DispatcherServlet - Completed 404 NOT_FOUND
2026-08-31 06:23:02.872 DEBUG o.s.web.servlet.DispatcherServlet - GET "/api/v1/palette/countTotalStoredFreeByRowId/81", parameters={}
2026-08-31 06:23:02.875 DEBUG o.s.w.s.m.m.a.RequestMappingHandlerMapping - Mapped to org.code_studio.controller.PaletteController#countTotalStoredFreeByRowId(Integer)
2026-08-31 06:23:02.944 DEBUG o.s.w.s.m.m.a.HttpEntityMethodProcessor - Using 'application/json', given [*/*] and supported [application/json, application/*+json, application/yaml]
2026-08-31 06:23:02.945 TRACE o.s.w.s.m.m.a.HttpEntityMethodProcessor - Writing [{status=200, message=null, data=[714, 0, 714]}]
2026-08-31 06:23:02.954 DEBUG o.s.web.servlet.DispatcherServlet - Completed 200 OK
2026-08-31 06:24:00.481 DEBUG o.s.web.servlet.DispatcherServlet - GET "/api/v1/palette/allOccupiedByRowId/81", parameters={}
2026-08-31 06:24:00.483 DEBUG o.s.w.s.m.m.a.RequestMappingHandlerMapping - Mapped to org.code_studio.controller.PaletteController#allOccupiedByRowId(Integer)
2026-08-31 06:24:00.495 DEBUG o.s.w.s.m.m.a.HttpEntityMethodProcessor - Using 'application/json', given [*/*] and supported [application/json, application/*+json, application/yaml]
2026-08-31 06:24:00.496 TRACE o.s.w.s.m.m.a.HttpEntityMethodProcessor - Writing [{status=404, message=No data, data=null}]
2026-08-31 06:24:00.498 DEBUG o.s.web.servlet.DispatcherServlet - Completed 404 NOT_FOUND
2026-08-31 06:24:00.584 DEBUG o.s.web.servlet.DispatcherServlet - GET "/api/v1/palette/allOccupiedByRowId/82", parameters={}
2026-08-31 06:24:00.590 DEBUG o.s.w.s.m.m.a.RequestMappingHandlerMapping - Mapped to org.code_studio.controller.PaletteController#allOccupiedByRowId(Integer)
2026-08-31 06:24:00.611 DEBUG o.s.w.s.m.m.a.HttpEntityMethodProcessor - Using 'application/json', given [*/*] and supported [application/json, application/*+json, application/yaml]
2026-08-31 06:24:00.611 TRACE o.s.w.s.m.m.a.HttpEntityMethodProcessor - Writing [{status=404, message=No data, data=null}]
2026-08-31 06:24:00.614 DEBUG o.s.web.servlet.DispatcherServlet - Completed 404 NOT_FOUND
2026-08-31 06:24:00.650 DEBUG o.s.web.servlet.DispatcherServlet - GET "/api/v1/palette/allOccupiedByRowId/71", parameters={}
2026-08-31 06:24:00.652 DEBUG o.s.w.s.m.m.a.RequestMappingHandlerMapping - Mapped to org.code_studio.controller.PaletteController#allOccupiedByRowId(Integer)
2026-08-31 06:24:00.662 DEBUG o.s.w.s.m.m.a.HttpEntityMethodProcessor - Using 'application/json', given [*/*] and supported [application/json, application/*+json, application/yaml]
2026-08-31 06:24:00.662 TRACE o.s.w.s.m.m.a.HttpEntityMethodProcessor - Writing [{status=404, message=No data, data=null}]
2026-08-31 06:24:00.663 DEBUG o.s.web.servlet.DispatcherServlet - Completed 404 NOT_FOUND
2026-08-31 06:24:00.683 DEBUG o.s.web.servlet.DispatcherServlet - GET "/api/v1/palette/allOccupiedByRowId/72", parameters={}
2026-08-31 06:24:00.689 DEBUG o.s.w.s.m.m.a.RequestMappingHandlerMapping - Mapped to org.code_studio.controller.PaletteController#allOccupiedByRowId(Integer)
2026-08-31 06:24:00.712 DEBUG o.s.w.s.m.m.a.HttpEntityMethodProcessor - Using 'application/json', given [*/*] and supported [application/json, application/*+json, application/yaml]
2026-08-31 06:24:00.713 TRACE o.s.w.s.m.m.a.HttpEntityMethodProcessor - Writing [{status=404, message=No data, data=null}]
2026-08-31 06:24:00.716 DEBUG o.s.web.servlet.DispatcherServlet - Completed 404 NOT_FOUND
2026-08-31 06:24:00.728 DEBUG o.s.web.servlet.DispatcherServlet - GET "/api/v1/palette/allOccupiedByRowId/61", parameters={}
2026-08-31 06:24:00.731 DEBUG o.s.w.s.m.m.a.RequestMappingHandlerMapping - Mapped to org.code_studio.controller.PaletteController#allOccupiedByRowId(Integer)
2026-08-31 06:24:00.740 DEBUG o.s.w.s.m.m.a.HttpEntityMethodProcessor - Using 'application/json', given [*/*] and supported [application/json, application/*+json, application/yaml]
2026-08-31 06:24:00.741 TRACE o.s.w.s.m.m.a.HttpEntityMethodProcessor - Writing [{status=404, message=No data, data=null}]
2026-08-31 06:24:00.743 DEBUG o.s.web.servlet.DispatcherServlet - Completed 404 NOT_FOUND
2026-08-31 06:24:00.755 DEBUG o.s.web.servlet.DispatcherServlet - GET "/api/v1/palette/allOccupiedByRowId/62", parameters={}
2026-08-31 06:24:00.757 DEBUG o.s.w.s.m.m.a.RequestMappingHandlerMapping - Mapped to org.code_studio.controller.PaletteController#allOccupiedByRowId(Integer)
2026-08-31 06:24:00.762 DEBUG o.s.w.s.m.m.a.HttpEntityMethodProcessor - Using 'application/json', given [*/*] and supported [application/json, application/*+json, application/yaml]
2026-08-31 06:24:00.762 TRACE o.s.w.s.m.m.a.HttpEntityMethodProcessor - Writing [{status=404, message=No data, data=null}]
2026-08-31 06:24:00.763 DEBUG o.s.web.servlet.DispatcherServlet - Completed 404 NOT_FOUND
2026-08-31 06:24:00.774 DEBUG o.s.web.servlet.DispatcherServlet - GET "/api/v1/palette/allOccupiedByRowId/51", parameters={}
2026-08-31 06:24:00.775 DEBUG o.s.w.s.m.m.a.RequestMappingHandlerMapping - Mapped to org.code_studio.controller.PaletteController#allOccupiedByRowId(Integer)
2026-08-31 06:24:00.785 DEBUG o.s.w.s.m.m.a.HttpEntityMethodProcessor - Using 'application/json', given [*/*] and supported [application/json, application/*+json, application/yaml]
2026-08-31 06:24:00.785 TRACE o.s.w.s.m.m.a.HttpEntityMethodProcessor - Writing [{status=404, message=No data, data=null}]
2026-08-31 06:24:00.788 DEBUG o.s.web.servlet.DispatcherServlet - Completed 404 NOT_FOUND
2026-08-31 06:24:00.804 DEBUG o.s.web.servlet.DispatcherServlet - GET "/api/v1/palette/allOccupiedByRowId/52", parameters={}
2026-08-31 06:24:00.807 DEBUG o.s.w.s.m.m.a.RequestMappingHandlerMapping - Mapped to org.code_studio.controller.PaletteController#allOccupiedByRowId(Integer)
2026-08-31 06:24:00.818 DEBUG o.s.w.s.m.m.a.HttpEntityMethodProcessor - Using 'application/json', given [*/*] and supported [application/json, application/*+json, application/yaml]
2026-08-31 06:24:00.818 TRACE o.s.w.s.m.m.a.HttpEntityMethodProcessor - Writing [{status=404, message=No data, data=null}]
2026-08-31 06:24:00.820 DEBUG o.s.web.servlet.DispatcherServlet - Completed 404 NOT_FOUND
2026-08-31 06:24:00.831 DEBUG o.s.web.servlet.DispatcherServlet - GET "/api/v1/palette/allOccupiedByRowId/41", parameters={}
2026-08-31 06:24:00.835 DEBUG o.s.w.s.m.m.a.RequestMappingHandlerMapping - Mapped to org.code_studio.controller.PaletteController#allOccupiedByRowId(Integer)
2026-08-31 06:24:00.856 DEBUG o.s.w.s.m.m.a.HttpEntityMethodProcessor - Using 'application/json', given [*/*] and supported [application/json, application/*+json, application/yaml]
2026-08-31 06:24:00.856 TRACE o.s.w.s.m.m.a.HttpEntityMethodProcessor - Writing [{status=404, message=No data, data=null}]
2026-08-31 06:24:00.857 DEBUG o.s.web.servlet.DispatcherServlet - Completed 404 NOT_FOUND
2026-08-31 06:24:00.869 DEBUG o.s.web.servlet.DispatcherServlet - GET "/api/v1/palette/allOccupiedByRowId/42", parameters={}
2026-08-31 06:24:00.871 DEBUG o.s.w.s.m.m.a.RequestMappingHandlerMapping - Mapped to org.code_studio.controller.PaletteController#allOccupiedByRowId(Integer)
2026-08-31 06:24:00.884 DEBUG o.s.w.s.m.m.a.HttpEntityMethodProcessor - Using 'application/json', given [*/*] and supported [application/json, application/*+json, application/yaml]
2026-08-31 06:24:00.884 TRACE o.s.w.s.m.m.a.HttpEntityMethodProcessor - Writing [{status=404, message=No data, data=null}]
2026-08-31 06:24:00.885 DEBUG o.s.web.servlet.DispatcherServlet - Completed 404 NOT_FOUND
2026-08-31 06:24:00.901 DEBUG o.s.web.servlet.DispatcherServlet - GET "/api/v1/palette/allOccupiedByRowId/31", parameters={}
2026-08-31 06:24:00.903 DEBUG o.s.w.s.m.m.a.RequestMappingHandlerMapping - Mapped to org.code_studio.controller.PaletteController#allOccupiedByRowId(Integer)
2026-08-31 06:24:00.911 DEBUG o.s.w.s.m.m.a.HttpEntityMethodProcessor - Using 'application/json', given [*/*] and supported [application/json, application/*+json, application/yaml]
2026-08-31 06:24:00.911 TRACE o.s.w.s.m.m.a.HttpEntityMethodProcessor - Writing [{status=404, message=No data, data=null}]
2026-08-31 06:24:00.917 DEBUG o.s.web.servlet.DispatcherServlet - Completed 404 NOT_FOUND
2026-08-31 06:24:00.933 DEBUG o.s.web.servlet.DispatcherServlet - GET "/api/v1/palette/allOccupiedByRowId/32", parameters={}
2026-08-31 06:24:00.934 DEBUG o.s.w.s.m.m.a.RequestMappingHandlerMapping - Mapped to org.code_studio.controller.PaletteController#allOccupiedByRowId(Integer)
2026-08-31 06:24:00.939 DEBUG o.s.w.s.m.m.a.HttpEntityMethodProcessor - Using 'application/json', given [*/*] and supported [application/json, application/*+json, application/yaml]
2026-08-31 06:24:00.939 TRACE o.s.w.s.m.m.a.HttpEntityMethodProcessor - Writing [{status=404, message=No data, data=null}]
2026-08-31 06:24:00.940 DEBUG o.s.web.servlet.DispatcherServlet - Completed 404 NOT_FOUND
2026-08-31 06:24:00.950 DEBUG o.s.web.servlet.DispatcherServlet - GET "/api/v1/palette/allOccupiedByRowId/21", parameters={}
2026-08-31 06:24:00.952 DEBUG o.s.w.s.m.m.a.RequestMappingHandlerMapping - Mapped to org.code_studio.controller.PaletteController#allOccupiedByRowId(Integer)
2026-08-31 06:24:00.961 DEBUG o.s.w.s.m.m.a.HttpEntityMethodProcessor - Using 'application/json', given [*/*] and supported [application/json, application/*+json, application/yaml]
2026-08-31 06:24:00.961 TRACE o.s.w.s.m.m.a.HttpEntityMethodProcessor - Writing [{status=404, message=No data, data=null}]
2026-08-31 06:24:00.961 DEBUG o.s.web.servlet.DispatcherServlet - Completed 404 NOT_FOUND
2026-08-31 06:24:00.970 DEBUG o.s.web.servlet.DispatcherServlet - GET "/api/v1/palette/allOccupiedByRowId/22", parameters={}
2026-08-31 06:24:00.971 DEBUG o.s.w.s.m.m.a.RequestMappingHandlerMapping - Mapped to org.code_studio.controller.PaletteController#allOccupiedByRowId(Integer)
2026-08-31 06:24:00.976 DEBUG o.s.w.s.m.m.a.HttpEntityMethodProcessor - Using 'application/json', given [*/*] and supported [application/json, application/*+json, application/yaml]
2026-08-31 06:24:00.976 TRACE o.s.w.s.m.m.a.HttpEntityMethodProcessor - Writing [{status=404, message=No data, data=null}]
2026-08-31 06:24:00.977 DEBUG o.s.web.servlet.DispatcherServlet - Completed 404 NOT_FOUND
2026-08-31 06:24:00.989 DEBUG o.s.web.servlet.DispatcherServlet - GET "/api/v1/palette/allOccupiedByRowId/11", parameters={}
2026-08-31 06:24:00.993 DEBUG o.s.w.s.m.m.a.RequestMappingHandlerMapping - Mapped to org.code_studio.controller.PaletteController#allOccupiedByRowId(Integer)
2026-08-31 06:24:01.077 DEBUG o.s.w.s.m.m.a.HttpEntityMethodProcessor - Using 'application/json', given [*/*] and supported [application/json, application/*+json, application/yaml]
2026-08-31 06:24:01.077 TRACE o.s.w.s.m.m.a.HttpEntityMethodProcessor - Writing [{status=200, message=null, data=[org.code_studio.database.Palette@5269abd2, org.code_studio.database.Palette@2709cd5, org.code_studio.database.Palette@4841af26, org.code_studio.database.Palette@1623aadb, org.code_studio.database.Palette@496497be, org.code_studio.database.Palette@4a70095c, org.code_studio.database.Palette@62942bba, org.code_studio.database.Palette@19ede04c, org.code_studio.database.Palette@5168fb57, org.code_studio.database.Palette@1d9a3b35, org.code_studio.database.Palette@f0269f7, org.code_studio.database.Palette@3233e9ee, org.code_studio.database.Palette@3372b96, org.code_studio.database.Palette@31f11bc2, org.code_studio.database.Palette@21ce7e9a, org.code_studio.database.Palette@38a657d, org.code_studio.database.Palette@36f5b062, org.code_studio.database.Palette@3e775285, org.code_studio.database.Palette@28cc4ea8, org.code_studio.database.Palette@71ed9c81, org.code_studio.database.Palette@47013ba, org.code_studio.database.Palette@3c152d2d, org.code_studio.database.Palette@6bc22922, org.code_studio.database.Palette@52a6c0b7, org.code_studio.database.Palette@1f1ef081, org.code_studio.database.Palette@43272b36, org.code_studio.database.Palette@34d4a26e, org.code_studio.database.Palette@6eb0df16, org.code_studio.database.Palette@15f6ee28, org.code_studio.database.Palette@4896fa94, org.code_studio.database.Palette@69485086, org.code_studio.database.Palette@1a22ef, org.code_studio.database.Palette@1e56dc50, org.code_studio.database.Palette@240ec903, org.code_studio.database.Palette@119597d1, org.code_studio.database.Palette@7bd6efb5, org.code_studio.database.Palette@34fc8348, org.code_studio.database.Palette@420945b2, org.code_studio.database.Palette@4e3c5aec, org.code_studio.database.Palette@3dc14eac, org.code_studio.database.Palette@5c24b5b4, org.code_studio.database.Palette@33598bd6, org.code_studio.database.Palette@21f2b0f8, org.code_studio.database.Palette@a8aab23, org.code_studio.database.Palette@77baf0a3, org.code_studio.database.Palette@496e2cf1, org.code_studio.database.Palette@3bd5941, org.code_studio.database.Palette@5d3632ab]}]
2026-08-31 06:24:01.942 DEBUG o.s.web.servlet.DispatcherServlet - Completed 200 OK
2026-08-31 06:24:01.971 DEBUG o.s.web.servlet.DispatcherServlet - GET "/api/v1/palette/allOccupiedByRowId/12", parameters={}
2026-08-31 06:24:01.973 DEBUG o.s.w.s.m.m.a.RequestMappingHandlerMapping - Mapped to org.code_studio.controller.PaletteController#allOccupiedByRowId(Integer)
2026-08-31 06:24:01.985 DEBUG o.s.w.s.m.m.a.HttpEntityMethodProcessor - Using 'application/json', given [*/*] and supported [application/json, application/*+json, application/yaml]
2026-08-31 06:24:01.985 TRACE o.s.w.s.m.m.a.HttpEntityMethodProcessor - Writing [{status=200, message=null, data=[org.code_studio.database.Palette@3614cd68, org.code_studio.database.Palette@31310f11, org.code_studio.database.Palette@18c399d6, org.code_studio.database.Palette@7e717c85, org.code_studio.database.Palette@11eef2f4, org.code_studio.database.Palette@2e924e37]}]
2026-08-31 06:24:02.055 DEBUG o.s.web.servlet.DispatcherServlet - Completed 200 OK
2026-08-31 06:24:02.069 DEBUG o.s.web.servlet.DispatcherServlet - GET "/api/v1/palette/countTotalStoredFreeByRowId/81", parameters={}
2026-08-31 06:24:02.070 DEBUG o.s.w.s.m.m.a.RequestMappingHandlerMapping - Mapped to org.code_studio.controller.PaletteController#countTotalStoredFreeByRowId(Integer)
2026-08-31 06:24:02.077 DEBUG o.s.w.s.m.m.a.HttpEntityMethodProcessor - Using 'application/json', given [*/*] and supported [application/json, application/*+json, application/yaml]
2026-08-31 06:24:02.077 TRACE o.s.w.s.m.m.a.HttpEntityMethodProcessor - Writing [{status=200, message=null, data=[714, 0, 714]}]
2026-08-31 06:24:02.079 DEBUG o.s.web.servlet.DispatcherServlet - Completed 200 OK
2026-08-31 06:24:02.089 DEBUG o.s.web.servlet.DispatcherServlet - GET "/api/v1/palette/countTotalStoredFreeByRowId/82", parameters={}
2026-08-31 06:24:02.091 DEBUG o.s.w.s.m.m.a.RequestMappingHandlerMapping - Mapped to org.code_studio.controller.PaletteController#countTotalStoredFreeByRowId(Integer)
2026-08-31 06:24:02.103 DEBUG o.s.w.s.m.m.a.HttpEntityMethodProcessor - Using 'application/json', given [*/*] and supported [application/json, application/*+json, application/yaml]
2026-08-31 06:24:02.103 TRACE o.s.w.s.m.m.a.HttpEntityMethodProcessor - Writing [{status=200, message=null, data=[714, 0, 714]}]
2026-08-31 06:24:02.105 DEBUG o.s.web.servlet.DispatcherServlet - Completed 200 OK
2026-08-31 06:24:02.133 DEBUG o.s.web.servlet.DispatcherServlet - GET "/api/v1/palette/countTotalStoredFreeByRowId/71", parameters={}
2026-08-31 06:24:02.134 DEBUG o.s.w.s.m.m.a.RequestMappingHandlerMapping - Mapped to org.code_studio.controller.PaletteController#countTotalStoredFreeByRowId(Integer)
2026-08-31 06:24:02.141 DEBUG o.s.w.s.m.m.a.HttpEntityMethodProcessor - Using 'application/json', given [*/*] and supported [application/json, application/*+json, application/yaml]
2026-08-31 06:24:02.141 TRACE o.s.w.s.m.m.a.HttpEntityMethodProcessor - Writing [{status=200, message=null, data=[714, 0, 714]}]
2026-08-31 06:24:02.143 DEBUG o.s.web.servlet.DispatcherServlet - Completed 200 OK
2026-08-31 06:24:02.161 DEBUG o.s.web.servlet.DispatcherServlet - GET "/api/v1/palette/countTotalStoredFreeByRowId/72", parameters={}
2026-08-31 06:24:02.165 DEBUG o.s.w.s.m.m.a.RequestMappingHandlerMapping - Mapped to org.code_studio.controller.PaletteController#countTotalStoredFreeByRowId(Integer)
2026-08-31 06:24:02.176 DEBUG o.s.w.s.m.m.a.HttpEntityMethodProcessor - Using 'application/json', given [*/*] and supported [application/json, application/*+json, application/yaml]
2026-08-31 06:24:02.177 TRACE o.s.w.s.m.m.a.HttpEntityMethodProcessor - Writing [{status=200, message=null, data=[714, 0, 714]}]
2026-08-31 06:24:02.177 DEBUG o.s.web.servlet.DispatcherServlet - Completed 200 OK
2026-08-31 06:24:02.211 DEBUG o.s.web.servlet.DispatcherServlet - GET "/api/v1/palette/countTotalStoredFreeByRowId/61", parameters={}
2026-08-31 06:24:02.216 DEBUG o.s.w.s.m.m.a.RequestMappingHandlerMapping - Mapped to org.code_studio.controller.PaletteController#countTotalStoredFreeByRowId(Integer)
2026-08-31 06:24:02.232 DEBUG o.s.w.s.m.m.a.HttpEntityMethodProcessor - Using 'application/json', given [*/*] and supported [application/json, application/*+json, application/yaml]
2026-08-31 06:24:02.232 TRACE o.s.w.s.m.m.a.HttpEntityMethodProcessor - Writing [{status=200, message=null, data=[714, 0, 714]}]
2026-08-31 06:24:02.233 DEBUG o.s.web.servlet.DispatcherServlet - Completed 200 OK
2026-08-31 06:24:02.258 DEBUG o.s.web.servlet.DispatcherServlet - GET "/api/v1/palette/countTotalStoredFreeByRowId/62", parameters={}
2026-08-31 06:24:02.260 DEBUG o.s.w.s.m.m.a.RequestMappingHandlerMapping - Mapped to org.code_studio.controller.PaletteController#countTotalStoredFreeByRowId(Integer)
2026-08-31 06:24:02.270 DEBUG o.s.w.s.m.m.a.HttpEntityMethodProcessor - Using 'application/json', given [*/*] and supported [application/json, application/*+json, application/yaml]
2026-08-31 06:24:02.270 TRACE o.s.w.s.m.m.a.HttpEntityMethodProcessor - Writing [{status=200, message=null, data=[714, 0, 714]}]
2026-08-31 06:24:02.271 DEBUG o.s.web.servlet.DispatcherServlet - Completed 200 OK
2026-08-31 06:24:02.288 DEBUG o.s.web.servlet.DispatcherServlet - GET "/api/v1/palette/countTotalStoredFreeByRowId/51", parameters={}
2026-08-31 06:24:02.290 DEBUG o.s.w.s.m.m.a.RequestMappingHandlerMapping - Mapped to org.code_studio.controller.PaletteController#countTotalStoredFreeByRowId(Integer)
2026-08-31 06:24:02.305 DEBUG o.s.w.s.m.m.a.HttpEntityMethodProcessor - Using 'application/json', given [*/*] and supported [application/json, application/*+json, application/yaml]
2026-08-31 06:24:02.305 TRACE o.s.w.s.m.m.a.HttpEntityMethodProcessor - Writing [{status=200, message=null, data=[714, 0, 714]}]
2026-08-31 06:24:02.306 DEBUG o.s.web.servlet.DispatcherServlet - Completed 200 OK
2026-08-31 06:24:02.320 DEBUG o.s.web.servlet.DispatcherServlet - GET "/api/v1/palette/countTotalStoredFreeByRowId/52", parameters={}
2026-08-31 06:24:02.323 DEBUG o.s.w.s.m.m.a.RequestMappingHandlerMapping - Mapped to org.code_studio.controller.PaletteController#countTotalStoredFreeByRowId(Integer)
2026-08-31 06:24:02.336 DEBUG o.s.w.s.m.m.a.HttpEntityMethodProcessor - Using 'application/json', given [*/*] and supported [application/json, application/*+json, application/yaml]
2026-08-31 06:24:02.336 TRACE o.s.w.s.m.m.a.HttpEntityMethodProcessor - Writing [{status=200, message=null, data=[714, 0, 714]}]
2026-08-31 06:24:02.337 DEBUG o.s.web.servlet.DispatcherServlet - Completed 200 OK
2026-08-31 06:24:02.357 DEBUG o.s.web.servlet.DispatcherServlet - GET "/api/v1/palette/countTotalStoredFreeByRowId/41", parameters={}
2026-08-31 06:24:02.360 DEBUG o.s.w.s.m.m.a.RequestMappingHandlerMapping - Mapped to org.code_studio.controller.PaletteController#countTotalStoredFreeByRowId(Integer)
2026-08-31 06:24:02.371 DEBUG o.s.w.s.m.m.a.HttpEntityMethodProcessor - Using 'application/json', given [*/*] and supported [application/json, application/*+json, application/yaml]
2026-08-31 06:24:02.371 TRACE o.s.w.s.m.m.a.HttpEntityMethodProcessor - Writing [{status=200, message=null, data=[714, 0, 714]}]
2026-08-31 06:24:02.372 DEBUG o.s.web.servlet.DispatcherServlet - Completed 200 OK
2026-08-31 06:24:02.392 DEBUG o.s.web.servlet.DispatcherServlet - GET "/api/v1/palette/countTotalStoredFreeByRowId/42", parameters={}
2026-08-31 06:24:02.400 DEBUG o.s.w.s.m.m.a.RequestMappingHandlerMapping - Mapped to org.code_studio.controller.PaletteController#countTotalStoredFreeByRowId(Integer)
2026-08-31 06:24:02.418 DEBUG o.s.w.s.m.m.a.HttpEntityMethodProcessor - Using 'application/json', given [*/*] and supported [application/json, application/*+json, application/yaml]
2026-08-31 06:24:02.419 TRACE o.s.w.s.m.m.a.HttpEntityMethodProcessor - Writing [{status=200, message=null, data=[714, 0, 714]}]
2026-08-31 06:24:02.420 DEBUG o.s.web.servlet.DispatcherServlet - Completed 200 OK
2026-08-31 06:24:02.436 DEBUG o.s.web.servlet.DispatcherServlet - GET "/api/v1/palette/countTotalStoredFreeByRowId/31", parameters={}
2026-08-31 06:24:02.439 DEBUG o.s.w.s.m.m.a.RequestMappingHandlerMapping - Mapped to org.code_studio.controller.PaletteController#countTotalStoredFreeByRowId(Integer)
2026-08-31 06:24:02.449 DEBUG o.s.w.s.m.m.a.HttpEntityMethodProcessor - Using 'application/json', given [*/*] and supported [application/json, application/*+json, application/yaml]
2026-08-31 06:24:02.450 TRACE o.s.w.s.m.m.a.HttpEntityMethodProcessor - Writing [{status=200, message=null, data=[714, 0, 714]}]
2026-08-31 06:24:02.451 DEBUG o.s.web.servlet.DispatcherServlet - Completed 200 OK
2026-08-31 06:24:02.464 DEBUG o.s.web.servlet.DispatcherServlet - GET "/api/v1/palette/countTotalStoredFreeByRowId/32", parameters={}
2026-08-31 06:24:02.466 DEBUG o.s.w.s.m.m.a.RequestMappingHandlerMapping - Mapped to org.code_studio.controller.PaletteController#countTotalStoredFreeByRowId(Integer)
2026-08-31 06:24:02.473 DEBUG o.s.w.s.m.m.a.HttpEntityMethodProcessor - Using 'application/json', given [*/*] and supported [application/json, application/*+json, application/yaml]
2026-08-31 06:24:02.474 TRACE o.s.w.s.m.m.a.HttpEntityMethodProcessor - Writing [{status=200, message=null, data=[714, 0, 714]}]
2026-08-31 06:24:02.475 DEBUG o.s.web.servlet.DispatcherServlet - Completed 200 OK
2026-08-31 06:24:02.502 DEBUG o.s.web.servlet.DispatcherServlet - GET "/api/v1/palette/countTotalStoredFreeByRowId/21", parameters={}
2026-08-31 06:24:02.504 DEBUG o.s.w.s.m.m.a.RequestMappingHandlerMapping - Mapped to org.code_studio.controller.PaletteController#countTotalStoredFreeByRowId(Integer)
2026-08-31 06:24:02.515 DEBUG o.s.w.s.m.m.a.HttpEntityMethodProcessor - Using 'application/json', given [*/*] and supported [application/json, application/*+json, application/yaml]
2026-08-31 06:24:02.515 TRACE o.s.w.s.m.m.a.HttpEntityMethodProcessor - Writing [{status=200, message=null, data=[714, 0, 714]}]
2026-08-31 06:24:02.517 DEBUG o.s.web.servlet.DispatcherServlet - Completed 200 OK
2026-08-31 06:24:02.534 DEBUG o.s.web.servlet.DispatcherServlet - GET "/api/v1/palette/countTotalStoredFreeByRowId/22", parameters={}
2026-08-31 06:24:02.539 DEBUG o.s.w.s.m.m.a.RequestMappingHandlerMapping - Mapped to org.code_studio.controller.PaletteController#countTotalStoredFreeByRowId(Integer)
2026-08-31 06:24:02.549 DEBUG o.s.w.s.m.m.a.HttpEntityMethodProcessor - Using 'application/json', given [*/*] and supported [application/json, application/*+json, application/yaml]
2026-08-31 06:24:02.549 TRACE o.s.w.s.m.m.a.HttpEntityMethodProcessor - Writing [{status=200, message=null, data=[714, 0, 714]}]
2026-08-31 06:24:02.551 DEBUG o.s.web.servlet.DispatcherServlet - Completed 200 OK
2026-08-31 06:24:02.568 DEBUG o.s.web.servlet.DispatcherServlet - GET "/api/v1/palette/countTotalStoredFreeByRowId/11", parameters={}
2026-08-31 06:24:02.574 DEBUG o.s.w.s.m.m.a.RequestMappingHandlerMapping - Mapped to org.code_studio.controller.PaletteController#countTotalStoredFreeByRowId(Integer)
2026-08-31 06:24:02.606 DEBUG o.s.w.s.m.m.a.HttpEntityMethodProcessor - Using 'application/json', given [*/*] and supported [application/json, application/*+json, application/yaml]
2026-08-31 06:24:02.606 TRACE o.s.w.s.m.m.a.HttpEntityMethodProcessor - Writing [{status=200, message=null, data=[714, 48, 666]}]
2026-08-31 06:24:02.607 DEBUG o.s.web.servlet.DispatcherServlet - Completed 200 OK
2026-08-31 06:24:02.624 DEBUG o.s.web.servlet.DispatcherServlet - GET "/api/v1/palette/countTotalStoredFreeByRowId/12", parameters={}
2026-08-31 06:24:02.625 DEBUG o.s.w.s.m.m.a.RequestMappingHandlerMapping - Mapped to org.code_studio.controller.PaletteController#countTotalStoredFreeByRowId(Integer)
2026-08-31 06:24:02.650 DEBUG o.s.w.s.m.m.a.HttpEntityMethodProcessor - Using 'application/json', given [*/*] and supported [application/json, application/*+json, application/yaml]
2026-08-31 06:24:02.651 TRACE o.s.w.s.m.m.a.HttpEntityMethodProcessor - Writing [{status=200, message=null, data=[714, 6, 708]}]
2026-08-31 06:24:02.652 DEBUG o.s.web.servlet.DispatcherServlet - Completed 200 OK
2026-08-31 06:24:03.513 DEBUG o.s.web.servlet.DispatcherServlet - GET "/api/v1/palette/allOccupiedByRowId/81", parameters={}
2026-08-31 06:24:03.515 DEBUG o.s.w.s.m.m.a.RequestMappingHandlerMapping - Mapped to org.code_studio.controller.PaletteController#allOccupiedByRowId(Integer)
2026-08-31 06:24:03.521 DEBUG o.s.w.s.m.m.a.HttpEntityMethodProcessor - Using 'application/json', given [*/*] and supported [application/json, application/*+json, application/yaml]
2026-08-31 06:24:03.522 TRACE o.s.w.s.m.m.a.HttpEntityMethodProcessor - Writing [{status=404, message=No data, data=null}]
2026-08-31 06:24:03.523 DEBUG o.s.web.servlet.DispatcherServlet - Completed 404 NOT_FOUND
2026-08-31 06:24:03.532 DEBUG o.s.web.servlet.DispatcherServlet - GET "/api/v1/palette/countTotalStoredFreeByRowId/81", parameters={}
2026-08-31 06:24:03.534 DEBUG o.s.w.s.m.m.a.RequestMappingHandlerMapping - Mapped to org.code_studio.controller.PaletteController#countTotalStoredFreeByRowId(Integer)
2026-08-31 06:24:03.537 DEBUG o.s.w.s.m.m.a.HttpEntityMethodProcessor - Using 'application/json', given [*/*] and supported [application/json, application/*+json, application/yaml]
2026-08-31 06:24:03.537 TRACE o.s.w.s.m.m.a.HttpEntityMethodProcessor - Writing [{status=200, message=null, data=[714, 0, 714]}]
2026-08-31 06:24:03.539 DEBUG o.s.web.servlet.DispatcherServlet - Completed 200 OK
2026-08-31 06:24:17.577 DEBUG o.s.web.servlet.DispatcherServlet - GET "/api/v1/palette/setOccupied/0800101", parameters={}
2026-08-31 06:24:17.580 DEBUG o.s.w.s.m.m.a.RequestMappingHandlerMapping - Mapped to org.code_studio.controller.PaletteController#setOccupied(String)
2026-08-31 06:24:17.772 DEBUG o.s.w.s.m.m.a.HttpEntityMethodProcessor - Using 'application/json', given [*/*] and supported [application/json, application/*+json, application/yaml]
2026-08-31 06:24:17.772 TRACE o.s.w.s.m.m.a.HttpEntityMethodProcessor - Writing [{status=200, message=null, data=[org.code_studio.database.StoredProcedureResult@231a6d69]}]
2026-08-31 06:24:17.775 DEBUG o.s.web.servlet.DispatcherServlet - Completed 200 OK
2026-08-31 06:24:17.785 DEBUG o.s.web.servlet.DispatcherServlet - GET "/api/v1/palette/countTotalStoredFreeByRowId/81", parameters={}
2026-08-31 06:24:17.787 DEBUG o.s.w.s.m.m.a.RequestMappingHandlerMapping - Mapped to org.code_studio.controller.PaletteController#countTotalStoredFreeByRowId(Integer)
2026-08-31 06:24:17.797 DEBUG o.s.w.s.m.m.a.HttpEntityMethodProcessor - Using 'application/json', given [*/*] and supported [application/json, application/*+json, application/yaml]
2026-08-31 06:24:17.797 TRACE o.s.w.s.m.m.a.HttpEntityMethodProcessor - Writing [{status=200, message=null, data=[714, 1, 713]}]
2026-08-31 06:24:17.798 DEBUG o.s.web.servlet.DispatcherServlet - Completed 200 OK
2026-08-31 06:24:26.620 DEBUG o.s.web.servlet.DispatcherServlet - GET "/api/v1/palette/allOccupiedByRowId/81", parameters={}
2026-08-31 06:24:26.623 DEBUG o.s.w.s.m.m.a.RequestMappingHandlerMapping - Mapped to org.code_studio.controller.PaletteController#allOccupiedByRowId(Integer)
2026-08-31 06:24:26.631 DEBUG o.s.w.s.m.m.a.HttpEntityMethodProcessor - Using 'application/json', given [*/*] and supported [application/json, application/*+json, application/yaml]
2026-08-31 06:24:26.631 TRACE o.s.w.s.m.m.a.HttpEntityMethodProcessor - Writing [{status=200, message=null, data=[org.code_studio.database.Palette@6faf682f]}]
2026-08-31 06:24:26.655 DEBUG o.s.web.servlet.DispatcherServlet - Completed 200 OK
2026-08-31 06:24:26.707 DEBUG o.s.web.servlet.DispatcherServlet - GET "/api/v1/palette/allOccupiedByRowId/82", parameters={}
2026-08-31 06:24:26.709 DEBUG o.s.w.s.m.m.a.RequestMappingHandlerMapping - Mapped to org.code_studio.controller.PaletteController#allOccupiedByRowId(Integer)
2026-08-31 06:24:26.713 DEBUG o.s.w.s.m.m.a.HttpEntityMethodProcessor - Using 'application/json', given [*/*] and supported [application/json, application/*+json, application/yaml]
2026-08-31 06:24:26.713 TRACE o.s.w.s.m.m.a.HttpEntityMethodProcessor - Writing [{status=404, message=No data, data=null}]
2026-08-31 06:24:26.717 DEBUG o.s.web.servlet.DispatcherServlet - Completed 404 NOT_FOUND
2026-08-31 06:24:26.730 DEBUG o.s.web.servlet.DispatcherServlet - GET "/api/v1/palette/allOccupiedByRowId/71", parameters={}
2026-08-31 06:24:26.731 DEBUG o.s.w.s.m.m.a.RequestMappingHandlerMapping - Mapped to org.code_studio.controller.PaletteController#allOccupiedByRowId(Integer)
2026-08-31 06:24:26.738 DEBUG o.s.w.s.m.m.a.HttpEntityMethodProcessor - Using 'application/json', given [*/*] and supported [application/json, application/*+json, application/yaml]
2026-08-31 06:24:26.738 TRACE o.s.w.s.m.m.a.HttpEntityMethodProcessor - Writing [{status=404, message=No data, data=null}]
2026-08-31 06:24:26.739 DEBUG o.s.web.servlet.DispatcherServlet - Completed 404 NOT_FOUND
2026-08-31 06:24:26.744 DEBUG o.s.web.servlet.DispatcherServlet - GET "/api/v1/palette/allOccupiedByRowId/72", parameters={}
2026-08-31 06:24:26.746 DEBUG o.s.w.s.m.m.a.RequestMappingHandlerMapping - Mapped to org.code_studio.controller.PaletteController#allOccupiedByRowId(Integer)
2026-08-31 06:24:26.756 DEBUG o.s.w.s.m.m.a.HttpEntityMethodProcessor - Using 'application/json', given [*/*] and supported [application/json, application/*+json, application/yaml]
2026-08-31 06:24:26.756 TRACE o.s.w.s.m.m.a.HttpEntityMethodProcessor - Writing [{status=404, message=No data, data=null}]
2026-08-31 06:24:26.758 DEBUG o.s.web.servlet.DispatcherServlet - Completed 404 NOT_FOUND
2026-08-31 06:24:26.765 DEBUG o.s.web.servlet.DispatcherServlet - GET "/api/v1/palette/allOccupiedByRowId/61", parameters={}
2026-08-31 06:24:26.768 DEBUG o.s.w.s.m.m.a.RequestMappingHandlerMapping - Mapped to org.code_studio.controller.PaletteController#allOccupiedByRowId(Integer)
2026-08-31 06:24:26.773 DEBUG o.s.w.s.m.m.a.HttpEntityMethodProcessor - Using 'application/json', given [*/*] and supported [application/json, application/*+json, application/yaml]
2026-08-31 06:24:26.773 TRACE o.s.w.s.m.m.a.HttpEntityMethodProcessor - Writing [{status=404, message=No data, data=null}]
2026-08-31 06:24:26.774 DEBUG o.s.web.servlet.DispatcherServlet - Completed 404 NOT_FOUND
2026-08-31 06:24:26.781 DEBUG o.s.web.servlet.DispatcherServlet - GET "/api/v1/palette/allOccupiedByRowId/62", parameters={}
2026-08-31 06:24:26.784 DEBUG o.s.w.s.m.m.a.RequestMappingHandlerMapping - Mapped to org.code_studio.controller.PaletteController#allOccupiedByRowId(Integer)
2026-08-31 06:24:26.817 DEBUG o.s.w.s.m.m.a.HttpEntityMethodProcessor - Using 'application/json', given [*/*] and supported [application/json, application/*+json, application/yaml]
2026-08-31 06:24:26.817 TRACE o.s.w.s.m.m.a.HttpEntityMethodProcessor - Writing [{status=404, message=No data, data=null}]
2026-08-31 06:24:26.818 DEBUG o.s.web.servlet.DispatcherServlet - Completed 404 NOT_FOUND
2026-08-31 06:24:26.828 DEBUG o.s.web.servlet.DispatcherServlet - GET "/api/v1/palette/allOccupiedByRowId/51", parameters={}
2026-08-31 06:24:26.830 DEBUG o.s.w.s.m.m.a.RequestMappingHandlerMapping - Mapped to org.code_studio.controller.PaletteController#allOccupiedByRowId(Integer)
2026-08-31 06:24:26.860 DEBUG o.s.w.s.m.m.a.HttpEntityMethodProcessor - Using 'application/json', given [*/*] and supported [application/json, application/*+json, application/yaml]
2026-08-31 06:24:26.860 TRACE o.s.w.s.m.m.a.HttpEntityMethodProcessor - Writing [{status=404, message=No data, data=null}]
2026-08-31 06:24:26.861 DEBUG o.s.web.servlet.DispatcherServlet - Completed 404 NOT_FOUND
2026-08-31 06:24:26.879 DEBUG o.s.web.servlet.DispatcherServlet - GET "/api/v1/palette/allOccupiedByRowId/52", parameters={}
2026-08-31 06:24:26.880 DEBUG o.s.w.s.m.m.a.RequestMappingHandlerMapping - Mapped to org.code_studio.controller.PaletteController#allOccupiedByRowId(Integer)
2026-08-31 06:24:26.894 DEBUG o.s.w.s.m.m.a.HttpEntityMethodProcessor - Using 'application/json', given [*/*] and supported [application/json, application/*+json, application/yaml]
2026-08-31 06:24:26.895 TRACE o.s.w.s.m.m.a.HttpEntityMethodProcessor - Writing [{status=404, message=No data, data=null}]
2026-08-31 06:24:26.896 DEBUG o.s.web.servlet.DispatcherServlet - Completed 404 NOT_FOUND
2026-08-31 06:24:26.903 DEBUG o.s.web.servlet.DispatcherServlet - GET "/api/v1/palette/allOccupiedByRowId/41", parameters={}
2026-08-31 06:24:26.905 DEBUG o.s.w.s.m.m.a.RequestMappingHandlerMapping - Mapped to org.code_studio.controller.PaletteController#allOccupiedByRowId(Integer)
2026-08-31 06:24:26.927 DEBUG o.s.w.s.m.m.a.HttpEntityMethodProcessor - Using 'application/json', given [*/*] and supported [application/json, application/*+json, application/yaml]
2026-08-31 06:24:26.928 TRACE o.s.w.s.m.m.a.HttpEntityMethodProcessor - Writing [{status=404, message=No data, data=null}]
2026-08-31 06:24:26.929 DEBUG o.s.web.servlet.DispatcherServlet - Completed 404 NOT_FOUND
2026-08-31 06:24:26.940 DEBUG o.s.web.servlet.DispatcherServlet - GET "/api/v1/palette/allOccupiedByRowId/42", parameters={}
2026-08-31 06:24:26.942 DEBUG o.s.w.s.m.m.a.RequestMappingHandlerMapping - Mapped to org.code_studio.controller.PaletteController#allOccupiedByRowId(Integer)
2026-08-31 06:24:26.957 DEBUG o.s.w.s.m.m.a.HttpEntityMethodProcessor - Using 'application/json', given [*/*] and supported [application/json, application/*+json, application/yaml]
2026-08-31 06:24:26.957 TRACE o.s.w.s.m.m.a.HttpEntityMethodProcessor - Writing [{status=404, message=No data, data=null}]
2026-08-31 06:24:26.965 DEBUG o.s.web.servlet.DispatcherServlet - Completed 404 NOT_FOUND
2026-08-31 06:24:26.973 DEBUG o.s.web.servlet.DispatcherServlet - GET "/api/v1/palette/allOccupiedByRowId/31", parameters={}
2026-08-31 06:24:26.975 DEBUG o.s.w.s.m.m.a.RequestMappingHandlerMapping - Mapped to org.code_studio.controller.PaletteController#allOccupiedByRowId(Integer)
2026-08-31 06:24:26.993 DEBUG o.s.w.s.m.m.a.HttpEntityMethodProcessor - Using 'application/json', given [*/*] and supported [application/json, application/*+json, application/yaml]
2026-08-31 06:24:26.993 TRACE o.s.w.s.m.m.a.HttpEntityMethodProcessor - Writing [{status=404, message=No data, data=null}]
2026-08-31 06:24:26.995 DEBUG o.s.web.servlet.DispatcherServlet - Completed 404 NOT_FOUND
2026-08-31 06:24:27.044 DEBUG o.s.web.servlet.DispatcherServlet - GET "/api/v1/palette/allOccupiedByRowId/32", parameters={}
2026-08-31 06:24:27.047 DEBUG o.s.w.s.m.m.a.RequestMappingHandlerMapping - Mapped to org.code_studio.controller.PaletteController#allOccupiedByRowId(Integer)
2026-08-31 06:24:27.052 DEBUG o.s.w.s.m.m.a.HttpEntityMethodProcessor - Using 'application/json', given [*/*] and supported [application/json, application/*+json, application/yaml]
2026-08-31 06:24:27.052 TRACE o.s.w.s.m.m.a.HttpEntityMethodProcessor - Writing [{status=404, message=No data, data=null}]
2026-08-31 06:24:27.054 DEBUG o.s.web.servlet.DispatcherServlet - Completed 404 NOT_FOUND
2026-08-31 06:24:27.059 DEBUG o.s.web.servlet.DispatcherServlet - GET "/api/v1/palette/allOccupiedByRowId/21", parameters={}
2026-08-31 06:24:27.060 DEBUG o.s.w.s.m.m.a.RequestMappingHandlerMapping - Mapped to org.code_studio.controller.PaletteController#allOccupiedByRowId(Integer)
2026-08-31 06:24:27.064 DEBUG o.s.w.s.m.m.a.HttpEntityMethodProcessor - Using 'application/json', given [*/*] and supported [application/json, application/*+json, application/yaml]
2026-08-31 06:24:27.064 TRACE o.s.w.s.m.m.a.HttpEntityMethodProcessor - Writing [{status=404, message=No data, data=null}]
2026-08-31 06:24:27.065 DEBUG o.s.web.servlet.DispatcherServlet - Completed 404 NOT_FOUND
2026-08-31 06:24:27.071 DEBUG o.s.web.servlet.DispatcherServlet - GET "/api/v1/palette/allOccupiedByRowId/22", parameters={}
2026-08-31 06:24:27.072 DEBUG o.s.w.s.m.m.a.RequestMappingHandlerMapping - Mapped to org.code_studio.controller.PaletteController#allOccupiedByRowId(Integer)
2026-08-31 06:24:27.075 DEBUG o.s.w.s.m.m.a.HttpEntityMethodProcessor - Using 'application/json', given [*/*] and supported [application/json, application/*+json, application/yaml]
2026-08-31 06:24:27.076 TRACE o.s.w.s.m.m.a.HttpEntityMethodProcessor - Writing [{status=404, message=No data, data=null}]
2026-08-31 06:24:27.076 DEBUG o.s.web.servlet.DispatcherServlet - Completed 404 NOT_FOUND
2026-08-31 06:24:27.082 DEBUG o.s.web.servlet.DispatcherServlet - GET "/api/v1/palette/allOccupiedByRowId/11", parameters={}
2026-08-31 06:24:27.083 DEBUG o.s.w.s.m.m.a.RequestMappingHandlerMapping - Mapped to org.code_studio.controller.PaletteController#allOccupiedByRowId(Integer)
2026-08-31 06:24:27.097 DEBUG o.s.w.s.m.m.a.HttpEntityMethodProcessor - Using 'application/json', given [*/*] and supported [application/json, application/*+json, application/yaml]
2026-08-31 06:24:27.097 TRACE o.s.w.s.m.m.a.HttpEntityMethodProcessor - Writing [{status=200, message=null, data=[org.code_studio.database.Palette@64abb035, org.code_studio.database.Palette@38fced30, org.code_studio.database.Palette@11fd1f1a, org.code_studio.database.Palette@72ceb226, org.code_studio.database.Palette@5244248f, org.code_studio.database.Palette@5a691509, org.code_studio.database.Palette@45f75675, org.code_studio.database.Palette@4de624e, org.code_studio.database.Palette@6ef7e1b1, org.code_studio.database.Palette@60de7fb0, org.code_studio.database.Palette@4282a7c4, org.code_studio.database.Palette@6b75a2e0, org.code_studio.database.Palette@66de766c, org.code_studio.database.Palette@7361bda3, org.code_studio.database.Palette@7d6fbb2d, org.code_studio.database.Palette@1d1c3d81, org.code_studio.database.Palette@4b81da8a, org.code_studio.database.Palette@24377c7b, org.code_studio.database.Palette@17d69c11, org.code_studio.database.Palette@db523c1, org.code_studio.database.Palette@4e4c0081, org.code_studio.database.Palette@ad731f1, org.code_studio.database.Palette@351290, org.code_studio.database.Palette@58cb245e, org.code_studio.database.Palette@441ba3db, org.code_studio.database.Palette@287da8da, org.code_studio.database.Palette@49e1f4f4, org.code_studio.database.Palette@90cb196, org.code_studio.database.Palette@734f932d, org.code_studio.database.Palette@44d78dc5, org.code_studio.database.Palette@23178b7, org.code_studio.database.Palette@a712aa3, org.code_studio.database.Palette@7f1283d1, org.code_studio.database.Palette@33b1a5e0, org.code_studio.database.Palette@c265d5d, org.code_studio.database.Palette@598868ed, org.code_studio.database.Palette@a6540e7, org.code_studio.database.Palette@35c7ee5e, org.code_studio.database.Palette@18e3d9a7, org.code_studio.database.Palette@2c5279db, org.code_studio.database.Palette@1c4c14d3, org.code_studio.database.Palette@6bf8199b, org.code_studio.database.Palette@2b704a0e, org.code_studio.database.Palette@dca7864, org.code_studio.database.Palette@42767375, org.code_studio.database.Palette@16b180d6, org.code_studio.database.Palette@6f530bb8, org.code_studio.database.Palette@74eb0c09]}]
2026-08-31 06:24:27.199 DEBUG o.s.web.servlet.DispatcherServlet - Completed 200 OK
2026-08-31 06:24:27.207 DEBUG o.s.web.servlet.DispatcherServlet - GET "/api/v1/palette/allOccupiedByRowId/12", parameters={}
2026-08-31 06:24:27.208 DEBUG o.s.w.s.m.m.a.RequestMappingHandlerMapping - Mapped to org.code_studio.controller.PaletteController#allOccupiedByRowId(Integer)
2026-08-31 06:24:27.212 DEBUG o.s.w.s.m.m.a.HttpEntityMethodProcessor - Using 'application/json', given [*/*] and supported [application/json, application/*+json, application/yaml]
2026-08-31 06:24:27.213 TRACE o.s.w.s.m.m.a.HttpEntityMethodProcessor - Writing [{status=200, message=null, data=[org.code_studio.database.Palette@15e6279e, org.code_studio.database.Palette@50128e80, org.code_studio.database.Palette@142b851c, org.code_studio.database.Palette@72498488, org.code_studio.database.Palette@2639a0cf, org.code_studio.database.Palette@75be8fc0]}]
2026-08-31 06:24:27.234 DEBUG o.s.web.servlet.DispatcherServlet - Completed 200 OK
2026-08-31 06:24:27.239 DEBUG o.s.web.servlet.DispatcherServlet - GET "/api/v1/palette/countTotalStoredFreeByRowId/81", parameters={}
2026-08-31 06:24:27.240 DEBUG o.s.w.s.m.m.a.RequestMappingHandlerMapping - Mapped to org.code_studio.controller.PaletteController#countTotalStoredFreeByRowId(Integer)
2026-08-31 06:24:27.242 DEBUG o.s.w.s.m.m.a.HttpEntityMethodProcessor - Using 'application/json', given [*/*] and supported [application/json, application/*+json, application/yaml]
2026-08-31 06:24:27.242 TRACE o.s.w.s.m.m.a.HttpEntityMethodProcessor - Writing [{status=200, message=null, data=[714, 1, 713]}]
2026-08-31 06:24:27.243 DEBUG o.s.web.servlet.DispatcherServlet - Completed 200 OK
2026-08-31 06:24:27.248 DEBUG o.s.web.servlet.DispatcherServlet - GET "/api/v1/palette/countTotalStoredFreeByRowId/82", parameters={}
2026-08-31 06:24:27.250 DEBUG o.s.w.s.m.m.a.RequestMappingHandlerMapping - Mapped to org.code_studio.controller.PaletteController#countTotalStoredFreeByRowId(Integer)
2026-08-31 06:24:27.254 DEBUG o.s.w.s.m.m.a.HttpEntityMethodProcessor - Using 'application/json', given [*/*] and supported [application/json, application/*+json, application/yaml]
2026-08-31 06:24:27.255 TRACE o.s.w.s.m.m.a.HttpEntityMethodProcessor - Writing [{status=200, message=null, data=[714, 0, 714]}]
2026-08-31 06:24:27.255 DEBUG o.s.web.servlet.DispatcherServlet - Completed 200 OK
2026-08-31 06:24:27.273 DEBUG o.s.web.servlet.DispatcherServlet - GET "/api/v1/palette/countTotalStoredFreeByRowId/71", parameters={}
2026-08-31 06:24:27.276 DEBUG o.s.w.s.m.m.a.RequestMappingHandlerMapping - Mapped to org.code_studio.controller.PaletteController#countTotalStoredFreeByRowId(Integer)
2026-08-31 06:24:27.279 DEBUG o.s.w.s.m.m.a.HttpEntityMethodProcessor - Using 'application/json', given [*/*] and supported [application/json, application/*+json, application/yaml]
2026-08-31 06:24:27.279 TRACE o.s.w.s.m.m.a.HttpEntityMethodProcessor - Writing [{status=200, message=null, data=[714, 0, 714]}]
2026-08-31 06:24:27.280 DEBUG o.s.web.servlet.DispatcherServlet - Completed 200 OK
2026-08-31 06:24:27.293 DEBUG o.s.web.servlet.DispatcherServlet - GET "/api/v1/palette/countTotalStoredFreeByRowId/72", parameters={}
2026-08-31 06:24:27.295 DEBUG o.s.w.s.m.m.a.RequestMappingHandlerMapping - Mapped to org.code_studio.controller.PaletteController#countTotalStoredFreeByRowId(Integer)
2026-08-31 06:24:27.304 DEBUG o.s.w.s.m.m.a.HttpEntityMethodProcessor - Using 'application/json', given [*/*] and supported [application/json, application/*+json, application/yaml]
2026-08-31 06:24:27.304 TRACE o.s.w.s.m.m.a.HttpEntityMethodProcessor - Writing [{status=200, message=null, data=[714, 0, 714]}]
2026-08-31 06:24:27.305 DEBUG o.s.web.servlet.DispatcherServlet - Completed 200 OK
2026-08-31 06:24:27.323 DEBUG o.s.web.servlet.DispatcherServlet - GET "/api/v1/palette/countTotalStoredFreeByRowId/61", parameters={}
2026-08-31 06:24:27.325 DEBUG o.s.w.s.m.m.a.RequestMappingHandlerMapping - Mapped to org.code_studio.controller.PaletteController#countTotalStoredFreeByRowId(Integer)
2026-08-31 06:24:27.333 DEBUG o.s.w.s.m.m.a.HttpEntityMethodProcessor - Using 'application/json', given [*/*] and supported [application/json, application/*+json, application/yaml]
2026-08-31 06:24:27.333 TRACE o.s.w.s.m.m.a.HttpEntityMethodProcessor - Writing [{status=200, message=null, data=[714, 0, 714]}]
2026-08-31 06:24:27.334 DEBUG o.s.web.servlet.DispatcherServlet - Completed 200 OK
2026-08-31 06:24:27.355 DEBUG o.s.web.servlet.DispatcherServlet - GET "/api/v1/palette/countTotalStoredFreeByRowId/62", parameters={}
2026-08-31 06:24:27.358 DEBUG o.s.w.s.m.m.a.RequestMappingHandlerMapping - Mapped to org.code_studio.controller.PaletteController#countTotalStoredFreeByRowId(Integer)
2026-08-31 06:24:27.367 DEBUG o.s.w.s.m.m.a.HttpEntityMethodProcessor - Using 'application/json', given [*/*] and supported [application/json, application/*+json, application/yaml]
2026-08-31 06:24:27.368 TRACE o.s.w.s.m.m.a.HttpEntityMethodProcessor - Writing [{status=200, message=null, data=[714, 0, 714]}]
2026-08-31 06:24:27.369 DEBUG o.s.web.servlet.DispatcherServlet - Completed 200 OK
2026-08-31 06:24:27.391 DEBUG o.s.web.servlet.DispatcherServlet - GET "/api/v1/palette/countTotalStoredFreeByRowId/51", parameters={}
2026-08-31 06:24:27.393 DEBUG o.s.w.s.m.m.a.RequestMappingHandlerMapping - Mapped to org.code_studio.controller.PaletteController#countTotalStoredFreeByRowId(Integer)
2026-08-31 06:24:27.403 DEBUG o.s.w.s.m.m.a.HttpEntityMethodProcessor - Using 'application/json', given [*/*] and supported [application/json, application/*+json, application/yaml]
2026-08-31 06:24:27.404 TRACE o.s.w.s.m.m.a.HttpEntityMethodProcessor - Writing [{status=200, message=null, data=[714, 0, 714]}]
2026-08-31 06:24:27.405 DEBUG o.s.web.servlet.DispatcherServlet - Completed 200 OK
2026-08-31 06:24:27.429 DEBUG o.s.web.servlet.DispatcherServlet - GET "/api/v1/palette/countTotalStoredFreeByRowId/52", parameters={}
2026-08-31 06:24:27.430 DEBUG o.s.w.s.m.m.a.RequestMappingHandlerMapping - Mapped to org.code_studio.controller.PaletteController#countTotalStoredFreeByRowId(Integer)
2026-08-31 06:24:27.435 DEBUG o.s.w.s.m.m.a.HttpEntityMethodProcessor - Using 'application/json', given [*/*] and supported [application/json, application/*+json, application/yaml]
2026-08-31 06:24:27.435 TRACE o.s.w.s.m.m.a.HttpEntityMethodProcessor - Writing [{status=200, message=null, data=[714, 0, 714]}]
2026-08-31 06:24:27.436 DEBUG o.s.web.servlet.DispatcherServlet - Completed 200 OK
2026-08-31 06:24:27.466 DEBUG o.s.web.servlet.DispatcherServlet - GET "/api/v1/palette/countTotalStoredFreeByRowId/41", parameters={}
2026-08-31 06:24:27.467 DEBUG o.s.w.s.m.m.a.RequestMappingHandlerMapping - Mapped to org.code_studio.controller.PaletteController#countTotalStoredFreeByRowId(Integer)
2026-08-31 06:24:27.477 DEBUG o.s.w.s.m.m.a.HttpEntityMethodProcessor - Using 'application/json', given [*/*] and supported [application/json, application/*+json, application/yaml]
2026-08-31 06:24:27.477 TRACE o.s.w.s.m.m.a.HttpEntityMethodProcessor - Writing [{status=200, message=null, data=[714, 0, 714]}]
2026-08-31 06:24:27.479 DEBUG o.s.web.servlet.DispatcherServlet - Completed 200 OK
2026-08-31 06:24:27.505 DEBUG o.s.web.servlet.DispatcherServlet - GET "/api/v1/palette/countTotalStoredFreeByRowId/42", parameters={}
2026-08-31 06:24:27.506 DEBUG o.s.w.s.m.m.a.RequestMappingHandlerMapping - Mapped to org.code_studio.controller.PaletteController#countTotalStoredFreeByRowId(Integer)
2026-08-31 06:24:27.510 DEBUG o.s.w.s.m.m.a.HttpEntityMethodProcessor - Using 'application/json', given [*/*] and supported [application/json, application/*+json, application/yaml]
2026-08-31 06:24:27.511 TRACE o.s.w.s.m.m.a.HttpEntityMethodProcessor - Writing [{status=200, message=null, data=[714, 0, 714]}]
2026-08-31 06:24:27.515 DEBUG o.s.web.servlet.DispatcherServlet - Completed 200 OK
2026-08-31 06:24:27.532 DEBUG o.s.web.servlet.DispatcherServlet - GET "/api/v1/palette/countTotalStoredFreeByRowId/31", parameters={}
2026-08-31 06:24:27.534 DEBUG o.s.w.s.m.m.a.RequestMappingHandlerMapping - Mapped to org.code_studio.controller.PaletteController#countTotalStoredFreeByRowId(Integer)
2026-08-31 06:24:27.539 DEBUG o.s.w.s.m.m.a.HttpEntityMethodProcessor - Using 'application/json', given [*/*] and supported [application/json, application/*+json, application/yaml]
2026-08-31 06:24:27.539 TRACE o.s.w.s.m.m.a.HttpEntityMethodProcessor - Writing [{status=200, message=null, data=[714, 0, 714]}]
2026-08-31 06:24:27.540 DEBUG o.s.web.servlet.DispatcherServlet - Completed 200 OK
2026-08-31 06:24:27.564 DEBUG o.s.web.servlet.DispatcherServlet - GET "/api/v1/palette/countTotalStoredFreeByRowId/32", parameters={}
2026-08-31 06:24:27.565 DEBUG o.s.w.s.m.m.a.RequestMappingHandlerMapping - Mapped to org.code_studio.controller.PaletteController#countTotalStoredFreeByRowId(Integer)
2026-08-31 06:24:27.570 DEBUG o.s.w.s.m.m.a.HttpEntityMethodProcessor - Using 'application/json', given [*/*] and supported [application/json, application/*+json, application/yaml]
2026-08-31 06:24:27.570 TRACE o.s.w.s.m.m.a.HttpEntityMethodProcessor - Writing [{status=200, message=null, data=[714, 0, 714]}]
2026-08-31 06:24:27.571 DEBUG o.s.web.servlet.DispatcherServlet - Completed 200 OK
2026-08-31 06:24:27.597 DEBUG o.s.web.servlet.DispatcherServlet - GET "/api/v1/palette/countTotalStoredFreeByRowId/21", parameters={}
2026-08-31 06:24:27.598 DEBUG o.s.w.s.m.m.a.RequestMappingHandlerMapping - Mapped to org.code_studio.controller.PaletteController#countTotalStoredFreeByRowId(Integer)
2026-08-31 06:24:27.607 DEBUG o.s.w.s.m.m.a.HttpEntityMethodProcessor - Using 'application/json', given [*/*] and supported [application/json, application/*+json, application/yaml]
2026-08-31 06:24:27.607 TRACE o.s.w.s.m.m.a.HttpEntityMethodProcessor - Writing [{status=200, message=null, data=[714, 0, 714]}]
2026-08-31 06:24:27.608 DEBUG o.s.web.servlet.DispatcherServlet - Completed 200 OK
2026-08-31 06:24:27.626 DEBUG o.s.web.servlet.DispatcherServlet - GET "/api/v1/palette/countTotalStoredFreeByRowId/22", parameters={}
2026-08-31 06:24:27.627 DEBUG o.s.w.s.m.m.a.RequestMappingHandlerMapping - Mapped to org.code_studio.controller.PaletteController#countTotalStoredFreeByRowId(Integer)
2026-08-31 06:24:27.633 DEBUG o.s.w.s.m.m.a.HttpEntityMethodProcessor - Using 'application/json', given [*/*] and supported [application/json, application/*+json, application/yaml]
2026-08-31 06:24:27.633 TRACE o.s.w.s.m.m.a.HttpEntityMethodProcessor - Writing [{status=200, message=null, data=[714, 0, 714]}]
2026-08-31 06:24:27.634 DEBUG o.s.web.servlet.DispatcherServlet - Completed 200 OK
2026-08-31 06:24:27.669 DEBUG o.s.web.servlet.DispatcherServlet - GET "/api/v1/palette/countTotalStoredFreeByRowId/11", parameters={}
2026-08-31 06:24:27.670 DEBUG o.s.w.s.m.m.a.RequestMappingHandlerMapping - Mapped to org.code_studio.controller.PaletteController#countTotalStoredFreeByRowId(Integer)
2026-08-31 06:24:27.683 DEBUG o.s.w.s.m.m.a.HttpEntityMethodProcessor - Using 'application/json', given [*/*] and supported [application/json, application/*+json, application/yaml]
2026-08-31 06:24:27.683 TRACE o.s.w.s.m.m.a.HttpEntityMethodProcessor - Writing [{status=200, message=null, data=[714, 48, 666]}]
2026-08-31 06:24:27.684 DEBUG o.s.web.servlet.DispatcherServlet - Completed 200 OK
2026-08-31 06:24:27.701 DEBUG o.s.web.servlet.DispatcherServlet - GET "/api/v1/palette/countTotalStoredFreeByRowId/12", parameters={}
2026-08-31 06:24:27.703 DEBUG o.s.w.s.m.m.a.RequestMappingHandlerMapping - Mapped to org.code_studio.controller.PaletteController#countTotalStoredFreeByRowId(Integer)
2026-08-31 06:24:27.713 DEBUG o.s.w.s.m.m.a.HttpEntityMethodProcessor - Using 'application/json', given [*/*] and supported [application/json, application/*+json, application/yaml]
2026-08-31 06:24:27.713 TRACE o.s.w.s.m.m.a.HttpEntityMethodProcessor - Writing [{status=200, message=null, data=[714, 6, 708]}]
2026-08-31 06:24:27.714 DEBUG o.s.web.servlet.DispatcherServlet - Completed 200 OK
2026-08-31 06:24:30.854 DEBUG o.s.web.servlet.DispatcherServlet - GET "/api/v1/palette/allOccupiedByRowId/81", parameters={}
2026-08-31 06:24:30.855 DEBUG o.s.w.s.m.m.a.RequestMappingHandlerMapping - Mapped to org.code_studio.controller.PaletteController#allOccupiedByRowId(Integer)
2026-08-31 06:24:30.859 DEBUG o.s.w.s.m.m.a.HttpEntityMethodProcessor - Using 'application/json', given [*/*] and supported [application/json, application/*+json, application/yaml]
2026-08-31 06:24:30.859 TRACE o.s.w.s.m.m.a.HttpEntityMethodProcessor - Writing [{status=200, message=null, data=[org.code_studio.database.Palette@63bf44bc]}]
2026-08-31 06:24:30.872 DEBUG o.s.web.servlet.DispatcherServlet - Completed 200 OK
2026-08-31 06:24:30.878 DEBUG o.s.web.servlet.DispatcherServlet - GET "/api/v1/palette/countTotalStoredFreeByRowId/81", parameters={}
2026-08-31 06:24:30.879 DEBUG o.s.w.s.m.m.a.RequestMappingHandlerMapping - Mapped to org.code_studio.controller.PaletteController#countTotalStoredFreeByRowId(Integer)
2026-08-31 06:24:30.882 DEBUG o.s.w.s.m.m.a.HttpEntityMethodProcessor - Using 'application/json', given [*/*] and supported [application/json, application/*+json, application/yaml]
2026-08-31 06:24:30.882 TRACE o.s.w.s.m.m.a.HttpEntityMethodProcessor - Writing [{status=200, message=null, data=[714, 1, 713]}]
2026-08-31 06:24:30.883 DEBUG o.s.web.servlet.DispatcherServlet - Completed 200 OK
2026-08-31 06:28:36.441 DEBUG o.s.web.servlet.DispatcherServlet - GET "/api/v1/palette/allOccupiedByRowId/81", parameters={}
2026-08-31 06:28:36.442 DEBUG o.s.w.s.m.m.a.RequestMappingHandlerMapping - Mapped to org.code_studio.controller.PaletteController#allOccupiedByRowId(Integer)
2026-08-31 06:28:36.459 DEBUG o.s.w.s.m.m.a.HttpEntityMethodProcessor - Using 'application/json', given [*/*] and supported [application/json, application/*+json, application/yaml]
2026-08-31 06:28:36.460 TRACE o.s.w.s.m.m.a.HttpEntityMethodProcessor - Writing [{status=200, message=null, data=[org.code_studio.database.Palette@2dd0900c]}]
2026-08-31 06:28:36.507 DEBUG o.s.web.servlet.DispatcherServlet - Completed 200 OK
2026-08-31 06:28:36.539 DEBUG o.s.web.servlet.DispatcherServlet - GET "/api/v1/palette/allOccupiedByRowId/82", parameters={}
2026-08-31 06:28:36.540 DEBUG o.s.w.s.m.m.a.RequestMappingHandlerMapping - Mapped to org.code_studio.controller.PaletteController#allOccupiedByRowId(Integer)
2026-08-31 06:28:36.551 DEBUG o.s.w.s.m.m.a.HttpEntityMethodProcessor - Using 'application/json', given [*/*] and supported [application/json, application/*+json, application/yaml]
2026-08-31 06:28:36.551 TRACE o.s.w.s.m.m.a.HttpEntityMethodProcessor - Writing [{status=404, message=No data, data=null}]
2026-08-31 06:28:36.552 DEBUG o.s.web.servlet.DispatcherServlet - Completed 404 NOT_FOUND
2026-08-31 06:28:36.567 DEBUG o.s.web.servlet.DispatcherServlet - GET "/api/v1/palette/allOccupiedByRowId/71", parameters={}
2026-08-31 06:28:36.568 DEBUG o.s.w.s.m.m.a.RequestMappingHandlerMapping - Mapped to org.code_studio.controller.PaletteController#allOccupiedByRowId(Integer)
2026-08-31 06:28:36.582 DEBUG o.s.w.s.m.m.a.HttpEntityMethodProcessor - Using 'application/json', given [*/*] and supported [application/json, application/*+json, application/yaml]
2026-08-31 06:28:36.583 TRACE o.s.w.s.m.m.a.HttpEntityMethodProcessor - Writing [{status=404, message=No data, data=null}]
2026-08-31 06:28:36.583 DEBUG o.s.web.servlet.DispatcherServlet - Completed 404 NOT_FOUND
2026-08-31 06:28:36.588 DEBUG o.s.web.servlet.DispatcherServlet - GET "/api/v1/palette/allOccupiedByRowId/72", parameters={}
2026-08-31 06:28:36.590 DEBUG o.s.w.s.m.m.a.RequestMappingHandlerMapping - Mapped to org.code_studio.controller.PaletteController#allOccupiedByRowId(Integer)
2026-08-31 06:28:36.594 DEBUG o.s.w.s.m.m.a.HttpEntityMethodProcessor - Using 'application/json', given [*/*] and supported [application/json, application/*+json, application/yaml]
2026-08-31 06:28:36.595 TRACE o.s.w.s.m.m.a.HttpEntityMethodProcessor - Writing [{status=404, message=No data, data=null}]
2026-08-31 06:28:36.596 DEBUG o.s.web.servlet.DispatcherServlet - Completed 404 NOT_FOUND
2026-08-31 06:28:36.604 DEBUG o.s.web.servlet.DispatcherServlet - GET "/api/v1/palette/allOccupiedByRowId/61", parameters={}
2026-08-31 06:28:36.605 DEBUG o.s.w.s.m.m.a.RequestMappingHandlerMapping - Mapped to org.code_studio.controller.PaletteController#allOccupiedByRowId(Integer)
2026-08-31 06:28:36.613 DEBUG o.s.w.s.m.m.a.HttpEntityMethodProcessor - Using 'application/json', given [*/*] and supported [application/json, application/*+json, application/yaml]
2026-08-31 06:28:36.614 TRACE o.s.w.s.m.m.a.HttpEntityMethodProcessor - Writing [{status=404, message=No data, data=null}]
2026-08-31 06:28:36.615 DEBUG o.s.web.servlet.DispatcherServlet - Completed 404 NOT_FOUND
2026-08-31 06:28:36.624 DEBUG o.s.web.servlet.DispatcherServlet - GET "/api/v1/palette/allOccupiedByRowId/62", parameters={}
2026-08-31 06:28:36.625 DEBUG o.s.w.s.m.m.a.RequestMappingHandlerMapping - Mapped to org.code_studio.controller.PaletteController#allOccupiedByRowId(Integer)
2026-08-31 06:28:36.637 DEBUG o.s.w.s.m.m.a.HttpEntityMethodProcessor - Using 'application/json', given [*/*] and supported [application/json, application/*+json, application/yaml]
2026-08-31 06:28:36.637 TRACE o.s.w.s.m.m.a.HttpEntityMethodProcessor - Writing [{status=404, message=No data, data=null}]
2026-08-31 06:28:36.638 DEBUG o.s.web.servlet.DispatcherServlet - Completed 404 NOT_FOUND
2026-08-31 06:28:36.646 DEBUG o.s.web.servlet.DispatcherServlet - GET "/api/v1/palette/allOccupiedByRowId/51", parameters={}
2026-08-31 06:28:36.649 DEBUG o.s.w.s.m.m.a.RequestMappingHandlerMapping - Mapped to org.code_studio.controller.PaletteController#allOccupiedByRowId(Integer)
2026-08-31 06:28:36.654 DEBUG o.s.w.s.m.m.a.HttpEntityMethodProcessor - Using 'application/json', given [*/*] and supported [application/json, application/*+json, application/yaml]
2026-08-31 06:28:36.654 TRACE o.s.w.s.m.m.a.HttpEntityMethodProcessor - Writing [{status=404, message=No data, data=null}]
2026-08-31 06:28:36.656 DEBUG o.s.web.servlet.DispatcherServlet - Completed 404 NOT_FOUND
2026-08-31 06:28:36.663 DEBUG o.s.web.servlet.DispatcherServlet - GET "/api/v1/palette/allOccupiedByRowId/52", parameters={}
2026-08-31 06:28:36.664 DEBUG o.s.w.s.m.m.a.RequestMappingHandlerMapping - Mapped to org.code_studio.controller.PaletteController#allOccupiedByRowId(Integer)
2026-08-31 06:28:36.667 DEBUG o.s.w.s.m.m.a.HttpEntityMethodProcessor - Using 'application/json', given [*/*] and supported [application/json, application/*+json, application/yaml]
2026-08-31 06:28:36.668 TRACE o.s.w.s.m.m.a.HttpEntityMethodProcessor - Writing [{status=404, message=No data, data=null}]
2026-08-31 06:28:36.668 DEBUG o.s.web.servlet.DispatcherServlet - Completed 404 NOT_FOUND
2026-08-31 06:28:36.674 DEBUG o.s.web.servlet.DispatcherServlet - GET "/api/v1/palette/allOccupiedByRowId/41", parameters={}
2026-08-31 06:28:36.675 DEBUG o.s.w.s.m.m.a.RequestMappingHandlerMapping - Mapped to org.code_studio.controller.PaletteController#allOccupiedByRowId(Integer)
2026-08-31 06:28:36.683 DEBUG o.s.w.s.m.m.a.HttpEntityMethodProcessor - Using 'application/json', given [*/*] and supported [application/json, application/*+json, application/yaml]
2026-08-31 06:28:36.683 TRACE o.s.w.s.m.m.a.HttpEntityMethodProcessor - Writing [{status=404, message=No data, data=null}]
2026-08-31 06:28:36.684 DEBUG o.s.web.servlet.DispatcherServlet - Completed 404 NOT_FOUND
2026-08-31 06:28:36.691 DEBUG o.s.web.servlet.DispatcherServlet - GET "/api/v1/palette/allOccupiedByRowId/42", parameters={}
2026-08-31 06:28:36.695 DEBUG o.s.w.s.m.m.a.RequestMappingHandlerMapping - Mapped to org.code_studio.controller.PaletteController#allOccupiedByRowId(Integer)
2026-08-31 06:28:36.702 DEBUG o.s.w.s.m.m.a.HttpEntityMethodProcessor - Using 'application/json', given [*/*] and supported [application/json, application/*+json, application/yaml]
2026-08-31 06:28:36.702 TRACE o.s.w.s.m.m.a.HttpEntityMethodProcessor - Writing [{status=404, message=No data, data=null}]
2026-08-31 06:28:36.703 DEBUG o.s.web.servlet.DispatcherServlet - Completed 404 NOT_FOUND
2026-08-31 06:28:36.721 DEBUG o.s.web.servlet.DispatcherServlet - GET "/api/v1/palette/allOccupiedByRowId/31", parameters={}
2026-08-31 06:28:36.723 DEBUG o.s.w.s.m.m.a.RequestMappingHandlerMapping - Mapped to org.code_studio.controller.PaletteController#allOccupiedByRowId(Integer)
2026-08-31 06:28:36.728 DEBUG o.s.w.s.m.m.a.HttpEntityMethodProcessor - Using 'application/json', given [*/*] and supported [application/json, application/*+json, application/yaml]
2026-08-31 06:28:36.728 TRACE o.s.w.s.m.m.a.HttpEntityMethodProcessor - Writing [{status=404, message=No data, data=null}]
2026-08-31 06:28:36.730 DEBUG o.s.web.servlet.DispatcherServlet - Completed 404 NOT_FOUND
2026-08-31 06:28:36.736 DEBUG o.s.web.servlet.DispatcherServlet - GET "/api/v1/palette/allOccupiedByRowId/32", parameters={}
2026-08-31 06:28:36.737 DEBUG o.s.w.s.m.m.a.RequestMappingHandlerMapping - Mapped to org.code_studio.controller.PaletteController#allOccupiedByRowId(Integer)
2026-08-31 06:28:36.742 DEBUG o.s.w.s.m.m.a.HttpEntityMethodProcessor - Using 'application/json', given [*/*] and supported [application/json, application/*+json, application/yaml]
2026-08-31 06:28:36.742 TRACE o.s.w.s.m.m.a.HttpEntityMethodProcessor - Writing [{status=404, message=No data, data=null}]
2026-08-31 06:28:36.743 DEBUG o.s.web.servlet.DispatcherServlet - Completed 404 NOT_FOUND
2026-08-31 06:28:36.750 DEBUG o.s.web.servlet.DispatcherServlet - GET "/api/v1/palette/allOccupiedByRowId/21", parameters={}
2026-08-31 06:28:36.751 DEBUG o.s.w.s.m.m.a.RequestMappingHandlerMapping - Mapped to org.code_studio.controller.PaletteController#allOccupiedByRowId(Integer)
2026-08-31 06:28:36.761 DEBUG o.s.w.s.m.m.a.HttpEntityMethodProcessor - Using 'application/json', given [*/*] and supported [application/json, application/*+json, application/yaml]
2026-08-31 06:28:36.761 TRACE o.s.w.s.m.m.a.HttpEntityMethodProcessor - Writing [{status=404, message=No data, data=null}]
2026-08-31 06:28:36.763 DEBUG o.s.web.servlet.DispatcherServlet - Completed 404 NOT_FOUND
2026-08-31 06:28:36.775 DEBUG o.s.web.servlet.DispatcherServlet - GET "/api/v1/palette/allOccupiedByRowId/22", parameters={}
2026-08-31 06:28:36.781 DEBUG o.s.w.s.m.m.a.RequestMappingHandlerMapping - Mapped to org.code_studio.controller.PaletteController#allOccupiedByRowId(Integer)
2026-08-31 06:28:36.816 DEBUG o.s.w.s.m.m.a.HttpEntityMethodProcessor - Using 'application/json', given [*/*] and supported [application/json, application/*+json, application/yaml]
2026-08-31 06:28:36.816 TRACE o.s.w.s.m.m.a.HttpEntityMethodProcessor - Writing [{status=404, message=No data, data=null}]
2026-08-31 06:28:36.817 DEBUG o.s.web.servlet.DispatcherServlet - Completed 404 NOT_FOUND
2026-08-31 06:28:36.823 DEBUG o.s.web.servlet.DispatcherServlet - GET "/api/v1/palette/allOccupiedByRowId/11", parameters={}
2026-08-31 06:28:36.825 DEBUG o.s.w.s.m.m.a.RequestMappingHandlerMapping - Mapped to org.code_studio.controller.PaletteController#allOccupiedByRowId(Integer)
2026-08-31 06:28:36.839 DEBUG o.s.w.s.m.m.a.HttpEntityMethodProcessor - Using 'application/json', given [*/*] and supported [application/json, application/*+json, application/yaml]
2026-08-31 06:28:36.839 TRACE o.s.w.s.m.m.a.HttpEntityMethodProcessor - Writing [{status=200, message=null, data=[org.code_studio.database.Palette@48900b86, org.code_studio.database.Palette@7e4dacd, org.code_studio.database.Palette@bc23170, org.code_studio.database.Palette@10a9cf49, org.code_studio.database.Palette@7f3c6cf3, org.code_studio.database.Palette@42a0971f, org.code_studio.database.Palette@475570c1, org.code_studio.database.Palette@735646ce, org.code_studio.database.Palette@52933798, org.code_studio.database.Palette@67769038, org.code_studio.database.Palette@76bb8b4d, org.code_studio.database.Palette@3d40eaa6, org.code_studio.database.Palette@503797ea, org.code_studio.database.Palette@26b06541, org.code_studio.database.Palette@54e6d7f3, org.code_studio.database.Palette@106ab71e, org.code_studio.database.Palette@5e813789, org.code_studio.database.Palette@4685631, org.code_studio.database.Palette@3ee030ef, org.code_studio.database.Palette@4765f647, org.code_studio.database.Palette@42f4122e, org.code_studio.database.Palette@7c6bae3d, org.code_studio.database.Palette@24dc50b, org.code_studio.database.Palette@123ab7b2, org.code_studio.database.Palette@483dcf15, org.code_studio.database.Palette@332da186, org.code_studio.database.Palette@1067a45f, org.code_studio.database.Palette@52157938, org.code_studio.database.Palette@6dec096c, org.code_studio.database.Palette@4ebc9059, org.code_studio.database.Palette@2331f547, org.code_studio.database.Palette@715da749, org.code_studio.database.Palette@aee691e, org.code_studio.database.Palette@71e5b9eb, org.code_studio.database.Palette@c89cf67, org.code_studio.database.Palette@5c6670c4, org.code_studio.database.Palette@5cb067fc, org.code_studio.database.Palette@36f452c6, org.code_studio.database.Palette@74b455b2, org.code_studio.database.Palette@66f4743c, org.code_studio.database.Palette@3913f83b, org.code_studio.database.Palette@1d36db57, org.code_studio.database.Palette@35dd38a9, org.code_studio.database.Palette@765bdab7, org.code_studio.database.Palette@772d267f, org.code_studio.database.Palette@6059ee2e, org.code_studio.database.Palette@7bdbbb40, org.code_studio.database.Palette@13227316]}]
2026-08-31 06:28:37.507 DEBUG o.s.web.servlet.DispatcherServlet - Completed 200 OK
2026-08-31 06:28:37.518 DEBUG o.s.web.servlet.DispatcherServlet - GET "/api/v1/palette/allOccupiedByRowId/12", parameters={}
2026-08-31 06:28:37.520 DEBUG o.s.w.s.m.m.a.RequestMappingHandlerMapping - Mapped to org.code_studio.controller.PaletteController#allOccupiedByRowId(Integer)
2026-08-31 06:28:37.532 DEBUG o.s.w.s.m.m.a.HttpEntityMethodProcessor - Using 'application/json', given [*/*] and supported [application/json, application/*+json, application/yaml]
2026-08-31 06:28:37.532 TRACE o.s.w.s.m.m.a.HttpEntityMethodProcessor - Writing [{status=200, message=null, data=[org.code_studio.database.Palette@1546b2b9, org.code_studio.database.Palette@368869e8, org.code_studio.database.Palette@47cf1f66, org.code_studio.database.Palette@4376eecb, org.code_studio.database.Palette@7e9121b7, org.code_studio.database.Palette@1c017142]}]
2026-08-31 06:28:37.576 DEBUG o.s.web.servlet.DispatcherServlet - Completed 200 OK
2026-08-31 06:28:37.581 DEBUG o.s.web.servlet.DispatcherServlet - GET "/api/v1/palette/countTotalStoredFreeByRowId/81", parameters={}
2026-08-31 06:28:37.582 DEBUG o.s.w.s.m.m.a.RequestMappingHandlerMapping - Mapped to org.code_studio.controller.PaletteController#countTotalStoredFreeByRowId(Integer)
2026-08-31 06:28:37.586 DEBUG o.s.w.s.m.m.a.HttpEntityMethodProcessor - Using 'application/json', given [*/*] and supported [application/json, application/*+json, application/yaml]
2026-08-31 06:28:37.587 TRACE o.s.w.s.m.m.a.HttpEntityMethodProcessor - Writing [{status=200, message=null, data=[714, 1, 713]}]
2026-08-31 06:28:37.587 DEBUG o.s.web.servlet.DispatcherServlet - Completed 200 OK
2026-08-31 06:28:37.593 DEBUG o.s.web.servlet.DispatcherServlet - GET "/api/v1/palette/countTotalStoredFreeByRowId/82", parameters={}
2026-08-31 06:28:37.595 DEBUG o.s.w.s.m.m.a.RequestMappingHandlerMapping - Mapped to org.code_studio.controller.PaletteController#countTotalStoredFreeByRowId(Integer)
2026-08-31 06:28:37.598 DEBUG o.s.w.s.m.m.a.HttpEntityMethodProcessor - Using 'application/json', given [*/*] and supported [application/json, application/*+json, application/yaml]
2026-08-31 06:28:37.599 TRACE o.s.w.s.m.m.a.HttpEntityMethodProcessor - Writing [{status=200, message=null, data=[714, 0, 714]}]
2026-08-31 06:28:37.599 DEBUG o.s.web.servlet.DispatcherServlet - Completed 200 OK
2026-08-31 06:28:37.621 DEBUG o.s.web.servlet.DispatcherServlet - GET "/api/v1/palette/countTotalStoredFreeByRowId/71", parameters={}
2026-08-31 06:28:37.631 DEBUG o.s.w.s.m.m.a.RequestMappingHandlerMapping - Mapped to org.code_studio.controller.PaletteController#countTotalStoredFreeByRowId(Integer)
2026-08-31 06:28:37.648 DEBUG o.s.w.s.m.m.a.HttpEntityMethodProcessor - Using 'application/json', given [*/*] and supported [application/json, application/*+json, application/yaml]
2026-08-31 06:28:37.648 TRACE o.s.w.s.m.m.a.HttpEntityMethodProcessor - Writing [{status=200, message=null, data=[714, 0, 714]}]
2026-08-31 06:28:37.655 DEBUG o.s.web.servlet.DispatcherServlet - Completed 200 OK
2026-08-31 06:28:37.664 DEBUG o.s.web.servlet.DispatcherServlet - GET "/api/v1/palette/countTotalStoredFreeByRowId/72", parameters={}
2026-08-31 06:28:37.666 DEBUG o.s.w.s.m.m.a.RequestMappingHandlerMapping - Mapped to org.code_studio.controller.PaletteController#countTotalStoredFreeByRowId(Integer)
2026-08-31 06:28:37.672 DEBUG o.s.w.s.m.m.a.HttpEntityMethodProcessor - Using 'application/json', given [*/*] and supported [application/json, application/*+json, application/yaml]
2026-08-31 06:28:37.672 TRACE o.s.w.s.m.m.a.HttpEntityMethodProcessor - Writing [{status=200, message=null, data=[714, 0, 714]}]
2026-08-31 06:28:37.673 DEBUG o.s.web.servlet.DispatcherServlet - Completed 200 OK
2026-08-31 06:28:37.686 DEBUG o.s.web.servlet.DispatcherServlet - GET "/api/v1/palette/countTotalStoredFreeByRowId/61", parameters={}
2026-08-31 06:28:37.687 DEBUG o.s.w.s.m.m.a.RequestMappingHandlerMapping - Mapped to org.code_studio.controller.PaletteController#countTotalStoredFreeByRowId(Integer)
2026-08-31 06:28:37.721 DEBUG o.s.w.s.m.m.a.HttpEntityMethodProcessor - Using 'application/json', given [*/*] and supported [application/json, application/*+json, application/yaml]
2026-08-31 06:28:37.722 TRACE o.s.w.s.m.m.a.HttpEntityMethodProcessor - Writing [{status=200, message=null, data=[714, 0, 714]}]
2026-08-31 06:28:37.723 DEBUG o.s.web.servlet.DispatcherServlet - Completed 200 OK
2026-08-31 06:28:37.732 DEBUG o.s.web.servlet.DispatcherServlet - GET "/api/v1/palette/countTotalStoredFreeByRowId/62", parameters={}
2026-08-31 06:28:37.733 DEBUG o.s.w.s.m.m.a.RequestMappingHandlerMapping - Mapped to org.code_studio.controller.PaletteController#countTotalStoredFreeByRowId(Integer)
2026-08-31 06:28:37.744 DEBUG o.s.w.s.m.m.a.HttpEntityMethodProcessor - Using 'application/json', given [*/*] and supported [application/json, application/*+json, application/yaml]
2026-08-31 06:28:37.744 TRACE o.s.w.s.m.m.a.HttpEntityMethodProcessor - Writing [{status=200, message=null, data=[714, 0, 714]}]
2026-08-31 06:28:37.751 DEBUG o.s.web.servlet.DispatcherServlet - Completed 200 OK
2026-08-31 06:28:37.769 DEBUG o.s.web.servlet.DispatcherServlet - GET "/api/v1/palette/countTotalStoredFreeByRowId/51", parameters={}
2026-08-31 06:28:37.771 DEBUG o.s.w.s.m.m.a.RequestMappingHandlerMapping - Mapped to org.code_studio.controller.PaletteController#countTotalStoredFreeByRowId(Integer)
2026-08-31 06:28:37.787 DEBUG o.s.w.s.m.m.a.HttpEntityMethodProcessor - Using 'application/json', given [*/*] and supported [application/json, application/*+json, application/yaml]
2026-08-31 06:28:37.787 TRACE o.s.w.s.m.m.a.HttpEntityMethodProcessor - Writing [{status=200, message=null, data=[714, 0, 714]}]
2026-08-31 06:28:37.788 DEBUG o.s.web.servlet.DispatcherServlet - Completed 200 OK
2026-08-31 06:28:37.804 DEBUG o.s.web.servlet.DispatcherServlet - GET "/api/v1/palette/countTotalStoredFreeByRowId/52", parameters={}
2026-08-31 06:28:37.805 DEBUG o.s.w.s.m.m.a.RequestMappingHandlerMapping - Mapped to org.code_studio.controller.PaletteController#countTotalStoredFreeByRowId(Integer)
2026-08-31 06:28:37.859 DEBUG o.s.w.s.m.m.a.HttpEntityMethodProcessor - Using 'application/json', given [*/*] and supported [application/json, application/*+json, application/yaml]
2026-08-31 06:28:37.859 TRACE o.s.w.s.m.m.a.HttpEntityMethodProcessor - Writing [{status=200, message=null, data=[714, 0, 714]}]
2026-08-31 06:28:37.860 DEBUG o.s.web.servlet.DispatcherServlet - Completed 200 OK
2026-08-31 06:28:37.877 DEBUG o.s.web.servlet.DispatcherServlet - GET "/api/v1/palette/countTotalStoredFreeByRowId/41", parameters={}
2026-08-31 06:28:37.885 DEBUG o.s.w.s.m.m.a.RequestMappingHandlerMapping - Mapped to org.code_studio.controller.PaletteController#countTotalStoredFreeByRowId(Integer)
2026-08-31 06:28:37.902 DEBUG o.s.w.s.m.m.a.HttpEntityMethodProcessor - Using 'application/json', given [*/*] and supported [application/json, application/*+json, application/yaml]
2026-08-31 06:28:37.902 TRACE o.s.w.s.m.m.a.HttpEntityMethodProcessor - Writing [{status=200, message=null, data=[714, 0, 714]}]
2026-08-31 06:28:37.906 DEBUG o.s.web.servlet.DispatcherServlet - Completed 200 OK
2026-08-31 06:28:37.926 DEBUG o.s.web.servlet.DispatcherServlet - GET "/api/v1/palette/countTotalStoredFreeByRowId/42", parameters={}
2026-08-31 06:28:37.935 DEBUG o.s.w.s.m.m.a.RequestMappingHandlerMapping - Mapped to org.code_studio.controller.PaletteController#countTotalStoredFreeByRowId(Integer)
2026-08-31 06:28:37.966 DEBUG o.s.w.s.m.m.a.HttpEntityMethodProcessor - Using 'application/json', given [*/*] and supported [application/json, application/*+json, application/yaml]
2026-08-31 06:28:37.966 TRACE o.s.w.s.m.m.a.HttpEntityMethodProcessor - Writing [{status=200, message=null, data=[714, 0, 714]}]
2026-08-31 06:28:37.967 DEBUG o.s.web.servlet.DispatcherServlet - Completed 200 OK
2026-08-31 06:28:37.989 DEBUG o.s.web.servlet.DispatcherServlet - GET "/api/v1/palette/countTotalStoredFreeByRowId/31", parameters={}
2026-08-31 06:28:37.990 DEBUG o.s.w.s.m.m.a.RequestMappingHandlerMapping - Mapped to org.code_studio.controller.PaletteController#countTotalStoredFreeByRowId(Integer)
2026-08-31 06:28:38.028 DEBUG o.s.w.s.m.m.a.HttpEntityMethodProcessor - Using 'application/json', given [*/*] and supported [application/json, application/*+json, application/yaml]
2026-08-31 06:28:38.029 TRACE o.s.w.s.m.m.a.HttpEntityMethodProcessor - Writing [{status=200, message=null, data=[714, 0, 714]}]
2026-08-31 06:28:38.033 DEBUG o.s.web.servlet.DispatcherServlet - Completed 200 OK
2026-08-31 06:28:38.057 DEBUG o.s.web.servlet.DispatcherServlet - GET "/api/v1/palette/countTotalStoredFreeByRowId/32", parameters={}
2026-08-31 06:28:38.058 DEBUG o.s.w.s.m.m.a.RequestMappingHandlerMapping - Mapped to org.code_studio.controller.PaletteController#countTotalStoredFreeByRowId(Integer)
2026-08-31 06:28:38.075 DEBUG o.s.w.s.m.m.a.HttpEntityMethodProcessor - Using 'application/json', given [*/*] and supported [application/json, application/*+json, application/yaml]
2026-08-31 06:28:38.075 TRACE o.s.w.s.m.m.a.HttpEntityMethodProcessor - Writing [{status=200, message=null, data=[714, 0, 714]}]
2026-08-31 06:28:38.076 DEBUG o.s.web.servlet.DispatcherServlet - Completed 200 OK
2026-08-31 06:28:38.088 DEBUG o.s.web.servlet.DispatcherServlet - GET "/api/v1/palette/countTotalStoredFreeByRowId/21", parameters={}
2026-08-31 06:28:38.090 DEBUG o.s.w.s.m.m.a.RequestMappingHandlerMapping - Mapped to org.code_studio.controller.PaletteController#countTotalStoredFreeByRowId(Integer)
2026-08-31 06:28:38.125 DEBUG o.s.w.s.m.m.a.HttpEntityMethodProcessor - Using 'application/json', given [*/*] and supported [application/json, application/*+json, application/yaml]
2026-08-31 06:28:38.126 TRACE o.s.w.s.m.m.a.HttpEntityMethodProcessor - Writing [{status=200, message=null, data=[714, 0, 714]}]
2026-08-31 06:28:38.130 DEBUG o.s.web.servlet.DispatcherServlet - Completed 200 OK
2026-08-31 06:28:38.136 DEBUG o.s.web.servlet.DispatcherServlet - GET "/api/v1/palette/countTotalStoredFreeByRowId/22", parameters={}
2026-08-31 06:28:38.138 DEBUG o.s.w.s.m.m.a.RequestMappingHandlerMapping - Mapped to org.code_studio.controller.PaletteController#countTotalStoredFreeByRowId(Integer)
2026-08-31 06:28:38.143 DEBUG o.s.w.s.m.m.a.HttpEntityMethodProcessor - Using 'application/json', given [*/*] and supported [application/json, application/*+json, application/yaml]
2026-08-31 06:28:38.143 TRACE o.s.w.s.m.m.a.HttpEntityMethodProcessor - Writing [{status=200, message=null, data=[714, 0, 714]}]
2026-08-31 06:28:38.145 DEBUG o.s.web.servlet.DispatcherServlet - Completed 200 OK
2026-08-31 06:28:38.164 DEBUG o.s.web.servlet.DispatcherServlet - GET "/api/v1/palette/countTotalStoredFreeByRowId/11", parameters={}
2026-08-31 06:28:38.166 DEBUG o.s.w.s.m.m.a.RequestMappingHandlerMapping - Mapped to org.code_studio.controller.PaletteController#countTotalStoredFreeByRowId(Integer)
2026-08-31 06:28:38.184 DEBUG o.s.w.s.m.m.a.HttpEntityMethodProcessor - Using 'application/json', given [*/*] and supported [application/json, application/*+json, application/yaml]
2026-08-31 06:28:38.184 TRACE o.s.w.s.m.m.a.HttpEntityMethodProcessor - Writing [{status=200, message=null, data=[714, 48, 666]}]
2026-08-31 06:28:38.185 DEBUG o.s.web.servlet.DispatcherServlet - Completed 200 OK
2026-08-31 06:28:38.199 DEBUG o.s.web.servlet.DispatcherServlet - GET "/api/v1/palette/countTotalStoredFreeByRowId/12", parameters={}
2026-08-31 06:28:38.200 DEBUG o.s.w.s.m.m.a.RequestMappingHandlerMapping - Mapped to org.code_studio.controller.PaletteController#countTotalStoredFreeByRowId(Integer)
2026-08-31 06:28:38.208 DEBUG o.s.w.s.m.m.a.HttpEntityMethodProcessor - Using 'application/json', given [*/*] and supported [application/json, application/*+json, application/yaml]
2026-08-31 06:28:38.208 TRACE o.s.w.s.m.m.a.HttpEntityMethodProcessor - Writing [{status=200, message=null, data=[714, 6, 708]}]
2026-08-31 06:28:38.209 DEBUG o.s.web.servlet.DispatcherServlet - Completed 200 OK
2026-08-31 06:28:38.826 DEBUG o.s.web.servlet.DispatcherServlet - GET "/api/v1/palette/allOccupiedByRowId/81", parameters={}
2026-08-31 06:28:38.828 DEBUG o.s.w.s.m.m.a.RequestMappingHandlerMapping - Mapped to org.code_studio.controller.PaletteController#allOccupiedByRowId(Integer)
2026-08-31 06:28:38.834 DEBUG o.s.w.s.m.m.a.HttpEntityMethodProcessor - Using 'application/json', given [*/*] and supported [application/json, application/*+json, application/yaml]
2026-08-31 06:28:38.834 TRACE o.s.w.s.m.m.a.HttpEntityMethodProcessor - Writing [{status=200, message=null, data=[org.code_studio.database.Palette@666ebb50]}]
2026-08-31 06:28:38.854 DEBUG o.s.web.servlet.DispatcherServlet - Completed 200 OK
2026-08-31 06:28:38.861 DEBUG o.s.web.servlet.DispatcherServlet - GET "/api/v1/palette/countTotalStoredFreeByRowId/81", parameters={}
2026-08-31 06:28:38.863 DEBUG o.s.w.s.m.m.a.RequestMappingHandlerMapping - Mapped to org.code_studio.controller.PaletteController#countTotalStoredFreeByRowId(Integer)
2026-08-31 06:28:38.866 DEBUG o.s.w.s.m.m.a.HttpEntityMethodProcessor - Using 'application/json', given [*/*] and supported [application/json, application/*+json, application/yaml]
2026-08-31 06:28:38.866 TRACE o.s.w.s.m.m.a.HttpEntityMethodProcessor - Writing [{status=200, message=null, data=[714, 1, 713]}]
2026-08-31 06:28:38.867 DEBUG o.s.web.servlet.DispatcherServlet - Completed 200 OK
2026-08-31 08:12:47.360 DEBUG o.s.web.servlet.DispatcherServlet - GET "/api/v1/palette/setFree/0800101", parameters={}
2026-08-31 08:12:47.377 DEBUG o.s.w.s.m.m.a.RequestMappingHandlerMapping - Mapped to org.code_studio.controller.PaletteController#setFree(String)
2026-08-31 08:12:47.761 DEBUG o.s.w.s.m.m.a.HttpEntityMethodProcessor - Using 'application/json', given [*/*] and supported [application/json, application/*+json, application/yaml]
2026-08-31 08:12:47.765 TRACE o.s.w.s.m.m.a.HttpEntityMethodProcessor - Writing [{status=200, message=null, data=[org.code_studio.database.StoredProcedureResult@7e192483]}]
2026-08-31 08:12:47.803 DEBUG o.s.web.servlet.DispatcherServlet - Completed 200 OK
2026-08-31 08:12:47.839 DEBUG o.s.web.servlet.DispatcherServlet - GET "/api/v1/palette/countTotalStoredFreeByRowId/81", parameters={}
2026-08-31 08:12:47.841 DEBUG o.s.w.s.m.m.a.RequestMappingHandlerMapping - Mapped to org.code_studio.controller.PaletteController#countTotalStoredFreeByRowId(Integer)
2026-08-31 08:12:47.884 DEBUG o.s.w.s.m.m.a.HttpEntityMethodProcessor - Using 'application/json', given [*/*] and supported [application/json, application/*+json, application/yaml]
2026-08-31 08:12:47.884 TRACE o.s.w.s.m.m.a.HttpEntityMethodProcessor - Writing [{status=200, message=null, data=[714, 1, 713]}]
2026-08-31 08:12:47.884 DEBUG o.s.web.servlet.DispatcherServlet - Completed 200 OK
2026-08-31 08:12:50.812 DEBUG o.s.web.servlet.DispatcherServlet - GET "/api/v1/palette/allOccupiedByRowId/81", parameters={}
2026-08-31 08:12:50.815 DEBUG o.s.w.s.m.m.a.RequestMappingHandlerMapping - Mapped to org.code_studio.controller.PaletteController#allOccupiedByRowId(Integer)
2026-08-31 08:12:50.890 DEBUG o.s.w.s.m.m.a.HttpEntityMethodProcessor - Using 'application/json', given [*/*] and supported [application/json, application/*+json, application/yaml]
2026-08-31 08:12:50.890 TRACE o.s.w.s.m.m.a.HttpEntityMethodProcessor - Writing [{status=200, message=null, data=[org.code_studio.database.Palette@15f7469f]}]
2026-08-31 08:12:51.010 DEBUG o.s.web.servlet.DispatcherServlet - Completed 200 OK
2026-08-31 08:12:51.023 DEBUG o.s.web.servlet.DispatcherServlet - GET "/api/v1/palette/allOccupiedByRowId/82", parameters={}
2026-08-31 08:12:51.024 DEBUG o.s.w.s.m.m.a.RequestMappingHandlerMapping - Mapped to org.code_studio.controller.PaletteController#allOccupiedByRowId(Integer)
2026-08-31 08:12:51.028 DEBUG o.s.w.s.m.m.a.HttpEntityMethodProcessor - Using 'application/json', given [*/*] and supported [application/json, application/*+json, application/yaml]
2026-08-31 08:12:51.028 TRACE o.s.w.s.m.m.a.HttpEntityMethodProcessor - Writing [{status=404, message=No data, data=null}]
2026-08-31 08:12:51.031 DEBUG o.s.web.servlet.DispatcherServlet - Completed 404 NOT_FOUND
2026-08-31 08:12:51.040 DEBUG o.s.web.servlet.DispatcherServlet - GET "/api/v1/palette/allOccupiedByRowId/71", parameters={}
2026-08-31 08:12:51.042 DEBUG o.s.w.s.m.m.a.RequestMappingHandlerMapping - Mapped to org.code_studio.controller.PaletteController#allOccupiedByRowId(Integer)
2026-08-31 08:12:51.045 DEBUG o.s.w.s.m.m.a.HttpEntityMethodProcessor - Using 'application/json', given [*/*] and supported [application/json, application/*+json, application/yaml]
2026-08-31 08:12:51.045 TRACE o.s.w.s.m.m.a.HttpEntityMethodProcessor - Writing [{status=404, message=No data, data=null}]
2026-08-31 08:12:51.046 DEBUG o.s.web.servlet.DispatcherServlet - Completed 404 NOT_FOUND
2026-08-31 08:12:51.055 DEBUG o.s.web.servlet.DispatcherServlet - GET "/api/v1/palette/allOccupiedByRowId/72", parameters={}
2026-08-31 08:12:51.057 DEBUG o.s.w.s.m.m.a.RequestMappingHandlerMapping - Mapped to org.code_studio.controller.PaletteController#allOccupiedByRowId(Integer)
2026-08-31 08:12:51.061 DEBUG o.s.w.s.m.m.a.HttpEntityMethodProcessor - Using 'application/json', given [*/*] and supported [application/json, application/*+json, application/yaml]
2026-08-31 08:12:51.061 TRACE o.s.w.s.m.m.a.HttpEntityMethodProcessor - Writing [{status=404, message=No data, data=null}]
2026-08-31 08:12:51.062 DEBUG o.s.web.servlet.DispatcherServlet - Completed 404 NOT_FOUND
2026-08-31 08:12:51.078 DEBUG o.s.web.servlet.DispatcherServlet - GET "/api/v1/palette/allOccupiedByRowId/61", parameters={}
2026-08-31 08:12:51.080 DEBUG o.s.w.s.m.m.a.RequestMappingHandlerMapping - Mapped to org.code_studio.controller.PaletteController#allOccupiedByRowId(Integer)
2026-08-31 08:12:51.083 DEBUG o.s.w.s.m.m.a.HttpEntityMethodProcessor - Using 'application/json', given [*/*] and supported [application/json, application/*+json, application/yaml]
2026-08-31 08:12:51.084 TRACE o.s.w.s.m.m.a.HttpEntityMethodProcessor - Writing [{status=404, message=No data, data=null}]
2026-08-31 08:12:51.085 DEBUG o.s.web.servlet.DispatcherServlet - Completed 404 NOT_FOUND
2026-08-31 08:12:51.098 DEBUG o.s.web.servlet.DispatcherServlet - GET "/api/v1/palette/allOccupiedByRowId/62", parameters={}
2026-08-31 08:12:51.099 DEBUG o.s.w.s.m.m.a.RequestMappingHandlerMapping - Mapped to org.code_studio.controller.PaletteController#allOccupiedByRowId(Integer)
2026-08-31 08:12:51.102 DEBUG o.s.w.s.m.m.a.HttpEntityMethodProcessor - Using 'application/json', given [*/*] and supported [application/json, application/*+json, application/yaml]
2026-08-31 08:12:51.103 TRACE o.s.w.s.m.m.a.HttpEntityMethodProcessor - Writing [{status=404, message=No data, data=null}]
2026-08-31 08:12:51.103 DEBUG o.s.web.servlet.DispatcherServlet - Completed 404 NOT_FOUND
2026-08-31 08:12:51.118 DEBUG o.s.web.servlet.DispatcherServlet - GET "/api/v1/palette/allOccupiedByRowId/51", parameters={}
2026-08-31 08:12:51.119 DEBUG o.s.w.s.m.m.a.RequestMappingHandlerMapping - Mapped to org.code_studio.controller.PaletteController#allOccupiedByRowId(Integer)
2026-08-31 08:12:51.125 DEBUG o.s.w.s.m.m.a.HttpEntityMethodProcessor - Using 'application/json', given [*/*] and supported [application/json, application/*+json, application/yaml]
2026-08-31 08:12:51.125 TRACE o.s.w.s.m.m.a.HttpEntityMethodProcessor - Writing [{status=404, message=No data, data=null}]
2026-08-31 08:12:51.126 DEBUG o.s.web.servlet.DispatcherServlet - Completed 404 NOT_FOUND
2026-08-31 08:12:51.134 DEBUG o.s.web.servlet.DispatcherServlet - GET "/api/v1/palette/allOccupiedByRowId/52", parameters={}
2026-08-31 08:12:51.136 DEBUG o.s.w.s.m.m.a.RequestMappingHandlerMapping - Mapped to org.code_studio.controller.PaletteController#allOccupiedByRowId(Integer)
2026-08-31 08:12:51.141 DEBUG o.s.w.s.m.m.a.HttpEntityMethodProcessor - Using 'application/json', given [*/*] and supported [application/json, application/*+json, application/yaml]
2026-08-31 08:12:51.141 TRACE o.s.w.s.m.m.a.HttpEntityMethodProcessor - Writing [{status=404, message=No data, data=null}]
2026-08-31 08:12:51.142 DEBUG o.s.web.servlet.DispatcherServlet - Completed 404 NOT_FOUND
2026-08-31 08:12:51.156 DEBUG o.s.web.servlet.DispatcherServlet - GET "/api/v1/palette/allOccupiedByRowId/41", parameters={}
2026-08-31 08:12:51.157 DEBUG o.s.w.s.m.m.a.RequestMappingHandlerMapping - Mapped to org.code_studio.controller.PaletteController#allOccupiedByRowId(Integer)
2026-08-31 08:12:51.162 DEBUG o.s.w.s.m.m.a.HttpEntityMethodProcessor - Using 'application/json', given [*/*] and supported [application/json, application/*+json, application/yaml]
2026-08-31 08:12:51.163 TRACE o.s.w.s.m.m.a.HttpEntityMethodProcessor - Writing [{status=404, message=No data, data=null}]
2026-08-31 08:12:51.165 DEBUG o.s.web.servlet.DispatcherServlet - Completed 404 NOT_FOUND
2026-08-31 08:12:51.183 DEBUG o.s.web.servlet.DispatcherServlet - GET "/api/v1/palette/allOccupiedByRowId/42", parameters={}
2026-08-31 08:12:51.184 DEBUG o.s.w.s.m.m.a.RequestMappingHandlerMapping - Mapped to org.code_studio.controller.PaletteController#allOccupiedByRowId(Integer)
2026-08-31 08:12:51.187 DEBUG o.s.w.s.m.m.a.HttpEntityMethodProcessor - Using 'application/json', given [*/*] and supported [application/json, application/*+json, application/yaml]
2026-08-31 08:12:51.188 TRACE o.s.w.s.m.m.a.HttpEntityMethodProcessor - Writing [{status=404, message=No data, data=null}]
2026-08-31 08:12:51.191 DEBUG o.s.web.servlet.DispatcherServlet - Completed 404 NOT_FOUND
2026-08-31 08:12:51.199 DEBUG o.s.web.servlet.DispatcherServlet - GET "/api/v1/palette/allOccupiedByRowId/31", parameters={}
2026-08-31 08:12:51.200 DEBUG o.s.w.s.m.m.a.RequestMappingHandlerMapping - Mapped to org.code_studio.controller.PaletteController#allOccupiedByRowId(Integer)
2026-08-31 08:12:51.203 DEBUG o.s.w.s.m.m.a.HttpEntityMethodProcessor - Using 'application/json', given [*/*] and supported [application/json, application/*+json, application/yaml]
2026-08-31 08:12:51.204 TRACE o.s.w.s.m.m.a.HttpEntityMethodProcessor - Writing [{status=404, message=No data, data=null}]
2026-08-31 08:12:51.204 DEBUG o.s.web.servlet.DispatcherServlet - Completed 404 NOT_FOUND
2026-08-31 08:12:51.212 DEBUG o.s.web.servlet.DispatcherServlet - GET "/api/v1/palette/allOccupiedByRowId/32", parameters={}
2026-08-31 08:12:51.213 DEBUG o.s.w.s.m.m.a.RequestMappingHandlerMapping - Mapped to org.code_studio.controller.PaletteController#allOccupiedByRowId(Integer)
2026-08-31 08:12:51.217 DEBUG o.s.w.s.m.m.a.HttpEntityMethodProcessor - Using 'application/json', given [*/*] and supported [application/json, application/*+json, application/yaml]
2026-08-31 08:12:51.217 TRACE o.s.w.s.m.m.a.HttpEntityMethodProcessor - Writing [{status=404, message=No data, data=null}]
2026-08-31 08:12:51.218 DEBUG o.s.web.servlet.DispatcherServlet - Completed 404 NOT_FOUND
2026-08-31 08:12:51.224 DEBUG o.s.web.servlet.DispatcherServlet - GET "/api/v1/palette/allOccupiedByRowId/21", parameters={}
2026-08-31 08:12:51.225 DEBUG o.s.w.s.m.m.a.RequestMappingHandlerMapping - Mapped to org.code_studio.controller.PaletteController#allOccupiedByRowId(Integer)
2026-08-31 08:12:51.228 DEBUG o.s.w.s.m.m.a.HttpEntityMethodProcessor - Using 'application/json', given [*/*] and supported [application/json, application/*+json, application/yaml]
2026-08-31 08:12:51.229 TRACE o.s.w.s.m.m.a.HttpEntityMethodProcessor - Writing [{status=404, message=No data, data=null}]
2026-08-31 08:12:51.229 DEBUG o.s.web.servlet.DispatcherServlet - Completed 404 NOT_FOUND
2026-08-31 08:12:51.236 DEBUG o.s.web.servlet.DispatcherServlet - GET "/api/v1/palette/allOccupiedByRowId/22", parameters={}
2026-08-31 08:12:51.238 DEBUG o.s.w.s.m.m.a.RequestMappingHandlerMapping - Mapped to org.code_studio.controller.PaletteController#allOccupiedByRowId(Integer)
2026-08-31 08:12:51.242 DEBUG o.s.w.s.m.m.a.HttpEntityMethodProcessor - Using 'application/json', given [*/*] and supported [application/json, application/*+json, application/yaml]
2026-08-31 08:12:51.242 TRACE o.s.w.s.m.m.a.HttpEntityMethodProcessor - Writing [{status=404, message=No data, data=null}]
2026-08-31 08:12:51.243 DEBUG o.s.web.servlet.DispatcherServlet - Completed 404 NOT_FOUND
2026-08-31 08:12:51.252 DEBUG o.s.web.servlet.DispatcherServlet - GET "/api/v1/palette/allOccupiedByRowId/11", parameters={}
2026-08-31 08:12:51.253 DEBUG o.s.w.s.m.m.a.RequestMappingHandlerMapping - Mapped to org.code_studio.controller.PaletteController#allOccupiedByRowId(Integer)
2026-08-31 08:12:51.265 DEBUG o.s.w.s.m.m.a.HttpEntityMethodProcessor - Using 'application/json', given [*/*] and supported [application/json, application/*+json, application/yaml]
2026-08-31 08:12:51.265 TRACE o.s.w.s.m.m.a.HttpEntityMethodProcessor - Writing [{status=200, message=null, data=[org.code_studio.database.Palette@1e903577, org.code_studio.database.Palette@2ad9596c, org.code_studio.database.Palette@4e037b6b, org.code_studio.database.Palette@442bddc4, org.code_studio.database.Palette@7e53dea8, org.code_studio.database.Palette@f2e905d, org.code_studio.database.Palette@35e811d8, org.code_studio.database.Palette@56000b5a, org.code_studio.database.Palette@703f761, org.code_studio.database.Palette@429d97a5, org.code_studio.database.Palette@2aacb19d, org.code_studio.database.Palette@188aad00, org.code_studio.database.Palette@2be304d, org.code_studio.database.Palette@58a4bb38, org.code_studio.database.Palette@6cfc4f34, org.code_studio.database.Palette@5b0cac4b, org.code_studio.database.Palette@5374b319, org.code_studio.database.Palette@2e1dbdee, org.code_studio.database.Palette@7b48e822, org.code_studio.database.Palette@41675a9f, org.code_studio.database.Palette@63e93346, org.code_studio.database.Palette@29e91871, org.code_studio.database.Palette@3a1e9917, org.code_studio.database.Palette@13652f1, org.code_studio.database.Palette@601c8640, org.code_studio.database.Palette@5cdcad92, org.code_studio.database.Palette@555a6193, org.code_studio.database.Palette@75de2086, org.code_studio.database.Palette@2432656b, org.code_studio.database.Palette@516fffc2, org.code_studio.database.Palette@5265ebeb, org.code_studio.database.Palette@20c86f89, org.code_studio.database.Palette@2a147afd, org.code_studio.database.Palette@9367815, org.code_studio.database.Palette@242a872f, org.code_studio.database.Palette@406297b0, org.code_studio.database.Palette@1bd5b255, org.code_studio.database.Palette@408e1a96, org.code_studio.database.Palette@2f8fbedf, org.code_studio.database.Palette@25df11cd, org.code_studio.database.Palette@1961d031, org.code_studio.database.Palette@7e781b4b, org.code_studio.database.Palette@756fb291, org.code_studio.database.Palette@49b9b4ee, org.code_studio.database.Palette@63459271, org.code_studio.database.Palette@3aff75b6, org.code_studio.database.Palette@358a9776, org.code_studio.database.Palette@2190491f]}]
2026-08-31 08:12:51.525 DEBUG o.s.web.servlet.DispatcherServlet - Completed 200 OK
2026-08-31 08:12:51.558 DEBUG o.s.web.servlet.DispatcherServlet - GET "/api/v1/palette/allOccupiedByRowId/12", parameters={}
2026-08-31 08:12:51.559 DEBUG o.s.w.s.m.m.a.RequestMappingHandlerMapping - Mapped to org.code_studio.controller.PaletteController#allOccupiedByRowId(Integer)
2026-08-31 08:12:51.579 DEBUG o.s.w.s.m.m.a.HttpEntityMethodProcessor - Using 'application/json', given [*/*] and supported [application/json, application/*+json, application/yaml]
2026-08-31 08:12:51.579 TRACE o.s.w.s.m.m.a.HttpEntityMethodProcessor - Writing [{status=200, message=null, data=[org.code_studio.database.Palette@7f054923, org.code_studio.database.Palette@1c6e8fe9, org.code_studio.database.Palette@34a14afa, org.code_studio.database.Palette@789f660e, org.code_studio.database.Palette@6511589a, org.code_studio.database.Palette@436fc0c6]}]
2026-08-31 08:12:51.664 DEBUG o.s.web.servlet.DispatcherServlet - Completed 200 OK
2026-08-31 08:12:51.676 DEBUG o.s.web.servlet.DispatcherServlet - GET "/api/v1/palette/countTotalStoredFreeByRowId/81", parameters={}
2026-08-31 08:12:51.677 DEBUG o.s.w.s.m.m.a.RequestMappingHandlerMapping - Mapped to org.code_studio.controller.PaletteController#countTotalStoredFreeByRowId(Integer)
2026-08-31 08:12:51.682 DEBUG o.s.w.s.m.m.a.HttpEntityMethodProcessor - Using 'application/json', given [*/*] and supported [application/json, application/*+json, application/yaml]
2026-08-31 08:12:51.682 TRACE o.s.w.s.m.m.a.HttpEntityMethodProcessor - Writing [{status=200, message=null, data=[714, 1, 713]}]
2026-08-31 08:12:51.683 DEBUG o.s.web.servlet.DispatcherServlet - Completed 200 OK
2026-08-31 08:12:51.691 DEBUG o.s.web.servlet.DispatcherServlet - GET "/api/v1/palette/countTotalStoredFreeByRowId/82", parameters={}
2026-08-31 08:12:51.693 DEBUG o.s.w.s.m.m.a.RequestMappingHandlerMapping - Mapped to org.code_studio.controller.PaletteController#countTotalStoredFreeByRowId(Integer)
2026-08-31 08:12:51.697 DEBUG o.s.w.s.m.m.a.HttpEntityMethodProcessor - Using 'application/json', given [*/*] and supported [application/json, application/*+json, application/yaml]
2026-08-31 08:12:51.698 TRACE o.s.w.s.m.m.a.HttpEntityMethodProcessor - Writing [{status=200, message=null, data=[714, 0, 714]}]
2026-08-31 08:12:51.699 DEBUG o.s.web.servlet.DispatcherServlet - Completed 200 OK
2026-08-31 08:12:51.724 DEBUG o.s.web.servlet.DispatcherServlet - GET "/api/v1/palette/countTotalStoredFreeByRowId/71", parameters={}
2026-08-31 08:12:51.726 DEBUG o.s.w.s.m.m.a.RequestMappingHandlerMapping - Mapped to org.code_studio.controller.PaletteController#countTotalStoredFreeByRowId(Integer)
2026-08-31 08:12:51.740 DEBUG o.s.w.s.m.m.a.HttpEntityMethodProcessor - Using 'application/json', given [*/*] and supported [application/json, application/*+json, application/yaml]
2026-08-31 08:12:51.740 TRACE o.s.w.s.m.m.a.HttpEntityMethodProcessor - Writing [{status=200, message=null, data=[714, 0, 714]}]
2026-08-31 08:12:51.741 DEBUG o.s.web.servlet.DispatcherServlet - Completed 200 OK
2026-08-31 08:12:51.800 DEBUG o.s.web.servlet.DispatcherServlet - GET "/api/v1/palette/countTotalStoredFreeByRowId/72", parameters={}
2026-08-31 08:12:51.802 DEBUG o.s.w.s.m.m.a.RequestMappingHandlerMapping - Mapped to org.code_studio.controller.PaletteController#countTotalStoredFreeByRowId(Integer)
2026-08-31 08:12:51.813 DEBUG o.s.w.s.m.m.a.HttpEntityMethodProcessor - Using 'application/json', given [*/*] and supported [application/json, application/*+json, application/yaml]
2026-08-31 08:12:51.814 TRACE o.s.w.s.m.m.a.HttpEntityMethodProcessor - Writing [{status=200, message=null, data=[714, 0, 714]}]
2026-08-31 08:12:51.814 DEBUG o.s.web.servlet.DispatcherServlet - Completed 200 OK
2026-08-31 08:12:51.879 DEBUG o.s.web.servlet.DispatcherServlet - GET "/api/v1/palette/countTotalStoredFreeByRowId/61", parameters={}
2026-08-31 08:12:51.880 DEBUG o.s.w.s.m.m.a.RequestMappingHandlerMapping - Mapped to org.code_studio.controller.PaletteController#countTotalStoredFreeByRowId(Integer)
2026-08-31 08:12:51.888 DEBUG o.s.w.s.m.m.a.HttpEntityMethodProcessor - Using 'application/json', given [*/*] and supported [application/json, application/*+json, application/yaml]
2026-08-31 08:12:51.888 TRACE o.s.w.s.m.m.a.HttpEntityMethodProcessor - Writing [{status=200, message=null, data=[714, 0, 714]}]
2026-08-31 08:12:51.890 DEBUG o.s.web.servlet.DispatcherServlet - Completed 200 OK
2026-08-31 08:12:51.914 DEBUG o.s.web.servlet.DispatcherServlet - GET "/api/v1/palette/countTotalStoredFreeByRowId/62", parameters={}
2026-08-31 08:12:51.918 DEBUG o.s.w.s.m.m.a.RequestMappingHandlerMapping - Mapped to org.code_studio.controller.PaletteController#countTotalStoredFreeByRowId(Integer)
2026-08-31 08:12:51.934 DEBUG o.s.w.s.m.m.a.HttpEntityMethodProcessor - Using 'application/json', given [*/*] and supported [application/json, application/*+json, application/yaml]
2026-08-31 08:12:51.934 TRACE o.s.w.s.m.m.a.HttpEntityMethodProcessor - Writing [{status=200, message=null, data=[714, 0, 714]}]
2026-08-31 08:12:51.935 DEBUG o.s.web.servlet.DispatcherServlet - Completed 200 OK
2026-08-31 08:12:51.956 DEBUG o.s.web.servlet.DispatcherServlet - GET "/api/v1/palette/countTotalStoredFreeByRowId/51", parameters={}
2026-08-31 08:12:51.958 DEBUG o.s.w.s.m.m.a.RequestMappingHandlerMapping - Mapped to org.code_studio.controller.PaletteController#countTotalStoredFreeByRowId(Integer)
2026-08-31 08:12:51.973 DEBUG o.s.w.s.m.m.a.HttpEntityMethodProcessor - Using 'application/json', given [*/*] and supported [application/json, application/*+json, application/yaml]
2026-08-31 08:12:51.973 TRACE o.s.w.s.m.m.a.HttpEntityMethodProcessor - Writing [{status=200, message=null, data=[714, 0, 714]}]
2026-08-31 08:12:52.007 DEBUG o.s.web.servlet.DispatcherServlet - Completed 200 OK
2026-08-31 08:12:52.081 DEBUG o.s.web.servlet.DispatcherServlet - GET "/api/v1/palette/countTotalStoredFreeByRowId/52", parameters={}
2026-08-31 08:12:52.082 DEBUG o.s.w.s.m.m.a.RequestMappingHandlerMapping - Mapped to org.code_studio.controller.PaletteController#countTotalStoredFreeByRowId(Integer)
2026-08-31 08:12:52.091 DEBUG o.s.w.s.m.m.a.HttpEntityMethodProcessor - Using 'application/json', given [*/*] and supported [application/json, application/*+json, application/yaml]
2026-08-31 08:12:52.091 TRACE o.s.w.s.m.m.a.HttpEntityMethodProcessor - Writing [{status=200, message=null, data=[714, 0, 714]}]
2026-08-31 08:12:52.092 DEBUG o.s.web.servlet.DispatcherServlet - Completed 200 OK
2026-08-31 08:12:52.114 DEBUG o.s.web.servlet.DispatcherServlet - GET "/api/v1/palette/countTotalStoredFreeByRowId/41", parameters={}
2026-08-31 08:12:52.116 DEBUG o.s.w.s.m.m.a.RequestMappingHandlerMapping - Mapped to org.code_studio.controller.PaletteController#countTotalStoredFreeByRowId(Integer)
2026-08-31 08:12:52.124 DEBUG o.s.w.s.m.m.a.HttpEntityMethodProcessor - Using 'application/json', given [*/*] and supported [application/json, application/*+json, application/yaml]
2026-08-31 08:12:52.124 TRACE o.s.w.s.m.m.a.HttpEntityMethodProcessor - Writing [{status=200, message=null, data=[714, 0, 714]}]
2026-08-31 08:12:52.126 DEBUG o.s.web.servlet.DispatcherServlet - Completed 200 OK
2026-08-31 08:12:52.140 DEBUG o.s.web.servlet.DispatcherServlet - GET "/api/v1/palette/countTotalStoredFreeByRowId/42", parameters={}
2026-08-31 08:12:52.141 DEBUG o.s.w.s.m.m.a.RequestMappingHandlerMapping - Mapped to org.code_studio.controller.PaletteController#countTotalStoredFreeByRowId(Integer)
2026-08-31 08:12:52.153 DEBUG o.s.w.s.m.m.a.HttpEntityMethodProcessor - Using 'application/json', given [*/*] and supported [application/json, application/*+json, application/yaml]
2026-08-31 08:12:52.153 TRACE o.s.w.s.m.m.a.HttpEntityMethodProcessor - Writing [{status=200, message=null, data=[714, 0, 714]}]
2026-08-31 08:12:52.156 DEBUG o.s.web.servlet.DispatcherServlet - Completed 200 OK
2026-08-31 08:12:52.168 DEBUG o.s.web.servlet.DispatcherServlet - GET "/api/v1/palette/countTotalStoredFreeByRowId/31", parameters={}
2026-08-31 08:12:52.172 DEBUG o.s.w.s.m.m.a.RequestMappingHandlerMapping - Mapped to org.code_studio.controller.PaletteController#countTotalStoredFreeByRowId(Integer)
2026-08-31 08:12:52.183 DEBUG o.s.w.s.m.m.a.HttpEntityMethodProcessor - Using 'application/json', given [*/*] and supported [application/json, application/*+json, application/yaml]
2026-08-31 08:12:52.184 TRACE o.s.w.s.m.m.a.HttpEntityMethodProcessor - Writing [{status=200, message=null, data=[714, 0, 714]}]
2026-08-31 08:12:52.185 DEBUG o.s.web.servlet.DispatcherServlet - Completed 200 OK
2026-08-31 08:12:52.204 DEBUG o.s.web.servlet.DispatcherServlet - GET "/api/v1/palette/countTotalStoredFreeByRowId/32", parameters={}
2026-08-31 08:12:52.207 DEBUG o.s.w.s.m.m.a.RequestMappingHandlerMapping - Mapped to org.code_studio.controller.PaletteController#countTotalStoredFreeByRowId(Integer)
2026-08-31 08:12:52.218 DEBUG o.s.w.s.m.m.a.HttpEntityMethodProcessor - Using 'application/json', given [*/*] and supported [application/json, application/*+json, application/yaml]
2026-08-31 08:12:52.218 TRACE o.s.w.s.m.m.a.HttpEntityMethodProcessor - Writing [{status=200, message=null, data=[714, 0, 714]}]
2026-08-31 08:12:52.219 DEBUG o.s.web.servlet.DispatcherServlet - Completed 200 OK
2026-08-31 08:12:52.255 DEBUG o.s.web.servlet.DispatcherServlet - GET "/api/v1/palette/countTotalStoredFreeByRowId/21", parameters={}
2026-08-31 08:12:52.256 DEBUG o.s.w.s.m.m.a.RequestMappingHandlerMapping - Mapped to org.code_studio.controller.PaletteController#countTotalStoredFreeByRowId(Integer)
2026-08-31 08:12:52.262 DEBUG o.s.w.s.m.m.a.HttpEntityMethodProcessor - Using 'application/json', given [*/*] and supported [application/json, application/*+json, application/yaml]
2026-08-31 08:12:52.262 TRACE o.s.w.s.m.m.a.HttpEntityMethodProcessor - Writing [{status=200, message=null, data=[714, 0, 714]}]
2026-08-31 08:12:52.263 DEBUG o.s.web.servlet.DispatcherServlet - Completed 200 OK
2026-08-31 08:12:52.289 DEBUG o.s.web.servlet.DispatcherServlet - GET "/api/v1/palette/countTotalStoredFreeByRowId/22", parameters={}
2026-08-31 08:12:52.293 DEBUG o.s.w.s.m.m.a.RequestMappingHandlerMapping - Mapped to org.code_studio.controller.PaletteController#countTotalStoredFreeByRowId(Integer)
2026-08-31 08:12:52.299 DEBUG o.s.w.s.m.m.a.HttpEntityMethodProcessor - Using 'application/json', given [*/*] and supported [application/json, application/*+json, application/yaml]
2026-08-31 08:12:52.299 TRACE o.s.w.s.m.m.a.HttpEntityMethodProcessor - Writing [{status=200, message=null, data=[714, 0, 714]}]
2026-08-31 08:12:52.300 DEBUG o.s.web.servlet.DispatcherServlet - Completed 200 OK
2026-08-31 08:12:52.314 DEBUG o.s.web.servlet.DispatcherServlet - GET "/api/v1/palette/countTotalStoredFreeByRowId/11", parameters={}
2026-08-31 08:12:52.315 DEBUG o.s.w.s.m.m.a.RequestMappingHandlerMapping - Mapped to org.code_studio.controller.PaletteController#countTotalStoredFreeByRowId(Integer)
2026-08-31 08:12:52.321 DEBUG o.s.w.s.m.m.a.HttpEntityMethodProcessor - Using 'application/json', given [*/*] and supported [application/json, application/*+json, application/yaml]
2026-08-31 08:12:52.321 TRACE o.s.w.s.m.m.a.HttpEntityMethodProcessor - Writing [{status=200, message=null, data=[714, 48, 666]}]
2026-08-31 08:12:52.324 DEBUG o.s.web.servlet.DispatcherServlet - Completed 200 OK
2026-08-31 08:12:52.346 DEBUG o.s.web.servlet.DispatcherServlet - GET "/api/v1/palette/countTotalStoredFreeByRowId/12", parameters={}
2026-08-31 08:12:52.347 DEBUG o.s.w.s.m.m.a.RequestMappingHandlerMapping - Mapped to org.code_studio.controller.PaletteController#countTotalStoredFreeByRowId(Integer)
2026-08-31 08:12:52.357 DEBUG o.s.w.s.m.m.a.HttpEntityMethodProcessor - Using 'application/json', given [*/*] and supported [application/json, application/*+json, application/yaml]
2026-08-31 08:12:52.357 TRACE o.s.w.s.m.m.a.HttpEntityMethodProcessor - Writing [{status=200, message=null, data=[714, 6, 708]}]
2026-08-31 08:12:52.358 DEBUG o.s.web.servlet.DispatcherServlet - Completed 200 OK
2026-08-31 08:12:54.262 DEBUG o.s.web.servlet.DispatcherServlet - GET "/api/v1/palette/allOccupiedByRowId/81", parameters={}
2026-08-31 08:12:54.263 DEBUG o.s.w.s.m.m.a.RequestMappingHandlerMapping - Mapped to org.code_studio.controller.PaletteController#allOccupiedByRowId(Integer)
2026-08-31 08:12:54.269 DEBUG o.s.w.s.m.m.a.HttpEntityMethodProcessor - Using 'application/json', given [*/*] and supported [application/json, application/*+json, application/yaml]
2026-08-31 08:12:54.269 TRACE o.s.w.s.m.m.a.HttpEntityMethodProcessor - Writing [{status=200, message=null, data=[org.code_studio.database.Palette@5efc2ef5]}]
2026-08-31 08:12:54.285 DEBUG o.s.web.servlet.DispatcherServlet - Completed 200 OK
2026-08-31 08:12:54.294 DEBUG o.s.web.servlet.DispatcherServlet - GET "/api/v1/palette/countTotalStoredFreeByRowId/81", parameters={}
2026-08-31 08:12:54.296 DEBUG o.s.w.s.m.m.a.RequestMappingHandlerMapping - Mapped to org.code_studio.controller.PaletteController#countTotalStoredFreeByRowId(Integer)
2026-08-31 08:12:54.299 DEBUG o.s.w.s.m.m.a.HttpEntityMethodProcessor - Using 'application/json', given [*/*] and supported [application/json, application/*+json, application/yaml]
2026-08-31 08:12:54.299 TRACE o.s.w.s.m.m.a.HttpEntityMethodProcessor - Writing [{status=200, message=null, data=[714, 1, 713]}]
2026-08-31 08:12:54.300 DEBUG o.s.web.servlet.DispatcherServlet - Completed 200 OK
2026-08-31 08:14:01.685 DEBUG o.s.web.servlet.DispatcherServlet - GET "/api/v1/palette/setOccupied/0800102", parameters={}
2026-08-31 08:14:01.686 DEBUG o.s.w.s.m.m.a.RequestMappingHandlerMapping - Mapped to org.code_studio.controller.PaletteController#setOccupied(String)
2026-08-31 08:14:01.702 DEBUG o.s.w.s.m.m.a.HttpEntityMethodProcessor - Using 'application/json', given [*/*] and supported [application/json, application/*+json, application/yaml]
2026-08-31 08:14:01.702 TRACE o.s.w.s.m.m.a.HttpEntityMethodProcessor - Writing [{status=200, message=null, data=[org.code_studio.database.StoredProcedureResult@4b6fbc65]}]
2026-08-31 08:14:01.703 DEBUG o.s.web.servlet.DispatcherServlet - Completed 200 OK
2026-08-31 08:14:01.712 DEBUG o.s.web.servlet.DispatcherServlet - GET "/api/v1/palette/countTotalStoredFreeByRowId/81", parameters={}
2026-08-31 08:14:01.714 DEBUG o.s.w.s.m.m.a.RequestMappingHandlerMapping - Mapped to org.code_studio.controller.PaletteController#countTotalStoredFreeByRowId(Integer)
2026-08-31 08:14:01.719 DEBUG o.s.w.s.m.m.a.HttpEntityMethodProcessor - Using 'application/json', given [*/*] and supported [application/json, application/*+json, application/yaml]
2026-08-31 08:14:01.719 TRACE o.s.w.s.m.m.a.HttpEntityMethodProcessor - Writing [{status=200, message=null, data=[714, 2, 712]}]
2026-08-31 08:14:01.720 DEBUG o.s.web.servlet.DispatcherServlet - Completed 200 OK
2026-08-31 08:14:07.611 DEBUG o.s.web.servlet.DispatcherServlet - GET "/api/v1/palette/allOccupiedByRowId/81", parameters={}
2026-08-31 08:14:07.613 DEBUG o.s.w.s.m.m.a.RequestMappingHandlerMapping - Mapped to org.code_studio.controller.PaletteController#allOccupiedByRowId(Integer)
2026-08-31 08:14:07.623 DEBUG o.s.w.s.m.m.a.HttpEntityMethodProcessor - Using 'application/json', given [*/*] and supported [application/json, application/*+json, application/yaml]
2026-08-31 08:14:07.623 TRACE o.s.w.s.m.m.a.HttpEntityMethodProcessor - Writing [{status=200, message=null, data=[org.code_studio.database.Palette@6d82b43f, org.code_studio.database.Palette@78760cba]}]
2026-08-31 08:14:07.647 DEBUG o.s.web.servlet.DispatcherServlet - Completed 200 OK
2026-08-31 08:14:07.713 DEBUG o.s.web.servlet.DispatcherServlet - GET "/api/v1/palette/allOccupiedByRowId/82", parameters={}
2026-08-31 08:14:07.715 DEBUG o.s.w.s.m.m.a.RequestMappingHandlerMapping - Mapped to org.code_studio.controller.PaletteController#allOccupiedByRowId(Integer)
2026-08-31 08:14:07.728 DEBUG o.s.w.s.m.m.a.HttpEntityMethodProcessor - Using 'application/json', given [*/*] and supported [application/json, application/*+json, application/yaml]
2026-08-31 08:14:07.729 TRACE o.s.w.s.m.m.a.HttpEntityMethodProcessor - Writing [{status=404, message=No data, data=null}]
2026-08-31 08:14:07.730 DEBUG o.s.web.servlet.DispatcherServlet - Completed 404 NOT_FOUND
2026-08-31 08:14:07.737 DEBUG o.s.web.servlet.DispatcherServlet - GET "/api/v1/palette/allOccupiedByRowId/71", parameters={}
2026-08-31 08:14:07.738 DEBUG o.s.w.s.m.m.a.RequestMappingHandlerMapping - Mapped to org.code_studio.controller.PaletteController#allOccupiedByRowId(Integer)
2026-08-31 08:14:07.746 DEBUG o.s.w.s.m.m.a.HttpEntityMethodProcessor - Using 'application/json', given [*/*] and supported [application/json, application/*+json, application/yaml]
2026-08-31 08:14:07.746 TRACE o.s.w.s.m.m.a.HttpEntityMethodProcessor - Writing [{status=404, message=No data, data=null}]
2026-08-31 08:14:07.747 DEBUG o.s.web.servlet.DispatcherServlet - Completed 404 NOT_FOUND
2026-08-31 08:14:07.753 DEBUG o.s.web.servlet.DispatcherServlet - GET "/api/v1/palette/allOccupiedByRowId/72", parameters={}
2026-08-31 08:14:07.753 DEBUG o.s.w.s.m.m.a.RequestMappingHandlerMapping - Mapped to org.code_studio.controller.PaletteController#allOccupiedByRowId(Integer)
2026-08-31 08:14:07.756 DEBUG o.s.w.s.m.m.a.HttpEntityMethodProcessor - Using 'application/json', given [*/*] and supported [application/json, application/*+json, application/yaml]
2026-08-31 08:14:07.756 TRACE o.s.w.s.m.m.a.HttpEntityMethodProcessor - Writing [{status=404, message=No data, data=null}]
2026-08-31 08:14:07.756 DEBUG o.s.web.servlet.DispatcherServlet - Completed 404 NOT_FOUND
2026-08-31 08:14:07.762 DEBUG o.s.web.servlet.DispatcherServlet - GET "/api/v1/palette/allOccupiedByRowId/61", parameters={}
2026-08-31 08:14:07.763 DEBUG o.s.w.s.m.m.a.RequestMappingHandlerMapping - Mapped to org.code_studio.controller.PaletteController#allOccupiedByRowId(Integer)
2026-08-31 08:14:07.765 DEBUG o.s.w.s.m.m.a.HttpEntityMethodProcessor - Using 'application/json', given [*/*] and supported [application/json, application/*+json, application/yaml]
2026-08-31 08:14:07.765 TRACE o.s.w.s.m.m.a.HttpEntityMethodProcessor - Writing [{status=404, message=No data, data=null}]
2026-08-31 08:14:07.766 DEBUG o.s.web.servlet.DispatcherServlet - Completed 404 NOT_FOUND
2026-08-31 08:14:07.771 DEBUG o.s.web.servlet.DispatcherServlet - GET "/api/v1/palette/allOccupiedByRowId/62", parameters={}
2026-08-31 08:14:07.771 DEBUG o.s.w.s.m.m.a.RequestMappingHandlerMapping - Mapped to org.code_studio.controller.PaletteController#allOccupiedByRowId(Integer)
2026-08-31 08:14:07.774 DEBUG o.s.w.s.m.m.a.HttpEntityMethodProcessor - Using 'application/json', given [*/*] and supported [application/json, application/*+json, application/yaml]
2026-08-31 08:14:07.775 TRACE o.s.w.s.m.m.a.HttpEntityMethodProcessor - Writing [{status=404, message=No data, data=null}]
2026-08-31 08:14:07.775 DEBUG o.s.web.servlet.DispatcherServlet - Completed 404 NOT_FOUND
2026-08-31 08:14:07.783 DEBUG o.s.web.servlet.DispatcherServlet - GET "/api/v1/palette/allOccupiedByRowId/51", parameters={}
2026-08-31 08:14:07.784 DEBUG o.s.w.s.m.m.a.RequestMappingHandlerMapping - Mapped to org.code_studio.controller.PaletteController#allOccupiedByRowId(Integer)
2026-08-31 08:14:07.787 DEBUG o.s.w.s.m.m.a.HttpEntityMethodProcessor - Using 'application/json', given [*/*] and supported [application/json, application/*+json, application/yaml]
2026-08-31 08:14:07.787 TRACE o.s.w.s.m.m.a.HttpEntityMethodProcessor - Writing [{status=404, message=No data, data=null}]
2026-08-31 08:14:07.788 DEBUG o.s.web.servlet.DispatcherServlet - Completed 404 NOT_FOUND
2026-08-31 08:14:07.793 DEBUG o.s.web.servlet.DispatcherServlet - GET "/api/v1/palette/allOccupiedByRowId/52", parameters={}
2026-08-31 08:14:07.794 DEBUG o.s.w.s.m.m.a.RequestMappingHandlerMapping - Mapped to org.code_studio.controller.PaletteController#allOccupiedByRowId(Integer)
2026-08-31 08:14:07.797 DEBUG o.s.w.s.m.m.a.HttpEntityMethodProcessor - Using 'application/json', given [*/*] and supported [application/json, application/*+json, application/yaml]
2026-08-31 08:14:07.797 TRACE o.s.w.s.m.m.a.HttpEntityMethodProcessor - Writing [{status=404, message=No data, data=null}]
2026-08-31 08:14:07.797 DEBUG o.s.web.servlet.DispatcherServlet - Completed 404 NOT_FOUND
2026-08-31 08:14:07.803 DEBUG o.s.web.servlet.DispatcherServlet - GET "/api/v1/palette/allOccupiedByRowId/41", parameters={}
2026-08-31 08:14:07.804 DEBUG o.s.w.s.m.m.a.RequestMappingHandlerMapping - Mapped to org.code_studio.controller.PaletteController#allOccupiedByRowId(Integer)
2026-08-31 08:14:07.807 DEBUG o.s.w.s.m.m.a.HttpEntityMethodProcessor - Using 'application/json', given [*/*] and supported [application/json, application/*+json, application/yaml]
2026-08-31 08:14:07.807 TRACE o.s.w.s.m.m.a.HttpEntityMethodProcessor - Writing [{status=404, message=No data, data=null}]
2026-08-31 08:14:07.808 DEBUG o.s.web.servlet.DispatcherServlet - Completed 404 NOT_FOUND
2026-08-31 08:14:07.814 DEBUG o.s.web.servlet.DispatcherServlet - GET "/api/v1/palette/allOccupiedByRowId/42", parameters={}
2026-08-31 08:14:07.815 DEBUG o.s.w.s.m.m.a.RequestMappingHandlerMapping - Mapped to org.code_studio.controller.PaletteController#allOccupiedByRowId(Integer)
2026-08-31 08:14:07.818 DEBUG o.s.w.s.m.m.a.HttpEntityMethodProcessor - Using 'application/json', given [*/*] and supported [application/json, application/*+json, application/yaml]
2026-08-31 08:14:07.818 TRACE o.s.w.s.m.m.a.HttpEntityMethodProcessor - Writing [{status=404, message=No data, data=null}]
2026-08-31 08:14:07.819 DEBUG o.s.web.servlet.DispatcherServlet - Completed 404 NOT_FOUND
2026-08-31 08:14:07.825 DEBUG o.s.web.servlet.DispatcherServlet - GET "/api/v1/palette/allOccupiedByRowId/31", parameters={}
2026-08-31 08:14:07.826 DEBUG o.s.w.s.m.m.a.RequestMappingHandlerMapping - Mapped to org.code_studio.controller.PaletteController#allOccupiedByRowId(Integer)
2026-08-31 08:14:07.831 DEBUG o.s.w.s.m.m.a.HttpEntityMethodProcessor - Using 'application/json', given [*/*] and supported [application/json, application/*+json, application/yaml]
2026-08-31 08:14:07.831 TRACE o.s.w.s.m.m.a.HttpEntityMethodProcessor - Writing [{status=404, message=No data, data=null}]
2026-08-31 08:14:07.831 DEBUG o.s.web.servlet.DispatcherServlet - Completed 404 NOT_FOUND
2026-08-31 08:14:07.836 DEBUG o.s.web.servlet.DispatcherServlet - GET "/api/v1/palette/allOccupiedByRowId/32", parameters={}
2026-08-31 08:14:07.837 DEBUG o.s.w.s.m.m.a.RequestMappingHandlerMapping - Mapped to org.code_studio.controller.PaletteController#allOccupiedByRowId(Integer)
2026-08-31 08:14:07.839 DEBUG o.s.w.s.m.m.a.HttpEntityMethodProcessor - Using 'application/json', given [*/*] and supported [application/json, application/*+json, application/yaml]
2026-08-31 08:14:07.840 TRACE o.s.w.s.m.m.a.HttpEntityMethodProcessor - Writing [{status=404, message=No data, data=null}]
2026-08-31 08:14:07.840 DEBUG o.s.web.servlet.DispatcherServlet - Completed 404 NOT_FOUND
2026-08-31 08:14:07.845 DEBUG o.s.web.servlet.DispatcherServlet - GET "/api/v1/palette/allOccupiedByRowId/21", parameters={}
2026-08-31 08:14:07.846 DEBUG o.s.w.s.m.m.a.RequestMappingHandlerMapping - Mapped to org.code_studio.controller.PaletteController#allOccupiedByRowId(Integer)
2026-08-31 08:14:07.849 DEBUG o.s.w.s.m.m.a.HttpEntityMethodProcessor - Using 'application/json', given [*/*] and supported [application/json, application/*+json, application/yaml]
2026-08-31 08:14:07.849 TRACE o.s.w.s.m.m.a.HttpEntityMethodProcessor - Writing [{status=404, message=No data, data=null}]
2026-08-31 08:14:07.850 DEBUG o.s.web.servlet.DispatcherServlet - Completed 404 NOT_FOUND
2026-08-31 08:14:07.854 DEBUG o.s.web.servlet.DispatcherServlet - GET "/api/v1/palette/allOccupiedByRowId/22", parameters={}
2026-08-31 08:14:07.855 DEBUG o.s.w.s.m.m.a.RequestMappingHandlerMapping - Mapped to org.code_studio.controller.PaletteController#allOccupiedByRowId(Integer)
2026-08-31 08:14:07.861 DEBUG o.s.w.s.m.m.a.HttpEntityMethodProcessor - Using 'application/json', given [*/*] and supported [application/json, application/*+json, application/yaml]
2026-08-31 08:14:07.861 TRACE o.s.w.s.m.m.a.HttpEntityMethodProcessor - Writing [{status=404, message=No data, data=null}]
2026-08-31 08:14:07.862 DEBUG o.s.web.servlet.DispatcherServlet - Completed 404 NOT_FOUND
2026-08-31 08:14:07.868 DEBUG o.s.web.servlet.DispatcherServlet - GET "/api/v1/palette/allOccupiedByRowId/11", parameters={}
2026-08-31 08:14:07.869 DEBUG o.s.w.s.m.m.a.RequestMappingHandlerMapping - Mapped to org.code_studio.controller.PaletteController#allOccupiedByRowId(Integer)
2026-08-31 08:14:07.948 DEBUG o.s.w.s.m.m.a.HttpEntityMethodProcessor - Using 'application/json', given [*/*] and supported [application/json, application/*+json, application/yaml]
2026-08-31 08:14:07.948 TRACE o.s.w.s.m.m.a.HttpEntityMethodProcessor - Writing [{status=200, message=null, data=[org.code_studio.database.Palette@13716a23, org.code_studio.database.Palette@76c3d653, org.code_studio.database.Palette@14217e1, org.code_studio.database.Palette@62219e52, org.code_studio.database.Palette@38c815ed, org.code_studio.database.Palette@190289b7, org.code_studio.database.Palette@6f26ed1d, org.code_studio.database.Palette@6f865701, org.code_studio.database.Palette@6fda30df, org.code_studio.database.Palette@7190ee66, org.code_studio.database.Palette@1b83585c, org.code_studio.database.Palette@5d806ffa, org.code_studio.database.Palette@77cdc5f8, org.code_studio.database.Palette@28416e6f, org.code_studio.database.Palette@2ebecb65, org.code_studio.database.Palette@7a3f9608, org.code_studio.database.Palette@3c8aaf05, org.code_studio.database.Palette@164b0e8f, org.code_studio.database.Palette@2616f23d, org.code_studio.database.Palette@6a8d4ecd, org.code_studio.database.Palette@5847d6a1, org.code_studio.database.Palette@1c99a9be, org.code_studio.database.Palette@398a7baf, org.code_studio.database.Palette@675c9454, org.code_studio.database.Palette@20b36e35, org.code_studio.database.Palette@5d12c6b9, org.code_studio.database.Palette@5d40a694, org.code_studio.database.Palette@30ddfb4e, org.code_studio.database.Palette@43967eae, org.code_studio.database.Palette@69e61474, org.code_studio.database.Palette@527ef729, org.code_studio.database.Palette@49edfd70, org.code_studio.database.Palette@5992f04a, org.code_studio.database.Palette@2685200b, org.code_studio.database.Palette@414854b0, org.code_studio.database.Palette@6b831396, org.code_studio.database.Palette@50ee23ff, org.code_studio.database.Palette@8b3420a, org.code_studio.database.Palette@7a37adf7, org.code_studio.database.Palette@6cd788e0, org.code_studio.database.Palette@4c2d3fb5, org.code_studio.database.Palette@53f56f0c, org.code_studio.database.Palette@6e336be2, org.code_studio.database.Palette@3e631680, org.code_studio.database.Palette@31eb8006, org.code_studio.database.Palette@659c3f05, org.code_studio.database.Palette@70e14e5e, org.code_studio.database.Palette@41a2a7ac]}]
2026-08-31 08:14:08.282 DEBUG o.s.web.servlet.DispatcherServlet - Completed 200 OK
2026-08-31 08:14:08.303 DEBUG o.s.web.servlet.DispatcherServlet - GET "/api/v1/palette/allOccupiedByRowId/12", parameters={}
2026-08-31 08:14:08.306 DEBUG o.s.w.s.m.m.a.RequestMappingHandlerMapping - Mapped to org.code_studio.controller.PaletteController#allOccupiedByRowId(Integer)
2026-08-31 08:14:08.328 DEBUG o.s.w.s.m.m.a.HttpEntityMethodProcessor - Using 'application/json', given [*/*] and supported [application/json, application/*+json, application/yaml]
2026-08-31 08:14:08.328 TRACE o.s.w.s.m.m.a.HttpEntityMethodProcessor - Writing [{status=200, message=null, data=[org.code_studio.database.Palette@6fc4fc61, org.code_studio.database.Palette@55686be9, org.code_studio.database.Palette@5e67a9ea, org.code_studio.database.Palette@4a28e53e, org.code_studio.database.Palette@7cfb7ba8, org.code_studio.database.Palette@62be654d]}]
2026-08-31 08:14:08.397 DEBUG o.s.web.servlet.DispatcherServlet - Completed 200 OK
2026-08-31 08:14:08.421 DEBUG o.s.web.servlet.DispatcherServlet - GET "/api/v1/palette/countTotalStoredFreeByRowId/81", parameters={}
2026-08-31 08:14:08.423 DEBUG o.s.w.s.m.m.a.RequestMappingHandlerMapping - Mapped to org.code_studio.controller.PaletteController#countTotalStoredFreeByRowId(Integer)
2026-08-31 08:14:08.430 DEBUG o.s.w.s.m.m.a.HttpEntityMethodProcessor - Using 'application/json', given [*/*] and supported [application/json, application/*+json, application/yaml]
2026-08-31 08:14:08.430 TRACE o.s.w.s.m.m.a.HttpEntityMethodProcessor - Writing [{status=200, message=null, data=[714, 2, 712]}]
2026-08-31 08:14:08.432 DEBUG o.s.web.servlet.DispatcherServlet - Completed 200 OK
2026-08-31 08:14:08.441 DEBUG o.s.web.servlet.DispatcherServlet - GET "/api/v1/palette/countTotalStoredFreeByRowId/82", parameters={}
2026-08-31 08:14:08.443 DEBUG o.s.w.s.m.m.a.RequestMappingHandlerMapping - Mapped to org.code_studio.controller.PaletteController#countTotalStoredFreeByRowId(Integer)
2026-08-31 08:14:08.486 DEBUG o.s.w.s.m.m.a.HttpEntityMethodProcessor - Using 'application/json', given [*/*] and supported [application/json, application/*+json, application/yaml]
2026-08-31 08:14:08.487 TRACE o.s.w.s.m.m.a.HttpEntityMethodProcessor - Writing [{status=200, message=null, data=[714, 0, 714]}]
2026-08-31 08:14:08.488 DEBUG o.s.web.servlet.DispatcherServlet - Completed 200 OK
2026-08-31 08:14:08.501 DEBUG o.s.web.servlet.DispatcherServlet - GET "/api/v1/palette/countTotalStoredFreeByRowId/71", parameters={}
2026-08-31 08:14:08.504 DEBUG o.s.w.s.m.m.a.RequestMappingHandlerMapping - Mapped to org.code_studio.controller.PaletteController#countTotalStoredFreeByRowId(Integer)
2026-08-31 08:14:08.534 DEBUG o.s.w.s.m.m.a.HttpEntityMethodProcessor - Using 'application/json', given [*/*] and supported [application/json, application/*+json, application/yaml]
2026-08-31 08:14:08.535 TRACE o.s.w.s.m.m.a.HttpEntityMethodProcessor - Writing [{status=200, message=null, data=[714, 0, 714]}]
2026-08-31 08:14:08.536 DEBUG o.s.web.servlet.DispatcherServlet - Completed 200 OK
2026-08-31 08:14:08.551 DEBUG o.s.web.servlet.DispatcherServlet - GET "/api/v1/palette/countTotalStoredFreeByRowId/72", parameters={}
2026-08-31 08:14:08.552 DEBUG o.s.w.s.m.m.a.RequestMappingHandlerMapping - Mapped to org.code_studio.controller.PaletteController#countTotalStoredFreeByRowId(Integer)
2026-08-31 08:14:08.588 DEBUG o.s.w.s.m.m.a.HttpEntityMethodProcessor - Using 'application/json', given [*/*] and supported [application/json, application/*+json, application/yaml]
2026-08-31 08:14:08.588 TRACE o.s.w.s.m.m.a.HttpEntityMethodProcessor - Writing [{status=200, message=null, data=[714, 0, 714]}]
2026-08-31 08:14:08.595 DEBUG o.s.web.servlet.DispatcherServlet - Completed 200 OK
2026-08-31 08:14:08.669 DEBUG o.s.web.servlet.DispatcherServlet - GET "/api/v1/palette/countTotalStoredFreeByRowId/61", parameters={}
2026-08-31 08:14:08.671 DEBUG o.s.w.s.m.m.a.RequestMappingHandlerMapping - Mapped to org.code_studio.controller.PaletteController#countTotalStoredFreeByRowId(Integer)
2026-08-31 08:14:08.683 DEBUG o.s.w.s.m.m.a.HttpEntityMethodProcessor - Using 'application/json', given [*/*] and supported [application/json, application/*+json, application/yaml]
2026-08-31 08:14:08.683 TRACE o.s.w.s.m.m.a.HttpEntityMethodProcessor - Writing [{status=200, message=null, data=[714, 0, 714]}]
2026-08-31 08:14:08.684 DEBUG o.s.web.servlet.DispatcherServlet - Completed 200 OK
2026-08-31 08:14:08.731 DEBUG o.s.web.servlet.DispatcherServlet - GET "/api/v1/palette/countTotalStoredFreeByRowId/62", parameters={}
2026-08-31 08:14:08.733 DEBUG o.s.w.s.m.m.a.RequestMappingHandlerMapping - Mapped to org.code_studio.controller.PaletteController#countTotalStoredFreeByRowId(Integer)
2026-08-31 08:14:08.782 DEBUG o.s.w.s.m.m.a.HttpEntityMethodProcessor - Using 'application/json', given [*/*] and supported [application/json, application/*+json, application/yaml]
2026-08-31 08:14:08.782 TRACE o.s.w.s.m.m.a.HttpEntityMethodProcessor - Writing [{status=200, message=null, data=[714, 0, 714]}]
2026-08-31 08:14:08.783 DEBUG o.s.web.servlet.DispatcherServlet - Completed 200 OK
2026-08-31 08:14:08.826 DEBUG o.s.web.servlet.DispatcherServlet - GET "/api/v1/palette/countTotalStoredFreeByRowId/51", parameters={}
2026-08-31 08:14:08.828 DEBUG o.s.w.s.m.m.a.RequestMappingHandlerMapping - Mapped to org.code_studio.controller.PaletteController#countTotalStoredFreeByRowId(Integer)
2026-08-31 08:14:08.838 DEBUG o.s.w.s.m.m.a.HttpEntityMethodProcessor - Using 'application/json', given [*/*] and supported [application/json, application/*+json, application/yaml]
2026-08-31 08:14:08.838 TRACE o.s.w.s.m.m.a.HttpEntityMethodProcessor - Writing [{status=200, message=null, data=[714, 0, 714]}]
2026-08-31 08:14:08.839 DEBUG o.s.web.servlet.DispatcherServlet - Completed 200 OK
2026-08-31 08:14:08.865 DEBUG o.s.web.servlet.DispatcherServlet - GET "/api/v1/palette/countTotalStoredFreeByRowId/52", parameters={}
2026-08-31 08:14:08.871 DEBUG o.s.w.s.m.m.a.RequestMappingHandlerMapping - Mapped to org.code_studio.controller.PaletteController#countTotalStoredFreeByRowId(Integer)
2026-08-31 08:14:08.880 DEBUG o.s.w.s.m.m.a.HttpEntityMethodProcessor - Using 'application/json', given [*/*] and supported [application/json, application/*+json, application/yaml]
2026-08-31 08:14:08.880 TRACE o.s.w.s.m.m.a.HttpEntityMethodProcessor - Writing [{status=200, message=null, data=[714, 0, 714]}]
2026-08-31 08:14:08.881 DEBUG o.s.web.servlet.DispatcherServlet - Completed 200 OK
2026-08-31 08:14:08.908 DEBUG o.s.web.servlet.DispatcherServlet - GET "/api/v1/palette/countTotalStoredFreeByRowId/41", parameters={}
2026-08-31 08:14:08.910 DEBUG o.s.w.s.m.m.a.RequestMappingHandlerMapping - Mapped to org.code_studio.controller.PaletteController#countTotalStoredFreeByRowId(Integer)
2026-08-31 08:14:08.923 DEBUG o.s.w.s.m.m.a.HttpEntityMethodProcessor - Using 'application/json', given [*/*] and supported [application/json, application/*+json, application/yaml]
2026-08-31 08:14:08.923 TRACE o.s.w.s.m.m.a.HttpEntityMethodProcessor - Writing [{status=200, message=null, data=[714, 0, 714]}]
2026-08-31 08:14:08.928 DEBUG o.s.web.servlet.DispatcherServlet - Completed 200 OK
2026-08-31 08:14:08.956 DEBUG o.s.web.servlet.DispatcherServlet - GET "/api/v1/palette/countTotalStoredFreeByRowId/42", parameters={}
2026-08-31 08:14:08.957 DEBUG o.s.w.s.m.m.a.RequestMappingHandlerMapping - Mapped to org.code_studio.controller.PaletteController#countTotalStoredFreeByRowId(Integer)
2026-08-31 08:14:08.975 DEBUG o.s.w.s.m.m.a.HttpEntityMethodProcessor - Using 'application/json', given [*/*] and supported [application/json, application/*+json, application/yaml]
2026-08-31 08:14:08.977 TRACE o.s.w.s.m.m.a.HttpEntityMethodProcessor - Writing [{status=200, message=null, data=[714, 0, 714]}]
2026-08-31 08:14:08.981 DEBUG o.s.web.servlet.DispatcherServlet - Completed 200 OK
2026-08-31 08:14:09.004 DEBUG o.s.web.servlet.DispatcherServlet - GET "/api/v1/palette/countTotalStoredFreeByRowId/31", parameters={}
2026-08-31 08:14:09.005 DEBUG o.s.w.s.m.m.a.RequestMappingHandlerMapping - Mapped to org.code_studio.controller.PaletteController#countTotalStoredFreeByRowId(Integer)
2026-08-31 08:14:09.074 DEBUG o.s.w.s.m.m.a.HttpEntityMethodProcessor - Using 'application/json', given [*/*] and supported [application/json, application/*+json, application/yaml]
2026-08-31 08:14:09.074 TRACE o.s.w.s.m.m.a.HttpEntityMethodProcessor - Writing [{status=200, message=null, data=[714, 0, 714]}]
2026-08-31 08:14:09.081 DEBUG o.s.web.servlet.DispatcherServlet - Completed 200 OK
2026-08-31 08:14:09.097 DEBUG o.s.web.servlet.DispatcherServlet - GET "/api/v1/palette/countTotalStoredFreeByRowId/32", parameters={}
2026-08-31 08:14:09.102 DEBUG o.s.w.s.m.m.a.RequestMappingHandlerMapping - Mapped to org.code_studio.controller.PaletteController#countTotalStoredFreeByRowId(Integer)
2026-08-31 08:14:09.148 DEBUG o.s.w.s.m.m.a.HttpEntityMethodProcessor - Using 'application/json', given [*/*] and supported [application/json, application/*+json, application/yaml]
2026-08-31 08:14:09.149 TRACE o.s.w.s.m.m.a.HttpEntityMethodProcessor - Writing [{status=200, message=null, data=[714, 0, 714]}]
2026-08-31 08:14:09.151 DEBUG o.s.web.servlet.DispatcherServlet - Completed 200 OK
2026-08-31 08:14:09.161 DEBUG o.s.web.servlet.DispatcherServlet - GET "/api/v1/palette/countTotalStoredFreeByRowId/21", parameters={}
2026-08-31 08:14:09.165 DEBUG o.s.w.s.m.m.a.RequestMappingHandlerMapping - Mapped to org.code_studio.controller.PaletteController#countTotalStoredFreeByRowId(Integer)
2026-08-31 08:14:09.265 DEBUG o.s.w.s.m.m.a.HttpEntityMethodProcessor - Using 'application/json', given [*/*] and supported [application/json, application/*+json, application/yaml]
2026-08-31 08:14:09.266 TRACE o.s.w.s.m.m.a.HttpEntityMethodProcessor - Writing [{status=200, message=null, data=[714, 0, 714]}]
2026-08-31 08:14:09.271 DEBUG o.s.web.servlet.DispatcherServlet - Completed 200 OK
2026-08-31 08:14:09.286 DEBUG o.s.web.servlet.DispatcherServlet - GET "/api/v1/palette/countTotalStoredFreeByRowId/22", parameters={}
2026-08-31 08:14:09.292 DEBUG o.s.w.s.m.m.a.RequestMappingHandlerMapping - Mapped to org.code_studio.controller.PaletteController#countTotalStoredFreeByRowId(Integer)
2026-08-31 08:14:09.340 DEBUG o.s.w.s.m.m.a.HttpEntityMethodProcessor - Using 'application/json', given [*/*] and supported [application/json, application/*+json, application/yaml]
2026-08-31 08:14:09.340 TRACE o.s.w.s.m.m.a.HttpEntityMethodProcessor - Writing [{status=200, message=null, data=[714, 0, 714]}]
2026-08-31 08:14:09.342 DEBUG o.s.web.servlet.DispatcherServlet - Completed 200 OK
2026-08-31 08:14:09.389 DEBUG o.s.web.servlet.DispatcherServlet - GET "/api/v1/palette/countTotalStoredFreeByRowId/11", parameters={}
2026-08-31 08:14:09.404 DEBUG o.s.w.s.m.m.a.RequestMappingHandlerMapping - Mapped to org.code_studio.controller.PaletteController#countTotalStoredFreeByRowId(Integer)
2026-08-31 08:14:09.653 DEBUG o.s.w.s.m.m.a.HttpEntityMethodProcessor - Using 'application/json', given [*/*] and supported [application/json, application/*+json, application/yaml]
2026-08-31 08:14:09.653 TRACE o.s.w.s.m.m.a.HttpEntityMethodProcessor - Writing [{status=200, message=null, data=[714, 48, 666]}]
2026-08-31 08:14:09.655 DEBUG o.s.web.servlet.DispatcherServlet - Completed 200 OK
2026-08-31 08:14:09.694 DEBUG o.s.web.servlet.DispatcherServlet - GET "/api/v1/palette/countTotalStoredFreeByRowId/12", parameters={}
2026-08-31 08:14:09.701 DEBUG o.s.w.s.m.m.a.RequestMappingHandlerMapping - Mapped to org.code_studio.controller.PaletteController#countTotalStoredFreeByRowId(Integer)
2026-08-31 08:14:09.769 DEBUG o.s.w.s.m.m.a.HttpEntityMethodProcessor - Using 'application/json', given [*/*] and supported [application/json, application/*+json, application/yaml]
2026-08-31 08:14:09.770 TRACE o.s.w.s.m.m.a.HttpEntityMethodProcessor - Writing [{status=200, message=null, data=[714, 6, 708]}]
2026-08-31 08:14:09.773 DEBUG o.s.web.servlet.DispatcherServlet - Completed 200 OK
2026-08-31 08:14:11.838 DEBUG o.s.web.servlet.DispatcherServlet - GET "/api/v1/palette/allOccupiedByRowId/81", parameters={}
2026-08-31 08:14:11.841 DEBUG o.s.w.s.m.m.a.RequestMappingHandlerMapping - Mapped to org.code_studio.controller.PaletteController#allOccupiedByRowId(Integer)
2026-08-31 08:14:11.853 DEBUG o.s.w.s.m.m.a.HttpEntityMethodProcessor - Using 'application/json', given [*/*] and supported [application/json, application/*+json, application/yaml]
2026-08-31 08:14:11.853 TRACE o.s.w.s.m.m.a.HttpEntityMethodProcessor - Writing [{status=200, message=null, data=[org.code_studio.database.Palette@757e820c, org.code_studio.database.Palette@2a291b7f]}]
2026-08-31 08:14:11.889 DEBUG o.s.web.servlet.DispatcherServlet - Completed 200 OK
2026-08-31 08:14:11.898 DEBUG o.s.web.servlet.DispatcherServlet - GET "/api/v1/palette/countTotalStoredFreeByRowId/81", parameters={}
2026-08-31 08:14:11.900 DEBUG o.s.w.s.m.m.a.RequestMappingHandlerMapping - Mapped to org.code_studio.controller.PaletteController#countTotalStoredFreeByRowId(Integer)
2026-08-31 08:14:11.904 DEBUG o.s.w.s.m.m.a.HttpEntityMethodProcessor - Using 'application/json', given [*/*] and supported [application/json, application/*+json, application/yaml]
2026-08-31 08:14:11.905 TRACE o.s.w.s.m.m.a.HttpEntityMethodProcessor - Writing [{status=200, message=null, data=[714, 2, 712]}]
2026-08-31 08:14:11.906 DEBUG o.s.web.servlet.DispatcherServlet - Completed 200 OK
2026-08-31 08:15:38.389 DEBUG o.s.web.servlet.DispatcherServlet - GET "/api/v1/palette/setFree/0800102", parameters={}
2026-08-31 08:15:38.393 DEBUG o.s.w.s.m.m.a.RequestMappingHandlerMapping - Mapped to org.code_studio.controller.PaletteController#setFree(String)
2026-08-31 08:15:38.404 DEBUG o.s.w.s.m.m.a.HttpEntityMethodProcessor - Using 'application/json', given [*/*] and supported [application/json, application/*+json, application/yaml]
2026-08-31 08:15:38.405 TRACE o.s.w.s.m.m.a.HttpEntityMethodProcessor - Writing [{status=200, message=null, data=[org.code_studio.database.StoredProcedureResult@3bfd1ea8]}]
2026-08-31 08:15:38.406 DEBUG o.s.web.servlet.DispatcherServlet - Completed 200 OK
2026-08-31 08:15:38.414 DEBUG o.s.web.servlet.DispatcherServlet - GET "/api/v1/palette/countTotalStoredFreeByRowId/81", parameters={}
2026-08-31 08:15:38.418 DEBUG o.s.w.s.m.m.a.RequestMappingHandlerMapping - Mapped to org.code_studio.controller.PaletteController#countTotalStoredFreeByRowId(Integer)
2026-08-31 08:15:38.422 DEBUG o.s.w.s.m.m.a.HttpEntityMethodProcessor - Using 'application/json', given [*/*] and supported [application/json, application/*+json, application/yaml]
2026-08-31 08:15:38.422 TRACE o.s.w.s.m.m.a.HttpEntityMethodProcessor - Writing [{status=200, message=null, data=[714, 2, 712]}]
2026-08-31 08:15:38.423 DEBUG o.s.web.servlet.DispatcherServlet - Completed 200 OK
2026-08-31 08:15:40.823 DEBUG o.s.web.servlet.DispatcherServlet - GET "/api/v1/palette/allOccupiedByRowId/81", parameters={}
2026-08-31 08:15:40.824 DEBUG o.s.w.s.m.m.a.RequestMappingHandlerMapping - Mapped to org.code_studio.controller.PaletteController#allOccupiedByRowId(Integer)
2026-08-31 08:15:40.829 DEBUG o.s.w.s.m.m.a.HttpEntityMethodProcessor - Using 'application/json', given [*/*] and supported [application/json, application/*+json, application/yaml]
2026-08-31 08:15:40.829 TRACE o.s.w.s.m.m.a.HttpEntityMethodProcessor - Writing [{status=200, message=null, data=[org.code_studio.database.Palette@48ad100d, org.code_studio.database.Palette@618d1c0]}]
2026-08-31 08:15:40.860 DEBUG o.s.web.servlet.DispatcherServlet - Completed 200 OK
2026-08-31 08:15:40.904 DEBUG o.s.web.servlet.DispatcherServlet - GET "/api/v1/palette/allOccupiedByRowId/82", parameters={}
2026-08-31 08:15:40.905 DEBUG o.s.w.s.m.m.a.RequestMappingHandlerMapping - Mapped to org.code_studio.controller.PaletteController#allOccupiedByRowId(Integer)
2026-08-31 08:15:40.908 DEBUG o.s.w.s.m.m.a.HttpEntityMethodProcessor - Using 'application/json', given [*/*] and supported [application/json, application/*+json, application/yaml]
2026-08-31 08:15:40.908 TRACE o.s.w.s.m.m.a.HttpEntityMethodProcessor - Writing [{status=404, message=No data, data=null}]
2026-08-31 08:15:40.909 DEBUG o.s.web.servlet.DispatcherServlet - Completed 404 NOT_FOUND
2026-08-31 08:15:40.921 DEBUG o.s.web.servlet.DispatcherServlet - GET "/api/v1/palette/allOccupiedByRowId/71", parameters={}
2026-08-31 08:15:40.923 DEBUG o.s.w.s.m.m.a.RequestMappingHandlerMapping - Mapped to org.code_studio.controller.PaletteController#allOccupiedByRowId(Integer)
2026-08-31 08:15:40.930 DEBUG o.s.w.s.m.m.a.HttpEntityMethodProcessor - Using 'application/json', given [*/*] and supported [application/json, application/*+json, application/yaml]
2026-08-31 08:15:40.930 TRACE o.s.w.s.m.m.a.HttpEntityMethodProcessor - Writing [{status=404, message=No data, data=null}]
2026-08-31 08:15:40.935 DEBUG o.s.web.servlet.DispatcherServlet - Completed 404 NOT_FOUND
2026-08-31 08:15:40.940 DEBUG o.s.web.servlet.DispatcherServlet - GET "/api/v1/palette/allOccupiedByRowId/72", parameters={}
2026-08-31 08:15:40.941 DEBUG o.s.w.s.m.m.a.RequestMappingHandlerMapping - Mapped to org.code_studio.controller.PaletteController#allOccupiedByRowId(Integer)
2026-08-31 08:15:40.944 DEBUG o.s.w.s.m.m.a.HttpEntityMethodProcessor - Using 'application/json', given [*/*] and supported [application/json, application/*+json, application/yaml]
2026-08-31 08:15:40.944 TRACE o.s.w.s.m.m.a.HttpEntityMethodProcessor - Writing [{status=404, message=No data, data=null}]
2026-08-31 08:15:40.945 DEBUG o.s.web.servlet.DispatcherServlet - Completed 404 NOT_FOUND
2026-08-31 08:15:40.951 DEBUG o.s.web.servlet.DispatcherServlet - GET "/api/v1/palette/allOccupiedByRowId/61", parameters={}
2026-08-31 08:15:40.952 DEBUG o.s.w.s.m.m.a.RequestMappingHandlerMapping - Mapped to org.code_studio.controller.PaletteController#allOccupiedByRowId(Integer)
2026-08-31 08:15:40.958 DEBUG o.s.w.s.m.m.a.HttpEntityMethodProcessor - Using 'application/json', given [*/*] and supported [application/json, application/*+json, application/yaml]
2026-08-31 08:15:40.958 TRACE o.s.w.s.m.m.a.HttpEntityMethodProcessor - Writing [{status=404, message=No data, data=null}]
2026-08-31 08:15:40.959 DEBUG o.s.web.servlet.DispatcherServlet - Completed 404 NOT_FOUND
2026-08-31 08:15:40.965 DEBUG o.s.web.servlet.DispatcherServlet - GET "/api/v1/palette/allOccupiedByRowId/62", parameters={}
2026-08-31 08:15:40.968 DEBUG o.s.w.s.m.m.a.RequestMappingHandlerMapping - Mapped to org.code_studio.controller.PaletteController#allOccupiedByRowId(Integer)
2026-08-31 08:15:40.972 DEBUG o.s.w.s.m.m.a.HttpEntityMethodProcessor - Using 'application/json', given [*/*] and supported [application/json, application/*+json, application/yaml]
2026-08-31 08:15:40.972 TRACE o.s.w.s.m.m.a.HttpEntityMethodProcessor - Writing [{status=404, message=No data, data=null}]
2026-08-31 08:15:40.973 DEBUG o.s.web.servlet.DispatcherServlet - Completed 404 NOT_FOUND
2026-08-31 08:15:40.980 DEBUG o.s.web.servlet.DispatcherServlet - GET "/api/v1/palette/allOccupiedByRowId/51", parameters={}
2026-08-31 08:15:40.981 DEBUG o.s.w.s.m.m.a.RequestMappingHandlerMapping - Mapped to org.code_studio.controller.PaletteController#allOccupiedByRowId(Integer)
2026-08-31 08:15:40.985 DEBUG o.s.w.s.m.m.a.HttpEntityMethodProcessor - Using 'application/json', given [*/*] and supported [application/json, application/*+json, application/yaml]
2026-08-31 08:15:40.985 TRACE o.s.w.s.m.m.a.HttpEntityMethodProcessor - Writing [{status=404, message=No data, data=null}]
2026-08-31 08:15:40.986 DEBUG o.s.web.servlet.DispatcherServlet - Completed 404 NOT_FOUND
2026-08-31 08:15:40.991 DEBUG o.s.web.servlet.DispatcherServlet - GET "/api/v1/palette/allOccupiedByRowId/52", parameters={}
2026-08-31 08:15:40.993 DEBUG o.s.w.s.m.m.a.RequestMappingHandlerMapping - Mapped to org.code_studio.controller.PaletteController#allOccupiedByRowId(Integer)
2026-08-31 08:15:40.998 DEBUG o.s.w.s.m.m.a.HttpEntityMethodProcessor - Using 'application/json', given [*/*] and supported [application/json, application/*+json, application/yaml]
2026-08-31 08:15:40.998 TRACE o.s.w.s.m.m.a.HttpEntityMethodProcessor - Writing [{status=404, message=No data, data=null}]
2026-08-31 08:15:40.999 DEBUG o.s.web.servlet.DispatcherServlet - Completed 404 NOT_FOUND
2026-08-31 08:15:41.004 DEBUG o.s.web.servlet.DispatcherServlet - GET "/api/v1/palette/allOccupiedByRowId/41", parameters={}
2026-08-31 08:15:41.006 DEBUG o.s.w.s.m.m.a.RequestMappingHandlerMapping - Mapped to org.code_studio.controller.PaletteController#allOccupiedByRowId(Integer)
2026-08-31 08:15:41.012 DEBUG o.s.w.s.m.m.a.HttpEntityMethodProcessor - Using 'application/json', given [*/*] and supported [application/json, application/*+json, application/yaml]
2026-08-31 08:15:41.012 TRACE o.s.w.s.m.m.a.HttpEntityMethodProcessor - Writing [{status=404, message=No data, data=null}]
2026-08-31 08:15:41.015 DEBUG o.s.web.servlet.DispatcherServlet - Completed 404 NOT_FOUND
2026-08-31 08:15:41.022 DEBUG o.s.web.servlet.DispatcherServlet - GET "/api/v1/palette/allOccupiedByRowId/42", parameters={}
2026-08-31 08:15:41.024 DEBUG o.s.w.s.m.m.a.RequestMappingHandlerMapping - Mapped to org.code_studio.controller.PaletteController#allOccupiedByRowId(Integer)
2026-08-31 08:15:41.027 DEBUG o.s.w.s.m.m.a.HttpEntityMethodProcessor - Using 'application/json', given [*/*] and supported [application/json, application/*+json, application/yaml]
2026-08-31 08:15:41.027 TRACE o.s.w.s.m.m.a.HttpEntityMethodProcessor - Writing [{status=404, message=No data, data=null}]
2026-08-31 08:15:41.028 DEBUG o.s.web.servlet.DispatcherServlet - Completed 404 NOT_FOUND
2026-08-31 08:15:41.034 DEBUG o.s.web.servlet.DispatcherServlet - GET "/api/v1/palette/allOccupiedByRowId/31", parameters={}
2026-08-31 08:15:41.037 DEBUG o.s.w.s.m.m.a.RequestMappingHandlerMapping - Mapped to org.code_studio.controller.PaletteController#allOccupiedByRowId(Integer)
2026-08-31 08:15:41.042 DEBUG o.s.w.s.m.m.a.HttpEntityMethodProcessor - Using 'application/json', given [*/*] and supported [application/json, application/*+json, application/yaml]
2026-08-31 08:15:41.042 TRACE o.s.w.s.m.m.a.HttpEntityMethodProcessor - Writing [{status=404, message=No data, data=null}]
2026-08-31 08:15:41.043 DEBUG o.s.web.servlet.DispatcherServlet - Completed 404 NOT_FOUND
2026-08-31 08:15:41.049 DEBUG o.s.web.servlet.DispatcherServlet - GET "/api/v1/palette/allOccupiedByRowId/32", parameters={}
2026-08-31 08:15:41.051 DEBUG o.s.w.s.m.m.a.RequestMappingHandlerMapping - Mapped to org.code_studio.controller.PaletteController#allOccupiedByRowId(Integer)
2026-08-31 08:15:41.055 DEBUG o.s.w.s.m.m.a.HttpEntityMethodProcessor - Using 'application/json', given [*/*] and supported [application/json, application/*+json, application/yaml]
2026-08-31 08:15:41.055 TRACE o.s.w.s.m.m.a.HttpEntityMethodProcessor - Writing [{status=404, message=No data, data=null}]
2026-08-31 08:15:41.057 DEBUG o.s.web.servlet.DispatcherServlet - Completed 404 NOT_FOUND
2026-08-31 08:15:41.062 DEBUG o.s.web.servlet.DispatcherServlet - GET "/api/v1/palette/allOccupiedByRowId/21", parameters={}
2026-08-31 08:15:41.064 DEBUG o.s.w.s.m.m.a.RequestMappingHandlerMapping - Mapped to org.code_studio.controller.PaletteController#allOccupiedByRowId(Integer)
2026-08-31 08:15:41.068 DEBUG o.s.w.s.m.m.a.HttpEntityMethodProcessor - Using 'application/json', given [*/*] and supported [application/json, application/*+json, application/yaml]
2026-08-31 08:15:41.069 TRACE o.s.w.s.m.m.a.HttpEntityMethodProcessor - Writing [{status=404, message=No data, data=null}]
2026-08-31 08:15:41.069 DEBUG o.s.web.servlet.DispatcherServlet - Completed 404 NOT_FOUND
2026-08-31 08:15:41.075 DEBUG o.s.web.servlet.DispatcherServlet - GET "/api/v1/palette/allOccupiedByRowId/22", parameters={}
2026-08-31 08:15:41.077 DEBUG o.s.w.s.m.m.a.RequestMappingHandlerMapping - Mapped to org.code_studio.controller.PaletteController#allOccupiedByRowId(Integer)
2026-08-31 08:15:41.082 DEBUG o.s.w.s.m.m.a.HttpEntityMethodProcessor - Using 'application/json', given [*/*] and supported [application/json, application/*+json, application/yaml]
2026-08-31 08:15:41.082 TRACE o.s.w.s.m.m.a.HttpEntityMethodProcessor - Writing [{status=404, message=No data, data=null}]
2026-08-31 08:15:41.083 DEBUG o.s.web.servlet.DispatcherServlet - Completed 404 NOT_FOUND
2026-08-31 08:15:41.089 DEBUG o.s.web.servlet.DispatcherServlet - GET "/api/v1/palette/allOccupiedByRowId/11", parameters={}
2026-08-31 08:15:41.090 DEBUG o.s.w.s.m.m.a.RequestMappingHandlerMapping - Mapped to org.code_studio.controller.PaletteController#allOccupiedByRowId(Integer)
2026-08-31 08:15:41.103 DEBUG o.s.w.s.m.m.a.HttpEntityMethodProcessor - Using 'application/json', given [*/*] and supported [application/json, application/*+json, application/yaml]
2026-08-31 08:15:41.103 TRACE o.s.w.s.m.m.a.HttpEntityMethodProcessor - Writing [{status=200, message=null, data=[org.code_studio.database.Palette@4fa1e13b, org.code_studio.database.Palette@1821c435, org.code_studio.database.Palette@300d5cbd, org.code_studio.database.Palette@5615eaf2, org.code_studio.database.Palette@52811e47, org.code_studio.database.Palette@77900d27, org.code_studio.database.Palette@3f0260da, org.code_studio.database.Palette@1f534abd, org.code_studio.database.Palette@f24530b, org.code_studio.database.Palette@ea34c8b, org.code_studio.database.Palette@676204e2, org.code_studio.database.Palette@7fd250f8, org.code_studio.database.Palette@5f91e706, org.code_studio.database.Palette@553fe9bd, org.code_studio.database.Palette@30cfbe2a, org.code_studio.database.Palette@1b4f17eb, org.code_studio.database.Palette@3b28b6, org.code_studio.database.Palette@6926487c, org.code_studio.database.Palette@3acdc0e9, org.code_studio.database.Palette@44579e01, org.code_studio.database.Palette@22449f71, org.code_studio.database.Palette@f265c69, org.code_studio.database.Palette@297b2f53, org.code_studio.database.Palette@285ee35f, org.code_studio.database.Palette@63c0ecf1, org.code_studio.database.Palette@18dd9533, org.code_studio.database.Palette@65f577b8, org.code_studio.database.Palette@6056e897, org.code_studio.database.Palette@1af27bfb, org.code_studio.database.Palette@6dd8e989, org.code_studio.database.Palette@140b20eb, org.code_studio.database.Palette@699f366f, org.code_studio.database.Palette@550e6ce4, org.code_studio.database.Palette@5f048ca, org.code_studio.database.Palette@c428e2d, org.code_studio.database.Palette@37b23e29, org.code_studio.database.Palette@6825965f, org.code_studio.database.Palette@62d8dc36, org.code_studio.database.Palette@246ba2bb, org.code_studio.database.Palette@2bef416d, org.code_studio.database.Palette@704eea5a, org.code_studio.database.Palette@3e3835f2, org.code_studio.database.Palette@7f515011, org.code_studio.database.Palette@1e8848, org.code_studio.database.Palette@5e103ca5, org.code_studio.database.Palette@602b552b, org.code_studio.database.Palette@472a3ca8, org.code_studio.database.Palette@7abf7490]}]
2026-08-31 08:15:41.217 DEBUG o.s.web.servlet.DispatcherServlet - Completed 200 OK
2026-08-31 08:15:41.240 DEBUG o.s.web.servlet.DispatcherServlet - GET "/api/v1/palette/allOccupiedByRowId/12", parameters={}
2026-08-31 08:15:41.242 DEBUG o.s.w.s.m.m.a.RequestMappingHandlerMapping - Mapped to org.code_studio.controller.PaletteController#allOccupiedByRowId(Integer)
2026-08-31 08:15:41.249 DEBUG o.s.w.s.m.m.a.HttpEntityMethodProcessor - Using 'application/json', given [*/*] and supported [application/json, application/*+json, application/yaml]
2026-08-31 08:15:41.249 TRACE o.s.w.s.m.m.a.HttpEntityMethodProcessor - Writing [{status=200, message=null, data=[org.code_studio.database.Palette@7d96a40b, org.code_studio.database.Palette@681b8294, org.code_studio.database.Palette@44a04cd9, org.code_studio.database.Palette@1cad8520, org.code_studio.database.Palette@26b29464, org.code_studio.database.Palette@4ba171f4]}]
2026-08-31 08:15:41.269 DEBUG o.s.web.servlet.DispatcherServlet - Completed 200 OK
2026-08-31 08:15:41.274 DEBUG o.s.web.servlet.DispatcherServlet - GET "/api/v1/palette/countTotalStoredFreeByRowId/81", parameters={}
2026-08-31 08:15:41.276 DEBUG o.s.w.s.m.m.a.RequestMappingHandlerMapping - Mapped to org.code_studio.controller.PaletteController#countTotalStoredFreeByRowId(Integer)
2026-08-31 08:15:41.279 DEBUG o.s.w.s.m.m.a.HttpEntityMethodProcessor - Using 'application/json', given [*/*] and supported [application/json, application/*+json, application/yaml]
2026-08-31 08:15:41.279 TRACE o.s.w.s.m.m.a.HttpEntityMethodProcessor - Writing [{status=200, message=null, data=[714, 2, 712]}]
2026-08-31 08:15:41.280 DEBUG o.s.web.servlet.DispatcherServlet - Completed 200 OK
2026-08-31 08:15:41.285 DEBUG o.s.web.servlet.DispatcherServlet - GET "/api/v1/palette/countTotalStoredFreeByRowId/82", parameters={}
2026-08-31 08:15:41.286 DEBUG o.s.w.s.m.m.a.RequestMappingHandlerMapping - Mapped to org.code_studio.controller.PaletteController#countTotalStoredFreeByRowId(Integer)
2026-08-31 08:15:41.289 DEBUG o.s.w.s.m.m.a.HttpEntityMethodProcessor - Using 'application/json', given [*/*] and supported [application/json, application/*+json, application/yaml]
2026-08-31 08:15:41.289 TRACE o.s.w.s.m.m.a.HttpEntityMethodProcessor - Writing [{status=200, message=null, data=[714, 0, 714]}]
2026-08-31 08:15:41.291 DEBUG o.s.web.servlet.DispatcherServlet - Completed 200 OK
2026-08-31 08:15:41.300 DEBUG o.s.web.servlet.DispatcherServlet - GET "/api/v1/palette/countTotalStoredFreeByRowId/71", parameters={}
2026-08-31 08:15:41.301 DEBUG o.s.w.s.m.m.a.RequestMappingHandlerMapping - Mapped to org.code_studio.controller.PaletteController#countTotalStoredFreeByRowId(Integer)
2026-08-31 08:15:41.305 DEBUG o.s.w.s.m.m.a.HttpEntityMethodProcessor - Using 'application/json', given [*/*] and supported [application/json, application/*+json, application/yaml]
2026-08-31 08:15:41.305 TRACE o.s.w.s.m.m.a.HttpEntityMethodProcessor - Writing [{status=200, message=null, data=[714, 0, 714]}]
2026-08-31 08:15:41.305 DEBUG o.s.web.servlet.DispatcherServlet - Completed 200 OK
2026-08-31 08:15:41.318 DEBUG o.s.web.servlet.DispatcherServlet - GET "/api/v1/palette/countTotalStoredFreeByRowId/72", parameters={}
2026-08-31 08:15:41.320 DEBUG o.s.w.s.m.m.a.RequestMappingHandlerMapping - Mapped to org.code_studio.controller.PaletteController#countTotalStoredFreeByRowId(Integer)
2026-08-31 08:15:41.324 DEBUG o.s.w.s.m.m.a.HttpEntityMethodProcessor - Using 'application/json', given [*/*] and supported [application/json, application/*+json, application/yaml]
2026-08-31 08:15:41.324 TRACE o.s.w.s.m.m.a.HttpEntityMethodProcessor - Writing [{status=200, message=null, data=[714, 0, 714]}]
2026-08-31 08:15:41.325 DEBUG o.s.web.servlet.DispatcherServlet - Completed 200 OK
2026-08-31 08:15:41.359 DEBUG o.s.web.servlet.DispatcherServlet - GET "/api/v1/palette/countTotalStoredFreeByRowId/61", parameters={}
2026-08-31 08:15:41.364 DEBUG o.s.w.s.m.m.a.RequestMappingHandlerMapping - Mapped to org.code_studio.controller.PaletteController#countTotalStoredFreeByRowId(Integer)
2026-08-31 08:15:41.366 DEBUG o.s.w.s.m.m.a.HttpEntityMethodProcessor - Using 'application/json', given [*/*] and supported [application/json, application/*+json, application/yaml]
2026-08-31 08:15:41.367 TRACE o.s.w.s.m.m.a.HttpEntityMethodProcessor - Writing [{status=200, message=null, data=[714, 0, 714]}]
2026-08-31 08:15:41.367 DEBUG o.s.web.servlet.DispatcherServlet - Completed 200 OK
2026-08-31 08:15:41.390 DEBUG o.s.web.servlet.DispatcherServlet - GET "/api/v1/palette/countTotalStoredFreeByRowId/62", parameters={}
2026-08-31 08:15:41.392 DEBUG o.s.w.s.m.m.a.RequestMappingHandlerMapping - Mapped to org.code_studio.controller.PaletteController#countTotalStoredFreeByRowId(Integer)
2026-08-31 08:15:41.400 DEBUG o.s.w.s.m.m.a.HttpEntityMethodProcessor - Using 'application/json', given [*/*] and supported [application/json, application/*+json, application/yaml]
2026-08-31 08:15:41.401 TRACE o.s.w.s.m.m.a.HttpEntityMethodProcessor - Writing [{status=200, message=null, data=[714, 0, 714]}]
2026-08-31 08:15:41.401 DEBUG o.s.web.servlet.DispatcherServlet - Completed 200 OK
2026-08-31 08:15:41.426 DEBUG o.s.web.servlet.DispatcherServlet - GET "/api/v1/palette/countTotalStoredFreeByRowId/51", parameters={}
2026-08-31 08:15:41.428 DEBUG o.s.w.s.m.m.a.RequestMappingHandlerMapping - Mapped to org.code_studio.controller.PaletteController#countTotalStoredFreeByRowId(Integer)
2026-08-31 08:15:41.437 DEBUG o.s.w.s.m.m.a.HttpEntityMethodProcessor - Using 'application/json', given [*/*] and supported [application/json, application/*+json, application/yaml]
2026-08-31 08:15:41.437 TRACE o.s.w.s.m.m.a.HttpEntityMethodProcessor - Writing [{status=200, message=null, data=[714, 0, 714]}]
2026-08-31 08:15:41.438 DEBUG o.s.web.servlet.DispatcherServlet - Completed 200 OK
2026-08-31 08:15:41.466 DEBUG o.s.web.servlet.DispatcherServlet - GET "/api/v1/palette/countTotalStoredFreeByRowId/52", parameters={}
2026-08-31 08:15:41.468 DEBUG o.s.w.s.m.m.a.RequestMappingHandlerMapping - Mapped to org.code_studio.controller.PaletteController#countTotalStoredFreeByRowId(Integer)
2026-08-31 08:15:41.471 DEBUG o.s.w.s.m.m.a.HttpEntityMethodProcessor - Using 'application/json', given [*/*] and supported [application/json, application/*+json, application/yaml]
2026-08-31 08:15:41.471 TRACE o.s.w.s.m.m.a.HttpEntityMethodProcessor - Writing [{status=200, message=null, data=[714, 0, 714]}]
2026-08-31 08:15:41.472 DEBUG o.s.web.servlet.DispatcherServlet - Completed 200 OK
2026-08-31 08:15:41.495 DEBUG o.s.web.servlet.DispatcherServlet - GET "/api/v1/palette/countTotalStoredFreeByRowId/41", parameters={}
2026-08-31 08:15:41.501 DEBUG o.s.w.s.m.m.a.RequestMappingHandlerMapping - Mapped to org.code_studio.controller.PaletteController#countTotalStoredFreeByRowId(Integer)
2026-08-31 08:15:41.505 DEBUG o.s.w.s.m.m.a.HttpEntityMethodProcessor - Using 'application/json', given [*/*] and supported [application/json, application/*+json, application/yaml]
2026-08-31 08:15:41.506 TRACE o.s.w.s.m.m.a.HttpEntityMethodProcessor - Writing [{status=200, message=null, data=[714, 0, 714]}]
2026-08-31 08:15:41.506 DEBUG o.s.web.servlet.DispatcherServlet - Completed 200 OK
2026-08-31 08:15:41.534 DEBUG o.s.web.servlet.DispatcherServlet - GET "/api/v1/palette/countTotalStoredFreeByRowId/42", parameters={}
2026-08-31 08:15:41.536 DEBUG o.s.w.s.m.m.a.RequestMappingHandlerMapping - Mapped to org.code_studio.controller.PaletteController#countTotalStoredFreeByRowId(Integer)
2026-08-31 08:15:41.544 DEBUG o.s.w.s.m.m.a.HttpEntityMethodProcessor - Using 'application/json', given [*/*] and supported [application/json, application/*+json, application/yaml]
2026-08-31 08:15:41.546 TRACE o.s.w.s.m.m.a.HttpEntityMethodProcessor - Writing [{status=200, message=null, data=[714, 0, 714]}]
2026-08-31 08:15:41.549 DEBUG o.s.web.servlet.DispatcherServlet - Completed 200 OK
2026-08-31 08:15:41.576 DEBUG o.s.web.servlet.DispatcherServlet - GET "/api/v1/palette/countTotalStoredFreeByRowId/31", parameters={}
2026-08-31 08:15:41.578 DEBUG o.s.w.s.m.m.a.RequestMappingHandlerMapping - Mapped to org.code_studio.controller.PaletteController#countTotalStoredFreeByRowId(Integer)
2026-08-31 08:15:41.589 DEBUG o.s.w.s.m.m.a.HttpEntityMethodProcessor - Using 'application/json', given [*/*] and supported [application/json, application/*+json, application/yaml]
2026-08-31 08:15:41.589 TRACE o.s.w.s.m.m.a.HttpEntityMethodProcessor - Writing [{status=200, message=null, data=[714, 0, 714]}]
2026-08-31 08:15:41.590 DEBUG o.s.web.servlet.DispatcherServlet - Completed 200 OK
2026-08-31 08:15:41.617 DEBUG o.s.web.servlet.DispatcherServlet - GET "/api/v1/palette/countTotalStoredFreeByRowId/32", parameters={}
2026-08-31 08:15:41.619 DEBUG o.s.w.s.m.m.a.RequestMappingHandlerMapping - Mapped to org.code_studio.controller.PaletteController#countTotalStoredFreeByRowId(Integer)
2026-08-31 08:15:41.639 DEBUG o.s.w.s.m.m.a.HttpEntityMethodProcessor - Using 'application/json', given [*/*] and supported [application/json, application/*+json, application/yaml]
2026-08-31 08:15:41.640 TRACE o.s.w.s.m.m.a.HttpEntityMethodProcessor - Writing [{status=200, message=null, data=[714, 0, 714]}]
2026-08-31 08:15:41.644 DEBUG o.s.web.servlet.DispatcherServlet - Completed 200 OK
2026-08-31 08:15:41.657 DEBUG o.s.web.servlet.DispatcherServlet - GET "/api/v1/palette/countTotalStoredFreeByRowId/21", parameters={}
2026-08-31 08:15:41.662 DEBUG o.s.w.s.m.m.a.RequestMappingHandlerMapping - Mapped to org.code_studio.controller.PaletteController#countTotalStoredFreeByRowId(Integer)
2026-08-31 08:15:41.676 DEBUG o.s.w.s.m.m.a.HttpEntityMethodProcessor - Using 'application/json', given [*/*] and supported [application/json, application/*+json, application/yaml]
2026-08-31 08:15:41.676 TRACE o.s.w.s.m.m.a.HttpEntityMethodProcessor - Writing [{status=200, message=null, data=[714, 0, 714]}]
2026-08-31 08:15:41.676 DEBUG o.s.web.servlet.DispatcherServlet - Completed 200 OK
2026-08-31 08:15:41.687 DEBUG o.s.web.servlet.DispatcherServlet - GET "/api/v1/palette/countTotalStoredFreeByRowId/22", parameters={}
2026-08-31 08:15:41.688 DEBUG o.s.w.s.m.m.a.RequestMappingHandlerMapping - Mapped to org.code_studio.controller.PaletteController#countTotalStoredFreeByRowId(Integer)
2026-08-31 08:15:41.702 DEBUG o.s.w.s.m.m.a.HttpEntityMethodProcessor - Using 'application/json', given [*/*] and supported [application/json, application/*+json, application/yaml]
2026-08-31 08:15:41.702 TRACE o.s.w.s.m.m.a.HttpEntityMethodProcessor - Writing [{status=200, message=null, data=[714, 0, 714]}]
2026-08-31 08:15:41.703 DEBUG o.s.web.servlet.DispatcherServlet - Completed 200 OK
2026-08-31 08:15:41.717 DEBUG o.s.web.servlet.DispatcherServlet - GET "/api/v1/palette/countTotalStoredFreeByRowId/11", parameters={}
2026-08-31 08:15:41.719 DEBUG o.s.w.s.m.m.a.RequestMappingHandlerMapping - Mapped to org.code_studio.controller.PaletteController#countTotalStoredFreeByRowId(Integer)
2026-08-31 08:15:41.734 DEBUG o.s.w.s.m.m.a.HttpEntityMethodProcessor - Using 'application/json', given [*/*] and supported [application/json, application/*+json, application/yaml]
2026-08-31 08:15:41.734 TRACE o.s.w.s.m.m.a.HttpEntityMethodProcessor - Writing [{status=200, message=null, data=[714, 48, 666]}]
2026-08-31 08:15:41.734 DEBUG o.s.web.servlet.DispatcherServlet - Completed 200 OK
2026-08-31 08:15:41.751 DEBUG o.s.web.servlet.DispatcherServlet - GET "/api/v1/palette/countTotalStoredFreeByRowId/12", parameters={}
2026-08-31 08:15:41.752 DEBUG o.s.w.s.m.m.a.RequestMappingHandlerMapping - Mapped to org.code_studio.controller.PaletteController#countTotalStoredFreeByRowId(Integer)
2026-08-31 08:15:41.761 DEBUG o.s.w.s.m.m.a.HttpEntityMethodProcessor - Using 'application/json', given [*/*] and supported [application/json, application/*+json, application/yaml]
2026-08-31 08:15:41.761 TRACE o.s.w.s.m.m.a.HttpEntityMethodProcessor - Writing [{status=200, message=null, data=[714, 6, 708]}]
2026-08-31 08:15:41.762 DEBUG o.s.web.servlet.DispatcherServlet - Completed 200 OK
2026-08-31 08:15:43.221 DEBUG o.s.web.servlet.DispatcherServlet - GET "/api/v1/palette/allOccupiedByRowId/81", parameters={}
2026-08-31 08:15:43.223 DEBUG o.s.w.s.m.m.a.RequestMappingHandlerMapping - Mapped to org.code_studio.controller.PaletteController#allOccupiedByRowId(Integer)
2026-08-31 08:15:43.231 DEBUG o.s.w.s.m.m.a.HttpEntityMethodProcessor - Using 'application/json', given [*/*] and supported [application/json, application/*+json, application/yaml]
2026-08-31 08:15:43.232 TRACE o.s.w.s.m.m.a.HttpEntityMethodProcessor - Writing [{status=200, message=null, data=[org.code_studio.database.Palette@10d025d4, org.code_studio.database.Palette@52c5aa7e]}]
2026-08-31 08:15:43.245 DEBUG o.s.web.servlet.DispatcherServlet - Completed 200 OK
2026-08-31 08:15:43.253 DEBUG o.s.web.servlet.DispatcherServlet - GET "/api/v1/palette/countTotalStoredFreeByRowId/81", parameters={}
2026-08-31 08:15:43.254 DEBUG o.s.w.s.m.m.a.RequestMappingHandlerMapping - Mapped to org.code_studio.controller.PaletteController#countTotalStoredFreeByRowId(Integer)
2026-08-31 08:15:43.257 DEBUG o.s.w.s.m.m.a.HttpEntityMethodProcessor - Using 'application/json', given [*/*] and supported [application/json, application/*+json, application/yaml]
2026-08-31 08:15:43.257 TRACE o.s.w.s.m.m.a.HttpEntityMethodProcessor - Writing [{status=200, message=null, data=[714, 2, 712]}]
2026-08-31 08:15:43.258 DEBUG o.s.web.servlet.DispatcherServlet - Completed 200 OK
2026-08-31 08:23:27.693 DEBUG o.s.web.servlet.DispatcherServlet - GET "/api/v1/palette/setOccupied/0800103", parameters={}
2026-08-31 08:23:27.710 DEBUG o.s.w.s.m.m.a.RequestMappingHandlerMapping - Mapped to org.code_studio.controller.PaletteController#setOccupied(String)
2026-08-31 08:23:27.893 DEBUG o.s.w.s.m.m.a.HttpEntityMethodProcessor - Using 'application/json', given [*/*] and supported [application/json, application/*+json, application/yaml]
2026-08-31 08:23:27.896 TRACE o.s.w.s.m.m.a.HttpEntityMethodProcessor - Writing [{status=200, message=null, data=[org.code_studio.database.StoredProcedureResult@f3c11ca]}]
2026-08-31 08:23:27.939 DEBUG o.s.web.servlet.DispatcherServlet - Completed 200 OK
2026-08-31 08:23:27.965 DEBUG o.s.web.servlet.DispatcherServlet - GET "/api/v1/palette/countTotalStoredFreeByRowId/81", parameters={}
2026-08-31 08:23:27.967 DEBUG o.s.w.s.m.m.a.RequestMappingHandlerMapping - Mapped to org.code_studio.controller.PaletteController#countTotalStoredFreeByRowId(Integer)
2026-08-31 08:23:27.994 DEBUG o.s.w.s.m.m.a.HttpEntityMethodProcessor - Using 'application/json', given [*/*] and supported [application/json, application/*+json, application/yaml]
2026-08-31 08:23:27.995 TRACE o.s.w.s.m.m.a.HttpEntityMethodProcessor - Writing [{status=200, message=null, data=[714, 3, 711]}]
2026-08-31 08:23:27.996 DEBUG o.s.web.servlet.DispatcherServlet - Completed 200 OK
2026-08-31 08:24:09.997 DEBUG o.s.web.servlet.DispatcherServlet - GET "/api/v1/palette/allOccupiedByRowId/81", parameters={}
2026-08-31 08:24:10.001 DEBUG o.s.w.s.m.m.a.RequestMappingHandlerMapping - Mapped to org.code_studio.controller.PaletteController#allOccupiedByRowId(Integer)
2026-08-31 08:24:10.057 DEBUG o.s.w.s.m.m.a.HttpEntityMethodProcessor - Using 'application/json', given [*/*] and supported [application/json, application/*+json, application/yaml]
2026-08-31 08:24:10.057 TRACE o.s.w.s.m.m.a.HttpEntityMethodProcessor - Writing [{status=200, message=null, data=[org.code_studio.database.Palette@754840e4, org.code_studio.database.Palette@89d06d6, org.code_studio.database.Palette@ed216]}]
2026-08-31 08:24:10.166 DEBUG o.s.web.servlet.DispatcherServlet - Completed 200 OK
2026-08-31 08:24:10.180 DEBUG o.s.web.servlet.DispatcherServlet - GET "/api/v1/palette/allOccupiedByRowId/82", parameters={}
2026-08-31 08:24:10.183 DEBUG o.s.w.s.m.m.a.RequestMappingHandlerMapping - Mapped to org.code_studio.controller.PaletteController#allOccupiedByRowId(Integer)
2026-08-31 08:24:10.187 DEBUG o.s.w.s.m.m.a.HttpEntityMethodProcessor - Using 'application/json', given [*/*] and supported [application/json, application/*+json, application/yaml]
2026-08-31 08:24:10.187 TRACE o.s.w.s.m.m.a.HttpEntityMethodProcessor - Writing [{status=404, message=No data, data=null}]
2026-08-31 08:24:10.188 DEBUG o.s.web.servlet.DispatcherServlet - Completed 404 NOT_FOUND
2026-08-31 08:24:10.200 DEBUG o.s.web.servlet.DispatcherServlet - GET "/api/v1/palette/allOccupiedByRowId/71", parameters={}
2026-08-31 08:24:10.202 DEBUG o.s.w.s.m.m.a.RequestMappingHandlerMapping - Mapped to org.code_studio.controller.PaletteController#allOccupiedByRowId(Integer)
2026-08-31 08:24:10.206 DEBUG o.s.w.s.m.m.a.HttpEntityMethodProcessor - Using 'application/json', given [*/*] and supported [application/json, application/*+json, application/yaml]
2026-08-31 08:24:10.210 TRACE o.s.w.s.m.m.a.HttpEntityMethodProcessor - Writing [{status=404, message=No data, data=null}]
2026-08-31 08:24:10.211 DEBUG o.s.web.servlet.DispatcherServlet - Completed 404 NOT_FOUND
2026-08-31 08:24:10.220 DEBUG o.s.web.servlet.DispatcherServlet - GET "/api/v1/palette/allOccupiedByRowId/72", parameters={}
2026-08-31 08:24:10.225 DEBUG o.s.w.s.m.m.a.RequestMappingHandlerMapping - Mapped to org.code_studio.controller.PaletteController#allOccupiedByRowId(Integer)
2026-08-31 08:24:10.232 DEBUG o.s.w.s.m.m.a.HttpEntityMethodProcessor - Using 'application/json', given [*/*] and supported [application/json, application/*+json, application/yaml]
2026-08-31 08:24:10.233 TRACE o.s.w.s.m.m.a.HttpEntityMethodProcessor - Writing [{status=404, message=No data, data=null}]
2026-08-31 08:24:10.234 DEBUG o.s.web.servlet.DispatcherServlet - Completed 404 NOT_FOUND
2026-08-31 08:24:10.244 DEBUG o.s.web.servlet.DispatcherServlet - GET "/api/v1/palette/allOccupiedByRowId/61", parameters={}
2026-08-31 08:24:10.246 DEBUG o.s.w.s.m.m.a.RequestMappingHandlerMapping - Mapped to org.code_studio.controller.PaletteController#allOccupiedByRowId(Integer)
2026-08-31 08:24:10.252 DEBUG o.s.w.s.m.m.a.HttpEntityMethodProcessor - Using 'application/json', given [*/*] and supported [application/json, application/*+json, application/yaml]
2026-08-31 08:24:10.252 TRACE o.s.w.s.m.m.a.HttpEntityMethodProcessor - Writing [{status=404, message=No data, data=null}]
2026-08-31 08:24:10.253 DEBUG o.s.web.servlet.DispatcherServlet - Completed 404 NOT_FOUND
2026-08-31 08:24:10.263 DEBUG o.s.web.servlet.DispatcherServlet - GET "/api/v1/palette/allOccupiedByRowId/62", parameters={}
2026-08-31 08:24:10.270 DEBUG o.s.w.s.m.m.a.RequestMappingHandlerMapping - Mapped to org.code_studio.controller.PaletteController#allOccupiedByRowId(Integer)
2026-08-31 08:24:10.279 DEBUG o.s.w.s.m.m.a.HttpEntityMethodProcessor - Using 'application/json', given [*/*] and supported [application/json, application/*+json, application/yaml]
2026-08-31 08:24:10.279 TRACE o.s.w.s.m.m.a.HttpEntityMethodProcessor - Writing [{status=404, message=No data, data=null}]
2026-08-31 08:24:10.280 DEBUG o.s.web.servlet.DispatcherServlet - Completed 404 NOT_FOUND
2026-08-31 08:24:10.302 DEBUG o.s.web.servlet.DispatcherServlet - GET "/api/v1/palette/allOccupiedByRowId/51", parameters={}
2026-08-31 08:24:10.304 DEBUG o.s.w.s.m.m.a.RequestMappingHandlerMapping - Mapped to org.code_studio.controller.PaletteController#allOccupiedByRowId(Integer)
2026-08-31 08:24:10.313 DEBUG o.s.w.s.m.m.a.HttpEntityMethodProcessor - Using 'application/json', given [*/*] and supported [application/json, application/*+json, application/yaml]
2026-08-31 08:24:10.314 TRACE o.s.w.s.m.m.a.HttpEntityMethodProcessor - Writing [{status=404, message=No data, data=null}]
2026-08-31 08:24:10.316 DEBUG o.s.web.servlet.DispatcherServlet - Completed 404 NOT_FOUND
2026-08-31 08:24:10.335 DEBUG o.s.web.servlet.DispatcherServlet - GET "/api/v1/palette/allOccupiedByRowId/52", parameters={}
2026-08-31 08:24:10.337 DEBUG o.s.w.s.m.m.a.RequestMappingHandlerMapping - Mapped to org.code_studio.controller.PaletteController#allOccupiedByRowId(Integer)
2026-08-31 08:24:10.345 DEBUG o.s.w.s.m.m.a.HttpEntityMethodProcessor - Using 'application/json', given [*/*] and supported [application/json, application/*+json, application/yaml]
2026-08-31 08:24:10.347 TRACE o.s.w.s.m.m.a.HttpEntityMethodProcessor - Writing [{status=404, message=No data, data=null}]
2026-08-31 08:24:10.347 DEBUG o.s.web.servlet.DispatcherServlet - Completed 404 NOT_FOUND
2026-08-31 08:24:10.354 DEBUG o.s.web.servlet.DispatcherServlet - GET "/api/v1/palette/allOccupiedByRowId/41", parameters={}
2026-08-31 08:24:10.356 DEBUG o.s.w.s.m.m.a.RequestMappingHandlerMapping - Mapped to org.code_studio.controller.PaletteController#allOccupiedByRowId(Integer)
2026-08-31 08:24:10.394 DEBUG o.s.w.s.m.m.a.HttpEntityMethodProcessor - Using 'application/json', given [*/*] and supported [application/json, application/*+json, application/yaml]
2026-08-31 08:24:10.394 TRACE o.s.w.s.m.m.a.HttpEntityMethodProcessor - Writing [{status=404, message=No data, data=null}]
2026-08-31 08:24:10.394 DEBUG o.s.web.servlet.DispatcherServlet - Completed 404 NOT_FOUND
2026-08-31 08:24:10.399 DEBUG o.s.web.servlet.DispatcherServlet - GET "/api/v1/palette/allOccupiedByRowId/42", parameters={}
2026-08-31 08:24:10.401 DEBUG o.s.w.s.m.m.a.RequestMappingHandlerMapping - Mapped to org.code_studio.controller.PaletteController#allOccupiedByRowId(Integer)
2026-08-31 08:24:10.405 DEBUG o.s.w.s.m.m.a.HttpEntityMethodProcessor - Using 'application/json', given [*/*] and supported [application/json, application/*+json, application/yaml]
2026-08-31 08:24:10.405 TRACE o.s.w.s.m.m.a.HttpEntityMethodProcessor - Writing [{status=404, message=No data, data=null}]
2026-08-31 08:24:10.406 DEBUG o.s.web.servlet.DispatcherServlet - Completed 404 NOT_FOUND
2026-08-31 08:24:10.415 DEBUG o.s.web.servlet.DispatcherServlet - GET "/api/v1/palette/allOccupiedByRowId/31", parameters={}
2026-08-31 08:24:10.416 DEBUG o.s.w.s.m.m.a.RequestMappingHandlerMapping - Mapped to org.code_studio.controller.PaletteController#allOccupiedByRowId(Integer)
2026-08-31 08:24:10.418 DEBUG o.s.w.s.m.m.a.HttpEntityMethodProcessor - Using 'application/json', given [*/*] and supported [application/json, application/*+json, application/yaml]
2026-08-31 08:24:10.419 TRACE o.s.w.s.m.m.a.HttpEntityMethodProcessor - Writing [{status=404, message=No data, data=null}]
2026-08-31 08:24:10.419 DEBUG o.s.web.servlet.DispatcherServlet - Completed 404 NOT_FOUND
2026-08-31 08:24:10.425 DEBUG o.s.web.servlet.DispatcherServlet - GET "/api/v1/palette/allOccupiedByRowId/32", parameters={}
2026-08-31 08:24:10.426 DEBUG o.s.w.s.m.m.a.RequestMappingHandlerMapping - Mapped to org.code_studio.controller.PaletteController#allOccupiedByRowId(Integer)
2026-08-31 08:24:10.430 DEBUG o.s.w.s.m.m.a.HttpEntityMethodProcessor - Using 'application/json', given [*/*] and supported [application/json, application/*+json, application/yaml]
2026-08-31 08:24:10.430 TRACE o.s.w.s.m.m.a.HttpEntityMethodProcessor - Writing [{status=404, message=No data, data=null}]
2026-08-31 08:24:10.431 DEBUG o.s.web.servlet.DispatcherServlet - Completed 404 NOT_FOUND
2026-08-31 08:24:10.435 DEBUG o.s.web.servlet.DispatcherServlet - GET "/api/v1/palette/allOccupiedByRowId/21", parameters={}
2026-08-31 08:24:10.437 DEBUG o.s.w.s.m.m.a.RequestMappingHandlerMapping - Mapped to org.code_studio.controller.PaletteController#allOccupiedByRowId(Integer)
2026-08-31 08:24:10.441 DEBUG o.s.w.s.m.m.a.HttpEntityMethodProcessor - Using 'application/json', given [*/*] and supported [application/json, application/*+json, application/yaml]
2026-08-31 08:24:10.441 TRACE o.s.w.s.m.m.a.HttpEntityMethodProcessor - Writing [{status=404, message=No data, data=null}]
2026-08-31 08:24:10.442 DEBUG o.s.web.servlet.DispatcherServlet - Completed 404 NOT_FOUND
2026-08-31 08:24:10.447 DEBUG o.s.web.servlet.DispatcherServlet - GET "/api/v1/palette/allOccupiedByRowId/22", parameters={}
2026-08-31 08:24:10.449 DEBUG o.s.w.s.m.m.a.RequestMappingHandlerMapping - Mapped to org.code_studio.controller.PaletteController#allOccupiedByRowId(Integer)
2026-08-31 08:24:10.452 DEBUG o.s.w.s.m.m.a.HttpEntityMethodProcessor - Using 'application/json', given [*/*] and supported [application/json, application/*+json, application/yaml]
2026-08-31 08:24:10.454 TRACE o.s.w.s.m.m.a.HttpEntityMethodProcessor - Writing [{status=404, message=No data, data=null}]
2026-08-31 08:24:10.455 DEBUG o.s.web.servlet.DispatcherServlet - Completed 404 NOT_FOUND
2026-08-31 08:24:10.460 DEBUG o.s.web.servlet.DispatcherServlet - GET "/api/v1/palette/allOccupiedByRowId/11", parameters={}
2026-08-31 08:24:10.461 DEBUG o.s.w.s.m.m.a.RequestMappingHandlerMapping - Mapped to org.code_studio.controller.PaletteController#allOccupiedByRowId(Integer)
2026-08-31 08:24:10.478 DEBUG o.s.w.s.m.m.a.HttpEntityMethodProcessor - Using 'application/json', given [*/*] and supported [application/json, application/*+json, application/yaml]
2026-08-31 08:24:10.479 TRACE o.s.w.s.m.m.a.HttpEntityMethodProcessor - Writing [{status=200, message=null, data=[org.code_studio.database.Palette@13a9e370, org.code_studio.database.Palette@16ad195f, org.code_studio.database.Palette@78d50890, org.code_studio.database.Palette@3abf0dc7, org.code_studio.database.Palette@1057a573, org.code_studio.database.Palette@228d1d1e, org.code_studio.database.Palette@7a1c8bfd, org.code_studio.database.Palette@2795ad98, org.code_studio.database.Palette@be5572, org.code_studio.database.Palette@360d628b, org.code_studio.database.Palette@413d9640, org.code_studio.database.Palette@5743a40e, org.code_studio.database.Palette@1b5edfc3, org.code_studio.database.Palette@67f1a048, org.code_studio.database.Palette@5a163703, org.code_studio.database.Palette@5dab2aec, org.code_studio.database.Palette@5befec2a, org.code_studio.database.Palette@797eaecc, org.code_studio.database.Palette@3ec59148, org.code_studio.database.Palette@7fb421e9, org.code_studio.database.Palette@a65602a, org.code_studio.database.Palette@200851b7, org.code_studio.database.Palette@5ec71635, org.code_studio.database.Palette@2e38ae9e, org.code_studio.database.Palette@25a932cf, org.code_studio.database.Palette@7cb92011, org.code_studio.database.Palette@1cce8649, org.code_studio.database.Palette@4fbb343d, org.code_studio.database.Palette@3843e30d, org.code_studio.database.Palette@6d6d6660, org.code_studio.database.Palette@24f4fbf1, org.code_studio.database.Palette@54449480, org.code_studio.database.Palette@13c8bd38, org.code_studio.database.Palette@602918a2, org.code_studio.database.Palette@2ee980de, org.code_studio.database.Palette@45378d36, org.code_studio.database.Palette@29b61242, org.code_studio.database.Palette@2635c95b, org.code_studio.database.Palette@2880be2d, org.code_studio.database.Palette@6a2267ae, org.code_studio.database.Palette@1a6c5a63, org.code_studio.database.Palette@29b84657, org.code_studio.database.Palette@61244d08, org.code_studio.database.Palette@289eb8e3, org.code_studio.database.Palette@6fee9967, org.code_studio.database.Palette@f89c551, org.code_studio.database.Palette@4e61e613, org.code_studio.database.Palette@2e165311]}]
2026-08-31 08:24:10.629 DEBUG o.s.web.servlet.DispatcherServlet - Completed 200 OK
2026-08-31 08:24:10.660 DEBUG o.s.web.servlet.DispatcherServlet - GET "/api/v1/palette/allOccupiedByRowId/12", parameters={}
2026-08-31 08:24:10.662 DEBUG o.s.w.s.m.m.a.RequestMappingHandlerMapping - Mapped to org.code_studio.controller.PaletteController#allOccupiedByRowId(Integer)
2026-08-31 08:24:10.673 DEBUG o.s.w.s.m.m.a.HttpEntityMethodProcessor - Using 'application/json', given [*/*] and supported [application/json, application/*+json, application/yaml]
2026-08-31 08:24:10.674 TRACE o.s.w.s.m.m.a.HttpEntityMethodProcessor - Writing [{status=200, message=null, data=[org.code_studio.database.Palette@5a235fee, org.code_studio.database.Palette@67492355, org.code_studio.database.Palette@1276b44e, org.code_studio.database.Palette@e0649b8, org.code_studio.database.Palette@297180bd, org.code_studio.database.Palette@692a503d]}]
2026-08-31 08:24:10.721 DEBUG o.s.web.servlet.DispatcherServlet - Completed 200 OK
2026-08-31 08:24:10.731 DEBUG o.s.web.servlet.DispatcherServlet - GET "/api/v1/palette/countTotalStoredFreeByRowId/81", parameters={}
2026-08-31 08:24:10.732 DEBUG o.s.w.s.m.m.a.RequestMappingHandlerMapping - Mapped to org.code_studio.controller.PaletteController#countTotalStoredFreeByRowId(Integer)
2026-08-31 08:24:10.735 DEBUG o.s.w.s.m.m.a.HttpEntityMethodProcessor - Using 'application/json', given [*/*] and supported [application/json, application/*+json, application/yaml]
2026-08-31 08:24:10.736 TRACE o.s.w.s.m.m.a.HttpEntityMethodProcessor - Writing [{status=200, message=null, data=[714, 3, 711]}]
2026-08-31 08:24:10.740 DEBUG o.s.web.servlet.DispatcherServlet - Completed 200 OK
2026-08-31 08:24:10.761 DEBUG o.s.web.servlet.DispatcherServlet - GET "/api/v1/palette/countTotalStoredFreeByRowId/82", parameters={}
2026-08-31 08:24:10.762 DEBUG o.s.w.s.m.m.a.RequestMappingHandlerMapping - Mapped to org.code_studio.controller.PaletteController#countTotalStoredFreeByRowId(Integer)
2026-08-31 08:24:10.770 DEBUG o.s.w.s.m.m.a.HttpEntityMethodProcessor - Using 'application/json', given [*/*] and supported [application/json, application/*+json, application/yaml]
2026-08-31 08:24:10.770 TRACE o.s.w.s.m.m.a.HttpEntityMethodProcessor - Writing [{status=200, message=null, data=[714, 0, 714]}]
2026-08-31 08:24:10.770 DEBUG o.s.web.servlet.DispatcherServlet - Completed 200 OK
2026-08-31 08:24:10.791 DEBUG o.s.web.servlet.DispatcherServlet - GET "/api/v1/palette/countTotalStoredFreeByRowId/71", parameters={}
2026-08-31 08:24:10.794 DEBUG o.s.w.s.m.m.a.RequestMappingHandlerMapping - Mapped to org.code_studio.controller.PaletteController#countTotalStoredFreeByRowId(Integer)
2026-08-31 08:24:10.802 DEBUG o.s.w.s.m.m.a.HttpEntityMethodProcessor - Using 'application/json', given [*/*] and supported [application/json, application/*+json, application/yaml]
2026-08-31 08:24:10.802 TRACE o.s.w.s.m.m.a.HttpEntityMethodProcessor - Writing [{status=200, message=null, data=[714, 0, 714]}]
2026-08-31 08:24:10.803 DEBUG o.s.web.servlet.DispatcherServlet - Completed 200 OK
2026-08-31 08:24:10.832 DEBUG o.s.web.servlet.DispatcherServlet - GET "/api/v1/palette/countTotalStoredFreeByRowId/72", parameters={}
2026-08-31 08:24:10.834 DEBUG o.s.w.s.m.m.a.RequestMappingHandlerMapping - Mapped to org.code_studio.controller.PaletteController#countTotalStoredFreeByRowId(Integer)
2026-08-31 08:24:10.845 DEBUG o.s.w.s.m.m.a.HttpEntityMethodProcessor - Using 'application/json', given [*/*] and supported [application/json, application/*+json, application/yaml]
2026-08-31 08:24:10.845 TRACE o.s.w.s.m.m.a.HttpEntityMethodProcessor - Writing [{status=200, message=null, data=[714, 0, 714]}]
2026-08-31 08:24:10.846 DEBUG o.s.web.servlet.DispatcherServlet - Completed 200 OK
2026-08-31 08:24:10.862 DEBUG o.s.web.servlet.DispatcherServlet - GET "/api/v1/palette/countTotalStoredFreeByRowId/61", parameters={}
2026-08-31 08:24:10.865 DEBUG o.s.w.s.m.m.a.RequestMappingHandlerMapping - Mapped to org.code_studio.controller.PaletteController#countTotalStoredFreeByRowId(Integer)
2026-08-31 08:24:10.878 DEBUG o.s.w.s.m.m.a.HttpEntityMethodProcessor - Using 'application/json', given [*/*] and supported [application/json, application/*+json, application/yaml]
2026-08-31 08:24:10.878 TRACE o.s.w.s.m.m.a.HttpEntityMethodProcessor - Writing [{status=200, message=null, data=[714, 0, 714]}]
2026-08-31 08:24:10.879 DEBUG o.s.web.servlet.DispatcherServlet - Completed 200 OK
2026-08-31 08:24:10.904 DEBUG o.s.web.servlet.DispatcherServlet - GET "/api/v1/palette/countTotalStoredFreeByRowId/62", parameters={}
2026-08-31 08:24:10.907 DEBUG o.s.w.s.m.m.a.RequestMappingHandlerMapping - Mapped to org.code_studio.controller.PaletteController#countTotalStoredFreeByRowId(Integer)
2026-08-31 08:24:10.911 DEBUG o.s.w.s.m.m.a.HttpEntityMethodProcessor - Using 'application/json', given [*/*] and supported [application/json, application/*+json, application/yaml]
2026-08-31 08:24:10.911 TRACE o.s.w.s.m.m.a.HttpEntityMethodProcessor - Writing [{status=200, message=null, data=[714, 0, 714]}]
2026-08-31 08:24:10.915 DEBUG o.s.web.servlet.DispatcherServlet - Completed 200 OK
2026-08-31 08:24:10.931 DEBUG o.s.web.servlet.DispatcherServlet - GET "/api/v1/palette/countTotalStoredFreeByRowId/51", parameters={}
2026-08-31 08:24:10.933 DEBUG o.s.w.s.m.m.a.RequestMappingHandlerMapping - Mapped to org.code_studio.controller.PaletteController#countTotalStoredFreeByRowId(Integer)
2026-08-31 08:24:10.942 DEBUG o.s.w.s.m.m.a.HttpEntityMethodProcessor - Using 'application/json', given [*/*] and supported [application/json, application/*+json, application/yaml]
2026-08-31 08:24:10.942 TRACE o.s.w.s.m.m.a.HttpEntityMethodProcessor - Writing [{status=200, message=null, data=[714, 0, 714]}]
2026-08-31 08:24:10.943 DEBUG o.s.web.servlet.DispatcherServlet - Completed 200 OK
2026-08-31 08:24:10.961 DEBUG o.s.web.servlet.DispatcherServlet - GET "/api/v1/palette/countTotalStoredFreeByRowId/52", parameters={}
2026-08-31 08:24:10.964 DEBUG o.s.w.s.m.m.a.RequestMappingHandlerMapping - Mapped to org.code_studio.controller.PaletteController#countTotalStoredFreeByRowId(Integer)
2026-08-31 08:24:10.984 DEBUG o.s.w.s.m.m.a.HttpEntityMethodProcessor - Using 'application/json', given [*/*] and supported [application/json, application/*+json, application/yaml]
2026-08-31 08:24:10.984 TRACE o.s.w.s.m.m.a.HttpEntityMethodProcessor - Writing [{status=200, message=null, data=[714, 0, 714]}]
2026-08-31 08:24:10.987 DEBUG o.s.web.servlet.DispatcherServlet - Completed 200 OK
2026-08-31 08:24:11.010 DEBUG o.s.web.servlet.DispatcherServlet - GET "/api/v1/palette/countTotalStoredFreeByRowId/41", parameters={}
2026-08-31 08:24:11.013 DEBUG o.s.w.s.m.m.a.RequestMappingHandlerMapping - Mapped to org.code_studio.controller.PaletteController#countTotalStoredFreeByRowId(Integer)
2026-08-31 08:24:11.027 DEBUG o.s.w.s.m.m.a.HttpEntityMethodProcessor - Using 'application/json', given [*/*] and supported [application/json, application/*+json, application/yaml]
2026-08-31 08:24:11.027 TRACE o.s.w.s.m.m.a.HttpEntityMethodProcessor - Writing [{status=200, message=null, data=[714, 0, 714]}]
2026-08-31 08:24:11.030 DEBUG o.s.web.servlet.DispatcherServlet - Completed 200 OK
2026-08-31 08:24:11.061 DEBUG o.s.web.servlet.DispatcherServlet - GET "/api/v1/palette/countTotalStoredFreeByRowId/42", parameters={}
2026-08-31 08:24:11.064 DEBUG o.s.w.s.m.m.a.RequestMappingHandlerMapping - Mapped to org.code_studio.controller.PaletteController#countTotalStoredFreeByRowId(Integer)
2026-08-31 08:24:11.068 DEBUG o.s.w.s.m.m.a.HttpEntityMethodProcessor - Using 'application/json', given [*/*] and supported [application/json, application/*+json, application/yaml]
2026-08-31 08:24:11.068 TRACE o.s.w.s.m.m.a.HttpEntityMethodProcessor - Writing [{status=200, message=null, data=[714, 0, 714]}]
2026-08-31 08:24:11.069 DEBUG o.s.web.servlet.DispatcherServlet - Completed 200 OK
2026-08-31 08:24:11.095 DEBUG o.s.web.servlet.DispatcherServlet - GET "/api/v1/palette/countTotalStoredFreeByRowId/31", parameters={}
2026-08-31 08:24:11.097 DEBUG o.s.w.s.m.m.a.RequestMappingHandlerMapping - Mapped to org.code_studio.controller.PaletteController#countTotalStoredFreeByRowId(Integer)
2026-08-31 08:24:11.111 DEBUG o.s.w.s.m.m.a.HttpEntityMethodProcessor - Using 'application/json', given [*/*] and supported [application/json, application/*+json, application/yaml]
2026-08-31 08:24:11.112 TRACE o.s.w.s.m.m.a.HttpEntityMethodProcessor - Writing [{status=200, message=null, data=[714, 0, 714]}]
2026-08-31 08:24:11.112 DEBUG o.s.web.servlet.DispatcherServlet - Completed 200 OK
2026-08-31 08:24:11.137 DEBUG o.s.web.servlet.DispatcherServlet - GET "/api/v1/palette/countTotalStoredFreeByRowId/32", parameters={}
2026-08-31 08:24:11.141 DEBUG o.s.w.s.m.m.a.RequestMappingHandlerMapping - Mapped to org.code_studio.controller.PaletteController#countTotalStoredFreeByRowId(Integer)
2026-08-31 08:24:11.145 DEBUG o.s.w.s.m.m.a.HttpEntityMethodProcessor - Using 'application/json', given [*/*] and supported [application/json, application/*+json, application/yaml]
2026-08-31 08:24:11.145 TRACE o.s.w.s.m.m.a.HttpEntityMethodProcessor - Writing [{status=200, message=null, data=[714, 0, 714]}]
2026-08-31 08:24:11.146 DEBUG o.s.web.servlet.DispatcherServlet - Completed 200 OK
2026-08-31 08:24:11.167 DEBUG o.s.web.servlet.DispatcherServlet - GET "/api/v1/palette/countTotalStoredFreeByRowId/21", parameters={}
2026-08-31 08:24:11.169 DEBUG o.s.w.s.m.m.a.RequestMappingHandlerMapping - Mapped to org.code_studio.controller.PaletteController#countTotalStoredFreeByRowId(Integer)
2026-08-31 08:24:11.174 DEBUG o.s.w.s.m.m.a.HttpEntityMethodProcessor - Using 'application/json', given [*/*] and supported [application/json, application/*+json, application/yaml]
2026-08-31 08:24:11.174 TRACE o.s.w.s.m.m.a.HttpEntityMethodProcessor - Writing [{status=200, message=null, data=[714, 0, 714]}]
2026-08-31 08:24:11.176 DEBUG o.s.web.servlet.DispatcherServlet - Completed 200 OK
2026-08-31 08:24:11.220 DEBUG o.s.web.servlet.DispatcherServlet - GET "/api/v1/palette/countTotalStoredFreeByRowId/22", parameters={}
2026-08-31 08:24:11.223 DEBUG o.s.w.s.m.m.a.RequestMappingHandlerMapping - Mapped to org.code_studio.controller.PaletteController#countTotalStoredFreeByRowId(Integer)
2026-08-31 08:24:11.227 DEBUG o.s.w.s.m.m.a.HttpEntityMethodProcessor - Using 'application/json', given [*/*] and supported [application/json, application/*+json, application/yaml]
2026-08-31 08:24:11.228 TRACE o.s.w.s.m.m.a.HttpEntityMethodProcessor - Writing [{status=200, message=null, data=[714, 0, 714]}]
2026-08-31 08:24:11.231 DEBUG o.s.web.servlet.DispatcherServlet - Completed 200 OK
2026-08-31 08:24:11.249 DEBUG o.s.web.servlet.DispatcherServlet - GET "/api/v1/palette/countTotalStoredFreeByRowId/11", parameters={}
2026-08-31 08:24:11.252 DEBUG o.s.w.s.m.m.a.RequestMappingHandlerMapping - Mapped to org.code_studio.controller.PaletteController#countTotalStoredFreeByRowId(Integer)
2026-08-31 08:24:11.257 DEBUG o.s.w.s.m.m.a.HttpEntityMethodProcessor - Using 'application/json', given [*/*] and supported [application/json, application/*+json, application/yaml]
2026-08-31 08:24:11.257 TRACE o.s.w.s.m.m.a.HttpEntityMethodProcessor - Writing [{status=200, message=null, data=[714, 48, 666]}]
2026-08-31 08:24:11.258 DEBUG o.s.web.servlet.DispatcherServlet - Completed 200 OK
2026-08-31 08:24:11.301 DEBUG o.s.web.servlet.DispatcherServlet - GET "/api/v1/palette/countTotalStoredFreeByRowId/12", parameters={}
2026-08-31 08:24:11.303 DEBUG o.s.w.s.m.m.a.RequestMappingHandlerMapping - Mapped to org.code_studio.controller.PaletteController#countTotalStoredFreeByRowId(Integer)
2026-08-31 08:24:11.326 DEBUG o.s.w.s.m.m.a.HttpEntityMethodProcessor - Using 'application/json', given [*/*] and supported [application/json, application/*+json, application/yaml]
2026-08-31 08:24:11.326 TRACE o.s.w.s.m.m.a.HttpEntityMethodProcessor - Writing [{status=200, message=null, data=[714, 6, 708]}]
2026-08-31 08:24:11.327 DEBUG o.s.web.servlet.DispatcherServlet - Completed 200 OK
2026-08-31 08:24:13.992 DEBUG o.s.web.servlet.DispatcherServlet - GET "/api/v1/palette/allOccupiedByRowId/81", parameters={}
2026-08-31 08:24:13.995 DEBUG o.s.w.s.m.m.a.RequestMappingHandlerMapping - Mapped to org.code_studio.controller.PaletteController#allOccupiedByRowId(Integer)
2026-08-31 08:24:14.001 DEBUG o.s.w.s.m.m.a.HttpEntityMethodProcessor - Using 'application/json', given [*/*] and supported [application/json, application/*+json, application/yaml]
2026-08-31 08:24:14.002 TRACE o.s.w.s.m.m.a.HttpEntityMethodProcessor - Writing [{status=200, message=null, data=[org.code_studio.database.Palette@1f855eea, org.code_studio.database.Palette@2fb6032e, org.code_studio.database.Palette@73267503]}]
2026-08-31 08:24:14.030 DEBUG o.s.web.servlet.DispatcherServlet - Completed 200 OK
2026-08-31 08:24:14.040 DEBUG o.s.web.servlet.DispatcherServlet - GET "/api/v1/palette/countTotalStoredFreeByRowId/81", parameters={}
2026-08-31 08:24:14.042 DEBUG o.s.w.s.m.m.a.RequestMappingHandlerMapping - Mapped to org.code_studio.controller.PaletteController#countTotalStoredFreeByRowId(Integer)
2026-08-31 08:24:14.046 DEBUG o.s.w.s.m.m.a.HttpEntityMethodProcessor - Using 'application/json', given [*/*] and supported [application/json, application/*+json, application/yaml]
2026-08-31 08:24:14.046 TRACE o.s.w.s.m.m.a.HttpEntityMethodProcessor - Writing [{status=200, message=null, data=[714, 3, 711]}]
2026-08-31 08:24:14.047 DEBUG o.s.web.servlet.DispatcherServlet - Completed 200 OK
2026-08-31 11:53:31.971 DEBUG o.s.web.servlet.DispatcherServlet - GET "/api/v1/palette/allOccupiedByRowId/81", parameters={}
2026-08-31 11:53:32.016 DEBUG o.s.w.s.m.m.a.RequestMappingHandlerMapping - Mapped to org.code_studio.controller.PaletteController#allOccupiedByRowId(Integer)
2026-08-31 11:53:32.921 DEBUG o.s.w.s.m.m.a.HttpEntityMethodProcessor - Using 'application/json', given [*/*] and supported [application/json, application/*+json, application/yaml]
2026-08-31 11:53:32.933 TRACE o.s.w.s.m.m.a.HttpEntityMethodProcessor - Writing [{status=200, message=null, data=[org.code_studio.database.Palette@6c025dfd, org.code_studio.database.Palette@6081f8e3, org.code_studio.database.Palette@29162f6b]}]
2026-08-31 11:53:33.274 DEBUG o.s.web.servlet.DispatcherServlet - Completed 200 OK
2026-08-31 11:53:33.321 DEBUG o.s.web.servlet.DispatcherServlet - GET "/api/v1/palette/allOccupiedByRowId/82", parameters={}
2026-08-31 11:53:33.322 DEBUG o.s.w.s.m.m.a.RequestMappingHandlerMapping - Mapped to org.code_studio.controller.PaletteController#allOccupiedByRowId(Integer)
2026-08-31 11:53:33.331 DEBUG o.s.w.s.m.m.a.HttpEntityMethodProcessor - Using 'application/json', given [*/*] and supported [application/json, application/*+json, application/yaml]
2026-08-31 11:53:33.331 TRACE o.s.w.s.m.m.a.HttpEntityMethodProcessor - Writing [{status=404, message=No data, data=null}]
2026-08-31 11:53:33.334 DEBUG o.s.web.servlet.DispatcherServlet - Completed 404 NOT_FOUND
2026-08-31 11:53:33.352 DEBUG o.s.web.servlet.DispatcherServlet - GET "/api/v1/palette/allOccupiedByRowId/71", parameters={}
2026-08-31 11:53:33.354 DEBUG o.s.w.s.m.m.a.RequestMappingHandlerMapping - Mapped to org.code_studio.controller.PaletteController#allOccupiedByRowId(Integer)
2026-08-31 11:53:33.367 DEBUG o.s.w.s.m.m.a.HttpEntityMethodProcessor - Using 'application/json', given [*/*] and supported [application/json, application/*+json, application/yaml]
2026-08-31 11:53:33.367 TRACE o.s.w.s.m.m.a.HttpEntityMethodProcessor - Writing [{status=404, message=No data, data=null}]
2026-08-31 11:53:33.368 DEBUG o.s.web.servlet.DispatcherServlet - Completed 404 NOT_FOUND
2026-08-31 11:53:33.382 DEBUG o.s.web.servlet.DispatcherServlet - GET "/api/v1/palette/allOccupiedByRowId/72", parameters={}
2026-08-31 11:53:33.384 DEBUG o.s.w.s.m.m.a.RequestMappingHandlerMapping - Mapped to org.code_studio.controller.PaletteController#allOccupiedByRowId(Integer)
2026-08-31 11:53:33.388 DEBUG o.s.w.s.m.m.a.HttpEntityMethodProcessor - Using 'application/json', given [*/*] and supported [application/json, application/*+json, application/yaml]
2026-08-31 11:53:33.388 TRACE o.s.w.s.m.m.a.HttpEntityMethodProcessor - Writing [{status=404, message=No data, data=null}]
2026-08-31 11:53:33.389 DEBUG o.s.web.servlet.DispatcherServlet - Completed 404 NOT_FOUND
2026-08-31 11:53:33.402 DEBUG o.s.web.servlet.DispatcherServlet - GET "/api/v1/palette/allOccupiedByRowId/61", parameters={}
2026-08-31 11:53:33.403 DEBUG o.s.w.s.m.m.a.RequestMappingHandlerMapping - Mapped to org.code_studio.controller.PaletteController#allOccupiedByRowId(Integer)
2026-08-31 11:53:33.406 DEBUG o.s.w.s.m.m.a.HttpEntityMethodProcessor - Using 'application/json', given [*/*] and supported [application/json, application/*+json, application/yaml]
2026-08-31 11:53:33.406 TRACE o.s.w.s.m.m.a.HttpEntityMethodProcessor - Writing [{status=404, message=No data, data=null}]
2026-08-31 11:53:33.407 DEBUG o.s.web.servlet.DispatcherServlet - Completed 404 NOT_FOUND
2026-08-31 11:53:33.417 DEBUG o.s.web.servlet.DispatcherServlet - GET "/api/v1/palette/allOccupiedByRowId/62", parameters={}
2026-08-31 11:53:33.419 DEBUG o.s.w.s.m.m.a.RequestMappingHandlerMapping - Mapped to org.code_studio.controller.PaletteController#allOccupiedByRowId(Integer)
2026-08-31 11:53:33.423 DEBUG o.s.w.s.m.m.a.HttpEntityMethodProcessor - Using 'application/json', given [*/*] and supported [application/json, application/*+json, application/yaml]
2026-08-31 11:53:33.424 TRACE o.s.w.s.m.m.a.HttpEntityMethodProcessor - Writing [{status=404, message=No data, data=null}]
2026-08-31 11:53:33.425 DEBUG o.s.web.servlet.DispatcherServlet - Completed 404 NOT_FOUND
2026-08-31 11:53:33.443 DEBUG o.s.web.servlet.DispatcherServlet - GET "/api/v1/palette/allOccupiedByRowId/51", parameters={}
2026-08-31 11:53:33.446 DEBUG o.s.w.s.m.m.a.RequestMappingHandlerMapping - Mapped to org.code_studio.controller.PaletteController#allOccupiedByRowId(Integer)
2026-08-31 11:53:33.449 DEBUG o.s.w.s.m.m.a.HttpEntityMethodProcessor - Using 'application/json', given [*/*] and supported [application/json, application/*+json, application/yaml]
2026-08-31 11:53:33.450 TRACE o.s.w.s.m.m.a.HttpEntityMethodProcessor - Writing [{status=404, message=No data, data=null}]
2026-08-31 11:53:33.450 DEBUG o.s.web.servlet.DispatcherServlet - Completed 404 NOT_FOUND
2026-08-31 11:53:33.464 DEBUG o.s.web.servlet.DispatcherServlet - GET "/api/v1/palette/allOccupiedByRowId/52", parameters={}
2026-08-31 11:53:33.466 DEBUG o.s.w.s.m.m.a.RequestMappingHandlerMapping - Mapped to org.code_studio.controller.PaletteController#allOccupiedByRowId(Integer)
2026-08-31 11:53:33.473 DEBUG o.s.w.s.m.m.a.HttpEntityMethodProcessor - Using 'application/json', given [*/*] and supported [application/json, application/*+json, application/yaml]
2026-08-31 11:53:33.473 TRACE o.s.w.s.m.m.a.HttpEntityMethodProcessor - Writing [{status=404, message=No data, data=null}]
2026-08-31 11:53:33.474 DEBUG o.s.web.servlet.DispatcherServlet - Completed 404 NOT_FOUND
2026-08-31 11:53:33.491 DEBUG o.s.web.servlet.DispatcherServlet - GET "/api/v1/palette/allOccupiedByRowId/41", parameters={}
2026-08-31 11:53:33.492 DEBUG o.s.w.s.m.m.a.RequestMappingHandlerMapping - Mapped to org.code_studio.controller.PaletteController#allOccupiedByRowId(Integer)
2026-08-31 11:53:33.499 DEBUG o.s.w.s.m.m.a.HttpEntityMethodProcessor - Using 'application/json', given [*/*] and supported [application/json, application/*+json, application/yaml]
2026-08-31 11:53:33.500 TRACE o.s.w.s.m.m.a.HttpEntityMethodProcessor - Writing [{status=404, message=No data, data=null}]
2026-08-31 11:53:33.501 DEBUG o.s.web.servlet.DispatcherServlet - Completed 404 NOT_FOUND
2026-08-31 11:53:33.518 DEBUG o.s.web.servlet.DispatcherServlet - GET "/api/v1/palette/allOccupiedByRowId/42", parameters={}
2026-08-31 11:53:33.523 DEBUG o.s.w.s.m.m.a.RequestMappingHandlerMapping - Mapped to org.code_studio.controller.PaletteController#allOccupiedByRowId(Integer)
2026-08-31 11:53:33.534 DEBUG o.s.w.s.m.m.a.HttpEntityMethodProcessor - Using 'application/json', given [*/*] and supported [application/json, application/*+json, application/yaml]
2026-08-31 11:53:33.534 TRACE o.s.w.s.m.m.a.HttpEntityMethodProcessor - Writing [{status=404, message=No data, data=null}]
2026-08-31 11:53:33.535 DEBUG o.s.web.servlet.DispatcherServlet - Completed 404 NOT_FOUND
2026-08-31 11:53:33.546 DEBUG o.s.web.servlet.DispatcherServlet - GET "/api/v1/palette/allOccupiedByRowId/31", parameters={}
2026-08-31 11:53:33.548 DEBUG o.s.w.s.m.m.a.RequestMappingHandlerMapping - Mapped to org.code_studio.controller.PaletteController#allOccupiedByRowId(Integer)
2026-08-31 11:53:33.554 DEBUG o.s.w.s.m.m.a.HttpEntityMethodProcessor - Using 'application/json', given [*/*] and supported [application/json, application/*+json, application/yaml]
2026-08-31 11:53:33.554 TRACE o.s.w.s.m.m.a.HttpEntityMethodProcessor - Writing [{status=404, message=No data, data=null}]
2026-08-31 11:53:33.555 DEBUG o.s.web.servlet.DispatcherServlet - Completed 404 NOT_FOUND
2026-08-31 11:53:33.565 DEBUG o.s.web.servlet.DispatcherServlet - GET "/api/v1/palette/allOccupiedByRowId/32", parameters={}
2026-08-31 11:53:33.567 DEBUG o.s.w.s.m.m.a.RequestMappingHandlerMapping - Mapped to org.code_studio.controller.PaletteController#allOccupiedByRowId(Integer)
2026-08-31 11:53:33.570 DEBUG o.s.w.s.m.m.a.HttpEntityMethodProcessor - Using 'application/json', given [*/*] and supported [application/json, application/*+json, application/yaml]
2026-08-31 11:53:33.571 TRACE o.s.w.s.m.m.a.HttpEntityMethodProcessor - Writing [{status=404, message=No data, data=null}]
2026-08-31 11:53:33.572 DEBUG o.s.web.servlet.DispatcherServlet - Completed 404 NOT_FOUND
2026-08-31 11:53:33.587 DEBUG o.s.web.servlet.DispatcherServlet - GET "/api/v1/palette/allOccupiedByRowId/21", parameters={}
2026-08-31 11:53:33.588 DEBUG o.s.w.s.m.m.a.RequestMappingHandlerMapping - Mapped to org.code_studio.controller.PaletteController#allOccupiedByRowId(Integer)
2026-08-31 11:53:33.594 DEBUG o.s.w.s.m.m.a.HttpEntityMethodProcessor - Using 'application/json', given [*/*] and supported [application/json, application/*+json, application/yaml]
2026-08-31 11:53:33.594 TRACE o.s.w.s.m.m.a.HttpEntityMethodProcessor - Writing [{status=404, message=No data, data=null}]
2026-08-31 11:53:33.595 DEBUG o.s.web.servlet.DispatcherServlet - Completed 404 NOT_FOUND
2026-08-31 11:53:33.606 DEBUG o.s.web.servlet.DispatcherServlet - GET "/api/v1/palette/allOccupiedByRowId/22", parameters={}
2026-08-31 11:53:33.609 DEBUG o.s.w.s.m.m.a.RequestMappingHandlerMapping - Mapped to org.code_studio.controller.PaletteController#allOccupiedByRowId(Integer)
2026-08-31 11:53:33.624 DEBUG o.s.w.s.m.m.a.HttpEntityMethodProcessor - Using 'application/json', given [*/*] and supported [application/json, application/*+json, application/yaml]
2026-08-31 11:53:33.625 TRACE o.s.w.s.m.m.a.HttpEntityMethodProcessor - Writing [{status=404, message=No data, data=null}]
2026-08-31 11:53:33.627 DEBUG o.s.web.servlet.DispatcherServlet - Completed 404 NOT_FOUND
2026-08-31 11:53:33.639 DEBUG o.s.web.servlet.DispatcherServlet - GET "/api/v1/palette/allOccupiedByRowId/11", parameters={}
2026-08-31 11:53:33.642 DEBUG o.s.w.s.m.m.a.RequestMappingHandlerMapping - Mapped to org.code_studio.controller.PaletteController#allOccupiedByRowId(Integer)
2026-08-31 11:53:33.871 DEBUG o.s.w.s.m.m.a.HttpEntityMethodProcessor - Using 'application/json', given [*/*] and supported [application/json, application/*+json, application/yaml]
2026-08-31 11:53:33.872 TRACE o.s.w.s.m.m.a.HttpEntityMethodProcessor - Writing [{status=200, message=null, data=[org.code_studio.database.Palette@5e6d80a2, org.code_studio.database.Palette@3cdad8fa, org.code_studio.database.Palette@5680acf0, org.code_studio.database.Palette@243bbb45, org.code_studio.database.Palette@4121ee05, org.code_studio.database.Palette@13e53981, org.code_studio.database.Palette@66e86f54, org.code_studio.database.Palette@5c36ac63, org.code_studio.database.Palette@6e8dcda5, org.code_studio.database.Palette@4c1f4000, org.code_studio.database.Palette@531077b5, org.code_studio.database.Palette@5d891abd, org.code_studio.database.Palette@5d1066e0, org.code_studio.database.Palette@2154a187, org.code_studio.database.Palette@1a0c852f, org.code_studio.database.Palette@425b59ba, org.code_studio.database.Palette@567efcf4, org.code_studio.database.Palette@348ed8cc, org.code_studio.database.Palette@141b80c2, org.code_studio.database.Palette@7c285cb4, org.code_studio.database.Palette@1bef5ae9, org.code_studio.database.Palette@e4d9f44, org.code_studio.database.Palette@6a45cce4, org.code_studio.database.Palette@4dab52d3, org.code_studio.database.Palette@6506a139, org.code_studio.database.Palette@2ff12a3b, org.code_studio.database.Palette@5db4f3b6, org.code_studio.database.Palette@1d5ea509, org.code_studio.database.Palette@361540d8, org.code_studio.database.Palette@222ab13b, org.code_studio.database.Palette@4303fd79, org.code_studio.database.Palette@5f14e9a1, org.code_studio.database.Palette@58527d0e, org.code_studio.database.Palette@1a2c378, org.code_studio.database.Palette@2af754a2, org.code_studio.database.Palette@1b6e31a6, org.code_studio.database.Palette@5d80b063, org.code_studio.database.Palette@3f936330, org.code_studio.database.Palette@3f2b3f9d, org.code_studio.database.Palette@1ac72e69, org.code_studio.database.Palette@1f20dfa9, org.code_studio.database.Palette@4829113a, org.code_studio.database.Palette@268d8a61, org.code_studio.database.Palette@3b7ceaac, org.code_studio.database.Palette@edbb2e, org.code_studio.database.Palette@37a5224, org.code_studio.database.Palette@9058c27, org.code_studio.database.Palette@7b7923ba]}]
2026-08-31 11:53:34.554 DEBUG o.s.web.servlet.DispatcherServlet - Completed 200 OK
2026-08-31 11:53:34.589 DEBUG o.s.web.servlet.DispatcherServlet - GET "/api/v1/palette/allOccupiedByRowId/12", parameters={}
2026-08-31 11:53:34.591 DEBUG o.s.w.s.m.m.a.RequestMappingHandlerMapping - Mapped to org.code_studio.controller.PaletteController#allOccupiedByRowId(Integer)
2026-08-31 11:53:34.640 DEBUG o.s.w.s.m.m.a.HttpEntityMethodProcessor - Using 'application/json', given [*/*] and supported [application/json, application/*+json, application/yaml]
2026-08-31 11:53:34.640 TRACE o.s.w.s.m.m.a.HttpEntityMethodProcessor - Writing [{status=200, message=null, data=[org.code_studio.database.Palette@687b124a, org.code_studio.database.Palette@5356967b, org.code_studio.database.Palette@5c7f4f72, org.code_studio.database.Palette@29b5a926, org.code_studio.database.Palette@54a5098a, org.code_studio.database.Palette@26c23880]}]
2026-08-31 11:53:34.814 DEBUG o.s.web.servlet.DispatcherServlet - Completed 200 OK
2026-08-31 11:53:34.828 DEBUG o.s.web.servlet.DispatcherServlet - GET "/api/v1/palette/countTotalStoredFreeByRowId/81", parameters={}
2026-08-31 11:53:34.830 DEBUG o.s.w.s.m.m.a.RequestMappingHandlerMapping - Mapped to org.code_studio.controller.PaletteController#countTotalStoredFreeByRowId(Integer)
2026-08-31 11:53:34.872 DEBUG o.s.w.s.m.m.a.HttpEntityMethodProcessor - Using 'application/json', given [*/*] and supported [application/json, application/*+json, application/yaml]
2026-08-31 11:53:34.873 TRACE o.s.w.s.m.m.a.HttpEntityMethodProcessor - Writing [{status=200, message=null, data=[714, 3, 711]}]
2026-08-31 11:53:34.876 DEBUG o.s.web.servlet.DispatcherServlet - Completed 200 OK
2026-08-31 11:53:34.887 DEBUG o.s.web.servlet.DispatcherServlet - GET "/api/v1/palette/countTotalStoredFreeByRowId/82", parameters={}
2026-08-31 11:53:34.889 DEBUG o.s.w.s.m.m.a.RequestMappingHandlerMapping - Mapped to org.code_studio.controller.PaletteController#countTotalStoredFreeByRowId(Integer)
2026-08-31 11:53:34.922 DEBUG o.s.w.s.m.m.a.HttpEntityMethodProcessor - Using 'application/json', given [*/*] and supported [application/json, application/*+json, application/yaml]
2026-08-31 11:53:34.922 TRACE o.s.w.s.m.m.a.HttpEntityMethodProcessor - Writing [{status=200, message=null, data=[714, 0, 714]}]
2026-08-31 11:53:34.926 DEBUG o.s.web.servlet.DispatcherServlet - Completed 200 OK
2026-08-31 11:53:34.940 DEBUG o.s.web.servlet.DispatcherServlet - GET "/api/v1/palette/countTotalStoredFreeByRowId/71", parameters={}
2026-08-31 11:53:34.941 DEBUG o.s.w.s.m.m.a.RequestMappingHandlerMapping - Mapped to org.code_studio.controller.PaletteController#countTotalStoredFreeByRowId(Integer)
2026-08-31 11:53:34.963 DEBUG o.s.w.s.m.m.a.HttpEntityMethodProcessor - Using 'application/json', given [*/*] and supported [application/json, application/*+json, application/yaml]
2026-08-31 11:53:34.964 TRACE o.s.w.s.m.m.a.HttpEntityMethodProcessor - Writing [{status=200, message=null, data=[714, 0, 714]}]
2026-08-31 11:53:34.966 DEBUG o.s.web.servlet.DispatcherServlet - Completed 200 OK
2026-08-31 11:53:34.989 DEBUG o.s.web.servlet.DispatcherServlet - GET "/api/v1/palette/countTotalStoredFreeByRowId/72", parameters={}
2026-08-31 11:53:34.996 DEBUG o.s.w.s.m.m.a.RequestMappingHandlerMapping - Mapped to org.code_studio.controller.PaletteController#countTotalStoredFreeByRowId(Integer)
2026-08-31 11:53:35.008 DEBUG o.s.w.s.m.m.a.HttpEntityMethodProcessor - Using 'application/json', given [*/*] and supported [application/json, application/*+json, application/yaml]
2026-08-31 11:53:35.008 TRACE o.s.w.s.m.m.a.HttpEntityMethodProcessor - Writing [{status=200, message=null, data=[714, 0, 714]}]
2026-08-31 11:53:35.015 DEBUG o.s.web.servlet.DispatcherServlet - Completed 200 OK
2026-08-31 11:53:35.042 DEBUG o.s.web.servlet.DispatcherServlet - GET "/api/v1/palette/countTotalStoredFreeByRowId/61", parameters={}
2026-08-31 11:53:35.049 DEBUG o.s.w.s.m.m.a.RequestMappingHandlerMapping - Mapped to org.code_studio.controller.PaletteController#countTotalStoredFreeByRowId(Integer)
2026-08-31 11:53:35.064 DEBUG o.s.w.s.m.m.a.HttpEntityMethodProcessor - Using 'application/json', given [*/*] and supported [application/json, application/*+json, application/yaml]
2026-08-31 11:53:35.065 TRACE o.s.w.s.m.m.a.HttpEntityMethodProcessor - Writing [{status=200, message=null, data=[714, 0, 714]}]
2026-08-31 11:53:35.065 DEBUG o.s.web.servlet.DispatcherServlet - Completed 200 OK
2026-08-31 11:53:35.080 DEBUG o.s.web.servlet.DispatcherServlet - GET "/api/v1/palette/countTotalStoredFreeByRowId/62", parameters={}
2026-08-31 11:53:35.085 DEBUG o.s.w.s.m.m.a.RequestMappingHandlerMapping - Mapped to org.code_studio.controller.PaletteController#countTotalStoredFreeByRowId(Integer)
2026-08-31 11:53:35.099 DEBUG o.s.w.s.m.m.a.HttpEntityMethodProcessor - Using 'application/json', given [*/*] and supported [application/json, application/*+json, application/yaml]
2026-08-31 11:53:35.100 TRACE o.s.w.s.m.m.a.HttpEntityMethodProcessor - Writing [{status=200, message=null, data=[714, 0, 714]}]
2026-08-31 11:53:35.101 DEBUG o.s.web.servlet.DispatcherServlet - Completed 200 OK
2026-08-31 11:53:36.430 DEBUG o.s.web.servlet.DispatcherServlet - GET "/api/v1/palette/countTotalStoredFreeByRowId/51", parameters={}
2026-08-31 11:53:36.432 DEBUG o.s.w.s.m.m.a.RequestMappingHandlerMapping - Mapped to org.code_studio.controller.PaletteController#countTotalStoredFreeByRowId(Integer)
2026-08-31 11:53:36.435 DEBUG o.s.web.servlet.DispatcherServlet - GET "/api/v1/palette/countTotalStoredFreeByRowId/41", parameters={}
2026-08-31 11:53:36.436 DEBUG o.s.w.s.m.m.a.RequestMappingHandlerMapping - Mapped to org.code_studio.controller.PaletteController#countTotalStoredFreeByRowId(Integer)
2026-08-31 11:53:36.461 DEBUG o.s.web.servlet.DispatcherServlet - GET "/api/v1/palette/countTotalStoredFreeByRowId/52", parameters={}
2026-08-31 11:53:36.462 DEBUG o.s.w.s.m.m.a.RequestMappingHandlerMapping - Mapped to org.code_studio.controller.PaletteController#countTotalStoredFreeByRowId(Integer)
2026-08-31 11:53:36.468 DEBUG o.s.w.s.m.m.a.HttpEntityMethodProcessor - Using 'application/json', given [*/*] and supported [application/json, application/*+json, application/yaml]
2026-08-31 11:53:36.469 TRACE o.s.w.s.m.m.a.HttpEntityMethodProcessor - Writing [{status=200, message=null, data=[714, 0, 714]}]
2026-08-31 11:53:36.475 DEBUG o.s.web.servlet.DispatcherServlet - Completed 200 OK
2026-08-31 11:53:36.484 DEBUG o.s.w.s.m.m.a.HttpEntityMethodProcessor - Using 'application/json', given [*/*] and supported [application/json, application/*+json, application/yaml]
2026-08-31 11:53:36.485 TRACE o.s.w.s.m.m.a.HttpEntityMethodProcessor - Writing [{status=200, message=null, data=[714, 0, 714]}]
2026-08-31 11:53:36.485 DEBUG o.s.web.servlet.DispatcherServlet - Completed 200 OK
2026-08-31 11:53:36.489 DEBUG o.s.web.servlet.DispatcherServlet - GET "/api/v1/palette/allOccupiedByRowId/81", parameters={}
2026-08-31 11:53:36.500 DEBUG o.s.w.s.m.m.a.RequestMappingHandlerMapping - Mapped to org.code_studio.controller.PaletteController#allOccupiedByRowId(Integer)
2026-08-31 11:53:36.536 DEBUG o.s.web.servlet.DispatcherServlet - GET "/api/v1/palette/countTotalStoredFreeByRowId/31", parameters={}
2026-08-31 11:53:36.538 DEBUG o.s.w.s.m.m.a.RequestMappingHandlerMapping - Mapped to org.code_studio.controller.PaletteController#countTotalStoredFreeByRowId(Integer)
2026-08-31 11:53:36.578 DEBUG o.s.w.s.m.m.a.HttpEntityMethodProcessor - Using 'application/json', given [*/*] and supported [application/json, application/*+json, application/yaml]
2026-08-31 11:53:36.578 TRACE o.s.w.s.m.m.a.HttpEntityMethodProcessor - Writing [{status=200, message=null, data=[714, 0, 714]}]
2026-08-31 11:53:36.578 DEBUG o.s.web.servlet.DispatcherServlet - Completed 200 OK
2026-08-31 11:53:36.584 DEBUG o.s.web.servlet.DispatcherServlet - GET "/api/v1/palette/countTotalStoredFreeByRowId/32", parameters={}
2026-08-31 11:53:36.591 DEBUG o.s.w.s.m.m.a.RequestMappingHandlerMapping - Mapped to org.code_studio.controller.PaletteController#countTotalStoredFreeByRowId(Integer)
2026-08-31 11:53:36.599 DEBUG o.s.w.s.m.m.a.HttpEntityMethodProcessor - Using 'application/json', given [*/*] and supported [application/json, application/*+json, application/yaml]
2026-08-31 11:53:36.600 TRACE o.s.w.s.m.m.a.HttpEntityMethodProcessor - Writing [{status=200, message=null, data=[org.code_studio.database.Palette@6b20690d, org.code_studio.database.Palette@73288fad, org.code_studio.database.Palette@3c844a8f]}]
2026-08-31 11:53:36.604 DEBUG o.s.w.s.m.m.a.HttpEntityMethodProcessor - Using 'application/json', given [*/*] and supported [application/json, application/*+json, application/yaml]
2026-08-31 11:53:36.604 TRACE o.s.w.s.m.m.a.HttpEntityMethodProcessor - Writing [{status=200, message=null, data=[714, 0, 714]}]
2026-08-31 11:53:36.610 DEBUG o.s.w.s.m.m.a.HttpEntityMethodProcessor - Using 'application/json', given [*/*] and supported [application/json, application/*+json, application/yaml]
2026-08-31 11:53:36.610 TRACE o.s.w.s.m.m.a.HttpEntityMethodProcessor - Writing [{status=200, message=null, data=[714, 0, 714]}]
2026-08-31 11:53:36.610 DEBUG o.s.web.servlet.DispatcherServlet - Completed 200 OK
2026-08-31 11:53:36.617 DEBUG o.s.web.servlet.DispatcherServlet - GET "/api/v1/palette/countTotalStoredFreeByRowId/42", parameters={}
2026-08-31 11:53:36.707 DEBUG o.s.web.servlet.DispatcherServlet - Completed 200 OK
2026-08-31 11:53:36.713 DEBUG o.s.web.servlet.DispatcherServlet - Completed 200 OK
2026-08-31 11:53:36.719 DEBUG o.s.w.s.m.m.a.RequestMappingHandlerMapping - Mapped to org.code_studio.controller.PaletteController#countTotalStoredFreeByRowId(Integer)
2026-08-31 11:53:36.723 DEBUG o.s.web.servlet.DispatcherServlet - GET "/api/v1/palette/countTotalStoredFreeByRowId/81", parameters={}
2026-08-31 11:53:36.724 DEBUG o.s.web.servlet.DispatcherServlet - GET "/api/v1/palette/countTotalStoredFreeByRowId/21", parameters={}
2026-08-31 11:53:36.726 DEBUG o.s.w.s.m.m.a.RequestMappingHandlerMapping - Mapped to org.code_studio.controller.PaletteController#countTotalStoredFreeByRowId(Integer)
2026-08-31 11:53:36.729 DEBUG o.s.w.s.m.m.a.HttpEntityMethodProcessor - Using 'application/json', given [*/*] and supported [application/json, application/*+json, application/yaml]
2026-08-31 11:53:36.729 TRACE o.s.w.s.m.m.a.HttpEntityMethodProcessor - Writing [{status=200, message=null, data=[714, 0, 714]}]
2026-08-31 11:53:36.731 DEBUG o.s.web.servlet.DispatcherServlet - Completed 200 OK
2026-08-31 11:53:36.733 DEBUG o.s.w.s.m.m.a.RequestMappingHandlerMapping - Mapped to org.code_studio.controller.PaletteController#countTotalStoredFreeByRowId(Integer)
2026-08-31 11:53:36.738 DEBUG o.s.web.servlet.DispatcherServlet - GET "/api/v1/palette/countTotalStoredFreeByRowId/22", parameters={}
2026-08-31 11:53:36.738 DEBUG o.s.w.s.m.m.a.HttpEntityMethodProcessor - Using 'application/json', given [*/*] and supported [application/json, application/*+json, application/yaml]
2026-08-31 11:53:36.739 TRACE o.s.w.s.m.m.a.HttpEntityMethodProcessor - Writing [{status=200, message=null, data=[714, 0, 714]}]
2026-08-31 11:53:36.741 DEBUG o.s.web.servlet.DispatcherServlet - Completed 200 OK
2026-08-31 11:53:36.743 DEBUG o.s.w.s.m.m.a.RequestMappingHandlerMapping - Mapped to org.code_studio.controller.PaletteController#countTotalStoredFreeByRowId(Integer)
2026-08-31 11:53:36.748 DEBUG o.s.w.s.m.m.a.HttpEntityMethodProcessor - Using 'application/json', given [*/*] and supported [application/json, application/*+json, application/yaml]
2026-08-31 11:53:36.748 TRACE o.s.w.s.m.m.a.HttpEntityMethodProcessor - Writing [{status=200, message=null, data=[714, 3, 711]}]
2026-08-31 11:53:36.753 DEBUG o.s.web.servlet.DispatcherServlet - Completed 200 OK
2026-08-31 11:53:36.764 DEBUG o.s.web.servlet.DispatcherServlet - GET "/api/v1/palette/countTotalStoredFreeByRowId/11", parameters={}
2026-08-31 11:53:36.768 DEBUG o.s.w.s.m.m.a.RequestMappingHandlerMapping - Mapped to org.code_studio.controller.PaletteController#countTotalStoredFreeByRowId(Integer)
2026-08-31 11:53:36.769 DEBUG o.s.web.servlet.DispatcherServlet - GET "/api/v1/palette/countTotalStoredFreeByRowId/12", parameters={}
2026-08-31 11:53:36.774 DEBUG o.s.w.s.m.m.a.RequestMappingHandlerMapping - Mapped to org.code_studio.controller.PaletteController#countTotalStoredFreeByRowId(Integer)
2026-08-31 11:53:36.780 DEBUG o.s.w.s.m.m.a.HttpEntityMethodProcessor - Using 'application/json', given [*/*] and supported [application/json, application/*+json, application/yaml]
2026-08-31 11:53:36.780 TRACE o.s.w.s.m.m.a.HttpEntityMethodProcessor - Writing [{status=200, message=null, data=[714, 0, 714]}]
2026-08-31 11:53:36.782 DEBUG o.s.web.servlet.DispatcherServlet - Completed 200 OK
2026-08-31 11:53:36.791 DEBUG o.s.w.s.m.m.a.HttpEntityMethodProcessor - Using 'application/json', given [*/*] and supported [application/json, application/*+json, application/yaml]
2026-08-31 11:53:36.795 TRACE o.s.w.s.m.m.a.HttpEntityMethodProcessor - Writing [{status=200, message=null, data=[714, 48, 666]}]
2026-08-31 11:53:36.809 DEBUG o.s.w.s.m.m.a.HttpEntityMethodProcessor - Using 'application/json', given [*/*] and supported [application/json, application/*+json, application/yaml]
2026-08-31 11:53:36.815 TRACE o.s.w.s.m.m.a.HttpEntityMethodProcessor - Writing [{status=200, message=null, data=[714, 6, 708]}]
2026-08-31 11:53:36.816 DEBUG o.s.web.servlet.DispatcherServlet - Completed 200 OK
2026-08-31 11:53:36.816 DEBUG o.s.web.servlet.DispatcherServlet - Completed 200 OK
2026-08-31 12:07:45.545 DEBUG o.s.web.servlet.DispatcherServlet - GET "/api/v1/palette/setOccupied/0800104", parameters={}
2026-08-31 12:07:45.563 DEBUG o.s.w.s.m.m.a.RequestMappingHandlerMapping - Mapped to org.code_studio.controller.PaletteController#setOccupied(String)
2026-08-31 12:07:45.882 DEBUG o.s.w.s.m.m.a.HttpEntityMethodProcessor - Using 'application/json', given [*/*] and supported [application/json, application/*+json, application/yaml]
2026-08-31 12:07:45.886 TRACE o.s.w.s.m.m.a.HttpEntityMethodProcessor - Writing [{status=200, message=null, data=[org.code_studio.database.StoredProcedureResult@12b652b7]}]
2026-08-31 12:07:45.930 DEBUG o.s.web.servlet.DispatcherServlet - Completed 200 OK
2026-08-31 12:07:45.964 DEBUG o.s.web.servlet.DispatcherServlet - GET "/api/v1/palette/countTotalStoredFreeByRowId/81", parameters={}
2026-08-31 12:07:45.966 DEBUG o.s.w.s.m.m.a.RequestMappingHandlerMapping - Mapped to org.code_studio.controller.PaletteController#countTotalStoredFreeByRowId(Integer)
2026-08-31 12:07:45.995 DEBUG o.s.w.s.m.m.a.HttpEntityMethodProcessor - Using 'application/json', given [*/*] and supported [application/json, application/*+json, application/yaml]
2026-08-31 12:07:45.995 TRACE o.s.w.s.m.m.a.HttpEntityMethodProcessor - Writing [{status=200, message=null, data=[714, 4, 710]}]
2026-08-31 12:07:45.996 DEBUG o.s.web.servlet.DispatcherServlet - Completed 200 OK
2026-08-31 12:07:47.788 DEBUG o.s.web.servlet.DispatcherServlet - GET "/api/v1/palette/allOccupiedByRowId/81", parameters={}
2026-08-31 12:07:47.800 DEBUG o.s.w.s.m.m.a.RequestMappingHandlerMapping - Mapped to org.code_studio.controller.PaletteController#allOccupiedByRowId(Integer)
2026-08-31 12:07:47.980 DEBUG o.s.w.s.m.m.a.HttpEntityMethodProcessor - Using 'application/json', given [*/*] and supported [application/json, application/*+json, application/yaml]
2026-08-31 12:07:47.980 TRACE o.s.w.s.m.m.a.HttpEntityMethodProcessor - Writing [{status=200, message=null, data=[org.code_studio.database.Palette@449085a, org.code_studio.database.Palette@752b75dd, org.code_studio.database.Palette@186dc723, org.code_studio.database.Palette@3c61f4a1]}]
2026-08-31 12:07:48.105 DEBUG o.s.web.servlet.DispatcherServlet - Completed 200 OK
2026-08-31 12:07:48.118 DEBUG o.s.web.servlet.DispatcherServlet - GET "/api/v1/palette/allOccupiedByRowId/82", parameters={}
2026-08-31 12:07:48.122 DEBUG o.s.w.s.m.m.a.RequestMappingHandlerMapping - Mapped to org.code_studio.controller.PaletteController#allOccupiedByRowId(Integer)
2026-08-31 12:07:48.126 DEBUG o.s.w.s.m.m.a.HttpEntityMethodProcessor - Using 'application/json', given [*/*] and supported [application/json, application/*+json, application/yaml]
2026-08-31 12:07:48.127 TRACE o.s.w.s.m.m.a.HttpEntityMethodProcessor - Writing [{status=404, message=No data, data=null}]
2026-08-31 12:07:48.128 DEBUG o.s.web.servlet.DispatcherServlet - Completed 404 NOT_FOUND
2026-08-31 12:07:48.138 DEBUG o.s.web.servlet.DispatcherServlet - GET "/api/v1/palette/allOccupiedByRowId/71", parameters={}
2026-08-31 12:07:48.141 DEBUG o.s.w.s.m.m.a.RequestMappingHandlerMapping - Mapped to org.code_studio.controller.PaletteController#allOccupiedByRowId(Integer)
2026-08-31 12:07:48.148 DEBUG o.s.w.s.m.m.a.HttpEntityMethodProcessor - Using 'application/json', given [*/*] and supported [application/json, application/*+json, application/yaml]
2026-08-31 12:07:48.148 TRACE o.s.w.s.m.m.a.HttpEntityMethodProcessor - Writing [{status=404, message=No data, data=null}]
2026-08-31 12:07:48.149 DEBUG o.s.web.servlet.DispatcherServlet - Completed 404 NOT_FOUND
2026-08-31 12:07:48.158 DEBUG o.s.web.servlet.DispatcherServlet - GET "/api/v1/palette/allOccupiedByRowId/72", parameters={}
2026-08-31 12:07:48.161 DEBUG o.s.w.s.m.m.a.RequestMappingHandlerMapping - Mapped to org.code_studio.controller.PaletteController#allOccupiedByRowId(Integer)
2026-08-31 12:07:48.166 DEBUG o.s.w.s.m.m.a.HttpEntityMethodProcessor - Using 'application/json', given [*/*] and supported [application/json, application/*+json, application/yaml]
2026-08-31 12:07:48.166 TRACE o.s.w.s.m.m.a.HttpEntityMethodProcessor - Writing [{status=404, message=No data, data=null}]
2026-08-31 12:07:48.166 DEBUG o.s.web.servlet.DispatcherServlet - Completed 404 NOT_FOUND
2026-08-31 12:07:48.174 DEBUG o.s.web.servlet.DispatcherServlet - GET "/api/v1/palette/allOccupiedByRowId/61", parameters={}
2026-08-31 12:07:48.177 DEBUG o.s.w.s.m.m.a.RequestMappingHandlerMapping - Mapped to org.code_studio.controller.PaletteController#allOccupiedByRowId(Integer)
2026-08-31 12:07:48.181 DEBUG o.s.w.s.m.m.a.HttpEntityMethodProcessor - Using 'application/json', given [*/*] and supported [application/json, application/*+json, application/yaml]
2026-08-31 12:07:48.181 TRACE o.s.w.s.m.m.a.HttpEntityMethodProcessor - Writing [{status=404, message=No data, data=null}]
2026-08-31 12:07:48.182 DEBUG o.s.web.servlet.DispatcherServlet - Completed 404 NOT_FOUND
2026-08-31 12:07:48.191 DEBUG o.s.web.servlet.DispatcherServlet - GET "/api/v1/palette/allOccupiedByRowId/62", parameters={}
2026-08-31 12:07:48.193 DEBUG o.s.w.s.m.m.a.RequestMappingHandlerMapping - Mapped to org.code_studio.controller.PaletteController#allOccupiedByRowId(Integer)
2026-08-31 12:07:48.203 DEBUG o.s.w.s.m.m.a.HttpEntityMethodProcessor - Using 'application/json', given [*/*] and supported [application/json, application/*+json, application/yaml]
2026-08-31 12:07:48.203 TRACE o.s.w.s.m.m.a.HttpEntityMethodProcessor - Writing [{status=404, message=No data, data=null}]
2026-08-31 12:07:48.204 DEBUG o.s.web.servlet.DispatcherServlet - Completed 404 NOT_FOUND
2026-08-31 12:07:48.216 DEBUG o.s.web.servlet.DispatcherServlet - GET "/api/v1/palette/allOccupiedByRowId/51", parameters={}
2026-08-31 12:07:48.220 DEBUG o.s.w.s.m.m.a.RequestMappingHandlerMapping - Mapped to org.code_studio.controller.PaletteController#allOccupiedByRowId(Integer)
2026-08-31 12:07:48.225 DEBUG o.s.w.s.m.m.a.HttpEntityMethodProcessor - Using 'application/json', given [*/*] and supported [application/json, application/*+json, application/yaml]
2026-08-31 12:07:48.227 TRACE o.s.w.s.m.m.a.HttpEntityMethodProcessor - Writing [{status=404, message=No data, data=null}]
2026-08-31 12:07:48.227 DEBUG o.s.web.servlet.DispatcherServlet - Completed 404 NOT_FOUND
2026-08-31 12:07:48.235 DEBUG o.s.web.servlet.DispatcherServlet - GET "/api/v1/palette/allOccupiedByRowId/52", parameters={}
2026-08-31 12:07:48.236 DEBUG o.s.w.s.m.m.a.RequestMappingHandlerMapping - Mapped to org.code_studio.controller.PaletteController#allOccupiedByRowId(Integer)
2026-08-31 12:07:48.242 DEBUG o.s.w.s.m.m.a.HttpEntityMethodProcessor - Using 'application/json', given [*/*] and supported [application/json, application/*+json, application/yaml]
2026-08-31 12:07:48.242 TRACE o.s.w.s.m.m.a.HttpEntityMethodProcessor - Writing [{status=404, message=No data, data=null}]
2026-08-31 12:07:48.243 DEBUG o.s.web.servlet.DispatcherServlet - Completed 404 NOT_FOUND
2026-08-31 12:07:48.306 DEBUG o.s.web.servlet.DispatcherServlet - GET "/api/v1/palette/allOccupiedByRowId/41", parameters={}
2026-08-31 12:07:48.308 DEBUG o.s.w.s.m.m.a.RequestMappingHandlerMapping - Mapped to org.code_studio.controller.PaletteController#allOccupiedByRowId(Integer)
2026-08-31 12:07:48.313 DEBUG o.s.w.s.m.m.a.HttpEntityMethodProcessor - Using 'application/json', given [*/*] and supported [application/json, application/*+json, application/yaml]
2026-08-31 12:07:48.313 TRACE o.s.w.s.m.m.a.HttpEntityMethodProcessor - Writing [{status=404, message=No data, data=null}]
2026-08-31 12:07:48.314 DEBUG o.s.web.servlet.DispatcherServlet - Completed 404 NOT_FOUND
2026-08-31 12:07:48.352 DEBUG o.s.web.servlet.DispatcherServlet - GET "/api/v1/palette/allOccupiedByRowId/42", parameters={}
2026-08-31 12:07:48.353 DEBUG o.s.w.s.m.m.a.RequestMappingHandlerMapping - Mapped to org.code_studio.controller.PaletteController#allOccupiedByRowId(Integer)
2026-08-31 12:07:48.357 DEBUG o.s.w.s.m.m.a.HttpEntityMethodProcessor - Using 'application/json', given [*/*] and supported [application/json, application/*+json, application/yaml]
2026-08-31 12:07:48.357 TRACE o.s.w.s.m.m.a.HttpEntityMethodProcessor - Writing [{status=404, message=No data, data=null}]
2026-08-31 12:07:48.358 DEBUG o.s.web.servlet.DispatcherServlet - Completed 404 NOT_FOUND
2026-08-31 12:07:48.382 DEBUG o.s.web.servlet.DispatcherServlet - GET "/api/v1/palette/allOccupiedByRowId/31", parameters={}
2026-08-31 12:07:48.383 DEBUG o.s.w.s.m.m.a.RequestMappingHandlerMapping - Mapped to org.code_studio.controller.PaletteController#allOccupiedByRowId(Integer)
2026-08-31 12:07:48.388 DEBUG o.s.w.s.m.m.a.HttpEntityMethodProcessor - Using 'application/json', given [*/*] and supported [application/json, application/*+json, application/yaml]
2026-08-31 12:07:48.388 TRACE o.s.w.s.m.m.a.HttpEntityMethodProcessor - Writing [{status=404, message=No data, data=null}]
2026-08-31 12:07:48.389 DEBUG o.s.web.servlet.DispatcherServlet - Completed 404 NOT_FOUND
2026-08-31 12:07:48.526 DEBUG o.s.web.servlet.DispatcherServlet - GET "/api/v1/palette/allOccupiedByRowId/32", parameters={}
2026-08-31 12:07:48.529 DEBUG o.s.w.s.m.m.a.RequestMappingHandlerMapping - Mapped to org.code_studio.controller.PaletteController#allOccupiedByRowId(Integer)
2026-08-31 12:07:48.540 DEBUG o.s.w.s.m.m.a.HttpEntityMethodProcessor - Using 'application/json', given [*/*] and supported [application/json, application/*+json, application/yaml]
2026-08-31 12:07:48.541 TRACE o.s.w.s.m.m.a.HttpEntityMethodProcessor - Writing [{status=404, message=No data, data=null}]
2026-08-31 12:07:48.541 DEBUG o.s.web.servlet.DispatcherServlet - Completed 404 NOT_FOUND
2026-08-31 12:07:48.653 DEBUG o.s.web.servlet.DispatcherServlet - GET "/api/v1/palette/allOccupiedByRowId/21", parameters={}
2026-08-31 12:07:48.661 DEBUG o.s.w.s.m.m.a.RequestMappingHandlerMapping - Mapped to org.code_studio.controller.PaletteController#allOccupiedByRowId(Integer)
2026-08-31 12:07:48.669 DEBUG o.s.w.s.m.m.a.HttpEntityMethodProcessor - Using 'application/json', given [*/*] and supported [application/json, application/*+json, application/yaml]
2026-08-31 12:07:48.669 TRACE o.s.w.s.m.m.a.HttpEntityMethodProcessor - Writing [{status=404, message=No data, data=null}]
2026-08-31 12:07:48.671 DEBUG o.s.web.servlet.DispatcherServlet - Completed 404 NOT_FOUND
2026-08-31 12:07:48.693 DEBUG o.s.web.servlet.DispatcherServlet - GET "/api/v1/palette/allOccupiedByRowId/22", parameters={}
2026-08-31 12:07:48.706 DEBUG o.s.w.s.m.m.a.RequestMappingHandlerMapping - Mapped to org.code_studio.controller.PaletteController#allOccupiedByRowId(Integer)
2026-08-31 12:07:48.712 DEBUG o.s.w.s.m.m.a.HttpEntityMethodProcessor - Using 'application/json', given [*/*] and supported [application/json, application/*+json, application/yaml]
2026-08-31 12:07:48.712 TRACE o.s.w.s.m.m.a.HttpEntityMethodProcessor - Writing [{status=404, message=No data, data=null}]
2026-08-31 12:07:48.713 DEBUG o.s.web.servlet.DispatcherServlet - Completed 404 NOT_FOUND
2026-08-31 12:07:48.721 DEBUG o.s.web.servlet.DispatcherServlet - GET "/api/v1/palette/allOccupiedByRowId/11", parameters={}
2026-08-31 12:07:48.722 DEBUG o.s.w.s.m.m.a.RequestMappingHandlerMapping - Mapped to org.code_studio.controller.PaletteController#allOccupiedByRowId(Integer)
2026-08-31 12:07:48.739 DEBUG o.s.w.s.m.m.a.HttpEntityMethodProcessor - Using 'application/json', given [*/*] and supported [application/json, application/*+json, application/yaml]
2026-08-31 12:07:48.741 TRACE o.s.w.s.m.m.a.HttpEntityMethodProcessor - Writing [{status=200, message=null, data=[org.code_studio.database.Palette@3e3eef2e, org.code_studio.database.Palette@65f2ff8f, org.code_studio.database.Palette@662a152f, org.code_studio.database.Palette@76d60b44, org.code_studio.database.Palette@490d9bc9, org.code_studio.database.Palette@5fabc0a8, org.code_studio.database.Palette@460aa65e, org.code_studio.database.Palette@55f1f0eb, org.code_studio.database.Palette@40f1516f, org.code_studio.database.Palette@3803f3bb, org.code_studio.database.Palette@70c3977a, org.code_studio.database.Palette@4c43ca79, org.code_studio.database.Palette@49b5a6c, org.code_studio.database.Palette@6e8f73c9, org.code_studio.database.Palette@23c7a64c, org.code_studio.database.Palette@61e8c44e, org.code_studio.database.Palette@c7cbed0, org.code_studio.database.Palette@386fc71c, org.code_studio.database.Palette@7fcdc66d, org.code_studio.database.Palette@3384ef81, org.code_studio.database.Palette@4722df6d, org.code_studio.database.Palette@a0a176a, org.code_studio.database.Palette@615ea5a1, org.code_studio.database.Palette@15a3e595, org.code_studio.database.Palette@77f53fa, org.code_studio.database.Palette@2ef1803, org.code_studio.database.Palette@284122be, org.code_studio.database.Palette@cfed95d, org.code_studio.database.Palette@1abb6500, org.code_studio.database.Palette@4933aaef, org.code_studio.database.Palette@44c3f747, org.code_studio.database.Palette@4e9fa182, org.code_studio.database.Palette@77f46821, org.code_studio.database.Palette@47d7e29c, org.code_studio.database.Palette@6164b94e, org.code_studio.database.Palette@7c238127, org.code_studio.database.Palette@2607a754, org.code_studio.database.Palette@92252b, org.code_studio.database.Palette@17b1abca, org.code_studio.database.Palette@23b33edd, org.code_studio.database.Palette@9e163ab, org.code_studio.database.Palette@4e0cbef4, org.code_studio.database.Palette@7c79e1b8, org.code_studio.database.Palette@3aac5a28, org.code_studio.database.Palette@4e64a641, org.code_studio.database.Palette@62a61957, org.code_studio.database.Palette@3a01ee1c, org.code_studio.database.Palette@59f3b51]}]
2026-08-31 12:07:48.972 DEBUG o.s.web.servlet.DispatcherServlet - Completed 200 OK
2026-08-31 12:07:48.987 DEBUG o.s.web.servlet.DispatcherServlet - GET "/api/v1/palette/allOccupiedByRowId/12", parameters={}
2026-08-31 12:07:48.989 DEBUG o.s.w.s.m.m.a.RequestMappingHandlerMapping - Mapped to org.code_studio.controller.PaletteController#allOccupiedByRowId(Integer)
2026-08-31 12:07:48.997 DEBUG o.s.w.s.m.m.a.HttpEntityMethodProcessor - Using 'application/json', given [*/*] and supported [application/json, application/*+json, application/yaml]
2026-08-31 12:07:48.997 TRACE o.s.w.s.m.m.a.HttpEntityMethodProcessor - Writing [{status=200, message=null, data=[org.code_studio.database.Palette@ef93474, org.code_studio.database.Palette@6245069e, org.code_studio.database.Palette@57a28dd8, org.code_studio.database.Palette@2d0e6937, org.code_studio.database.Palette@4dd7a7f, org.code_studio.database.Palette@12ac7f87]}]
2026-08-31 12:07:49.048 DEBUG o.s.web.servlet.DispatcherServlet - Completed 200 OK
2026-08-31 12:07:49.060 DEBUG o.s.web.servlet.DispatcherServlet - GET "/api/v1/palette/countTotalStoredFreeByRowId/81", parameters={}
2026-08-31 12:07:49.062 DEBUG o.s.w.s.m.m.a.RequestMappingHandlerMapping - Mapped to org.code_studio.controller.PaletteController#countTotalStoredFreeByRowId(Integer)
2026-08-31 12:07:49.070 DEBUG o.s.w.s.m.m.a.HttpEntityMethodProcessor - Using 'application/json', given [*/*] and supported [application/json, application/*+json, application/yaml]
2026-08-31 12:07:49.070 TRACE o.s.w.s.m.m.a.HttpEntityMethodProcessor - Writing [{status=200, message=null, data=[714, 4, 710]}]
2026-08-31 12:07:49.070 DEBUG o.s.web.servlet.DispatcherServlet - Completed 200 OK
2026-08-31 12:07:49.086 DEBUG o.s.web.servlet.DispatcherServlet - GET "/api/v1/palette/countTotalStoredFreeByRowId/82", parameters={}
2026-08-31 12:07:49.088 DEBUG o.s.w.s.m.m.a.RequestMappingHandlerMapping - Mapped to org.code_studio.controller.PaletteController#countTotalStoredFreeByRowId(Integer)
2026-08-31 12:07:49.119 DEBUG o.s.w.s.m.m.a.HttpEntityMethodProcessor - Using 'application/json', given [*/*] and supported [application/json, application/*+json, application/yaml]
2026-08-31 12:07:49.119 TRACE o.s.w.s.m.m.a.HttpEntityMethodProcessor - Writing [{status=200, message=null, data=[714, 0, 714]}]
2026-08-31 12:07:49.121 DEBUG o.s.web.servlet.DispatcherServlet - Completed 200 OK
2026-08-31 12:07:49.142 DEBUG o.s.web.servlet.DispatcherServlet - GET "/api/v1/palette/countTotalStoredFreeByRowId/71", parameters={}
2026-08-31 12:07:49.143 DEBUG o.s.w.s.m.m.a.RequestMappingHandlerMapping - Mapped to org.code_studio.controller.PaletteController#countTotalStoredFreeByRowId(Integer)
2026-08-31 12:07:49.167 DEBUG o.s.w.s.m.m.a.HttpEntityMethodProcessor - Using 'application/json', given [*/*] and supported [application/json, application/*+json, application/yaml]
2026-08-31 12:07:49.167 TRACE o.s.w.s.m.m.a.HttpEntityMethodProcessor - Writing [{status=200, message=null, data=[714, 0, 714]}]
2026-08-31 12:07:49.169 DEBUG o.s.web.servlet.DispatcherServlet - Completed 200 OK
2026-08-31 12:07:49.210 DEBUG o.s.web.servlet.DispatcherServlet - GET "/api/v1/palette/countTotalStoredFreeByRowId/72", parameters={}
2026-08-31 12:07:49.215 DEBUG o.s.w.s.m.m.a.RequestMappingHandlerMapping - Mapped to org.code_studio.controller.PaletteController#countTotalStoredFreeByRowId(Integer)
2026-08-31 12:07:49.220 DEBUG o.s.w.s.m.m.a.HttpEntityMethodProcessor - Using 'application/json', given [*/*] and supported [application/json, application/*+json, application/yaml]
2026-08-31 12:07:49.220 TRACE o.s.w.s.m.m.a.HttpEntityMethodProcessor - Writing [{status=200, message=null, data=[714, 0, 714]}]
2026-08-31 12:07:49.224 DEBUG o.s.web.servlet.DispatcherServlet - Completed 200 OK
2026-08-31 12:07:49.235 DEBUG o.s.web.servlet.DispatcherServlet - GET "/api/v1/palette/countTotalStoredFreeByRowId/61", parameters={}
2026-08-31 12:07:49.237 DEBUG o.s.w.s.m.m.a.RequestMappingHandlerMapping - Mapped to org.code_studio.controller.PaletteController#countTotalStoredFreeByRowId(Integer)
2026-08-31 12:07:49.251 DEBUG o.s.w.s.m.m.a.HttpEntityMethodProcessor - Using 'application/json', given [*/*] and supported [application/json, application/*+json, application/yaml]
2026-08-31 12:07:49.252 TRACE o.s.w.s.m.m.a.HttpEntityMethodProcessor - Writing [{status=200, message=null, data=[714, 0, 714]}]
2026-08-31 12:07:49.253 DEBUG o.s.web.servlet.DispatcherServlet - Completed 200 OK
2026-08-31 12:07:49.283 DEBUG o.s.web.servlet.DispatcherServlet - GET "/api/v1/palette/countTotalStoredFreeByRowId/62", parameters={}
2026-08-31 12:07:49.285 DEBUG o.s.w.s.m.m.a.RequestMappingHandlerMapping - Mapped to org.code_studio.controller.PaletteController#countTotalStoredFreeByRowId(Integer)
2026-08-31 12:07:49.305 DEBUG o.s.w.s.m.m.a.HttpEntityMethodProcessor - Using 'application/json', given [*/*] and supported [application/json, application/*+json, application/yaml]
2026-08-31 12:07:49.305 TRACE o.s.w.s.m.m.a.HttpEntityMethodProcessor - Writing [{status=200, message=null, data=[714, 0, 714]}]
2026-08-31 12:07:49.306 DEBUG o.s.web.servlet.DispatcherServlet - Completed 200 OK
2026-08-31 12:07:49.327 DEBUG o.s.web.servlet.DispatcherServlet - GET "/api/v1/palette/countTotalStoredFreeByRowId/51", parameters={}
2026-08-31 12:07:49.344 DEBUG o.s.w.s.m.m.a.RequestMappingHandlerMapping - Mapped to org.code_studio.controller.PaletteController#countTotalStoredFreeByRowId(Integer)
2026-08-31 12:07:49.373 DEBUG o.s.w.s.m.m.a.HttpEntityMethodProcessor - Using 'application/json', given [*/*] and supported [application/json, application/*+json, application/yaml]
2026-08-31 12:07:49.374 TRACE o.s.w.s.m.m.a.HttpEntityMethodProcessor - Writing [{status=200, message=null, data=[714, 0, 714]}]
2026-08-31 12:07:49.374 DEBUG o.s.web.servlet.DispatcherServlet - Completed 200 OK
2026-08-31 12:07:49.394 DEBUG o.s.web.servlet.DispatcherServlet - GET "/api/v1/palette/countTotalStoredFreeByRowId/52", parameters={}
2026-08-31 12:07:49.403 DEBUG o.s.w.s.m.m.a.RequestMappingHandlerMapping - Mapped to org.code_studio.controller.PaletteController#countTotalStoredFreeByRowId(Integer)
2026-08-31 12:07:49.422 DEBUG o.s.w.s.m.m.a.HttpEntityMethodProcessor - Using 'application/json', given [*/*] and supported [application/json, application/*+json, application/yaml]
2026-08-31 12:07:49.423 TRACE o.s.w.s.m.m.a.HttpEntityMethodProcessor - Writing [{status=200, message=null, data=[714, 0, 714]}]
2026-08-31 12:07:49.423 DEBUG o.s.web.servlet.DispatcherServlet - Completed 200 OK
2026-08-31 12:07:49.433 DEBUG o.s.web.servlet.DispatcherServlet - GET "/api/v1/palette/countTotalStoredFreeByRowId/41", parameters={}
2026-08-31 12:07:49.436 DEBUG o.s.w.s.m.m.a.RequestMappingHandlerMapping - Mapped to org.code_studio.controller.PaletteController#countTotalStoredFreeByRowId(Integer)
2026-08-31 12:07:49.443 DEBUG o.s.w.s.m.m.a.HttpEntityMethodProcessor - Using 'application/json', given [*/*] and supported [application/json, application/*+json, application/yaml]
2026-08-31 12:07:49.444 TRACE o.s.w.s.m.m.a.HttpEntityMethodProcessor - Writing [{status=200, message=null, data=[714, 0, 714]}]
2026-08-31 12:07:49.446 DEBUG o.s.web.servlet.DispatcherServlet - Completed 200 OK
2026-08-31 12:07:49.470 DEBUG o.s.web.servlet.DispatcherServlet - GET "/api/v1/palette/countTotalStoredFreeByRowId/42", parameters={}
2026-08-31 12:07:49.472 DEBUG o.s.w.s.m.m.a.RequestMappingHandlerMapping - Mapped to org.code_studio.controller.PaletteController#countTotalStoredFreeByRowId(Integer)
2026-08-31 12:07:49.477 DEBUG o.s.w.s.m.m.a.HttpEntityMethodProcessor - Using 'application/json', given [*/*] and supported [application/json, application/*+json, application/yaml]
2026-08-31 12:07:49.477 TRACE o.s.w.s.m.m.a.HttpEntityMethodProcessor - Writing [{status=200, message=null, data=[714, 0, 714]}]
2026-08-31 12:07:49.478 DEBUG o.s.web.servlet.DispatcherServlet - Completed 200 OK
2026-08-31 12:07:49.504 DEBUG o.s.web.servlet.DispatcherServlet - GET "/api/v1/palette/countTotalStoredFreeByRowId/31", parameters={}
2026-08-31 12:07:49.506 DEBUG o.s.w.s.m.m.a.RequestMappingHandlerMapping - Mapped to org.code_studio.controller.PaletteController#countTotalStoredFreeByRowId(Integer)
2026-08-31 12:07:49.520 DEBUG o.s.w.s.m.m.a.HttpEntityMethodProcessor - Using 'application/json', given [*/*] and supported [application/json, application/*+json, application/yaml]
2026-08-31 12:07:49.520 TRACE o.s.w.s.m.m.a.HttpEntityMethodProcessor - Writing [{status=200, message=null, data=[714, 0, 714]}]
2026-08-31 12:07:49.521 DEBUG o.s.web.servlet.DispatcherServlet - Completed 200 OK
2026-08-31 12:07:49.540 DEBUG o.s.web.servlet.DispatcherServlet - GET "/api/v1/palette/countTotalStoredFreeByRowId/32", parameters={}
2026-08-31 12:07:49.542 DEBUG o.s.w.s.m.m.a.RequestMappingHandlerMapping - Mapped to org.code_studio.controller.PaletteController#countTotalStoredFreeByRowId(Integer)
2026-08-31 12:07:49.552 DEBUG o.s.w.s.m.m.a.HttpEntityMethodProcessor - Using 'application/json', given [*/*] and supported [application/json, application/*+json, application/yaml]
2026-08-31 12:07:49.553 TRACE o.s.w.s.m.m.a.HttpEntityMethodProcessor - Writing [{status=200, message=null, data=[714, 0, 714]}]
2026-08-31 12:07:49.554 DEBUG o.s.web.servlet.DispatcherServlet - Completed 200 OK
2026-08-31 12:07:49.568 DEBUG o.s.web.servlet.DispatcherServlet - GET "/api/v1/palette/countTotalStoredFreeByRowId/21", parameters={}
2026-08-31 12:07:49.569 DEBUG o.s.w.s.m.m.a.RequestMappingHandlerMapping - Mapped to org.code_studio.controller.PaletteController#countTotalStoredFreeByRowId(Integer)
2026-08-31 12:07:49.582 DEBUG o.s.w.s.m.m.a.HttpEntityMethodProcessor - Using 'application/json', given [*/*] and supported [application/json, application/*+json, application/yaml]
2026-08-31 12:07:49.582 TRACE o.s.w.s.m.m.a.HttpEntityMethodProcessor - Writing [{status=200, message=null, data=[714, 0, 714]}]
2026-08-31 12:07:49.583 DEBUG o.s.web.servlet.DispatcherServlet - Completed 200 OK
2026-08-31 12:07:49.617 DEBUG o.s.web.servlet.DispatcherServlet - GET "/api/v1/palette/countTotalStoredFreeByRowId/22", parameters={}
2026-08-31 12:07:49.620 DEBUG o.s.w.s.m.m.a.RequestMappingHandlerMapping - Mapped to org.code_studio.controller.PaletteController#countTotalStoredFreeByRowId(Integer)
2026-08-31 12:07:49.627 DEBUG o.s.w.s.m.m.a.HttpEntityMethodProcessor - Using 'application/json', given [*/*] and supported [application/json, application/*+json, application/yaml]
2026-08-31 12:07:49.628 TRACE o.s.w.s.m.m.a.HttpEntityMethodProcessor - Writing [{status=200, message=null, data=[714, 0, 714]}]
2026-08-31 12:07:49.629 DEBUG o.s.web.servlet.DispatcherServlet - Completed 200 OK
2026-08-31 12:07:49.650 DEBUG o.s.web.servlet.DispatcherServlet - GET "/api/v1/palette/countTotalStoredFreeByRowId/11", parameters={}
2026-08-31 12:07:49.652 DEBUG o.s.w.s.m.m.a.RequestMappingHandlerMapping - Mapped to org.code_studio.controller.PaletteController#countTotalStoredFreeByRowId(Integer)
2026-08-31 12:07:49.678 DEBUG o.s.w.s.m.m.a.HttpEntityMethodProcessor - Using 'application/json', given [*/*] and supported [application/json, application/*+json, application/yaml]
2026-08-31 12:07:49.678 TRACE o.s.w.s.m.m.a.HttpEntityMethodProcessor - Writing [{status=200, message=null, data=[714, 48, 666]}]
2026-08-31 12:07:49.679 DEBUG o.s.web.servlet.DispatcherServlet - Completed 200 OK
2026-08-31 12:07:49.688 DEBUG o.s.web.servlet.DispatcherServlet - GET "/api/v1/palette/countTotalStoredFreeByRowId/12", parameters={}
2026-08-31 12:07:49.692 DEBUG o.s.w.s.m.m.a.RequestMappingHandlerMapping - Mapped to org.code_studio.controller.PaletteController#countTotalStoredFreeByRowId(Integer)
2026-08-31 12:07:49.740 DEBUG o.s.w.s.m.m.a.HttpEntityMethodProcessor - Using 'application/json', given [*/*] and supported [application/json, application/*+json, application/yaml]
2026-08-31 12:07:49.740 TRACE o.s.w.s.m.m.a.HttpEntityMethodProcessor - Writing [{status=200, message=null, data=[714, 6, 708]}]
2026-08-31 12:07:49.741 DEBUG o.s.web.servlet.DispatcherServlet - Completed 200 OK
2026-08-31 12:07:50.602 DEBUG o.s.web.servlet.DispatcherServlet - GET "/api/v1/palette/allOccupiedByRowId/81", parameters={}
2026-08-31 12:07:50.603 DEBUG o.s.w.s.m.m.a.RequestMappingHandlerMapping - Mapped to org.code_studio.controller.PaletteController#allOccupiedByRowId(Integer)
2026-08-31 12:07:50.609 DEBUG o.s.w.s.m.m.a.HttpEntityMethodProcessor - Using 'application/json', given [*/*] and supported [application/json, application/*+json, application/yaml]
2026-08-31 12:07:50.609 TRACE o.s.w.s.m.m.a.HttpEntityMethodProcessor - Writing [{status=200, message=null, data=[org.code_studio.database.Palette@757523b, org.code_studio.database.Palette@77aae24c, org.code_studio.database.Palette@2614c438, org.code_studio.database.Palette@18d31ba]}]
2026-08-31 12:07:50.634 DEBUG o.s.web.servlet.DispatcherServlet - Completed 200 OK
2026-08-31 12:07:50.645 DEBUG o.s.web.servlet.DispatcherServlet - GET "/api/v1/palette/countTotalStoredFreeByRowId/81", parameters={}
2026-08-31 12:07:50.647 DEBUG o.s.w.s.m.m.a.RequestMappingHandlerMapping - Mapped to org.code_studio.controller.PaletteController#countTotalStoredFreeByRowId(Integer)
2026-08-31 12:07:50.651 DEBUG o.s.w.s.m.m.a.HttpEntityMethodProcessor - Using 'application/json', given [*/*] and supported [application/json, application/*+json, application/yaml]
2026-08-31 12:07:50.651 TRACE o.s.w.s.m.m.a.HttpEntityMethodProcessor - Writing [{status=200, message=null, data=[714, 4, 710]}]
2026-08-31 12:07:50.653 DEBUG o.s.web.servlet.DispatcherServlet - Completed 200 OK
2026-08-31 22:32:45.073 DEBUG o.s.web.servlet.DispatcherServlet - GET "/api/v1/palette/allOccupiedByRowId/81", parameters={}
2026-08-31 22:32:45.092 DEBUG o.s.w.s.m.m.a.RequestMappingHandlerMapping - Mapped to org.code_studio.controller.PaletteController#allOccupiedByRowId(Integer)
2026-08-31 22:32:45.608 DEBUG o.s.w.s.m.m.a.HttpEntityMethodProcessor - Using 'application/json', given [*/*] and supported [application/json, application/*+json, application/yaml]
2026-08-31 22:32:45.613 TRACE o.s.w.s.m.m.a.HttpEntityMethodProcessor - Writing [{status=200, message=null, data=[org.code_studio.database.Palette@76bc4682, org.code_studio.database.Palette@e691952, org.code_studio.database.Palette@500e9c9c, org.code_studio.database.Palette@73960470]}]
2026-08-31 22:32:45.911 DEBUG o.s.web.servlet.DispatcherServlet - Completed 200 OK
2026-08-31 22:32:45.993 DEBUG o.s.web.servlet.DispatcherServlet - GET "/api/v1/palette/allOccupiedByRowId/82", parameters={}
2026-08-31 22:32:45.994 DEBUG o.s.w.s.m.m.a.RequestMappingHandlerMapping - Mapped to org.code_studio.controller.PaletteController#allOccupiedByRowId(Integer)
2026-08-31 22:32:46.003 DEBUG o.s.w.s.m.m.a.HttpEntityMethodProcessor - Using 'application/json', given [*/*] and supported [application/json, application/*+json, application/yaml]
2026-08-31 22:32:46.004 TRACE o.s.w.s.m.m.a.HttpEntityMethodProcessor - Writing [{status=404, message=No data, data=null}]
2026-08-31 22:32:46.006 DEBUG o.s.web.servlet.DispatcherServlet - Completed 404 NOT_FOUND
2026-08-31 22:32:46.022 DEBUG o.s.web.servlet.DispatcherServlet - GET "/api/v1/palette/allOccupiedByRowId/71", parameters={}
2026-08-31 22:32:46.024 DEBUG o.s.w.s.m.m.a.RequestMappingHandlerMapping - Mapped to org.code_studio.controller.PaletteController#allOccupiedByRowId(Integer)
2026-08-31 22:32:46.028 DEBUG o.s.w.s.m.m.a.HttpEntityMethodProcessor - Using 'application/json', given [*/*] and supported [application/json, application/*+json, application/yaml]
2026-08-31 22:32:46.029 TRACE o.s.w.s.m.m.a.HttpEntityMethodProcessor - Writing [{status=404, message=No data, data=null}]
2026-08-31 22:32:46.031 DEBUG o.s.web.servlet.DispatcherServlet - Completed 404 NOT_FOUND
2026-08-31 22:32:46.039 DEBUG o.s.web.servlet.DispatcherServlet - GET "/api/v1/palette/allOccupiedByRowId/72", parameters={}
2026-08-31 22:32:46.041 DEBUG o.s.w.s.m.m.a.RequestMappingHandlerMapping - Mapped to org.code_studio.controller.PaletteController#allOccupiedByRowId(Integer)
2026-08-31 22:32:46.046 DEBUG o.s.w.s.m.m.a.HttpEntityMethodProcessor - Using 'application/json', given [*/*] and supported [application/json, application/*+json, application/yaml]
2026-08-31 22:32:46.047 TRACE o.s.w.s.m.m.a.HttpEntityMethodProcessor - Writing [{status=404, message=No data, data=null}]
2026-08-31 22:32:46.048 DEBUG o.s.web.servlet.DispatcherServlet - Completed 404 NOT_FOUND
2026-08-31 22:32:46.057 DEBUG o.s.web.servlet.DispatcherServlet - GET "/api/v1/palette/allOccupiedByRowId/61", parameters={}
2026-08-31 22:32:46.058 DEBUG o.s.w.s.m.m.a.RequestMappingHandlerMapping - Mapped to org.code_studio.controller.PaletteController#allOccupiedByRowId(Integer)
2026-08-31 22:32:46.065 DEBUG o.s.w.s.m.m.a.HttpEntityMethodProcessor - Using 'application/json', given [*/*] and supported [application/json, application/*+json, application/yaml]
2026-08-31 22:32:46.066 TRACE o.s.w.s.m.m.a.HttpEntityMethodProcessor - Writing [{status=404, message=No data, data=null}]
2026-08-31 22:32:46.067 DEBUG o.s.web.servlet.DispatcherServlet - Completed 404 NOT_FOUND
2026-08-31 22:32:46.079 DEBUG o.s.web.servlet.DispatcherServlet - GET "/api/v1/palette/allOccupiedByRowId/62", parameters={}
2026-08-31 22:32:46.082 DEBUG o.s.w.s.m.m.a.RequestMappingHandlerMapping - Mapped to org.code_studio.controller.PaletteController#allOccupiedByRowId(Integer)
2026-08-31 22:32:46.086 DEBUG o.s.w.s.m.m.a.HttpEntityMethodProcessor - Using 'application/json', given [*/*] and supported [application/json, application/*+json, application/yaml]
2026-08-31 22:32:46.086 TRACE o.s.w.s.m.m.a.HttpEntityMethodProcessor - Writing [{status=404, message=No data, data=null}]
2026-08-31 22:32:46.088 DEBUG o.s.web.servlet.DispatcherServlet - Completed 404 NOT_FOUND
2026-08-31 22:32:46.097 DEBUG o.s.web.servlet.DispatcherServlet - GET "/api/v1/palette/allOccupiedByRowId/51", parameters={}
2026-08-31 22:32:46.102 DEBUG o.s.w.s.m.m.a.RequestMappingHandlerMapping - Mapped to org.code_studio.controller.PaletteController#allOccupiedByRowId(Integer)
2026-08-31 22:32:46.111 DEBUG o.s.w.s.m.m.a.HttpEntityMethodProcessor - Using 'application/json', given [*/*] and supported [application/json, application/*+json, application/yaml]
2026-08-31 22:32:46.111 TRACE o.s.w.s.m.m.a.HttpEntityMethodProcessor - Writing [{status=404, message=No data, data=null}]
2026-08-31 22:32:46.113 DEBUG o.s.web.servlet.DispatcherServlet - Completed 404 NOT_FOUND
2026-08-31 22:32:46.122 DEBUG o.s.web.servlet.DispatcherServlet - GET "/api/v1/palette/allOccupiedByRowId/52", parameters={}
2026-08-31 22:32:46.125 DEBUG o.s.w.s.m.m.a.RequestMappingHandlerMapping - Mapped to org.code_studio.controller.PaletteController#allOccupiedByRowId(Integer)
2026-08-31 22:32:46.131 DEBUG o.s.w.s.m.m.a.HttpEntityMethodProcessor - Using 'application/json', given [*/*] and supported [application/json, application/*+json, application/yaml]
2026-08-31 22:32:46.131 TRACE o.s.w.s.m.m.a.HttpEntityMethodProcessor - Writing [{status=404, message=No data, data=null}]
2026-08-31 22:32:46.132 DEBUG o.s.web.servlet.DispatcherServlet - Completed 404 NOT_FOUND
2026-08-31 22:32:46.140 DEBUG o.s.web.servlet.DispatcherServlet - GET "/api/v1/palette/allOccupiedByRowId/41", parameters={}
2026-08-31 22:32:46.143 DEBUG o.s.w.s.m.m.a.RequestMappingHandlerMapping - Mapped to org.code_studio.controller.PaletteController#allOccupiedByRowId(Integer)
2026-08-31 22:32:46.149 DEBUG o.s.w.s.m.m.a.HttpEntityMethodProcessor - Using 'application/json', given [*/*] and supported [application/json, application/*+json, application/yaml]
2026-08-31 22:32:46.149 TRACE o.s.w.s.m.m.a.HttpEntityMethodProcessor - Writing [{status=404, message=No data, data=null}]
2026-08-31 22:32:46.149 DEBUG o.s.web.servlet.DispatcherServlet - Completed 404 NOT_FOUND
2026-08-31 22:32:46.158 DEBUG o.s.web.servlet.DispatcherServlet - GET "/api/v1/palette/allOccupiedByRowId/42", parameters={}
2026-08-31 22:32:46.160 DEBUG o.s.w.s.m.m.a.RequestMappingHandlerMapping - Mapped to org.code_studio.controller.PaletteController#allOccupiedByRowId(Integer)
2026-08-31 22:32:46.174 DEBUG o.s.w.s.m.m.a.HttpEntityMethodProcessor - Using 'application/json', given [*/*] and supported [application/json, application/*+json, application/yaml]
2026-08-31 22:32:46.174 TRACE o.s.w.s.m.m.a.HttpEntityMethodProcessor - Writing [{status=404, message=No data, data=null}]
2026-08-31 22:32:46.175 DEBUG o.s.web.servlet.DispatcherServlet - Completed 404 NOT_FOUND
2026-08-31 22:32:46.183 DEBUG o.s.web.servlet.DispatcherServlet - GET "/api/v1/palette/allOccupiedByRowId/31", parameters={}
2026-08-31 22:32:46.185 DEBUG o.s.w.s.m.m.a.RequestMappingHandlerMapping - Mapped to org.code_studio.controller.PaletteController#allOccupiedByRowId(Integer)
2026-08-31 22:32:46.189 DEBUG o.s.w.s.m.m.a.HttpEntityMethodProcessor - Using 'application/json', given [*/*] and supported [application/json, application/*+json, application/yaml]
2026-08-31 22:32:46.189 TRACE o.s.w.s.m.m.a.HttpEntityMethodProcessor - Writing [{status=404, message=No data, data=null}]
2026-08-31 22:32:46.190 DEBUG o.s.web.servlet.DispatcherServlet - Completed 404 NOT_FOUND
2026-08-31 22:32:46.200 DEBUG o.s.web.servlet.DispatcherServlet - GET "/api/v1/palette/allOccupiedByRowId/32", parameters={}
2026-08-31 22:32:46.204 DEBUG o.s.w.s.m.m.a.RequestMappingHandlerMapping - Mapped to org.code_studio.controller.PaletteController#allOccupiedByRowId(Integer)
2026-08-31 22:32:46.239 DEBUG o.s.w.s.m.m.a.HttpEntityMethodProcessor - Using 'application/json', given [*/*] and supported [application/json, application/*+json, application/yaml]
2026-08-31 22:32:46.239 TRACE o.s.w.s.m.m.a.HttpEntityMethodProcessor - Writing [{status=404, message=No data, data=null}]
2026-08-31 22:32:46.240 DEBUG o.s.web.servlet.DispatcherServlet - Completed 404 NOT_FOUND
2026-08-31 22:32:46.273 DEBUG o.s.web.servlet.DispatcherServlet - GET "/api/v1/palette/allOccupiedByRowId/21", parameters={}
2026-08-31 22:32:46.276 DEBUG o.s.w.s.m.m.a.RequestMappingHandlerMapping - Mapped to org.code_studio.controller.PaletteController#allOccupiedByRowId(Integer)
2026-08-31 22:32:46.287 DEBUG o.s.w.s.m.m.a.HttpEntityMethodProcessor - Using 'application/json', given [*/*] and supported [application/json, application/*+json, application/yaml]
2026-08-31 22:32:46.288 TRACE o.s.w.s.m.m.a.HttpEntityMethodProcessor - Writing [{status=404, message=No data, data=null}]
2026-08-31 22:32:46.289 DEBUG o.s.web.servlet.DispatcherServlet - Completed 404 NOT_FOUND
2026-08-31 22:32:46.309 DEBUG o.s.web.servlet.DispatcherServlet - GET "/api/v1/palette/allOccupiedByRowId/22", parameters={}
2026-08-31 22:32:46.313 DEBUG o.s.w.s.m.m.a.RequestMappingHandlerMapping - Mapped to org.code_studio.controller.PaletteController#allOccupiedByRowId(Integer)
2026-08-31 22:32:46.329 DEBUG o.s.w.s.m.m.a.HttpEntityMethodProcessor - Using 'application/json', given [*/*] and supported [application/json, application/*+json, application/yaml]
2026-08-31 22:32:46.329 TRACE o.s.w.s.m.m.a.HttpEntityMethodProcessor - Writing [{status=404, message=No data, data=null}]
2026-08-31 22:32:46.335 DEBUG o.s.web.servlet.DispatcherServlet - Completed 404 NOT_FOUND
2026-08-31 22:32:46.344 DEBUG o.s.web.servlet.DispatcherServlet - GET "/api/v1/palette/allOccupiedByRowId/11", parameters={}
2026-08-31 22:32:46.350 DEBUG o.s.w.s.m.m.a.RequestMappingHandlerMapping - Mapped to org.code_studio.controller.PaletteController#allOccupiedByRowId(Integer)
2026-08-31 22:32:46.374 DEBUG o.s.w.s.m.m.a.HttpEntityMethodProcessor - Using 'application/json', given [*/*] and supported [application/json, application/*+json, application/yaml]
2026-08-31 22:32:46.375 TRACE o.s.w.s.m.m.a.HttpEntityMethodProcessor - Writing [{status=200, message=null, data=[org.code_studio.database.Palette@2f30aaa2, org.code_studio.database.Palette@38170113, org.code_studio.database.Palette@3812c3d2, org.code_studio.database.Palette@57e9af51, org.code_studio.database.Palette@318500d, org.code_studio.database.Palette@7f189c84, org.code_studio.database.Palette@43d71afa, org.code_studio.database.Palette@144f50bd, org.code_studio.database.Palette@1899042c, org.code_studio.database.Palette@19f16d91, org.code_studio.database.Palette@3c9d0cdb, org.code_studio.database.Palette@719350d0, org.code_studio.database.Palette@67634fac, org.code_studio.database.Palette@e25bca0, org.code_studio.database.Palette@236c4b4a, org.code_studio.database.Palette@3ec2feb9, org.code_studio.database.Palette@5a97e1f5, org.code_studio.database.Palette@6231c2c5, org.code_studio.database.Palette@1acf811e, org.code_studio.database.Palette@43cf0695, org.code_studio.database.Palette@484b1ae5, org.code_studio.database.Palette@7a7426b5, org.code_studio.database.Palette@112336df, org.code_studio.database.Palette@28b2b726, org.code_studio.database.Palette@5d3cfd58, org.code_studio.database.Palette@5021da32, org.code_studio.database.Palette@32d3b87d, org.code_studio.database.Palette@3b640584, org.code_studio.database.Palette@6606de47, org.code_studio.database.Palette@4d357eb4, org.code_studio.database.Palette@18178017, org.code_studio.database.Palette@187f6b3c, org.code_studio.database.Palette@5e427c34, org.code_studio.database.Palette@2b9fd591, org.code_studio.database.Palette@65cb84, org.code_studio.database.Palette@56ec423e, org.code_studio.database.Palette@688ea257, org.code_studio.database.Palette@efb3d3b, org.code_studio.database.Palette@1ea9d487, org.code_studio.database.Palette@60d8d663, org.code_studio.database.Palette@7179a832, org.code_studio.database.Palette@94d6659, org.code_studio.database.Palette@36050c72, org.code_studio.database.Palette@7d018ed4, org.code_studio.database.Palette@61935112, org.code_studio.database.Palette@6d92b1d4, org.code_studio.database.Palette@62bdf842, org.code_studio.database.Palette@1daf8cc1]}]
2026-08-31 22:32:46.737 DEBUG o.s.web.servlet.DispatcherServlet - Completed 200 OK
2026-08-31 22:32:47.885 DEBUG o.s.web.servlet.DispatcherServlet - GET "/api/v1/palette/allOccupiedByRowId/12", parameters={}
2026-08-31 22:32:47.886 DEBUG o.s.w.s.m.m.a.RequestMappingHandlerMapping - Mapped to org.code_studio.controller.PaletteController#allOccupiedByRowId(Integer)
2026-08-31 22:32:47.889 DEBUG o.s.web.servlet.DispatcherServlet - GET "/api/v1/palette/countTotalStoredFreeByRowId/71", parameters={}
2026-08-31 22:32:47.890 DEBUG o.s.web.servlet.DispatcherServlet - GET "/api/v1/palette/countTotalStoredFreeByRowId/82", parameters={}
2026-08-31 22:32:47.890 DEBUG o.s.w.s.m.m.a.RequestMappingHandlerMapping - Mapped to org.code_studio.controller.PaletteController#countTotalStoredFreeByRowId(Integer)
2026-08-31 22:32:47.894 DEBUG o.s.w.s.m.m.a.RequestMappingHandlerMapping - Mapped to org.code_studio.controller.PaletteController#countTotalStoredFreeByRowId(Integer)
2026-08-31 22:32:47.895 DEBUG o.s.web.servlet.DispatcherServlet - GET "/api/v1/palette/countTotalStoredFreeByRowId/81", parameters={}
2026-08-31 22:32:47.897 DEBUG o.s.w.s.m.m.a.RequestMappingHandlerMapping - Mapped to org.code_studio.controller.PaletteController#countTotalStoredFreeByRowId(Integer)
2026-08-31 22:32:47.904 DEBUG o.s.w.s.m.m.a.HttpEntityMethodProcessor - Using 'application/json', given [*/*] and supported [application/json, application/*+json, application/yaml]
2026-08-31 22:32:47.905 TRACE o.s.w.s.m.m.a.HttpEntityMethodProcessor - Writing [{status=200, message=null, data=[org.code_studio.database.Palette@1e4f2100, org.code_studio.database.Palette@2fe93a15, org.code_studio.database.Palette@1a533960, org.code_studio.database.Palette@5220c768, org.code_studio.database.Palette@3628a694, org.code_studio.database.Palette@2d04e59d]}]
2026-08-31 22:32:47.972 DEBUG o.s.w.s.m.m.a.HttpEntityMethodProcessor - Using 'application/json', given [*/*] and supported [application/json, application/*+json, application/yaml]
2026-08-31 22:32:47.972 TRACE o.s.w.s.m.m.a.HttpEntityMethodProcessor - Writing [{status=200, message=null, data=[714, 0, 714]}]
2026-08-31 22:32:47.974 DEBUG o.s.web.servlet.DispatcherServlet - Completed 200 OK
2026-08-31 22:32:47.980 DEBUG o.s.w.s.m.m.a.HttpEntityMethodProcessor - Using 'application/json', given [*/*] and supported [application/json, application/*+json, application/yaml]
2026-08-31 22:32:47.980 TRACE o.s.w.s.m.m.a.HttpEntityMethodProcessor - Writing [{status=200, message=null, data=[714, 0, 714]}]
2026-08-31 22:32:47.980 DEBUG o.s.w.s.m.m.a.HttpEntityMethodProcessor - Using 'application/json', given [*/*] and supported [application/json, application/*+json, application/yaml]
2026-08-31 22:32:47.980 TRACE o.s.w.s.m.m.a.HttpEntityMethodProcessor - Writing [{status=200, message=null, data=[714, 0, 714]}]
2026-08-31 22:32:47.982 DEBUG o.s.web.servlet.DispatcherServlet - Completed 200 OK
2026-08-31 22:32:47.983 DEBUG o.s.web.servlet.DispatcherServlet - Completed 200 OK
2026-08-31 22:32:47.992 DEBUG o.s.web.servlet.DispatcherServlet - Completed 200 OK
2026-08-31 22:32:47.994 DEBUG o.s.web.servlet.DispatcherServlet - GET "/api/v1/palette/countTotalStoredFreeByRowId/72", parameters={}
2026-08-31 22:32:47.996 DEBUG o.s.w.s.m.m.a.RequestMappingHandlerMapping - Mapped to org.code_studio.controller.PaletteController#countTotalStoredFreeByRowId(Integer)
2026-08-31 22:32:48.000 DEBUG o.s.w.s.m.m.a.HttpEntityMethodProcessor - Using 'application/json', given [*/*] and supported [application/json, application/*+json, application/yaml]
2026-08-31 22:32:48.005 TRACE o.s.w.s.m.m.a.HttpEntityMethodProcessor - Writing [{status=200, message=null, data=[714, 0, 714]}]
2026-08-31 22:32:48.008 DEBUG o.s.web.servlet.DispatcherServlet - Completed 200 OK
2026-08-31 22:32:48.014 DEBUG o.s.web.servlet.DispatcherServlet - GET "/api/v1/palette/countTotalStoredFreeByRowId/62", parameters={}
2026-08-31 22:32:48.014 DEBUG o.s.web.servlet.DispatcherServlet - GET "/api/v1/palette/countTotalStoredFreeByRowId/61", parameters={}
2026-08-31 22:32:48.015 DEBUG o.s.w.s.m.m.a.RequestMappingHandlerMapping - Mapped to org.code_studio.controller.PaletteController#countTotalStoredFreeByRowId(Integer)
2026-08-31 22:32:48.016 DEBUG o.s.w.s.m.m.a.RequestMappingHandlerMapping - Mapped to org.code_studio.controller.PaletteController#countTotalStoredFreeByRowId(Integer)
2026-08-31 22:32:48.019 DEBUG o.s.web.servlet.DispatcherServlet - GET "/api/v1/palette/allOccupiedByRowId/81", parameters={}
2026-08-31 22:32:48.021 DEBUG o.s.w.s.m.m.a.RequestMappingHandlerMapping - Mapped to org.code_studio.controller.PaletteController#allOccupiedByRowId(Integer)
2026-08-31 22:32:48.042 DEBUG o.s.web.servlet.DispatcherServlet - GET "/api/v1/palette/countTotalStoredFreeByRowId/51", parameters={}
2026-08-31 22:32:48.048 DEBUG o.s.w.s.m.m.a.HttpEntityMethodProcessor - Using 'application/json', given [*/*] and supported [application/json, application/*+json, application/yaml]
2026-08-31 22:32:48.048 TRACE o.s.w.s.m.m.a.HttpEntityMethodProcessor - Writing [{status=200, message=null, data=[714, 0, 714]}]
2026-08-31 22:32:48.049 DEBUG o.s.web.servlet.DispatcherServlet - Completed 200 OK
2026-08-31 22:32:48.050 DEBUG o.s.w.s.m.m.a.RequestMappingHandlerMapping - Mapped to org.code_studio.controller.PaletteController#countTotalStoredFreeByRowId(Integer)
2026-08-31 22:32:48.053 DEBUG o.s.w.s.m.m.a.HttpEntityMethodProcessor - Using 'application/json', given [*/*] and supported [application/json, application/*+json, application/yaml]
2026-08-31 22:32:48.053 TRACE o.s.w.s.m.m.a.HttpEntityMethodProcessor - Writing [{status=200, message=null, data=[714, 0, 714]}]
2026-08-31 22:32:48.053 DEBUG o.s.web.servlet.DispatcherServlet - Completed 200 OK
2026-08-31 22:32:48.057 DEBUG o.s.w.s.m.m.a.HttpEntityMethodProcessor - Using 'application/json', given [*/*] and supported [application/json, application/*+json, application/yaml]
2026-08-31 22:32:48.058 TRACE o.s.w.s.m.m.a.HttpEntityMethodProcessor - Writing [{status=200, message=null, data=[org.code_studio.database.Palette@581a01d2, org.code_studio.database.Palette@6e30f721, org.code_studio.database.Palette@1677acff, org.code_studio.database.Palette@543acd18]}]
2026-08-31 22:32:48.068 DEBUG o.s.web.servlet.DispatcherServlet - GET "/api/v1/palette/countTotalStoredFreeByRowId/41", parameters={}
2026-08-31 22:32:48.068 DEBUG o.s.web.servlet.DispatcherServlet - GET "/api/v1/palette/countTotalStoredFreeByRowId/52", parameters={}
2026-08-31 22:32:48.070 DEBUG o.s.w.s.m.m.a.RequestMappingHandlerMapping - Mapped to org.code_studio.controller.PaletteController#countTotalStoredFreeByRowId(Integer)
2026-08-31 22:32:48.070 DEBUG o.s.w.s.m.m.a.RequestMappingHandlerMapping - Mapped to org.code_studio.controller.PaletteController#countTotalStoredFreeByRowId(Integer)
2026-08-31 22:32:48.073 DEBUG o.s.w.s.m.m.a.HttpEntityMethodProcessor - Using 'application/json', given [*/*] and supported [application/json, application/*+json, application/yaml]
2026-08-31 22:32:48.074 TRACE o.s.w.s.m.m.a.HttpEntityMethodProcessor - Writing [{status=200, message=null, data=[714, 0, 714]}]
2026-08-31 22:32:48.076 DEBUG o.s.web.servlet.DispatcherServlet - Completed 200 OK
2026-08-31 22:32:48.085 DEBUG o.s.w.s.m.m.a.HttpEntityMethodProcessor - Using 'application/json', given [*/*] and supported [application/json, application/*+json, application/yaml]
2026-08-31 22:32:48.086 TRACE o.s.w.s.m.m.a.HttpEntityMethodProcessor - Writing [{status=200, message=null, data=[714, 0, 714]}]
2026-08-31 22:32:48.087 DEBUG o.s.web.servlet.DispatcherServlet - Completed 200 OK
2026-08-31 22:32:48.095 DEBUG o.s.w.s.m.m.a.HttpEntityMethodProcessor - Using 'application/json', given [*/*] and supported [application/json, application/*+json, application/yaml]
2026-08-31 22:32:48.095 TRACE o.s.w.s.m.m.a.HttpEntityMethodProcessor - Writing [{status=200, message=null, data=[714, 0, 714]}]
2026-08-31 22:32:48.096 DEBUG o.s.web.servlet.DispatcherServlet - Completed 200 OK
2026-08-31 22:32:48.123 DEBUG o.s.web.servlet.DispatcherServlet - GET "/api/v1/palette/countTotalStoredFreeByRowId/31", parameters={}
2026-08-31 22:32:48.129 DEBUG o.s.w.s.m.m.a.RequestMappingHandlerMapping - Mapped to org.code_studio.controller.PaletteController#countTotalStoredFreeByRowId(Integer)
2026-08-31 22:32:48.130 DEBUG o.s.web.servlet.DispatcherServlet - GET "/api/v1/palette/countTotalStoredFreeByRowId/42", parameters={}
2026-08-31 22:32:48.132 DEBUG o.s.w.s.m.m.a.RequestMappingHandlerMapping - Mapped to org.code_studio.controller.PaletteController#countTotalStoredFreeByRowId(Integer)
2026-08-31 22:32:48.134 DEBUG o.s.web.servlet.DispatcherServlet - GET "/api/v1/palette/countTotalStoredFreeByRowId/32", parameters={}
2026-08-31 22:32:48.137 DEBUG o.s.w.s.m.m.a.RequestMappingHandlerMapping - Mapped to org.code_studio.controller.PaletteController#countTotalStoredFreeByRowId(Integer)
2026-08-31 22:32:48.158 DEBUG o.s.w.s.m.m.a.HttpEntityMethodProcessor - Using 'application/json', given [*/*] and supported [application/json, application/*+json, application/yaml]
2026-08-31 22:32:48.160 TRACE o.s.w.s.m.m.a.HttpEntityMethodProcessor - Writing [{status=200, message=null, data=[714, 0, 714]}]
2026-08-31 22:32:48.167 DEBUG o.s.web.servlet.DispatcherServlet - Completed 200 OK
2026-08-31 22:32:48.174 DEBUG o.s.w.s.m.m.a.HttpEntityMethodProcessor - Using 'application/json', given [*/*] and supported [application/json, application/*+json, application/yaml]
2026-08-31 22:32:48.174 TRACE o.s.w.s.m.m.a.HttpEntityMethodProcessor - Writing [{status=200, message=null, data=[714, 0, 714]}]
2026-08-31 22:32:48.180 DEBUG o.s.web.servlet.DispatcherServlet - Completed 200 OK
2026-08-31 22:32:48.183 DEBUG o.s.web.servlet.DispatcherServlet - GET "/api/v1/palette/countTotalStoredFreeByRowId/21", parameters={}
2026-08-31 22:32:48.188 DEBUG o.s.w.s.m.m.a.RequestMappingHandlerMapping - Mapped to org.code_studio.controller.PaletteController#countTotalStoredFreeByRowId(Integer)
2026-08-31 22:32:48.200 DEBUG o.s.w.s.m.m.a.HttpEntityMethodProcessor - Using 'application/json', given [*/*] and supported [application/json, application/*+json, application/yaml]
2026-08-31 22:32:48.200 TRACE o.s.w.s.m.m.a.HttpEntityMethodProcessor - Writing [{status=200, message=null, data=[714, 0, 714]}]
2026-08-31 22:32:48.201 DEBUG o.s.web.servlet.DispatcherServlet - GET "/api/v1/palette/countTotalStoredFreeByRowId/22", parameters={}
2026-08-31 22:32:48.202 DEBUG o.s.web.servlet.DispatcherServlet - Completed 200 OK
2026-08-31 22:32:48.218 DEBUG o.s.w.s.m.m.a.RequestMappingHandlerMapping - Mapped to org.code_studio.controller.PaletteController#countTotalStoredFreeByRowId(Integer)
2026-08-31 22:32:48.222 DEBUG o.s.web.servlet.DispatcherServlet - GET "/api/v1/palette/countTotalStoredFreeByRowId/11", parameters={}
2026-08-31 22:32:48.224 DEBUG o.s.w.s.m.m.a.RequestMappingHandlerMapping - Mapped to org.code_studio.controller.PaletteController#countTotalStoredFreeByRowId(Integer)
2026-08-31 22:32:48.282 DEBUG o.s.w.s.m.m.a.HttpEntityMethodProcessor - Using 'application/json', given [*/*] and supported [application/json, application/*+json, application/yaml]
2026-08-31 22:32:48.282 TRACE o.s.w.s.m.m.a.HttpEntityMethodProcessor - Writing [{status=200, message=null, data=[714, 0, 714]}]
2026-08-31 22:32:48.283 DEBUG o.s.web.servlet.DispatcherServlet - Completed 200 OK
2026-08-31 22:32:48.308 DEBUG o.s.web.servlet.DispatcherServlet - GET "/api/v1/palette/countTotalStoredFreeByRowId/12", parameters={}
2026-08-31 22:32:48.313 DEBUG o.s.w.s.m.m.a.RequestMappingHandlerMapping - Mapped to org.code_studio.controller.PaletteController#countTotalStoredFreeByRowId(Integer)
2026-08-31 22:32:48.317 DEBUG o.s.w.s.m.m.a.HttpEntityMethodProcessor - Using 'application/json', given [*/*] and supported [application/json, application/*+json, application/yaml]
2026-08-31 22:32:48.318 TRACE o.s.w.s.m.m.a.HttpEntityMethodProcessor - Writing [{status=200, message=null, data=[714, 0, 714]}]
2026-08-31 22:32:48.319 DEBUG o.s.web.servlet.DispatcherServlet - Completed 200 OK
2026-08-31 22:32:48.341 DEBUG o.s.w.s.m.m.a.HttpEntityMethodProcessor - Using 'application/json', given [*/*] and supported [application/json, application/*+json, application/yaml]
2026-08-31 22:32:48.341 TRACE o.s.w.s.m.m.a.HttpEntityMethodProcessor - Writing [{status=200, message=null, data=[714, 48, 666]}]
2026-08-31 22:32:48.341 DEBUG o.s.web.servlet.DispatcherServlet - Completed 200 OK
2026-08-31 22:32:48.370 DEBUG o.s.w.s.m.m.a.HttpEntityMethodProcessor - Using 'application/json', given [*/*] and supported [application/json, application/*+json, application/yaml]
2026-08-31 22:32:48.371 TRACE o.s.w.s.m.m.a.HttpEntityMethodProcessor - Writing [{status=200, message=null, data=[714, 6, 708]}]
2026-08-31 22:32:48.371 DEBUG o.s.web.servlet.DispatcherServlet - Completed 200 OK
2026-08-31 22:32:48.518 DEBUG o.s.web.servlet.DispatcherServlet - Completed 200 OK
2026-08-31 22:32:48.525 DEBUG o.s.web.servlet.DispatcherServlet - GET "/api/v1/palette/countTotalStoredFreeByRowId/81", parameters={}
2026-08-31 22:32:48.527 DEBUG o.s.w.s.m.m.a.RequestMappingHandlerMapping - Mapped to org.code_studio.controller.PaletteController#countTotalStoredFreeByRowId(Integer)
2026-08-31 22:32:48.541 DEBUG o.s.w.s.m.m.a.HttpEntityMethodProcessor - Using 'application/json', given [*/*] and supported [application/json, application/*+json, application/yaml]
2026-08-31 22:32:48.542 TRACE o.s.w.s.m.m.a.HttpEntityMethodProcessor - Writing [{status=200, message=null, data=[714, 4, 710]}]
2026-08-31 22:32:48.543 DEBUG o.s.web.servlet.DispatcherServlet - Completed 200 OK
