2026-05-27 04:43:27.126 INFO  o.c.ApplicationCloseListener - <tcpserver><info> ApplicationContextClosedEvent detected
2026-05-27 04:43:27.353 INFO  org.code_studio.BarcodeConfig - <tcpserver><info> Barcode communication - COM port closed: COM3
2026-05-27 04:43:27.355 INFO  o.c.ApplicationCloseListener - <tcpserver><info> Waiting for 3000 msec to receive DAYEND confirmation from CRANE, and then close the TCP connection.
2026-05-27 04:43:30.666 INFO  o.c.TcpServerConfig$$SpringCGLIB$$0 - <tcpclient><info> Connection closed: 127.0.0.1:18196:65465:1c044483-61e3-45c7-8348-f9811b4a4d7a
2026-05-27 04:43:30.726 INFO  o.c.TcpServerConfig$$SpringCGLIB$$0 - <tcpserver><info> Connection closed: 127.0.0.1:65465:18196:e61b8132-c652-40f0-b951-8f512811b511
2026-05-27 04:43:51.953 INFO  o.code_studio.ComPortSchedulerTask - <tcpserver><info> Trying to open COM port for Barcode communication
2026-05-27 04:43:52.106 INFO  o.c.WebSocketServerConfig$$SpringCGLIB$$0 - <wsserver><info> Created WS channel: /app/topic
2026-05-27 04:43:52.298 INFO  o.c.TcpServerConfig$$SpringCGLIB$$0 - <tcpserver><info> TCP server started on port: 18196
2026-05-27 04:43:52.306 INFO  o.c.TcpClientConfig$$SpringCGLIB$$0 - <tcpclient><info> TCP client has been created for server: localhost:18196
2026-05-27 04:43:52.392 INFO  o.c.WebSocketServerConfig$$SpringCGLIB$$0 - <wsserver><info> Created WS server on endpoint: /ws
2026-05-27 04:43:53.419 INFO  o.c.TcpServerConfig$$SpringCGLIB$$0 - <tcpclient><info> Connection established: 127.0.0.1:18196:53108:f8d599d9-3c4f-4d5b-8a0b-2dbfc7d74574
2026-05-27 04:43:53.419 INFO  o.c.TcpServerConfig$$SpringCGLIB$$0 - <tcpserver><info> Connection established: 127.0.0.1:53108:18196:1f40cd1f-84d8-45cd-9a29-b97a353493c0
2026-05-27 04:43:53.421 INFO  o.c.CraneClientConnectedListener - <tcpsvr><info> CraneClientConnectedEvent detected
2026-05-27 04:43:53.466 WARN  o.c.ApplicationReadyListener - <tcpsvr><info> Message Flow Automation Debug is ENABLED
2026-05-27 04:43:53.469 INFO  o.c.controller.TcpMessageController - <tcpclient><send> LVS1UST1DA580027052026044353????????01???????001
2026-05-27 04:43:53.482 INFO  o.c.CraneClientConnectedListener - <tcpclient><send> DAYSTART message sent to Crane server
2026-05-27 04:43:53.504 INFO  o.c.TcpServerConfig$$SpringCGLIB$$0 - <tcpserver><recv> LVS1UST1DA580027052026044353????????01???????001
2026-05-27 04:43:53.524 WARN  o.c.m.IncomingMessageProcessor - MessageProcessor::handleError->StatusCode.STATUSUNKNOWN
2026-05-27 04:43:53.529 INFO  o.c.m.IncomingMessageProcessor - SENDER LVS1 | RECEIVER UST1 | MESSAGETYPE DAYSTART | ORDINAL 58 | ERRORCODE OK | SOURCE 27052026 | TARGET 044353 | REPORTPOINT RPUNKNOWN | LETYPE LEUNKNOWN | STATUSCODE AUTOMATIONENABLED | USERDATA null | RAWMESSAGE LVS1UST1DA580027052026044353????????01???????001
2026-05-27 04:43:54.115 INFO  o.code_studio.ComPortSchedulerTask - <tcpserver><info> Barcode communication enabled. COM port open: COM3
2026-05-27 04:43:56.552 INFO  o.c.controller.TcpMessageController - <tcpclient><send> UST1LVS111590027052026044353????????01???????001
2026-05-27 04:43:56.555 INFO  o.c.TcpClientConfig$$SpringCGLIB$$0 - <tcpclient><recv> LVS1UST1DA580027052026044353????????01???????001
2026-05-27 04:43:56.557 INFO  o.c.TcpServerConfig$$SpringCGLIB$$0 - <tcpserver><recv> UST1LVS111590027052026044353????????01???????001
2026-05-27 04:43:56.559 WARN  o.c.m.IncomingMessageProcessor - MessageProcessor::handleError->StatusCode.STATUSUNKNOWN
2026-05-27 04:43:56.559 INFO  o.c.m.IncomingMessageProcessor - SENDER UST1 | RECEIVER LVS1 | MESSAGETYPE DAYSTART | ORDINAL 59 | ERRORCODE OK | SOURCE 27052026 | TARGET 044356 | REPORTPOINT RPUNKNOWN | LETYPE LEUNKNOWN | STATUSCODE AUTOMATIONENABLED | USERDATA null | RAWMESSAGE UST1LVS111590027052026044353????????01???????001
2026-05-27 04:43:56.562 INFO  o.c.TcpClientConfig$$SpringCGLIB$$0 - <tcpclient><recv> LVS1UST1AA590027052026044353????????01???????001
2026-05-27 15:51:11.001 INFO  o.c.ApplicationCloseListener - <tcpserver><info> ApplicationContextClosedEvent detected
2026-05-27 15:51:11.050 INFO  org.code_studio.BarcodeConfig - <tcpserver><info> Barcode communication - COM port closed: COM3
2026-05-27 15:51:11.055 INFO  o.c.ApplicationCloseListener - <tcpserver><info> Waiting for 3000 msec to receive DAYEND confirmation from CRANE, and then close the TCP connection.
2026-05-27 15:51:14.300 INFO  o.c.TcpServerConfig$$SpringCGLIB$$0 - <tcpclient><info> Connection closed: 127.0.0.1:18196:53108:f8d599d9-3c4f-4d5b-8a0b-2dbfc7d74574
2026-05-27 15:51:14.338 INFO  o.c.TcpServerConfig$$SpringCGLIB$$0 - <tcpserver><info> Connection closed: 127.0.0.1:53108:18196:1f40cd1f-84d8-45cd-9a29-b97a353493c0
2026-05-27 15:52:05.198 INFO  o.code_studio.ComPortSchedulerTask - <tcpserver><info> Trying to open COM port for Barcode communication
2026-05-27 15:52:05.406 INFO  o.c.WebSocketServerConfig$$SpringCGLIB$$0 - <wsserver><info> Created WS channel: /app/topic
2026-05-27 15:52:05.638 INFO  o.c.TcpServerConfig$$SpringCGLIB$$0 - <tcpserver><info> TCP server started on port: 18196
2026-05-27 15:52:05.647 INFO  o.c.TcpClientConfig$$SpringCGLIB$$0 - <tcpclient><info> TCP client has been created for server: localhost:18196
2026-05-27 15:52:05.731 INFO  o.c.WebSocketServerConfig$$SpringCGLIB$$0 - <wsserver><info> Created WS server on endpoint: /ws
2026-05-27 15:52:06.756 INFO  o.code_studio.ComPortSchedulerTask - <tcpserver><info> Barcode communication enabled. COM port open: COM3
2026-05-27 15:52:06.824 INFO  o.c.TcpServerConfig$$SpringCGLIB$$0 - <tcpserver><info> Connection established: 127.0.0.1:55484:18196:7b9b634f-3ead-47e4-8eba-fb7c25f18877
2026-05-27 15:52:06.824 INFO  o.c.TcpServerConfig$$SpringCGLIB$$0 - <tcpclient><info> Connection established: 127.0.0.1:18196:55484:e69067b7-0949-4833-bef6-5e85346ba7d9
2026-05-27 15:52:06.826 INFO  o.c.CraneClientConnectedListener - <tcpsvr><info> CraneClientConnectedEvent detected
2026-05-27 15:52:06.875 WARN  o.c.ApplicationReadyListener - <tcpsvr><info> Message Flow Automation Debug is ENABLED
2026-05-27 15:52:06.876 INFO  o.c.controller.TcpMessageController - <tcpclient><send> LVS1UST1DA600027052026155206????????01???????001
2026-05-27 15:52:06.889 INFO  o.c.CraneClientConnectedListener - <tcpclient><send> DAYSTART message sent to Crane server
2026-05-27 15:52:06.909 INFO  o.c.TcpServerConfig$$SpringCGLIB$$0 - <tcpserver><recv> LVS1UST1DA600027052026155206????????01???????001
2026-05-27 15:52:06.932 WARN  o.c.m.IncomingMessageProcessor - MessageProcessor::handleError->StatusCode.STATUSUNKNOWN
2026-05-27 15:52:06.936 INFO  o.c.m.IncomingMessageProcessor - SENDER LVS1 | RECEIVER UST1 | MESSAGETYPE DAYSTART | ORDINAL 60 | ERRORCODE OK | SOURCE 27052026 | TARGET 155206 | REPORTPOINT RPUNKNOWN | LETYPE LEUNKNOWN | STATUSCODE AUTOMATIONENABLED | USERDATA null | RAWMESSAGE LVS1UST1DA600027052026155206????????01???????001
2026-05-27 15:52:09.956 INFO  o.c.controller.TcpMessageController - <tcpclient><send> UST1LVS111610027052026155206????????01???????001
2026-05-27 15:52:09.960 INFO  o.c.TcpClientConfig$$SpringCGLIB$$0 - <tcpclient><recv> LVS1UST1DA600027052026155206????????01???????001
2026-05-27 15:52:09.961 INFO  o.c.TcpServerConfig$$SpringCGLIB$$0 - <tcpserver><recv> UST1LVS111610027052026155206????????01???????001
2026-05-27 15:52:09.962 WARN  o.c.m.IncomingMessageProcessor - MessageProcessor::handleError->StatusCode.STATUSUNKNOWN
2026-05-27 15:52:09.962 INFO  o.c.m.IncomingMessageProcessor - SENDER UST1 | RECEIVER LVS1 | MESSAGETYPE DAYSTART | ORDINAL 61 | ERRORCODE OK | SOURCE 27052026 | TARGET 155209 | REPORTPOINT RPUNKNOWN | LETYPE LEUNKNOWN | STATUSCODE AUTOMATIONENABLED | USERDATA null | RAWMESSAGE UST1LVS111610027052026155206????????01???????001
2026-05-27 15:52:09.965 INFO  o.c.TcpClientConfig$$SpringCGLIB$$0 - <tcpclient><recv> LVS1UST1AA610027052026155206????????01???????001
2026-05-27 15:56:27.224 INFO  o.c.ApplicationCloseListener - <tcpserver><info> ApplicationContextClosedEvent detected
2026-05-27 15:56:27.226 INFO  org.code_studio.BarcodeConfig - <tcpserver><info> Barcode communication - COM port closed: COM3
2026-05-27 15:56:27.227 INFO  o.c.ApplicationCloseListener - <tcpserver><info> Waiting for 3000 msec to receive DAYEND confirmation from CRANE, and then close the TCP connection.
2026-05-27 15:56:30.243 INFO  o.c.TcpServerConfig$$SpringCGLIB$$0 - <tcpclient><info> Connection closed: 127.0.0.1:18196:55484:e69067b7-0949-4833-bef6-5e85346ba7d9
2026-05-27 15:56:30.246 INFO  o.c.TcpServerConfig$$SpringCGLIB$$0 - <tcpserver><info> Connection closed: 127.0.0.1:55484:18196:7b9b634f-3ead-47e4-8eba-fb7c25f18877
2026-05-27 15:56:51.618 INFO  o.code_studio.ComPortSchedulerTask - <tcpserver><info> Trying to open COM port for Barcode communication
2026-05-27 15:56:51.768 INFO  o.c.WebSocketServerConfig$$SpringCGLIB$$0 - <wsserver><info> Created WS channel: /app/topic
2026-05-27 15:56:51.906 INFO  o.c.TcpServerConfig$$SpringCGLIB$$0 - <tcpserver><info> TCP server started on port: 18196
2026-05-27 15:56:51.913 INFO  o.c.TcpClientConfig$$SpringCGLIB$$0 - <tcpclient><info> TCP client has been created for server: localhost:18196
2026-05-27 15:56:51.981 INFO  o.c.WebSocketServerConfig$$SpringCGLIB$$0 - <wsserver><info> Created WS server on endpoint: /ws
2026-05-27 15:56:52.743 INFO  o.c.TcpServerConfig$$SpringCGLIB$$0 - <tcpserver><info> Connection established: 127.0.0.1:55547:18196:ca181365-edc3-48ac-b2bb-06219a71ce8d
2026-05-27 15:56:52.743 INFO  o.c.TcpServerConfig$$SpringCGLIB$$0 - <tcpclient><info> Connection established: 127.0.0.1:18196:55547:33630d87-3b2e-42e1-884e-e6e6a5f3ffcc
2026-05-27 15:56:52.745 INFO  o.c.CraneClientConnectedListener - <tcpsvr><info> CraneClientConnectedEvent detected
2026-05-27 15:56:52.776 WARN  o.c.ApplicationReadyListener - <tcpsvr><info> Message Flow Automation Debug is ENABLED
2026-05-27 15:56:52.786 INFO  o.c.controller.TcpMessageController - <tcpclient><send> LVS1UST1DA620027052026155652????????01???????001
2026-05-27 15:56:52.794 INFO  o.c.CraneClientConnectedListener - <tcpclient><send> DAYSTART message sent to Crane server
2026-05-27 15:56:52.807 INFO  o.c.TcpServerConfig$$SpringCGLIB$$0 - <tcpserver><recv> LVS1UST1DA620027052026155652????????01???????001
2026-05-27 15:56:52.823 WARN  o.c.m.IncomingMessageProcessor - MessageProcessor::handleError->StatusCode.STATUSUNKNOWN
2026-05-27 15:56:52.828 INFO  o.c.m.IncomingMessageProcessor - SENDER LVS1 | RECEIVER UST1 | MESSAGETYPE DAYSTART | ORDINAL 62 | ERRORCODE OK | SOURCE 27052026 | TARGET 155652 | REPORTPOINT RPUNKNOWN | LETYPE LEUNKNOWN | STATUSCODE AUTOMATIONENABLED | USERDATA null | RAWMESSAGE LVS1UST1DA620027052026155652????????01???????001
2026-05-27 15:56:53.335 INFO  o.code_studio.ComPortSchedulerTask - <tcpserver><info> Barcode communication enabled. COM port open: COM3
2026-05-27 15:56:55.853 INFO  o.c.controller.TcpMessageController - <tcpclient><send> UST1LVS111630027052026155652????????01???????001
2026-05-27 15:56:55.859 INFO  o.c.TcpClientConfig$$SpringCGLIB$$0 - <tcpclient><recv> LVS1UST1DA620027052026155652????????01???????001
2026-05-27 15:56:55.861 INFO  o.c.TcpServerConfig$$SpringCGLIB$$0 - <tcpserver><recv> UST1LVS111630027052026155652????????01???????001
2026-05-27 15:56:55.869 WARN  o.c.m.IncomingMessageProcessor - MessageProcessor::handleError->StatusCode.STATUSUNKNOWN
2026-05-27 15:56:55.870 INFO  o.c.m.IncomingMessageProcessor - SENDER UST1 | RECEIVER LVS1 | MESSAGETYPE DAYSTART | ORDINAL 63 | ERRORCODE OK | SOURCE 27052026 | TARGET 155655 | REPORTPOINT RPUNKNOWN | LETYPE LEUNKNOWN | STATUSCODE AUTOMATIONENABLED | USERDATA null | RAWMESSAGE UST1LVS111630027052026155652????????01???????001
2026-05-27 15:56:55.875 INFO  o.c.TcpClientConfig$$SpringCGLIB$$0 - <tcpclient><recv> LVS1UST1AA630027052026155652????????01???????001
2026-05-27 15:58:39.303 INFO  o.c.ApplicationCloseListener - <tcpserver><info> ApplicationContextClosedEvent detected
2026-05-27 15:58:39.305 INFO  org.code_studio.BarcodeConfig - <tcpserver><info> Barcode communication - COM port closed: COM3
2026-05-27 15:58:39.305 INFO  o.c.ApplicationCloseListener - <tcpserver><info> Waiting for 3000 msec to receive DAYEND confirmation from CRANE, and then close the TCP connection.
2026-05-27 15:58:42.315 INFO  o.c.TcpServerConfig$$SpringCGLIB$$0 - <tcpclient><info> Connection closed: 127.0.0.1:18196:55547:33630d87-3b2e-42e1-884e-e6e6a5f3ffcc
2026-05-27 15:58:42.318 INFO  o.c.TcpServerConfig$$SpringCGLIB$$0 - <tcpserver><info> Connection closed: 127.0.0.1:55547:18196:ca181365-edc3-48ac-b2bb-06219a71ce8d
2026-05-27 15:58:53.747 INFO  o.code_studio.ComPortSchedulerTask - <tcpserver><info> Trying to open COM port for Barcode communication
2026-05-27 15:58:53.907 INFO  o.c.WebSocketServerConfig$$SpringCGLIB$$0 - <wsserver><info> Created WS channel: /app/topic
2026-05-27 15:58:54.050 INFO  o.c.TcpServerConfig$$SpringCGLIB$$0 - <tcpserver><info> TCP server started on port: 18196
2026-05-27 15:58:54.059 INFO  o.c.TcpClientConfig$$SpringCGLIB$$0 - <tcpclient><info> TCP client has been created for server: localhost:18196
2026-05-27 15:58:54.130 INFO  o.c.WebSocketServerConfig$$SpringCGLIB$$0 - <wsserver><info> Created WS server on endpoint: /ws
2026-05-27 15:58:54.892 INFO  o.code_studio.ComPortSchedulerTask - <tcpserver><info> Barcode communication enabled. COM port open: COM3
2026-05-27 15:58:54.922 INFO  o.c.TcpServerConfig$$SpringCGLIB$$0 - <tcpclient><info> Connection established: 127.0.0.1:18196:55586:fcb74116-0be6-458d-bf98-a16ef89f1ed1
2026-05-27 15:58:54.922 INFO  o.c.TcpServerConfig$$SpringCGLIB$$0 - <tcpserver><info> Connection established: 127.0.0.1:55586:18196:7e416294-cd9d-4646-a581-b28a4e4c8d1f
2026-05-27 15:58:54.925 INFO  o.c.CraneClientConnectedListener - <tcpsvr><info> CraneClientConnectedEvent detected
2026-05-27 15:58:54.967 WARN  o.c.ApplicationReadyListener - <tcpsvr><info> Message Flow Automation Debug is ENABLED
2026-05-27 15:58:54.970 INFO  o.c.controller.TcpMessageController - <tcpclient><send> LVS1UST1DA640027052026155854????????01???????001
2026-05-27 15:58:54.984 INFO  o.c.CraneClientConnectedListener - <tcpclient><send> DAYSTART message sent to Crane server
2026-05-27 15:58:55.003 INFO  o.c.TcpServerConfig$$SpringCGLIB$$0 - <tcpserver><recv> LVS1UST1DA640027052026155854????????01???????001
2026-05-27 15:58:55.026 WARN  o.c.m.IncomingMessageProcessor - MessageProcessor::handleError->StatusCode.STATUSUNKNOWN
2026-05-27 15:58:55.030 INFO  o.c.m.IncomingMessageProcessor - SENDER LVS1 | RECEIVER UST1 | MESSAGETYPE DAYSTART | ORDINAL 64 | ERRORCODE OK | SOURCE 27052026 | TARGET 155855 | REPORTPOINT RPUNKNOWN | LETYPE LEUNKNOWN | STATUSCODE AUTOMATIONENABLED | USERDATA null | RAWMESSAGE LVS1UST1DA640027052026155854????????01???????001
2026-05-27 15:58:58.052 INFO  o.c.controller.TcpMessageController - <tcpclient><send> UST1LVS111650027052026155855????????01???????001
2026-05-27 15:58:58.059 INFO  o.c.TcpClientConfig$$SpringCGLIB$$0 - <tcpclient><recv> LVS1UST1DA640027052026155854????????01???????001
2026-05-27 15:58:58.060 INFO  o.c.TcpServerConfig$$SpringCGLIB$$0 - <tcpserver><recv> UST1LVS111650027052026155855????????01???????001
2026-05-27 15:58:58.063 WARN  o.c.m.IncomingMessageProcessor - MessageProcessor::handleError->StatusCode.STATUSUNKNOWN
2026-05-27 15:58:58.064 INFO  o.c.m.IncomingMessageProcessor - SENDER UST1 | RECEIVER LVS1 | MESSAGETYPE DAYSTART | ORDINAL 65 | ERRORCODE OK | SOURCE 27052026 | TARGET 155858 | REPORTPOINT RPUNKNOWN | LETYPE LEUNKNOWN | STATUSCODE AUTOMATIONENABLED | USERDATA null | RAWMESSAGE UST1LVS111650027052026155855????????01???????001
2026-05-27 15:58:58.067 INFO  o.c.TcpClientConfig$$SpringCGLIB$$0 - <tcpclient><recv> LVS1UST1AA650027052026155855????????01???????001
2026-05-27 16:03:17.745 INFO  o.c.ApplicationCloseListener - <tcpserver><info> ApplicationContextClosedEvent detected
2026-05-27 16:03:17.747 INFO  org.code_studio.BarcodeConfig - <tcpserver><info> Barcode communication - COM port closed: COM3
2026-05-27 16:03:17.747 INFO  o.c.ApplicationCloseListener - <tcpserver><info> Waiting for 3000 msec to receive DAYEND confirmation from CRANE, and then close the TCP connection.
2026-05-27 16:03:20.777 INFO  o.c.TcpServerConfig$$SpringCGLIB$$0 - <tcpclient><info> Connection closed: 127.0.0.1:18196:55586:fcb74116-0be6-458d-bf98-a16ef89f1ed1
2026-05-27 16:03:20.782 INFO  o.c.TcpServerConfig$$SpringCGLIB$$0 - <tcpserver><info> Connection closed: 127.0.0.1:55586:18196:7e416294-cd9d-4646-a581-b28a4e4c8d1f
2026-05-27 16:03:29.385 INFO  o.code_studio.ComPortSchedulerTask - <tcpserver><info> Trying to open COM port for Barcode communication
2026-05-27 16:03:29.563 INFO  o.c.WebSocketServerConfig$$SpringCGLIB$$0 - <wsserver><info> Created WS channel: /app/topic
2026-05-27 16:03:29.773 INFO  o.c.TcpServerConfig$$SpringCGLIB$$0 - <tcpserver><info> TCP server started on port: 18196
2026-05-27 16:03:29.787 INFO  o.c.TcpClientConfig$$SpringCGLIB$$0 - <tcpclient><info> TCP client has been created for server: localhost:18196
2026-05-27 16:03:29.876 INFO  o.c.WebSocketServerConfig$$SpringCGLIB$$0 - <wsserver><info> Created WS server on endpoint: /ws
2026-05-27 16:03:30.066 INFO  o.code_studio.ComPortSchedulerTask - <tcpserver><info> Barcode communication enabled. COM port open: COM3
2026-05-27 16:03:31.137 INFO  o.c.TcpServerConfig$$SpringCGLIB$$0 - <tcpserver><info> Connection established: 127.0.0.1:55637:18196:820d7725-0439-493d-a1c1-44458cdaa719
2026-05-27 16:03:31.138 INFO  o.c.CraneClientConnectedListener - <tcpsvr><info> CraneClientConnectedEvent detected
2026-05-27 16:03:31.138 INFO  o.c.TcpServerConfig$$SpringCGLIB$$0 - <tcpclient><info> Connection established: 127.0.0.1:18196:55637:b8f3f627-e4df-4516-9637-3efe4f864f39
2026-05-27 16:03:31.191 WARN  o.c.ApplicationReadyListener - <tcpsvr><info> Message Flow Automation Debug is ENABLED
2026-05-27 16:03:31.297 INFO  o.c.controller.TcpMessageController - <tcpclient><send> LVS1UST1DA660027052026160331????????01???????001
2026-05-27 16:03:31.311 INFO  o.c.CraneClientConnectedListener - <tcpclient><send> DAYSTART message sent to Crane server
2026-05-27 16:03:31.369 INFO  o.c.TcpServerConfig$$SpringCGLIB$$0 - <tcpserver><recv> LVS1UST1DA660027052026160331????????01???????001
2026-05-27 16:03:31.413 WARN  o.c.m.IncomingMessageProcessor - MessageProcessor::handleError->StatusCode.STATUSUNKNOWN
2026-05-27 16:03:31.418 INFO  o.c.m.IncomingMessageProcessor - SENDER LVS1 | RECEIVER UST1 | MESSAGETYPE DAYSTART | ORDINAL 66 | ERRORCODE OK | SOURCE 27052026 | TARGET 160331 | REPORTPOINT RPUNKNOWN | LETYPE LEUNKNOWN | STATUSCODE AUTOMATIONENABLED | USERDATA null | RAWMESSAGE LVS1UST1DA660027052026160331????????01???????001
2026-05-27 16:03:34.447 INFO  o.c.controller.TcpMessageController - <tcpclient><send> UST1LVS111670027052026160331????????01???????001
2026-05-27 16:03:34.455 INFO  o.c.TcpClientConfig$$SpringCGLIB$$0 - <tcpclient><recv> LVS1UST1DA660027052026160331????????01???????001
2026-05-27 16:03:34.458 INFO  o.c.TcpServerConfig$$SpringCGLIB$$0 - <tcpserver><recv> UST1LVS111670027052026160331????????01???????001
2026-05-27 16:03:34.461 WARN  o.c.m.IncomingMessageProcessor - MessageProcessor::handleError->StatusCode.STATUSUNKNOWN
2026-05-27 16:03:34.464 INFO  o.c.m.IncomingMessageProcessor - SENDER UST1 | RECEIVER LVS1 | MESSAGETYPE DAYSTART | ORDINAL 67 | ERRORCODE OK | SOURCE 27052026 | TARGET 160334 | REPORTPOINT RPUNKNOWN | LETYPE LEUNKNOWN | STATUSCODE AUTOMATIONENABLED | USERDATA null | RAWMESSAGE UST1LVS111670027052026160331????????01???????001
2026-05-27 16:03:34.478 INFO  o.c.TcpClientConfig$$SpringCGLIB$$0 - <tcpclient><recv> LVS1UST1AA670027052026160331????????01???????001
2026-05-27 16:05:35.070 INFO  o.c.ApplicationCloseListener - <tcpserver><info> ApplicationContextClosedEvent detected
2026-05-27 16:05:35.071 INFO  org.code_studio.BarcodeConfig - <tcpserver><info> Barcode communication - COM port closed: COM3
2026-05-27 16:05:35.071 INFO  o.c.ApplicationCloseListener - <tcpserver><info> Waiting for 3000 msec to receive DAYEND confirmation from CRANE, and then close the TCP connection.
2026-05-27 16:05:38.081 INFO  o.c.TcpServerConfig$$SpringCGLIB$$0 - <tcpclient><info> Connection closed: 127.0.0.1:18196:55637:b8f3f627-e4df-4516-9637-3efe4f864f39
2026-05-27 16:05:38.084 INFO  o.c.TcpServerConfig$$SpringCGLIB$$0 - <tcpserver><info> Connection closed: 127.0.0.1:55637:18196:820d7725-0439-493d-a1c1-44458cdaa719
2026-05-27 16:05:46.897 INFO  o.code_studio.ComPortSchedulerTask - <tcpserver><info> Trying to open COM port for Barcode communication
2026-05-27 16:05:47.014 INFO  o.c.WebSocketServerConfig$$SpringCGLIB$$0 - <wsserver><info> Created WS channel: /app/topic
2026-05-27 16:05:47.159 INFO  o.c.TcpServerConfig$$SpringCGLIB$$0 - <tcpserver><info> TCP server started on port: 18196
2026-05-27 16:05:47.167 INFO  o.c.TcpClientConfig$$SpringCGLIB$$0 - <tcpclient><info> TCP client has been created for server: localhost:18196
2026-05-27 16:05:47.230 INFO  o.c.WebSocketServerConfig$$SpringCGLIB$$0 - <wsserver><info> Created WS server on endpoint: /ws
2026-05-27 16:05:47.962 INFO  o.c.TcpServerConfig$$SpringCGLIB$$0 - <tcpserver><info> Connection established: 127.0.0.1:55678:18196:bd272d26-33d5-4e94-964d-e34dac31222b
2026-05-27 16:05:47.962 INFO  o.c.TcpServerConfig$$SpringCGLIB$$0 - <tcpclient><info> Connection established: 127.0.0.1:18196:55678:68f1ed94-0887-48e7-9309-3a0059377b52
2026-05-27 16:05:47.970 INFO  o.c.CraneClientConnectedListener - <tcpsvr><info> CraneClientConnectedEvent detected
2026-05-27 16:05:48.003 WARN  o.c.ApplicationReadyListener - <tcpsvr><info> Message Flow Automation Debug is ENABLED
2026-05-27 16:05:48.011 INFO  o.c.controller.TcpMessageController - <tcpclient><send> LVS1UST1DA680027052026160548????????01???????001
2026-05-27 16:05:48.019 INFO  o.c.CraneClientConnectedListener - <tcpclient><send> DAYSTART message sent to Crane server
2026-05-27 16:05:48.031 INFO  o.c.TcpServerConfig$$SpringCGLIB$$0 - <tcpserver><recv> LVS1UST1DA680027052026160548????????01???????001
2026-05-27 16:05:48.045 WARN  o.c.m.IncomingMessageProcessor - MessageProcessor::handleError->StatusCode.STATUSUNKNOWN
2026-05-27 16:05:48.049 INFO  o.c.m.IncomingMessageProcessor - SENDER LVS1 | RECEIVER UST1 | MESSAGETYPE DAYSTART | ORDINAL 68 | ERRORCODE OK | SOURCE 27052026 | TARGET 160548 | REPORTPOINT RPUNKNOWN | LETYPE LEUNKNOWN | STATUSCODE AUTOMATIONENABLED | USERDATA null | RAWMESSAGE LVS1UST1DA680027052026160548????????01???????001
2026-05-27 16:05:48.334 INFO  o.code_studio.ComPortSchedulerTask - <tcpserver><info> Barcode communication enabled. COM port open: COM3
2026-05-27 16:05:51.066 INFO  o.c.controller.TcpMessageController - <tcpclient><send> UST1LVS111690027052026160548????????01???????001
2026-05-27 16:05:51.074 INFO  o.c.TcpClientConfig$$SpringCGLIB$$0 - <tcpclient><recv> LVS1UST1DA680027052026160548????????01???????001
2026-05-27 16:05:51.075 INFO  o.c.TcpServerConfig$$SpringCGLIB$$0 - <tcpserver><recv> UST1LVS111690027052026160548????????01???????001
2026-05-27 16:05:51.078 WARN  o.c.m.IncomingMessageProcessor - MessageProcessor::handleError->StatusCode.STATUSUNKNOWN
2026-05-27 16:05:51.079 INFO  o.c.m.IncomingMessageProcessor - SENDER UST1 | RECEIVER LVS1 | MESSAGETYPE DAYSTART | ORDINAL 69 | ERRORCODE OK | SOURCE 27052026 | TARGET 160551 | REPORTPOINT RPUNKNOWN | LETYPE LEUNKNOWN | STATUSCODE AUTOMATIONENABLED | USERDATA null | RAWMESSAGE UST1LVS111690027052026160548????????01???????001
2026-05-27 16:05:51.086 INFO  o.c.TcpClientConfig$$SpringCGLIB$$0 - <tcpclient><recv> LVS1UST1AA690027052026160548????????01???????001
2026-05-27 16:09:09.634 INFO  o.c.ApplicationCloseListener - <tcpserver><info> ApplicationContextClosedEvent detected
2026-05-27 16:09:09.635 INFO  org.code_studio.BarcodeConfig - <tcpserver><info> Barcode communication - COM port closed: COM3
2026-05-27 16:09:09.636 INFO  o.c.ApplicationCloseListener - <tcpserver><info> Waiting for 3000 msec to receive DAYEND confirmation from CRANE, and then close the TCP connection.
2026-05-27 16:09:12.661 INFO  o.c.TcpServerConfig$$SpringCGLIB$$0 - <tcpclient><info> Connection closed: 127.0.0.1:18196:55678:68f1ed94-0887-48e7-9309-3a0059377b52
2026-05-27 16:09:12.674 INFO  o.c.TcpServerConfig$$SpringCGLIB$$0 - <tcpserver><info> Connection closed: 127.0.0.1:55678:18196:bd272d26-33d5-4e94-964d-e34dac31222b
2026-05-27 16:09:22.291 INFO  o.code_studio.ComPortSchedulerTask - <tcpserver><info> Trying to open COM port for Barcode communication
2026-05-27 16:09:22.421 INFO  o.c.WebSocketServerConfig$$SpringCGLIB$$0 - <wsserver><info> Created WS channel: /app/topic
2026-05-27 16:09:22.573 INFO  o.c.TcpServerConfig$$SpringCGLIB$$0 - <tcpserver><info> TCP server started on port: 18196
2026-05-27 16:09:22.579 INFO  o.c.TcpClientConfig$$SpringCGLIB$$0 - <tcpclient><info> TCP client has been created for server: localhost:18196
2026-05-27 16:09:22.653 INFO  o.c.WebSocketServerConfig$$SpringCGLIB$$0 - <wsserver><info> Created WS server on endpoint: /ws
2026-05-27 16:09:23.354 INFO  o.code_studio.ComPortSchedulerTask - <tcpserver><info> Barcode communication enabled. COM port open: COM3
2026-05-27 16:09:23.630 INFO  o.c.TcpServerConfig$$SpringCGLIB$$0 - <tcpserver><info> Connection established: 127.0.0.1:55808:18196:18e1760f-a27e-4774-82ab-c0492383c7b1
2026-05-27 16:09:23.630 INFO  o.c.TcpServerConfig$$SpringCGLIB$$0 - <tcpclient><info> Connection established: 127.0.0.1:18196:55808:5d9d240c-78c4-47b6-be36-705f5829e948
2026-05-27 16:09:23.631 INFO  o.c.CraneClientConnectedListener - <tcpsvr><info> CraneClientConnectedEvent detected
2026-05-27 16:09:23.670 WARN  o.c.ApplicationReadyListener - <tcpsvr><info> Message Flow Automation Debug is ENABLED
2026-05-27 16:09:23.678 INFO  o.c.controller.TcpMessageController - <tcpclient><send> LVS1UST1DA700027052026160923????????01???????001
2026-05-27 16:09:23.693 INFO  o.c.CraneClientConnectedListener - <tcpclient><send> DAYSTART message sent to Crane server
2026-05-27 16:09:23.714 INFO  o.c.TcpServerConfig$$SpringCGLIB$$0 - <tcpserver><recv> LVS1UST1DA700027052026160923????????01???????001
2026-05-27 16:09:23.738 WARN  o.c.m.IncomingMessageProcessor - MessageProcessor::handleError->StatusCode.STATUSUNKNOWN
2026-05-27 16:09:23.742 INFO  o.c.m.IncomingMessageProcessor - SENDER LVS1 | RECEIVER UST1 | MESSAGETYPE DAYSTART | ORDINAL 70 | ERRORCODE OK | SOURCE 27052026 | TARGET 160923 | REPORTPOINT RPUNKNOWN | LETYPE LEUNKNOWN | STATUSCODE AUTOMATIONENABLED | USERDATA null | RAWMESSAGE LVS1UST1DA700027052026160923????????01???????001
2026-05-27 16:09:26.766 INFO  o.c.controller.TcpMessageController - <tcpclient><send> UST1LVS111710027052026160923????????01???????001
2026-05-27 16:09:26.769 INFO  o.c.TcpClientConfig$$SpringCGLIB$$0 - <tcpclient><recv> LVS1UST1DA700027052026160923????????01???????001
2026-05-27 16:09:26.769 INFO  o.c.TcpServerConfig$$SpringCGLIB$$0 - <tcpserver><recv> UST1LVS111710027052026160923????????01???????001
2026-05-27 16:09:26.770 WARN  o.c.m.IncomingMessageProcessor - MessageProcessor::handleError->StatusCode.STATUSUNKNOWN
2026-05-27 16:09:26.771 INFO  o.c.m.IncomingMessageProcessor - SENDER UST1 | RECEIVER LVS1 | MESSAGETYPE DAYSTART | ORDINAL 71 | ERRORCODE OK | SOURCE 27052026 | TARGET 160926 | REPORTPOINT RPUNKNOWN | LETYPE LEUNKNOWN | STATUSCODE AUTOMATIONENABLED | USERDATA null | RAWMESSAGE UST1LVS111710027052026160923????????01???????001
2026-05-27 16:09:26.774 INFO  o.c.TcpClientConfig$$SpringCGLIB$$0 - <tcpclient><recv> LVS1UST1AA710027052026160923????????01???????001
2026-05-27 16:10:34.312 INFO  o.c.ApplicationCloseListener - <tcpserver><info> ApplicationContextClosedEvent detected
2026-05-27 16:10:34.314 INFO  org.code_studio.BarcodeConfig - <tcpserver><info> Barcode communication - COM port closed: COM3
2026-05-27 16:10:34.315 INFO  o.c.ApplicationCloseListener - <tcpserver><info> Waiting for 3000 msec to receive DAYEND confirmation from CRANE, and then close the TCP connection.
2026-05-27 16:10:37.325 INFO  o.c.TcpServerConfig$$SpringCGLIB$$0 - <tcpclient><info> Connection closed: 127.0.0.1:18196:55808:5d9d240c-78c4-47b6-be36-705f5829e948
2026-05-27 16:10:37.327 INFO  o.c.TcpServerConfig$$SpringCGLIB$$0 - <tcpserver><info> Connection closed: 127.0.0.1:55808:18196:18e1760f-a27e-4774-82ab-c0492383c7b1
2026-05-27 16:12:05.274 INFO  o.code_studio.ComPortSchedulerTask - <tcpserver><info> Trying to open COM port for Barcode communication
2026-05-27 16:12:05.423 INFO  o.c.WebSocketServerConfig$$SpringCGLIB$$0 - <wsserver><info> Created WS channel: /app/topic
2026-05-27 16:12:05.648 INFO  o.c.TcpServerConfig$$SpringCGLIB$$0 - <tcpserver><info> TCP server started on port: 18196
2026-05-27 16:12:05.657 INFO  o.c.TcpClientConfig$$SpringCGLIB$$0 - <tcpclient><info> TCP client has been created for server: localhost:18196
2026-05-27 16:12:05.762 INFO  o.c.WebSocketServerConfig$$SpringCGLIB$$0 - <wsserver><info> Created WS server on endpoint: /ws
2026-05-27 16:12:05.905 INFO  o.code_studio.ComPortSchedulerTask - <tcpserver><info> Barcode communication enabled. COM port open: COM3
2026-05-27 16:12:07.007 INFO  o.c.TcpServerConfig$$SpringCGLIB$$0 - <tcpclient><info> Connection established: 127.0.0.1:18196:55858:9b1ff66d-3d8b-4044-b17a-630cf2fc28e3
2026-05-27 16:12:07.007 INFO  o.c.TcpServerConfig$$SpringCGLIB$$0 - <tcpserver><info> Connection established: 127.0.0.1:55858:18196:3d81df73-ca4f-44bf-b71d-de8ed82d88a2
2026-05-27 16:12:07.008 INFO  o.c.CraneClientConnectedListener - <tcpsvr><info> CraneClientConnectedEvent detected
2026-05-27 16:12:07.072 WARN  o.c.ApplicationReadyListener - <tcpsvr><info> Message Flow Automation Debug is ENABLED
2026-05-27 16:12:07.090 INFO  o.c.controller.TcpMessageController - <tcpclient><send> LVS1UST1DA720027052026161207????????01???????001
2026-05-27 16:12:07.105 INFO  o.c.CraneClientConnectedListener - <tcpclient><send> DAYSTART message sent to Crane server
2026-05-27 16:12:07.130 INFO  o.c.TcpServerConfig$$SpringCGLIB$$0 - <tcpserver><recv> LVS1UST1DA720027052026161207????????01???????001
2026-05-27 16:12:07.169 WARN  o.c.m.IncomingMessageProcessor - MessageProcessor::handleError->StatusCode.STATUSUNKNOWN
2026-05-27 16:12:07.177 INFO  o.c.m.IncomingMessageProcessor - SENDER LVS1 | RECEIVER UST1 | MESSAGETYPE DAYSTART | ORDINAL 72 | ERRORCODE OK | SOURCE 27052026 | TARGET 161207 | REPORTPOINT RPUNKNOWN | LETYPE LEUNKNOWN | STATUSCODE AUTOMATIONENABLED | USERDATA null | RAWMESSAGE LVS1UST1DA720027052026161207????????01???????001
2026-05-27 16:12:10.202 INFO  o.c.controller.TcpMessageController - <tcpclient><send> UST1LVS111730027052026161207????????01???????001
2026-05-27 16:12:10.212 INFO  o.c.TcpClientConfig$$SpringCGLIB$$0 - <tcpclient><recv> LVS1UST1DA720027052026161207????????01???????001
2026-05-27 16:12:10.213 INFO  o.c.TcpServerConfig$$SpringCGLIB$$0 - <tcpserver><recv> UST1LVS111730027052026161207????????01???????001
2026-05-27 16:12:10.215 WARN  o.c.m.IncomingMessageProcessor - MessageProcessor::handleError->StatusCode.STATUSUNKNOWN
2026-05-27 16:12:10.216 INFO  o.c.m.IncomingMessageProcessor - SENDER UST1 | RECEIVER LVS1 | MESSAGETYPE DAYSTART | ORDINAL 73 | ERRORCODE OK | SOURCE 27052026 | TARGET 161210 | REPORTPOINT RPUNKNOWN | LETYPE LEUNKNOWN | STATUSCODE AUTOMATIONENABLED | USERDATA null | RAWMESSAGE UST1LVS111730027052026161207????????01???????001
2026-05-27 16:12:10.224 INFO  o.c.TcpClientConfig$$SpringCGLIB$$0 - <tcpclient><recv> LVS1UST1AA730027052026161207????????01???????001
2026-05-27 16:13:08.861 INFO  o.c.ApplicationCloseListener - <tcpserver><info> ApplicationContextClosedEvent detected
2026-05-27 16:13:08.862 INFO  org.code_studio.BarcodeConfig - <tcpserver><info> Barcode communication - COM port closed: COM3
2026-05-27 16:13:08.863 INFO  o.c.ApplicationCloseListener - <tcpserver><info> Waiting for 3000 msec to receive DAYEND confirmation from CRANE, and then close the TCP connection.
2026-05-27 16:13:11.890 INFO  o.c.TcpServerConfig$$SpringCGLIB$$0 - <tcpclient><info> Connection closed: 127.0.0.1:18196:55858:9b1ff66d-3d8b-4044-b17a-630cf2fc28e3
2026-05-27 16:13:11.896 INFO  o.c.TcpServerConfig$$SpringCGLIB$$0 - <tcpserver><info> Connection closed: 127.0.0.1:55858:18196:3d81df73-ca4f-44bf-b71d-de8ed82d88a2
2026-05-27 16:13:20.760 INFO  o.code_studio.ComPortSchedulerTask - <tcpserver><info> Trying to open COM port for Barcode communication
2026-05-27 16:13:20.878 INFO  o.c.WebSocketServerConfig$$SpringCGLIB$$0 - <wsserver><info> Created WS channel: /app/topic
2026-05-27 16:13:21.017 INFO  o.c.TcpServerConfig$$SpringCGLIB$$0 - <tcpserver><info> TCP server started on port: 18196
2026-05-27 16:13:21.023 INFO  o.c.TcpClientConfig$$SpringCGLIB$$0 - <tcpclient><info> TCP client has been created for server: localhost:18196
2026-05-27 16:13:21.092 INFO  o.c.WebSocketServerConfig$$SpringCGLIB$$0 - <wsserver><info> Created WS server on endpoint: /ws
2026-05-27 16:13:21.450 INFO  o.code_studio.ComPortSchedulerTask - <tcpserver><info> Barcode communication enabled. COM port open: COM3
2026-05-27 16:13:21.975 INFO  o.c.TcpServerConfig$$SpringCGLIB$$0 - <tcpserver><info> Connection established: 127.0.0.1:55892:18196:6436b330-ef64-4a16-8ce4-e3642e758390
2026-05-27 16:13:21.975 INFO  o.c.TcpServerConfig$$SpringCGLIB$$0 - <tcpclient><info> Connection established: 127.0.0.1:18196:55892:7c9e5499-67fe-413f-88d3-bcf19d2c0f5e
2026-05-27 16:13:21.977 INFO  o.c.CraneClientConnectedListener - <tcpsvr><info> CraneClientConnectedEvent detected
2026-05-27 16:13:22.023 WARN  o.c.ApplicationReadyListener - <tcpsvr><info> Message Flow Automation Debug is ENABLED
2026-05-27 16:13:22.024 INFO  o.c.controller.TcpMessageController - <tcpclient><send> LVS1UST1DA740027052026161322????????01???????001
2026-05-27 16:13:22.038 INFO  o.c.CraneClientConnectedListener - <tcpclient><send> DAYSTART message sent to Crane server
2026-05-27 16:13:22.051 INFO  o.c.TcpServerConfig$$SpringCGLIB$$0 - <tcpserver><recv> LVS1UST1DA740027052026161322????????01???????001
2026-05-27 16:13:22.073 WARN  o.c.m.IncomingMessageProcessor - MessageProcessor::handleError->StatusCode.STATUSUNKNOWN
2026-05-27 16:13:22.079 INFO  o.c.m.IncomingMessageProcessor - SENDER LVS1 | RECEIVER UST1 | MESSAGETYPE DAYSTART | ORDINAL 74 | ERRORCODE OK | SOURCE 27052026 | TARGET 161322 | REPORTPOINT RPUNKNOWN | LETYPE LEUNKNOWN | STATUSCODE AUTOMATIONENABLED | USERDATA null | RAWMESSAGE LVS1UST1DA740027052026161322????????01???????001
2026-05-27 16:13:25.110 INFO  o.c.controller.TcpMessageController - <tcpclient><send> UST1LVS111750027052026161322????????01???????001
2026-05-27 16:13:25.118 INFO  o.c.TcpServerConfig$$SpringCGLIB$$0 - <tcpserver><recv> UST1LVS111750027052026161322????????01???????001
2026-05-27 16:13:25.118 INFO  o.c.TcpClientConfig$$SpringCGLIB$$0 - <tcpclient><recv> LVS1UST1DA740027052026161322????????01???????001
2026-05-27 16:13:25.120 WARN  o.c.m.IncomingMessageProcessor - MessageProcessor::handleError->StatusCode.STATUSUNKNOWN
2026-05-27 16:13:25.121 INFO  o.c.m.IncomingMessageProcessor - SENDER UST1 | RECEIVER LVS1 | MESSAGETYPE DAYSTART | ORDINAL 75 | ERRORCODE OK | SOURCE 27052026 | TARGET 161325 | REPORTPOINT RPUNKNOWN | LETYPE LEUNKNOWN | STATUSCODE AUTOMATIONENABLED | USERDATA null | RAWMESSAGE UST1LVS111750027052026161322????????01???????001
2026-05-27 16:13:25.126 INFO  o.c.TcpClientConfig$$SpringCGLIB$$0 - <tcpclient><recv> LVS1UST1AA750027052026161322????????01???????001
2026-05-27 16:14:14.971 INFO  o.c.ApplicationCloseListener - <tcpserver><info> ApplicationContextClosedEvent detected
2026-05-27 16:14:14.972 INFO  org.code_studio.BarcodeConfig - <tcpserver><info> Barcode communication - COM port closed: COM3
2026-05-27 16:14:14.973 INFO  o.c.ApplicationCloseListener - <tcpserver><info> Waiting for 3000 msec to receive DAYEND confirmation from CRANE, and then close the TCP connection.
2026-05-27 16:14:17.984 INFO  o.c.TcpServerConfig$$SpringCGLIB$$0 - <tcpclient><info> Connection closed: 127.0.0.1:18196:55892:7c9e5499-67fe-413f-88d3-bcf19d2c0f5e
2026-05-27 16:14:17.987 INFO  o.c.TcpServerConfig$$SpringCGLIB$$0 - <tcpserver><info> Connection closed: 127.0.0.1:55892:18196:6436b330-ef64-4a16-8ce4-e3642e758390
2026-05-27 16:14:32.232 INFO  o.code_studio.ComPortSchedulerTask - <tcpserver><info> Trying to open COM port for Barcode communication
2026-05-27 16:14:32.480 INFO  o.c.WebSocketServerConfig$$SpringCGLIB$$0 - <wsserver><info> Created WS channel: /app/topic
2026-05-27 16:14:32.670 INFO  o.c.TcpServerConfig$$SpringCGLIB$$0 - <tcpserver><info> TCP server started on port: 18196
2026-05-27 16:14:32.679 INFO  o.c.TcpClientConfig$$SpringCGLIB$$0 - <tcpclient><info> TCP client has been created for server: localhost:18196
2026-05-27 16:14:32.750 INFO  o.c.WebSocketServerConfig$$SpringCGLIB$$0 - <wsserver><info> Created WS server on endpoint: /ws
2026-05-27 16:14:33.106 INFO  o.code_studio.ComPortSchedulerTask - <tcpserver><info> Barcode communication enabled. COM port open: COM3
2026-05-27 16:14:33.707 INFO  o.c.TcpServerConfig$$SpringCGLIB$$0 - <tcpclient><info> Connection established: 127.0.0.1:18196:55929:5a6c38a0-edc1-4ae8-9ba6-623ba02497c2
2026-05-27 16:14:33.707 INFO  o.c.TcpServerConfig$$SpringCGLIB$$0 - <tcpserver><info> Connection established: 127.0.0.1:55929:18196:48f8b521-2b1a-4e29-9265-ff6b4795f074
2026-05-27 16:14:33.710 INFO  o.c.CraneClientConnectedListener - <tcpsvr><info> CraneClientConnectedEvent detected
2026-05-27 16:14:33.756 INFO  o.c.controller.TcpMessageController - <tcpclient><send> LVS1UST1DA760027052026161433????????01???????001
2026-05-27 16:14:33.758 WARN  o.c.ApplicationReadyListener - <tcpsvr><info> Message Flow Automation Debug is ENABLED
2026-05-27 16:14:33.770 INFO  o.c.CraneClientConnectedListener - <tcpclient><send> DAYSTART message sent to Crane server
2026-05-27 16:14:33.786 INFO  o.c.TcpServerConfig$$SpringCGLIB$$0 - <tcpserver><recv> LVS1UST1DA760027052026161433????????01???????001
2026-05-27 16:14:33.818 WARN  o.c.m.IncomingMessageProcessor - MessageProcessor::handleError->StatusCode.STATUSUNKNOWN
2026-05-27 16:14:33.826 INFO  o.c.m.IncomingMessageProcessor - SENDER LVS1 | RECEIVER UST1 | MESSAGETYPE DAYSTART | ORDINAL 76 | ERRORCODE OK | SOURCE 27052026 | TARGET 161433 | REPORTPOINT RPUNKNOWN | LETYPE LEUNKNOWN | STATUSCODE AUTOMATIONENABLED | USERDATA null | RAWMESSAGE LVS1UST1DA760027052026161433????????01???????001
2026-05-27 16:14:36.848 INFO  o.c.controller.TcpMessageController - <tcpclient><send> UST1LVS111770027052026161433????????01???????001
2026-05-27 16:14:36.856 INFO  o.c.TcpClientConfig$$SpringCGLIB$$0 - <tcpclient><recv> LVS1UST1DA760027052026161433????????01???????001
2026-05-27 16:14:36.857 INFO  o.c.TcpServerConfig$$SpringCGLIB$$0 - <tcpserver><recv> UST1LVS111770027052026161433????????01???????001
2026-05-27 16:14:36.859 WARN  o.c.m.IncomingMessageProcessor - MessageProcessor::handleError->StatusCode.STATUSUNKNOWN
2026-05-27 16:14:36.860 INFO  o.c.m.IncomingMessageProcessor - SENDER UST1 | RECEIVER LVS1 | MESSAGETYPE DAYSTART | ORDINAL 77 | ERRORCODE OK | SOURCE 27052026 | TARGET 161436 | REPORTPOINT RPUNKNOWN | LETYPE LEUNKNOWN | STATUSCODE AUTOMATIONENABLED | USERDATA null | RAWMESSAGE UST1LVS111770027052026161433????????01???????001
2026-05-27 16:14:36.866 INFO  o.c.TcpClientConfig$$SpringCGLIB$$0 - <tcpclient><recv> LVS1UST1AA770027052026161433????????01???????001
2026-05-27 16:15:25.243 INFO  o.c.ApplicationCloseListener - <tcpserver><info> ApplicationContextClosedEvent detected
2026-05-27 16:15:25.245 INFO  org.code_studio.BarcodeConfig - <tcpserver><info> Barcode communication - COM port closed: COM3
2026-05-27 16:15:25.246 INFO  o.c.ApplicationCloseListener - <tcpserver><info> Waiting for 3000 msec to receive DAYEND confirmation from CRANE, and then close the TCP connection.
2026-05-27 16:15:28.257 INFO  o.c.TcpServerConfig$$SpringCGLIB$$0 - <tcpclient><info> Connection closed: 127.0.0.1:18196:55929:5a6c38a0-edc1-4ae8-9ba6-623ba02497c2
2026-05-27 16:15:28.263 INFO  o.c.TcpServerConfig$$SpringCGLIB$$0 - <tcpserver><info> Connection closed: 127.0.0.1:55929:18196:48f8b521-2b1a-4e29-9265-ff6b4795f074
2026-05-27 16:15:42.412 INFO  o.code_studio.ComPortSchedulerTask - <tcpserver><info> Trying to open COM port for Barcode communication
2026-05-27 16:15:42.583 INFO  o.c.WebSocketServerConfig$$SpringCGLIB$$0 - <wsserver><info> Created WS channel: /app/topic
2026-05-27 16:15:42.778 INFO  o.c.TcpServerConfig$$SpringCGLIB$$0 - <tcpserver><info> TCP server started on port: 18196
2026-05-27 16:15:42.788 INFO  o.c.TcpClientConfig$$SpringCGLIB$$0 - <tcpclient><info> TCP client has been created for server: localhost:18196
2026-05-27 16:15:42.884 INFO  o.c.WebSocketServerConfig$$SpringCGLIB$$0 - <wsserver><info> Created WS server on endpoint: /ws
2026-05-27 16:15:43.589 INFO  o.code_studio.ComPortSchedulerTask - <tcpserver><info> Barcode communication enabled. COM port open: COM3
2026-05-27 16:15:43.797 INFO  o.c.TcpServerConfig$$SpringCGLIB$$0 - <tcpclient><info> Connection established: 127.0.0.1:18196:55968:eb90b0c6-e104-4147-94c8-2f9f3ab84328
2026-05-27 16:15:43.799 INFO  o.c.TcpServerConfig$$SpringCGLIB$$0 - <tcpserver><info> Connection established: 127.0.0.1:55968:18196:bb0af4b5-3bed-41eb-8f7f-ff961e48ca24
2026-05-27 16:15:43.800 INFO  o.c.CraneClientConnectedListener - <tcpsvr><info> CraneClientConnectedEvent detected
2026-05-27 16:15:43.852 WARN  o.c.ApplicationReadyListener - <tcpsvr><info> Message Flow Automation Debug is ENABLED
2026-05-27 16:15:43.865 INFO  o.c.controller.TcpMessageController - <tcpclient><send> LVS1UST1DA780027052026161543????????01???????001
2026-05-27 16:15:43.876 INFO  o.c.CraneClientConnectedListener - <tcpclient><send> DAYSTART message sent to Crane server
2026-05-27 16:15:43.895 INFO  o.c.TcpServerConfig$$SpringCGLIB$$0 - <tcpserver><recv> LVS1UST1DA780027052026161543????????01???????001
2026-05-27 16:15:43.923 WARN  o.c.m.IncomingMessageProcessor - MessageProcessor::handleError->StatusCode.STATUSUNKNOWN
2026-05-27 16:15:43.931 INFO  o.c.m.IncomingMessageProcessor - SENDER LVS1 | RECEIVER UST1 | MESSAGETYPE DAYSTART | ORDINAL 78 | ERRORCODE OK | SOURCE 27052026 | TARGET 161543 | REPORTPOINT RPUNKNOWN | LETYPE LEUNKNOWN | STATUSCODE AUTOMATIONENABLED | USERDATA null | RAWMESSAGE LVS1UST1DA780027052026161543????????01???????001
2026-05-27 16:15:46.959 INFO  o.c.controller.TcpMessageController - <tcpclient><send> UST1LVS111790027052026161543????????01???????001
2026-05-27 16:15:46.966 INFO  o.c.TcpClientConfig$$SpringCGLIB$$0 - <tcpclient><recv> LVS1UST1DA780027052026161543????????01???????001
2026-05-27 16:15:46.967 INFO  o.c.TcpServerConfig$$SpringCGLIB$$0 - <tcpserver><recv> UST1LVS111790027052026161543????????01???????001
2026-05-27 16:15:46.968 WARN  o.c.m.IncomingMessageProcessor - MessageProcessor::handleError->StatusCode.STATUSUNKNOWN
2026-05-27 16:15:46.969 INFO  o.c.m.IncomingMessageProcessor - SENDER UST1 | RECEIVER LVS1 | MESSAGETYPE DAYSTART | ORDINAL 79 | ERRORCODE OK | SOURCE 27052026 | TARGET 161546 | REPORTPOINT RPUNKNOWN | LETYPE LEUNKNOWN | STATUSCODE AUTOMATIONENABLED | USERDATA null | RAWMESSAGE UST1LVS111790027052026161543????????01???????001
2026-05-27 16:15:46.972 INFO  o.c.TcpClientConfig$$SpringCGLIB$$0 - <tcpclient><recv> LVS1UST1AA790027052026161543????????01???????001
2026-05-27 16:17:12.691 INFO  o.c.ApplicationCloseListener - <tcpserver><info> ApplicationContextClosedEvent detected
2026-05-27 16:17:12.693 INFO  org.code_studio.BarcodeConfig - <tcpserver><info> Barcode communication - COM port closed: COM3
2026-05-27 16:17:12.693 INFO  o.c.ApplicationCloseListener - <tcpserver><info> Waiting for 3000 msec to receive DAYEND confirmation from CRANE, and then close the TCP connection.
2026-05-27 16:17:15.702 INFO  o.c.TcpServerConfig$$SpringCGLIB$$0 - <tcpclient><info> Connection closed: 127.0.0.1:18196:55968:eb90b0c6-e104-4147-94c8-2f9f3ab84328
2026-05-27 16:17:15.704 INFO  o.c.TcpServerConfig$$SpringCGLIB$$0 - <tcpserver><info> Connection closed: 127.0.0.1:55968:18196:bb0af4b5-3bed-41eb-8f7f-ff961e48ca24
2026-05-27 16:17:24.088 INFO  o.code_studio.ComPortSchedulerTask - <tcpserver><info> Trying to open COM port for Barcode communication
2026-05-27 16:17:24.275 INFO  o.c.WebSocketServerConfig$$SpringCGLIB$$0 - <wsserver><info> Created WS channel: /app/topic
2026-05-27 16:17:24.478 INFO  o.c.TcpServerConfig$$SpringCGLIB$$0 - <tcpserver><info> TCP server started on port: 18196
2026-05-27 16:17:24.498 INFO  o.c.TcpClientConfig$$SpringCGLIB$$0 - <tcpclient><info> TCP client has been created for server: localhost:18196
2026-05-27 16:17:24.621 INFO  o.c.WebSocketServerConfig$$SpringCGLIB$$0 - <wsserver><info> Created WS server on endpoint: /ws
2026-05-27 16:17:24.646 INFO  o.code_studio.ComPortSchedulerTask - <tcpserver><info> Barcode communication enabled. COM port open: COM3
2026-05-27 16:17:25.807 INFO  o.c.TcpServerConfig$$SpringCGLIB$$0 - <tcpserver><info> Connection established: 127.0.0.1:56008:18196:cc3f9f6b-fb77-4827-9651-91af3e8c44ef
2026-05-27 16:17:25.808 INFO  o.c.TcpServerConfig$$SpringCGLIB$$0 - <tcpclient><info> Connection established: 127.0.0.1:18196:56008:008f6aba-d6b8-43d7-894e-0bab0c02cd65
2026-05-27 16:17:25.821 INFO  o.c.CraneClientConnectedListener - <tcpsvr><info> CraneClientConnectedEvent detected
2026-05-27 16:17:25.864 WARN  o.c.ApplicationReadyListener - <tcpsvr><info> Message Flow Automation Debug is ENABLED
2026-05-27 16:17:25.867 INFO  o.c.controller.TcpMessageController - <tcpclient><send> LVS1UST1DA800027052026161725????????01???????001
2026-05-27 16:17:25.888 INFO  o.c.CraneClientConnectedListener - <tcpclient><send> DAYSTART message sent to Crane server
2026-05-27 16:17:25.919 INFO  o.c.TcpServerConfig$$SpringCGLIB$$0 - <tcpserver><recv> LVS1UST1DA800027052026161725????????01???????001
2026-05-27 16:17:25.951 WARN  o.c.m.IncomingMessageProcessor - MessageProcessor::handleError->StatusCode.STATUSUNKNOWN
2026-05-27 16:17:25.956 INFO  o.c.m.IncomingMessageProcessor - SENDER LVS1 | RECEIVER UST1 | MESSAGETYPE DAYSTART | ORDINAL 80 | ERRORCODE OK | SOURCE 27052026 | TARGET 161725 | REPORTPOINT RPUNKNOWN | LETYPE LEUNKNOWN | STATUSCODE AUTOMATIONENABLED | USERDATA null | RAWMESSAGE LVS1UST1DA800027052026161725????????01???????001
2026-05-27 16:17:28.983 INFO  o.c.controller.TcpMessageController - <tcpclient><send> UST1LVS111810027052026161725????????01???????001
2026-05-27 16:17:28.986 INFO  o.c.TcpClientConfig$$SpringCGLIB$$0 - <tcpclient><recv> LVS1UST1DA800027052026161725????????01???????001
2026-05-27 16:17:28.987 INFO  o.c.TcpServerConfig$$SpringCGLIB$$0 - <tcpserver><recv> UST1LVS111810027052026161725????????01???????001
2026-05-27 16:17:28.988 WARN  o.c.m.IncomingMessageProcessor - MessageProcessor::handleError->StatusCode.STATUSUNKNOWN
2026-05-27 16:17:28.988 INFO  o.c.m.IncomingMessageProcessor - SENDER UST1 | RECEIVER LVS1 | MESSAGETYPE DAYSTART | ORDINAL 81 | ERRORCODE OK | SOURCE 27052026 | TARGET 161728 | REPORTPOINT RPUNKNOWN | LETYPE LEUNKNOWN | STATUSCODE AUTOMATIONENABLED | USERDATA null | RAWMESSAGE UST1LVS111810027052026161725????????01???????001
2026-05-27 16:17:28.991 INFO  o.c.TcpClientConfig$$SpringCGLIB$$0 - <tcpclient><recv> LVS1UST1AA810027052026161725????????01???????001
2026-05-27 16:18:18.917 INFO  o.c.ApplicationCloseListener - <tcpserver><info> ApplicationContextClosedEvent detected
2026-05-27 16:18:18.920 INFO  org.code_studio.BarcodeConfig - <tcpserver><info> Barcode communication - COM port closed: COM3
2026-05-27 16:18:18.920 INFO  o.c.ApplicationCloseListener - <tcpserver><info> Waiting for 3000 msec to receive DAYEND confirmation from CRANE, and then close the TCP connection.
2026-05-27 16:18:21.929 INFO  o.c.TcpServerConfig$$SpringCGLIB$$0 - <tcpclient><info> Connection closed: 127.0.0.1:18196:56008:008f6aba-d6b8-43d7-894e-0bab0c02cd65
2026-05-27 16:18:21.933 INFO  o.c.TcpServerConfig$$SpringCGLIB$$0 - <tcpserver><info> Connection closed: 127.0.0.1:56008:18196:cc3f9f6b-fb77-4827-9651-91af3e8c44ef
2026-05-27 16:19:25.494 INFO  o.code_studio.ComPortSchedulerTask - <tcpserver><info> Trying to open COM port for Barcode communication
2026-05-27 16:19:25.616 INFO  o.c.WebSocketServerConfig$$SpringCGLIB$$0 - <wsserver><info> Created WS channel: /app/topic
2026-05-27 16:19:25.766 INFO  o.c.TcpServerConfig$$SpringCGLIB$$0 - <tcpserver><info> TCP server started on port: 18196
2026-05-27 16:19:25.775 INFO  o.c.TcpClientConfig$$SpringCGLIB$$0 - <tcpclient><info> TCP client has been created for server: localhost:18196
2026-05-27 16:19:25.851 INFO  o.c.WebSocketServerConfig$$SpringCGLIB$$0 - <wsserver><info> Created WS server on endpoint: /ws
2026-05-27 16:19:26.889 INFO  o.c.TcpServerConfig$$SpringCGLIB$$0 - <tcpserver><info> Connection established: 127.0.0.1:56058:18196:0fbe6854-1310-4d3e-a48e-c0f61a6288b6
2026-05-27 16:19:26.889 INFO  o.c.TcpServerConfig$$SpringCGLIB$$0 - <tcpclient><info> Connection established: 127.0.0.1:18196:56058:70f3783d-8b27-4151-9325-3adaaf053c31
2026-05-27 16:19:26.891 INFO  o.c.CraneClientConnectedListener - <tcpsvr><info> CraneClientConnectedEvent detected
2026-05-27 16:19:26.930 WARN  o.c.ApplicationReadyListener - <tcpsvr><info> Message Flow Automation Debug is ENABLED
2026-05-27 16:19:26.935 INFO  o.c.controller.TcpMessageController - <tcpclient><send> LVS1UST1DA820027052026161926????????01???????001
2026-05-27 16:19:26.949 INFO  o.c.CraneClientConnectedListener - <tcpclient><send> DAYSTART message sent to Crane server
2026-05-27 16:19:26.993 INFO  o.c.TcpServerConfig$$SpringCGLIB$$0 - <tcpserver><recv> LVS1UST1DA820027052026161926????????01???????001
2026-05-27 16:19:27.017 WARN  o.c.m.IncomingMessageProcessor - MessageProcessor::handleError->StatusCode.STATUSUNKNOWN
2026-05-27 16:19:27.020 INFO  o.c.m.IncomingMessageProcessor - SENDER LVS1 | RECEIVER UST1 | MESSAGETYPE DAYSTART | ORDINAL 82 | ERRORCODE OK | SOURCE 27052026 | TARGET 161927 | REPORTPOINT RPUNKNOWN | LETYPE LEUNKNOWN | STATUSCODE AUTOMATIONENABLED | USERDATA null | RAWMESSAGE LVS1UST1DA820027052026161926????????01???????001
2026-05-27 16:19:27.549 INFO  o.code_studio.ComPortSchedulerTask - <tcpserver><info> Barcode communication enabled. COM port open: COM3
2026-05-27 16:19:30.045 INFO  o.c.controller.TcpMessageController - <tcpclient><send> UST1LVS111830027052026161927????????01???????001
2026-05-27 16:19:30.054 INFO  o.c.TcpClientConfig$$SpringCGLIB$$0 - <tcpclient><recv> LVS1UST1DA820027052026161926????????01???????001
2026-05-27 16:19:30.055 INFO  o.c.TcpServerConfig$$SpringCGLIB$$0 - <tcpserver><recv> UST1LVS111830027052026161927????????01???????001
2026-05-27 16:19:30.058 WARN  o.c.m.IncomingMessageProcessor - MessageProcessor::handleError->StatusCode.STATUSUNKNOWN
2026-05-27 16:19:30.059 INFO  o.c.m.IncomingMessageProcessor - SENDER UST1 | RECEIVER LVS1 | MESSAGETYPE DAYSTART | ORDINAL 83 | ERRORCODE OK | SOURCE 27052026 | TARGET 161930 | REPORTPOINT RPUNKNOWN | LETYPE LEUNKNOWN | STATUSCODE AUTOMATIONENABLED | USERDATA null | RAWMESSAGE UST1LVS111830027052026161927????????01???????001
2026-05-27 16:19:30.066 INFO  o.c.TcpClientConfig$$SpringCGLIB$$0 - <tcpclient><recv> LVS1UST1AA830027052026161927????????01???????001
2026-05-27 16:20:36.921 INFO  o.c.ApplicationCloseListener - <tcpserver><info> ApplicationContextClosedEvent detected
2026-05-27 16:20:36.923 INFO  org.code_studio.BarcodeConfig - <tcpserver><info> Barcode communication - COM port closed: COM3
2026-05-27 16:20:36.924 INFO  o.c.ApplicationCloseListener - <tcpserver><info> Waiting for 3000 msec to receive DAYEND confirmation from CRANE, and then close the TCP connection.
2026-05-27 16:20:39.932 INFO  o.c.TcpServerConfig$$SpringCGLIB$$0 - <tcpclient><info> Connection closed: 127.0.0.1:18196:56058:70f3783d-8b27-4151-9325-3adaaf053c31
2026-05-27 16:20:39.936 INFO  o.c.TcpServerConfig$$SpringCGLIB$$0 - <tcpserver><info> Connection closed: 127.0.0.1:56058:18196:0fbe6854-1310-4d3e-a48e-c0f61a6288b6
2026-05-27 16:20:47.974 INFO  o.code_studio.ComPortSchedulerTask - <tcpserver><info> Trying to open COM port for Barcode communication
2026-05-27 16:20:48.125 INFO  o.c.WebSocketServerConfig$$SpringCGLIB$$0 - <wsserver><info> Created WS channel: /app/topic
2026-05-27 16:20:48.314 INFO  o.c.TcpServerConfig$$SpringCGLIB$$0 - <tcpserver><info> TCP server started on port: 18196
2026-05-27 16:20:48.323 INFO  o.c.TcpClientConfig$$SpringCGLIB$$0 - <tcpclient><info> TCP client has been created for server: localhost:18196
2026-05-27 16:20:48.403 INFO  o.c.WebSocketServerConfig$$SpringCGLIB$$0 - <wsserver><info> Created WS server on endpoint: /ws
2026-05-27 16:20:49.274 INFO  o.c.TcpServerConfig$$SpringCGLIB$$0 - <tcpclient><info> Connection established: 127.0.0.1:18196:56094:8e1392d8-f72c-4d7e-bac3-28afd2ae62fd
2026-05-27 16:20:49.275 INFO  o.c.TcpServerConfig$$SpringCGLIB$$0 - <tcpserver><info> Connection established: 127.0.0.1:56094:18196:d6313186-7811-4621-8805-b1eca53b7957
2026-05-27 16:20:49.277 INFO  o.c.CraneClientConnectedListener - <tcpsvr><info> CraneClientConnectedEvent detected
2026-05-27 16:20:49.317 WARN  o.c.ApplicationReadyListener - <tcpsvr><info> Message Flow Automation Debug is ENABLED
2026-05-27 16:20:49.335 INFO  o.c.controller.TcpMessageController - <tcpclient><send> LVS1UST1DA840027052026162049????????01???????001
2026-05-27 16:20:49.350 INFO  o.c.CraneClientConnectedListener - <tcpclient><send> DAYSTART message sent to Crane server
2026-05-27 16:20:49.374 INFO  o.c.TcpServerConfig$$SpringCGLIB$$0 - <tcpserver><recv> LVS1UST1DA840027052026162049????????01???????001
2026-05-27 16:20:49.397 WARN  o.c.m.IncomingMessageProcessor - MessageProcessor::handleError->StatusCode.STATUSUNKNOWN
2026-05-27 16:20:49.403 INFO  o.c.m.IncomingMessageProcessor - SENDER LVS1 | RECEIVER UST1 | MESSAGETYPE DAYSTART | ORDINAL 84 | ERRORCODE OK | SOURCE 27052026 | TARGET 162049 | REPORTPOINT RPUNKNOWN | LETYPE LEUNKNOWN | STATUSCODE AUTOMATIONENABLED | USERDATA null | RAWMESSAGE LVS1UST1DA840027052026162049????????01???????001
2026-05-27 16:20:49.490 INFO  o.code_studio.ComPortSchedulerTask - <tcpserver><info> Barcode communication enabled. COM port open: COM3
2026-05-27 16:20:52.430 INFO  o.c.controller.TcpMessageController - <tcpclient><send> UST1LVS111850027052026162049????????01???????001
2026-05-27 16:20:52.437 INFO  o.c.TcpClientConfig$$SpringCGLIB$$0 - <tcpclient><recv> LVS1UST1DA840027052026162049????????01???????001
2026-05-27 16:20:52.437 INFO  o.c.TcpServerConfig$$SpringCGLIB$$0 - <tcpserver><recv> UST1LVS111850027052026162049????????01???????001
2026-05-27 16:20:52.441 WARN  o.c.m.IncomingMessageProcessor - MessageProcessor::handleError->StatusCode.STATUSUNKNOWN
2026-05-27 16:20:52.443 INFO  o.c.m.IncomingMessageProcessor - SENDER UST1 | RECEIVER LVS1 | MESSAGETYPE DAYSTART | ORDINAL 85 | ERRORCODE OK | SOURCE 27052026 | TARGET 162052 | REPORTPOINT RPUNKNOWN | LETYPE LEUNKNOWN | STATUSCODE AUTOMATIONENABLED | USERDATA null | RAWMESSAGE UST1LVS111850027052026162049????????01???????001
2026-05-27 16:20:52.449 INFO  o.c.TcpClientConfig$$SpringCGLIB$$0 - <tcpclient><recv> LVS1UST1AA850027052026162049????????01???????001
2026-05-27 16:23:18.987 INFO  o.c.ApplicationCloseListener - <tcpserver><info> ApplicationContextClosedEvent detected
2026-05-27 16:23:18.989 INFO  org.code_studio.BarcodeConfig - <tcpserver><info> Barcode communication - COM port closed: COM3
2026-05-27 16:23:18.989 INFO  o.c.ApplicationCloseListener - <tcpserver><info> Waiting for 3000 msec to receive DAYEND confirmation from CRANE, and then close the TCP connection.
2026-05-27 16:23:22.016 INFO  o.c.TcpServerConfig$$SpringCGLIB$$0 - <tcpclient><info> Connection closed: 127.0.0.1:18196:56094:8e1392d8-f72c-4d7e-bac3-28afd2ae62fd
2026-05-27 16:23:22.024 INFO  o.c.TcpServerConfig$$SpringCGLIB$$0 - <tcpserver><info> Connection closed: 127.0.0.1:56094:18196:d6313186-7811-4621-8805-b1eca53b7957
2026-05-27 16:23:28.866 INFO  o.code_studio.ComPortSchedulerTask - <tcpserver><info> Trying to open COM port for Barcode communication
2026-05-27 16:23:28.996 INFO  o.c.WebSocketServerConfig$$SpringCGLIB$$0 - <wsserver><info> Created WS channel: /app/topic
2026-05-27 16:23:29.139 INFO  o.c.TcpServerConfig$$SpringCGLIB$$0 - <tcpserver><info> TCP server started on port: 18196
2026-05-27 16:23:29.145 INFO  o.c.TcpClientConfig$$SpringCGLIB$$0 - <tcpclient><info> TCP client has been created for server: localhost:18196
2026-05-27 16:23:29.218 INFO  o.c.WebSocketServerConfig$$SpringCGLIB$$0 - <wsserver><info> Created WS server on endpoint: /ws
2026-05-27 16:23:30.068 INFO  o.c.TcpServerConfig$$SpringCGLIB$$0 - <tcpclient><info> Connection established: 127.0.0.1:18196:56158:aa980240-07a6-467a-90a5-31476c98882c
2026-05-27 16:23:30.068 INFO  o.c.TcpServerConfig$$SpringCGLIB$$0 - <tcpserver><info> Connection established: 127.0.0.1:56158:18196:f00d0a27-0e06-4fec-8cf5-1efb16e63f2a
2026-05-27 16:23:30.069 INFO  o.c.CraneClientConnectedListener - <tcpsvr><info> CraneClientConnectedEvent detected
2026-05-27 16:23:30.111 WARN  o.c.ApplicationReadyListener - <tcpsvr><info> Message Flow Automation Debug is ENABLED
2026-05-27 16:23:30.114 INFO  o.c.controller.TcpMessageController - <tcpclient><send> LVS1UST1DA860027052026162330????????01???????001
2026-05-27 16:23:30.123 INFO  o.c.CraneClientConnectedListener - <tcpclient><send> DAYSTART message sent to Crane server
2026-05-27 16:23:30.167 INFO  o.c.TcpServerConfig$$SpringCGLIB$$0 - <tcpserver><recv> LVS1UST1DA860027052026162330????????01???????001
2026-05-27 16:23:30.184 WARN  o.c.m.IncomingMessageProcessor - MessageProcessor::handleError->StatusCode.STATUSUNKNOWN
2026-05-27 16:23:30.188 INFO  o.c.m.IncomingMessageProcessor - SENDER LVS1 | RECEIVER UST1 | MESSAGETYPE DAYSTART | ORDINAL 86 | ERRORCODE OK | SOURCE 27052026 | TARGET 162330 | REPORTPOINT RPUNKNOWN | LETYPE LEUNKNOWN | STATUSCODE AUTOMATIONENABLED | USERDATA null | RAWMESSAGE LVS1UST1DA860027052026162330????????01???????001
2026-05-27 16:23:30.729 INFO  o.code_studio.ComPortSchedulerTask - <tcpserver><info> Barcode communication enabled. COM port open: COM3
2026-05-27 16:23:33.206 INFO  o.c.controller.TcpMessageController - <tcpclient><send> UST1LVS111870027052026162330????????01???????001
2026-05-27 16:23:33.208 INFO  o.c.TcpClientConfig$$SpringCGLIB$$0 - <tcpclient><recv> LVS1UST1DA860027052026162330????????01???????001
2026-05-27 16:23:33.208 INFO  o.c.TcpServerConfig$$SpringCGLIB$$0 - <tcpserver><recv> UST1LVS111870027052026162330????????01???????001
2026-05-27 16:23:33.208 WARN  o.c.m.IncomingMessageProcessor - MessageProcessor::handleError->StatusCode.STATUSUNKNOWN
2026-05-27 16:23:33.208 INFO  o.c.m.IncomingMessageProcessor - SENDER UST1 | RECEIVER LVS1 | MESSAGETYPE DAYSTART | ORDINAL 87 | ERRORCODE OK | SOURCE 27052026 | TARGET 162333 | REPORTPOINT RPUNKNOWN | LETYPE LEUNKNOWN | STATUSCODE AUTOMATIONENABLED | USERDATA null | RAWMESSAGE UST1LVS111870027052026162330????????01???????001
2026-05-27 16:23:33.212 INFO  o.c.TcpClientConfig$$SpringCGLIB$$0 - <tcpclient><recv> LVS1UST1AA870027052026162330????????01???????001
2026-05-27 16:24:09.246 INFO  o.c.ApplicationCloseListener - <tcpserver><info> ApplicationContextClosedEvent detected
2026-05-27 16:24:09.249 INFO  org.code_studio.BarcodeConfig - <tcpserver><info> Barcode communication - COM port closed: COM3
2026-05-27 16:24:09.250 INFO  o.c.ApplicationCloseListener - <tcpserver><info> Waiting for 3000 msec to receive DAYEND confirmation from CRANE, and then close the TCP connection.
2026-05-27 16:24:12.260 INFO  o.c.TcpServerConfig$$SpringCGLIB$$0 - <tcpclient><info> Connection closed: 127.0.0.1:18196:56158:aa980240-07a6-467a-90a5-31476c98882c
2026-05-27 16:24:12.264 INFO  o.c.TcpServerConfig$$SpringCGLIB$$0 - <tcpserver><info> Connection closed: 127.0.0.1:56158:18196:f00d0a27-0e06-4fec-8cf5-1efb16e63f2a
2026-05-27 16:24:24.047 INFO  o.code_studio.ComPortSchedulerTask - <tcpserver><info> Trying to open COM port for Barcode communication
2026-05-27 16:24:24.166 INFO  o.c.WebSocketServerConfig$$SpringCGLIB$$0 - <wsserver><info> Created WS channel: /app/topic
2026-05-27 16:24:24.325 INFO  o.c.TcpServerConfig$$SpringCGLIB$$0 - <tcpserver><info> TCP server started on port: 18196
2026-05-27 16:24:24.336 INFO  o.c.TcpClientConfig$$SpringCGLIB$$0 - <tcpclient><info> TCP client has been created for server: localhost:18196
2026-05-27 16:24:24.423 INFO  o.c.WebSocketServerConfig$$SpringCGLIB$$0 - <wsserver><info> Created WS server on endpoint: /ws
2026-05-27 16:24:25.212 INFO  o.c.TcpServerConfig$$SpringCGLIB$$0 - <tcpserver><info> Connection established: 127.0.0.1:56184:18196:8f89dd7f-b7ae-465e-a5f7-6580df4789f4
2026-05-27 16:24:25.212 INFO  o.c.TcpServerConfig$$SpringCGLIB$$0 - <tcpclient><info> Connection established: 127.0.0.1:18196:56184:b23fdd44-d5e6-47f4-a1e9-bdb784ef23c6
2026-05-27 16:24:25.213 INFO  o.c.CraneClientConnectedListener - <tcpsvr><info> CraneClientConnectedEvent detected
2026-05-27 16:24:25.258 WARN  o.c.ApplicationReadyListener - <tcpsvr><info> Message Flow Automation Debug is ENABLED
2026-05-27 16:24:25.259 INFO  o.c.controller.TcpMessageController - <tcpclient><send> LVS1UST1DA880027052026162425????????01???????001
2026-05-27 16:24:25.272 INFO  o.c.CraneClientConnectedListener - <tcpclient><send> DAYSTART message sent to Crane server
2026-05-27 16:24:25.285 INFO  o.c.TcpServerConfig$$SpringCGLIB$$0 - <tcpserver><recv> LVS1UST1DA880027052026162425????????01???????001
2026-05-27 16:24:25.302 WARN  o.c.m.IncomingMessageProcessor - MessageProcessor::handleError->StatusCode.STATUSUNKNOWN
2026-05-27 16:24:25.305 INFO  o.c.m.IncomingMessageProcessor - SENDER LVS1 | RECEIVER UST1 | MESSAGETYPE DAYSTART | ORDINAL 88 | ERRORCODE OK | SOURCE 27052026 | TARGET 162425 | REPORTPOINT RPUNKNOWN | LETYPE LEUNKNOWN | STATUSCODE AUTOMATIONENABLED | USERDATA null | RAWMESSAGE LVS1UST1DA880027052026162425????????01???????001
2026-05-27 16:24:26.012 INFO  o.code_studio.ComPortSchedulerTask - <tcpserver><info> Barcode communication enabled. COM port open: COM3
2026-05-27 16:24:28.322 INFO  o.c.controller.TcpMessageController - <tcpclient><send> UST1LVS111890027052026162425????????01???????001
2026-05-27 16:24:28.325 INFO  o.c.TcpClientConfig$$SpringCGLIB$$0 - <tcpclient><recv> LVS1UST1DA880027052026162425????????01???????001
2026-05-27 16:24:28.325 INFO  o.c.TcpServerConfig$$SpringCGLIB$$0 - <tcpserver><recv> UST1LVS111890027052026162425????????01???????001
2026-05-27 16:24:28.326 WARN  o.c.m.IncomingMessageProcessor - MessageProcessor::handleError->StatusCode.STATUSUNKNOWN
2026-05-27 16:24:28.326 INFO  o.c.m.IncomingMessageProcessor - SENDER UST1 | RECEIVER LVS1 | MESSAGETYPE DAYSTART | ORDINAL 89 | ERRORCODE OK | SOURCE 27052026 | TARGET 162428 | REPORTPOINT RPUNKNOWN | LETYPE LEUNKNOWN | STATUSCODE AUTOMATIONENABLED | USERDATA null | RAWMESSAGE UST1LVS111890027052026162425????????01???????001
2026-05-27 16:24:28.329 INFO  o.c.TcpClientConfig$$SpringCGLIB$$0 - <tcpclient><recv> LVS1UST1AA890027052026162425????????01???????001
2026-05-27 16:25:09.881 INFO  o.c.ApplicationCloseListener - <tcpserver><info> ApplicationContextClosedEvent detected
2026-05-27 16:25:09.882 INFO  org.code_studio.BarcodeConfig - <tcpserver><info> Barcode communication - COM port closed: COM3
2026-05-27 16:25:09.883 INFO  o.c.ApplicationCloseListener - <tcpserver><info> Waiting for 3000 msec to receive DAYEND confirmation from CRANE, and then close the TCP connection.
2026-05-27 16:25:12.893 INFO  o.c.TcpServerConfig$$SpringCGLIB$$0 - <tcpclient><info> Connection closed: 127.0.0.1:18196:56184:b23fdd44-d5e6-47f4-a1e9-bdb784ef23c6
2026-05-27 16:25:12.897 INFO  o.c.TcpServerConfig$$SpringCGLIB$$0 - <tcpserver><info> Connection closed: 127.0.0.1:56184:18196:8f89dd7f-b7ae-465e-a5f7-6580df4789f4
2026-05-27 16:25:19.549 INFO  o.code_studio.ComPortSchedulerTask - <tcpserver><info> Trying to open COM port for Barcode communication
2026-05-27 16:25:19.672 INFO  o.c.WebSocketServerConfig$$SpringCGLIB$$0 - <wsserver><info> Created WS channel: /app/topic
2026-05-27 16:25:19.855 INFO  o.c.TcpServerConfig$$SpringCGLIB$$0 - <tcpserver><info> TCP server started on port: 18196
2026-05-27 16:25:19.864 INFO  o.c.TcpClientConfig$$SpringCGLIB$$0 - <tcpclient><info> TCP client has been created for server: localhost:18196
2026-05-27 16:25:19.930 INFO  o.c.WebSocketServerConfig$$SpringCGLIB$$0 - <wsserver><info> Created WS server on endpoint: /ws
2026-05-27 16:25:20.812 INFO  o.c.TcpServerConfig$$SpringCGLIB$$0 - <tcpclient><info> Connection established: 127.0.0.1:18196:56211:b51a55eb-f533-4d09-9c06-ad5d9206bfb3
2026-05-27 16:25:20.812 INFO  o.c.TcpServerConfig$$SpringCGLIB$$0 - <tcpserver><info> Connection established: 127.0.0.1:56211:18196:e0e0176b-3d43-40d3-a696-a60e7d550eb2
2026-05-27 16:25:20.814 INFO  o.c.CraneClientConnectedListener - <tcpsvr><info> CraneClientConnectedEvent detected
2026-05-27 16:25:20.820 INFO  o.code_studio.ComPortSchedulerTask - <tcpserver><info> Barcode communication enabled. COM port open: COM3
2026-05-27 16:25:20.863 WARN  o.c.ApplicationReadyListener - <tcpsvr><info> Message Flow Automation Debug is ENABLED
2026-05-27 16:25:20.866 INFO  o.c.controller.TcpMessageController - <tcpclient><send> LVS1UST1DA900027052026162520????????01???????001
2026-05-27 16:25:20.877 INFO  o.c.CraneClientConnectedListener - <tcpclient><send> DAYSTART message sent to Crane server
2026-05-27 16:25:20.892 INFO  o.c.TcpServerConfig$$SpringCGLIB$$0 - <tcpserver><recv> LVS1UST1DA900027052026162520????????01???????001
2026-05-27 16:25:20.913 WARN  o.c.m.IncomingMessageProcessor - MessageProcessor::handleError->StatusCode.STATUSUNKNOWN
2026-05-27 16:25:20.918 INFO  o.c.m.IncomingMessageProcessor - SENDER LVS1 | RECEIVER UST1 | MESSAGETYPE DAYSTART | ORDINAL 90 | ERRORCODE OK | SOURCE 27052026 | TARGET 162520 | REPORTPOINT RPUNKNOWN | LETYPE LEUNKNOWN | STATUSCODE AUTOMATIONENABLED | USERDATA null | RAWMESSAGE LVS1UST1DA900027052026162520????????01???????001
2026-05-27 16:25:23.941 INFO  o.c.controller.TcpMessageController - <tcpclient><send> UST1LVS111910027052026162520????????01???????001
2026-05-27 16:25:23.944 INFO  o.c.TcpClientConfig$$SpringCGLIB$$0 - <tcpclient><recv> LVS1UST1DA900027052026162520????????01???????001
2026-05-27 16:25:23.945 INFO  o.c.TcpServerConfig$$SpringCGLIB$$0 - <tcpserver><recv> UST1LVS111910027052026162520????????01???????001
2026-05-27 16:25:23.946 WARN  o.c.m.IncomingMessageProcessor - MessageProcessor::handleError->StatusCode.STATUSUNKNOWN
2026-05-27 16:25:23.946 INFO  o.c.m.IncomingMessageProcessor - SENDER UST1 | RECEIVER LVS1 | MESSAGETYPE DAYSTART | ORDINAL 91 | ERRORCODE OK | SOURCE 27052026 | TARGET 162523 | REPORTPOINT RPUNKNOWN | LETYPE LEUNKNOWN | STATUSCODE AUTOMATIONENABLED | USERDATA null | RAWMESSAGE UST1LVS111910027052026162520????????01???????001
2026-05-27 16:25:23.949 INFO  o.c.TcpClientConfig$$SpringCGLIB$$0 - <tcpclient><recv> LVS1UST1AA910027052026162520????????01???????001
2026-05-27 16:26:40.142 INFO  o.c.ApplicationCloseListener - <tcpserver><info> ApplicationContextClosedEvent detected
2026-05-27 16:26:40.155 INFO  org.code_studio.BarcodeConfig - <tcpserver><info> Barcode communication - COM port closed: COM3
2026-05-27 16:26:40.156 INFO  o.c.ApplicationCloseListener - <tcpserver><info> Waiting for 3000 msec to receive DAYEND confirmation from CRANE, and then close the TCP connection.
2026-05-27 16:26:43.185 INFO  o.c.TcpServerConfig$$SpringCGLIB$$0 - <tcpclient><info> Connection closed: 127.0.0.1:18196:56211:b51a55eb-f533-4d09-9c06-ad5d9206bfb3
2026-05-27 16:26:43.189 INFO  o.c.TcpServerConfig$$SpringCGLIB$$0 - <tcpserver><info> Connection closed: 127.0.0.1:56211:18196:e0e0176b-3d43-40d3-a696-a60e7d550eb2
2026-05-27 16:27:24.276 INFO  o.code_studio.ComPortSchedulerTask - <tcpserver><info> Trying to open COM port for Barcode communication
2026-05-27 16:27:24.438 INFO  o.c.WebSocketServerConfig$$SpringCGLIB$$0 - <wsserver><info> Created WS channel: /app/topic
2026-05-27 16:27:24.601 INFO  o.c.TcpServerConfig$$SpringCGLIB$$0 - <tcpserver><info> TCP server started on port: 18196
2026-05-27 16:27:24.608 INFO  o.c.TcpClientConfig$$SpringCGLIB$$0 - <tcpclient><info> TCP client has been created for server: localhost:18196
2026-05-27 16:27:24.679 INFO  o.c.WebSocketServerConfig$$SpringCGLIB$$0 - <wsserver><info> Created WS server on endpoint: /ws
2026-05-27 16:27:25.586 INFO  o.c.TcpServerConfig$$SpringCGLIB$$0 - <tcpserver><info> Connection established: 127.0.0.1:56276:18196:d09aee2a-8a86-4618-ab20-12bb82ada490
2026-05-27 16:27:25.586 INFO  o.c.TcpServerConfig$$SpringCGLIB$$0 - <tcpclient><info> Connection established: 127.0.0.1:18196:56276:f4ce526a-1f51-4f69-8abb-75572395f516
2026-05-27 16:27:25.587 INFO  o.c.CraneClientConnectedListener - <tcpsvr><info> CraneClientConnectedEvent detected
2026-05-27 16:27:25.627 WARN  o.c.ApplicationReadyListener - <tcpsvr><info> Message Flow Automation Debug is ENABLED
2026-05-27 16:27:25.632 INFO  o.c.controller.TcpMessageController - <tcpclient><send> LVS1UST1DA920027052026162725????????01???????001
2026-05-27 16:27:25.640 INFO  o.c.CraneClientConnectedListener - <tcpclient><send> DAYSTART message sent to Crane server
2026-05-27 16:27:25.653 INFO  o.c.TcpServerConfig$$SpringCGLIB$$0 - <tcpserver><recv> LVS1UST1DA920027052026162725????????01???????001
2026-05-27 16:27:25.669 WARN  o.c.m.IncomingMessageProcessor - MessageProcessor::handleError->StatusCode.STATUSUNKNOWN
2026-05-27 16:27:25.672 INFO  o.c.m.IncomingMessageProcessor - SENDER LVS1 | RECEIVER UST1 | MESSAGETYPE DAYSTART | ORDINAL 92 | ERRORCODE OK | SOURCE 27052026 | TARGET 162725 | REPORTPOINT RPUNKNOWN | LETYPE LEUNKNOWN | STATUSCODE AUTOMATIONENABLED | USERDATA null | RAWMESSAGE LVS1UST1DA920027052026162725????????01???????001
2026-05-27 16:27:26.411 INFO  o.code_studio.ComPortSchedulerTask - <tcpserver><info> Barcode communication enabled. COM port open: COM3
2026-05-27 16:27:28.692 INFO  o.c.controller.TcpMessageController - <tcpclient><send> UST1LVS111930027052026162725????????01???????001
2026-05-27 16:27:28.695 INFO  o.c.TcpClientConfig$$SpringCGLIB$$0 - <tcpclient><recv> LVS1UST1DA920027052026162725????????01???????001
2026-05-27 16:27:28.695 INFO  o.c.TcpServerConfig$$SpringCGLIB$$0 - <tcpserver><recv> UST1LVS111930027052026162725????????01???????001
2026-05-27 16:27:28.696 WARN  o.c.m.IncomingMessageProcessor - MessageProcessor::handleError->StatusCode.STATUSUNKNOWN
2026-05-27 16:27:28.697 INFO  o.c.m.IncomingMessageProcessor - SENDER UST1 | RECEIVER LVS1 | MESSAGETYPE DAYSTART | ORDINAL 93 | ERRORCODE OK | SOURCE 27052026 | TARGET 162728 | REPORTPOINT RPUNKNOWN | LETYPE LEUNKNOWN | STATUSCODE AUTOMATIONENABLED | USERDATA null | RAWMESSAGE UST1LVS111930027052026162725????????01???????001
2026-05-27 16:27:28.701 INFO  o.c.TcpClientConfig$$SpringCGLIB$$0 - <tcpclient><recv> LVS1UST1AA930027052026162725????????01???????001
2026-05-27 16:28:25.864 INFO  o.c.ApplicationCloseListener - <tcpserver><info> ApplicationContextClosedEvent detected
2026-05-27 16:28:25.865 INFO  org.code_studio.BarcodeConfig - <tcpserver><info> Barcode communication - COM port closed: COM3
2026-05-27 16:28:25.865 INFO  o.c.ApplicationCloseListener - <tcpserver><info> Waiting for 3000 msec to receive DAYEND confirmation from CRANE, and then close the TCP connection.
2026-05-27 16:28:28.882 INFO  o.c.TcpServerConfig$$SpringCGLIB$$0 - <tcpclient><info> Connection closed: 127.0.0.1:18196:56276:f4ce526a-1f51-4f69-8abb-75572395f516
2026-05-27 16:28:28.891 INFO  o.c.TcpServerConfig$$SpringCGLIB$$0 - <tcpserver><info> Connection closed: 127.0.0.1:56276:18196:d09aee2a-8a86-4618-ab20-12bb82ada490
2026-05-27 16:28:35.913 INFO  o.code_studio.ComPortSchedulerTask - <tcpserver><info> Trying to open COM port for Barcode communication
2026-05-27 16:28:36.033 INFO  o.c.WebSocketServerConfig$$SpringCGLIB$$0 - <wsserver><info> Created WS channel: /app/topic
2026-05-27 16:28:36.184 INFO  o.c.TcpServerConfig$$SpringCGLIB$$0 - <tcpserver><info> TCP server started on port: 18196
2026-05-27 16:28:36.190 INFO  o.c.TcpClientConfig$$SpringCGLIB$$0 - <tcpclient><info> TCP client has been created for server: localhost:18196
2026-05-27 16:28:36.271 INFO  o.c.WebSocketServerConfig$$SpringCGLIB$$0 - <wsserver><info> Created WS server on endpoint: /ws
2026-05-27 16:28:37.105 INFO  o.c.TcpServerConfig$$SpringCGLIB$$0 - <tcpserver><info> Connection established: 127.0.0.1:56319:18196:62564738-f14e-4103-9cb7-0104f35b81e0
2026-05-27 16:28:37.105 INFO  o.c.TcpServerConfig$$SpringCGLIB$$0 - <tcpclient><info> Connection established: 127.0.0.1:18196:56319:d2b9d2b1-72dc-4f86-8a3d-f04a19666e2d
2026-05-27 16:28:37.107 INFO  o.c.CraneClientConnectedListener - <tcpsvr><info> CraneClientConnectedEvent detected
2026-05-27 16:28:37.142 WARN  o.c.ApplicationReadyListener - <tcpsvr><info> Message Flow Automation Debug is ENABLED
2026-05-27 16:28:37.148 INFO  o.c.controller.TcpMessageController - <tcpclient><send> LVS1UST1DA940027052026162837????????01???????001
2026-05-27 16:28:37.158 INFO  o.c.CraneClientConnectedListener - <tcpclient><send> DAYSTART message sent to Crane server
2026-05-27 16:28:37.170 INFO  o.c.TcpServerConfig$$SpringCGLIB$$0 - <tcpserver><recv> LVS1UST1DA940027052026162837????????01???????001
2026-05-27 16:28:37.186 WARN  o.c.m.IncomingMessageProcessor - MessageProcessor::handleError->StatusCode.STATUSUNKNOWN
2026-05-27 16:28:37.190 INFO  o.c.m.IncomingMessageProcessor - SENDER LVS1 | RECEIVER UST1 | MESSAGETYPE DAYSTART | ORDINAL 94 | ERRORCODE OK | SOURCE 27052026 | TARGET 162837 | REPORTPOINT RPUNKNOWN | LETYPE LEUNKNOWN | STATUSCODE AUTOMATIONENABLED | USERDATA null | RAWMESSAGE LVS1UST1DA940027052026162837????????01???????001
2026-05-27 16:28:37.955 INFO  o.code_studio.ComPortSchedulerTask - <tcpserver><info> Barcode communication enabled. COM port open: COM3
2026-05-27 16:28:40.210 INFO  o.c.controller.TcpMessageController - <tcpclient><send> UST1LVS111950027052026162837????????01???????001
2026-05-27 16:28:40.214 INFO  o.c.TcpClientConfig$$SpringCGLIB$$0 - <tcpclient><recv> LVS1UST1DA940027052026162837????????01???????001
2026-05-27 16:28:40.215 INFO  o.c.TcpServerConfig$$SpringCGLIB$$0 - <tcpserver><recv> UST1LVS111950027052026162837????????01???????001
2026-05-27 16:28:40.217 WARN  o.c.m.IncomingMessageProcessor - MessageProcessor::handleError->StatusCode.STATUSUNKNOWN
2026-05-27 16:28:40.218 INFO  o.c.m.IncomingMessageProcessor - SENDER UST1 | RECEIVER LVS1 | MESSAGETYPE DAYSTART | ORDINAL 95 | ERRORCODE OK | SOURCE 27052026 | TARGET 162840 | REPORTPOINT RPUNKNOWN | LETYPE LEUNKNOWN | STATUSCODE AUTOMATIONENABLED | USERDATA null | RAWMESSAGE UST1LVS111950027052026162837????????01???????001
2026-05-27 16:28:40.224 INFO  o.c.TcpClientConfig$$SpringCGLIB$$0 - <tcpclient><recv> LVS1UST1AA950027052026162837????????01???????001
2026-05-27 16:29:41.867 INFO  o.c.ApplicationCloseListener - <tcpserver><info> ApplicationContextClosedEvent detected
2026-05-27 16:29:41.869 INFO  org.code_studio.BarcodeConfig - <tcpserver><info> Barcode communication - COM port closed: COM3
2026-05-27 16:29:41.869 INFO  o.c.ApplicationCloseListener - <tcpserver><info> Waiting for 3000 msec to receive DAYEND confirmation from CRANE, and then close the TCP connection.
2026-05-27 16:29:44.879 INFO  o.c.TcpServerConfig$$SpringCGLIB$$0 - <tcpclient><info> Connection closed: 127.0.0.1:18196:56319:d2b9d2b1-72dc-4f86-8a3d-f04a19666e2d
2026-05-27 16:29:44.882 INFO  o.c.TcpServerConfig$$SpringCGLIB$$0 - <tcpserver><info> Connection closed: 127.0.0.1:56319:18196:62564738-f14e-4103-9cb7-0104f35b81e0
2026-05-27 16:29:54.981 INFO  o.code_studio.ComPortSchedulerTask - <tcpserver><info> Trying to open COM port for Barcode communication
2026-05-27 16:29:55.117 INFO  o.c.WebSocketServerConfig$$SpringCGLIB$$0 - <wsserver><info> Created WS channel: /app/topic
2026-05-27 16:29:55.305 INFO  o.c.TcpServerConfig$$SpringCGLIB$$0 - <tcpserver><info> TCP server started on port: 18196
2026-05-27 16:29:55.315 INFO  o.c.TcpClientConfig$$SpringCGLIB$$0 - <tcpclient><info> TCP client has been created for server: localhost:18196
2026-05-27 16:29:55.409 INFO  o.c.WebSocketServerConfig$$SpringCGLIB$$0 - <wsserver><info> Created WS server on endpoint: /ws
2026-05-27 16:29:56.040 INFO  o.code_studio.ComPortSchedulerTask - <tcpserver><info> Barcode communication enabled. COM port open: COM3
2026-05-27 16:29:56.465 INFO  o.c.TcpServerConfig$$SpringCGLIB$$0 - <tcpserver><info> Connection established: 127.0.0.1:56348:18196:2f584fb6-ab4d-470b-8034-9f3ad0442d55
2026-05-27 16:29:56.466 INFO  o.c.CraneClientConnectedListener - <tcpsvr><info> CraneClientConnectedEvent detected
2026-05-27 16:29:56.475 INFO  o.c.TcpServerConfig$$SpringCGLIB$$0 - <tcpclient><info> Connection established: 127.0.0.1:18196:56348:44811bee-7d08-46b3-8ef8-c2be3cda628b
2026-05-27 16:29:56.521 WARN  o.c.ApplicationReadyListener - <tcpsvr><info> Message Flow Automation Debug is ENABLED
2026-05-27 16:29:56.535 INFO  o.c.controller.TcpMessageController - <tcpclient><send> LVS1UST1DA960027052026162956????????01???????001
2026-05-27 16:29:56.552 INFO  o.c.CraneClientConnectedListener - <tcpclient><send> DAYSTART message sent to Crane server
2026-05-27 16:29:56.575 INFO  o.c.TcpServerConfig$$SpringCGLIB$$0 - <tcpserver><recv> LVS1UST1DA960027052026162956????????01???????001
2026-05-27 16:29:56.606 WARN  o.c.m.IncomingMessageProcessor - MessageProcessor::handleError->StatusCode.STATUSUNKNOWN
2026-05-27 16:29:56.620 INFO  o.c.m.IncomingMessageProcessor - SENDER LVS1 | RECEIVER UST1 | MESSAGETYPE DAYSTART | ORDINAL 96 | ERRORCODE OK | SOURCE 27052026 | TARGET 162956 | REPORTPOINT RPUNKNOWN | LETYPE LEUNKNOWN | STATUSCODE AUTOMATIONENABLED | USERDATA null | RAWMESSAGE LVS1UST1DA960027052026162956????????01???????001
2026-05-27 16:29:59.676 INFO  o.c.controller.TcpMessageController - <tcpclient><send> UST1LVS111970027052026162956????????01???????001
2026-05-27 16:29:59.679 INFO  o.c.TcpClientConfig$$SpringCGLIB$$0 - <tcpclient><recv> LVS1UST1DA960027052026162956????????01???????001
2026-05-27 16:29:59.680 INFO  o.c.TcpServerConfig$$SpringCGLIB$$0 - <tcpserver><recv> UST1LVS111970027052026162956????????01???????001
2026-05-27 16:29:59.682 WARN  o.c.m.IncomingMessageProcessor - MessageProcessor::handleError->StatusCode.STATUSUNKNOWN
2026-05-27 16:29:59.682 INFO  o.c.m.IncomingMessageProcessor - SENDER UST1 | RECEIVER LVS1 | MESSAGETYPE DAYSTART | ORDINAL 97 | ERRORCODE OK | SOURCE 27052026 | TARGET 162959 | REPORTPOINT RPUNKNOWN | LETYPE LEUNKNOWN | STATUSCODE AUTOMATIONENABLED | USERDATA null | RAWMESSAGE UST1LVS111970027052026162956????????01???????001
2026-05-27 16:29:59.685 INFO  o.c.TcpClientConfig$$SpringCGLIB$$0 - <tcpclient><recv> LVS1UST1AA970027052026162956????????01???????001
2026-05-27 16:30:54.349 INFO  o.c.ApplicationCloseListener - <tcpserver><info> ApplicationContextClosedEvent detected
2026-05-27 16:30:54.354 INFO  org.code_studio.BarcodeConfig - <tcpserver><info> Barcode communication - COM port closed: COM3
2026-05-27 16:30:54.355 INFO  o.c.ApplicationCloseListener - <tcpserver><info> Waiting for 3000 msec to receive DAYEND confirmation from CRANE, and then close the TCP connection.
2026-05-27 16:30:57.368 INFO  o.c.TcpServerConfig$$SpringCGLIB$$0 - <tcpclient><info> Connection closed: 127.0.0.1:18196:56348:44811bee-7d08-46b3-8ef8-c2be3cda628b
2026-05-27 16:30:57.373 INFO  o.c.TcpServerConfig$$SpringCGLIB$$0 - <tcpserver><info> Connection closed: 127.0.0.1:56348:18196:2f584fb6-ab4d-470b-8034-9f3ad0442d55
2026-05-27 16:31:10.248 INFO  o.code_studio.ComPortSchedulerTask - <tcpserver><info> Trying to open COM port for Barcode communication
2026-05-27 16:31:10.371 INFO  o.c.WebSocketServerConfig$$SpringCGLIB$$0 - <wsserver><info> Created WS channel: /app/topic
2026-05-27 16:31:10.531 INFO  o.c.TcpServerConfig$$SpringCGLIB$$0 - <tcpserver><info> TCP server started on port: 18196
2026-05-27 16:31:10.538 INFO  o.c.TcpClientConfig$$SpringCGLIB$$0 - <tcpclient><info> TCP client has been created for server: localhost:18196
2026-05-27 16:31:10.630 INFO  o.c.WebSocketServerConfig$$SpringCGLIB$$0 - <wsserver><info> Created WS server on endpoint: /ws
2026-05-27 16:31:11.430 INFO  o.c.TcpServerConfig$$SpringCGLIB$$0 - <tcpserver><info> Connection established: 127.0.0.1:56396:18196:b64fa5e5-df98-4647-9512-ee6380b0bd75
2026-05-27 16:31:11.430 INFO  o.c.TcpServerConfig$$SpringCGLIB$$0 - <tcpclient><info> Connection established: 127.0.0.1:18196:56396:2f54560f-674a-499a-b0f7-63fdf8ee39e4
2026-05-27 16:31:11.431 INFO  o.c.CraneClientConnectedListener - <tcpsvr><info> CraneClientConnectedEvent detected
2026-05-27 16:31:11.471 WARN  o.c.ApplicationReadyListener - <tcpsvr><info> Message Flow Automation Debug is ENABLED
2026-05-27 16:31:11.489 INFO  o.c.controller.TcpMessageController - <tcpclient><send> LVS1UST1DA980027052026163111????????01???????001
2026-05-27 16:31:11.505 INFO  o.c.CraneClientConnectedListener - <tcpclient><send> DAYSTART message sent to Crane server
2026-05-27 16:31:11.525 INFO  o.c.TcpServerConfig$$SpringCGLIB$$0 - <tcpserver><recv> LVS1UST1DA980027052026163111????????01???????001
2026-05-27 16:31:11.547 WARN  o.c.m.IncomingMessageProcessor - MessageProcessor::handleError->StatusCode.STATUSUNKNOWN
2026-05-27 16:31:11.553 INFO  o.c.m.IncomingMessageProcessor - SENDER LVS1 | RECEIVER UST1 | MESSAGETYPE DAYSTART | ORDINAL 98 | ERRORCODE OK | SOURCE 27052026 | TARGET 163111 | REPORTPOINT RPUNKNOWN | LETYPE LEUNKNOWN | STATUSCODE AUTOMATIONENABLED | USERDATA null | RAWMESSAGE LVS1UST1DA980027052026163111????????01???????001
2026-05-27 16:31:11.585 INFO  o.code_studio.ComPortSchedulerTask - <tcpserver><info> Barcode communication enabled. COM port open: COM3
2026-05-27 16:31:14.575 INFO  o.c.controller.TcpMessageController - <tcpclient><send> UST1LVS111990027052026163111????????01???????001
2026-05-27 16:31:14.578 INFO  o.c.TcpClientConfig$$SpringCGLIB$$0 - <tcpclient><recv> LVS1UST1DA980027052026163111????????01???????001
2026-05-27 16:31:14.578 INFO  o.c.TcpServerConfig$$SpringCGLIB$$0 - <tcpserver><recv> UST1LVS111990027052026163111????????01???????001
2026-05-27 16:31:14.580 WARN  o.c.m.IncomingMessageProcessor - MessageProcessor::handleError->StatusCode.STATUSUNKNOWN
2026-05-27 16:31:14.580 INFO  o.c.m.IncomingMessageProcessor - SENDER UST1 | RECEIVER LVS1 | MESSAGETYPE DAYSTART | ORDINAL 99 | ERRORCODE OK | SOURCE 27052026 | TARGET 163114 | REPORTPOINT RPUNKNOWN | LETYPE LEUNKNOWN | STATUSCODE AUTOMATIONENABLED | USERDATA null | RAWMESSAGE UST1LVS111990027052026163111????????01???????001
2026-05-27 16:31:14.584 INFO  o.c.TcpClientConfig$$SpringCGLIB$$0 - <tcpclient><recv> LVS1UST1AA990027052026163111????????01???????001
2026-05-27 16:32:31.705 INFO  o.c.ApplicationCloseListener - <tcpserver><info> ApplicationContextClosedEvent detected
2026-05-27 16:32:31.706 INFO  org.code_studio.BarcodeConfig - <tcpserver><info> Barcode communication - COM port closed: COM3
2026-05-27 16:32:31.707 INFO  o.c.ApplicationCloseListener - <tcpserver><info> Waiting for 3000 msec to receive DAYEND confirmation from CRANE, and then close the TCP connection.
2026-05-27 16:32:34.718 INFO  o.c.TcpServerConfig$$SpringCGLIB$$0 - <tcpclient><info> Connection closed: 127.0.0.1:18196:56396:2f54560f-674a-499a-b0f7-63fdf8ee39e4
2026-05-27 16:32:34.721 INFO  o.c.TcpServerConfig$$SpringCGLIB$$0 - <tcpserver><info> Connection closed: 127.0.0.1:56396:18196:b64fa5e5-df98-4647-9512-ee6380b0bd75
2026-05-27 16:33:16.760 INFO  o.code_studio.ComPortSchedulerTask - <tcpserver><info> Trying to open COM port for Barcode communication
2026-05-27 16:33:16.884 INFO  o.c.WebSocketServerConfig$$SpringCGLIB$$0 - <wsserver><info> Created WS channel: /app/topic
2026-05-27 16:33:17.080 INFO  o.c.TcpServerConfig$$SpringCGLIB$$0 - <tcpserver><info> TCP server started on port: 18196
2026-05-27 16:33:17.093 INFO  o.c.TcpClientConfig$$SpringCGLIB$$0 - <tcpclient><info> TCP client has been created for server: localhost:18196
2026-05-27 16:33:17.181 INFO  o.c.WebSocketServerConfig$$SpringCGLIB$$0 - <wsserver><info> Created WS server on endpoint: /ws
2026-05-27 16:33:18.126 INFO  o.c.TcpServerConfig$$SpringCGLIB$$0 - <tcpserver><info> Connection established: 127.0.0.1:56439:18196:16ff73c5-40c6-470b-94f0-17374e4d6856
2026-05-27 16:33:18.126 INFO  o.c.TcpServerConfig$$SpringCGLIB$$0 - <tcpclient><info> Connection established: 127.0.0.1:18196:56439:7e79c979-743e-47d2-a633-63afcfe15def
2026-05-27 16:33:18.127 INFO  o.c.CraneClientConnectedListener - <tcpsvr><info> CraneClientConnectedEvent detected
2026-05-27 16:33:18.173 WARN  o.c.ApplicationReadyListener - <tcpsvr><info> Message Flow Automation Debug is ENABLED
2026-05-27 16:33:18.185 INFO  o.c.controller.TcpMessageController - <tcpclient><send> LVS1UST1DA010027052026163318????????01???????001
2026-05-27 16:33:18.200 INFO  o.c.CraneClientConnectedListener - <tcpclient><send> DAYSTART message sent to Crane server
2026-05-27 16:33:18.218 INFO  o.c.TcpServerConfig$$SpringCGLIB$$0 - <tcpserver><recv> LVS1UST1DA010027052026163318????????01???????001
2026-05-27 16:33:18.283 WARN  o.c.m.IncomingMessageProcessor - MessageProcessor::handleError->StatusCode.STATUSUNKNOWN
2026-05-27 16:33:18.287 INFO  o.c.m.IncomingMessageProcessor - SENDER LVS1 | RECEIVER UST1 | MESSAGETYPE DAYSTART | ORDINAL 1 | ERRORCODE OK | SOURCE 27052026 | TARGET 163318 | REPORTPOINT RPUNKNOWN | LETYPE LEUNKNOWN | STATUSCODE AUTOMATIONENABLED | USERDATA null | RAWMESSAGE LVS1UST1DA010027052026163318????????01???????001
2026-05-27 16:33:19.601 INFO  o.code_studio.ComPortSchedulerTask - <tcpserver><info> Barcode communication enabled. COM port open: COM3
2026-05-27 16:33:21.304 INFO  o.c.controller.TcpMessageController - <tcpclient><send> UST1LVS111020027052026163318????????01???????001
2026-05-27 16:33:21.310 INFO  o.c.TcpClientConfig$$SpringCGLIB$$0 - <tcpclient><recv> LVS1UST1DA010027052026163318????????01???????001
2026-05-27 16:33:21.311 INFO  o.c.TcpServerConfig$$SpringCGLIB$$0 - <tcpserver><recv> UST1LVS111020027052026163318????????01???????001
2026-05-27 16:33:21.313 WARN  o.c.m.IncomingMessageProcessor - MessageProcessor::handleError->StatusCode.STATUSUNKNOWN
2026-05-27 16:33:21.314 INFO  o.c.m.IncomingMessageProcessor - SENDER UST1 | RECEIVER LVS1 | MESSAGETYPE DAYSTART | ORDINAL 2 | ERRORCODE OK | SOURCE 27052026 | TARGET 163321 | REPORTPOINT RPUNKNOWN | LETYPE LEUNKNOWN | STATUSCODE AUTOMATIONENABLED | USERDATA null | RAWMESSAGE UST1LVS111020027052026163318????????01???????001
2026-05-27 16:33:21.320 INFO  o.c.TcpClientConfig$$SpringCGLIB$$0 - <tcpclient><recv> LVS1UST1AA020027052026163318????????01???????001
2026-05-27 16:34:12.264 INFO  o.c.ApplicationCloseListener - <tcpserver><info> ApplicationContextClosedEvent detected
2026-05-27 16:34:12.265 INFO  org.code_studio.BarcodeConfig - <tcpserver><info> Barcode communication - COM port closed: COM3
2026-05-27 16:34:12.266 INFO  o.c.ApplicationCloseListener - <tcpserver><info> Waiting for 3000 msec to receive DAYEND confirmation from CRANE, and then close the TCP connection.
2026-05-27 16:34:15.291 INFO  o.c.TcpServerConfig$$SpringCGLIB$$0 - <tcpclient><info> Connection closed: 127.0.0.1:18196:56439:7e79c979-743e-47d2-a633-63afcfe15def
2026-05-27 16:34:15.296 INFO  o.c.TcpServerConfig$$SpringCGLIB$$0 - <tcpserver><info> Connection closed: 127.0.0.1:56439:18196:16ff73c5-40c6-470b-94f0-17374e4d6856
2026-05-27 16:34:26.843 INFO  o.code_studio.ComPortSchedulerTask - <tcpserver><info> Trying to open COM port for Barcode communication
2026-05-27 16:34:26.967 INFO  o.c.WebSocketServerConfig$$SpringCGLIB$$0 - <wsserver><info> Created WS channel: /app/topic
2026-05-27 16:34:27.106 INFO  o.c.TcpServerConfig$$SpringCGLIB$$0 - <tcpserver><info> TCP server started on port: 18196
2026-05-27 16:34:27.114 INFO  o.c.TcpClientConfig$$SpringCGLIB$$0 - <tcpclient><info> TCP client has been created for server: localhost:18196
2026-05-27 16:34:27.179 INFO  o.c.WebSocketServerConfig$$SpringCGLIB$$0 - <wsserver><info> Created WS server on endpoint: /ws
2026-05-27 16:34:27.579 INFO  o.code_studio.ComPortSchedulerTask - <tcpserver><info> Barcode communication enabled. COM port open: COM3
2026-05-27 16:34:28.201 INFO  o.c.TcpServerConfig$$SpringCGLIB$$0 - <tcpclient><info> Connection established: 127.0.0.1:18196:56483:a28bbc56-b9e1-455e-96d1-9791cff9b78e
2026-05-27 16:34:28.201 INFO  o.c.TcpServerConfig$$SpringCGLIB$$0 - <tcpserver><info> Connection established: 127.0.0.1:56483:18196:38a9c843-1867-42ce-870f-75adb1c5a51a
2026-05-27 16:34:28.203 INFO  o.c.CraneClientConnectedListener - <tcpsvr><info> CraneClientConnectedEvent detected
2026-05-27 16:34:28.241 WARN  o.c.ApplicationReadyListener - <tcpsvr><info> Message Flow Automation Debug is ENABLED
2026-05-27 16:34:28.264 INFO  o.c.controller.TcpMessageController - <tcpclient><send> LVS1UST1DA030027052026163428????????01???????001
2026-05-27 16:34:28.284 INFO  o.c.CraneClientConnectedListener - <tcpclient><send> DAYSTART message sent to Crane server
2026-05-27 16:34:28.301 INFO  o.c.TcpServerConfig$$SpringCGLIB$$0 - <tcpserver><recv> LVS1UST1DA030027052026163428????????01???????001
2026-05-27 16:34:28.323 WARN  o.c.m.IncomingMessageProcessor - MessageProcessor::handleError->StatusCode.STATUSUNKNOWN
2026-05-27 16:34:28.329 INFO  o.c.m.IncomingMessageProcessor - SENDER LVS1 | RECEIVER UST1 | MESSAGETYPE DAYSTART | ORDINAL 3 | ERRORCODE OK | SOURCE 27052026 | TARGET 163428 | REPORTPOINT RPUNKNOWN | LETYPE LEUNKNOWN | STATUSCODE AUTOMATIONENABLED | USERDATA null | RAWMESSAGE LVS1UST1DA030027052026163428????????01???????001
2026-05-27 16:34:31.348 INFO  o.c.controller.TcpMessageController - <tcpclient><send> UST1LVS111040027052026163428????????01???????001
2026-05-27 16:34:31.351 INFO  o.c.TcpClientConfig$$SpringCGLIB$$0 - <tcpclient><recv> LVS1UST1DA030027052026163428????????01???????001
2026-05-27 16:34:31.353 INFO  o.c.TcpServerConfig$$SpringCGLIB$$0 - <tcpserver><recv> UST1LVS111040027052026163428????????01???????001
2026-05-27 16:34:31.354 WARN  o.c.m.IncomingMessageProcessor - MessageProcessor::handleError->StatusCode.STATUSUNKNOWN
2026-05-27 16:34:31.355 INFO  o.c.m.IncomingMessageProcessor - SENDER UST1 | RECEIVER LVS1 | MESSAGETYPE DAYSTART | ORDINAL 4 | ERRORCODE OK | SOURCE 27052026 | TARGET 163431 | REPORTPOINT RPUNKNOWN | LETYPE LEUNKNOWN | STATUSCODE AUTOMATIONENABLED | USERDATA null | RAWMESSAGE UST1LVS111040027052026163428????????01???????001
2026-05-27 16:34:31.358 INFO  o.c.TcpClientConfig$$SpringCGLIB$$0 - <tcpclient><recv> LVS1UST1AA040027052026163428????????01???????001
2026-05-27 16:35:14.281 INFO  o.c.ApplicationCloseListener - <tcpserver><info> ApplicationContextClosedEvent detected
2026-05-27 16:35:14.282 INFO  org.code_studio.BarcodeConfig - <tcpserver><info> Barcode communication - COM port closed: COM3
2026-05-27 16:35:14.283 INFO  o.c.ApplicationCloseListener - <tcpserver><info> Waiting for 3000 msec to receive DAYEND confirmation from CRANE, and then close the TCP connection.
2026-05-27 16:35:17.294 INFO  o.c.TcpServerConfig$$SpringCGLIB$$0 - <tcpclient><info> Connection closed: 127.0.0.1:18196:56483:a28bbc56-b9e1-455e-96d1-9791cff9b78e
2026-05-27 16:35:17.297 INFO  o.c.TcpServerConfig$$SpringCGLIB$$0 - <tcpserver><info> Connection closed: 127.0.0.1:56483:18196:38a9c843-1867-42ce-870f-75adb1c5a51a
2026-05-27 16:35:21.969 INFO  o.code_studio.ComPortSchedulerTask - <tcpserver><info> Trying to open COM port for Barcode communication
2026-05-27 16:35:22.095 INFO  o.c.WebSocketServerConfig$$SpringCGLIB$$0 - <wsserver><info> Created WS channel: /app/topic
2026-05-27 16:35:22.235 INFO  o.c.TcpServerConfig$$SpringCGLIB$$0 - <tcpserver><info> TCP server started on port: 18196
2026-05-27 16:35:22.251 INFO  o.c.TcpClientConfig$$SpringCGLIB$$0 - <tcpclient><info> TCP client has been created for server: localhost:18196
2026-05-27 16:35:22.362 INFO  o.c.WebSocketServerConfig$$SpringCGLIB$$0 - <wsserver><info> Created WS server on endpoint: /ws
2026-05-27 16:35:23.252 INFO  o.c.TcpServerConfig$$SpringCGLIB$$0 - <tcpclient><info> Connection established: 127.0.0.1:18196:56514:f2835b1c-c864-4356-90b9-15defba97ced
2026-05-27 16:35:23.252 INFO  o.c.TcpServerConfig$$SpringCGLIB$$0 - <tcpserver><info> Connection established: 127.0.0.1:56514:18196:1364538d-d3dc-429e-9b59-acd1bc7e74e0
2026-05-27 16:35:23.253 INFO  o.c.CraneClientConnectedListener - <tcpsvr><info> CraneClientConnectedEvent detected
2026-05-27 16:35:23.292 WARN  o.c.ApplicationReadyListener - <tcpsvr><info> Message Flow Automation Debug is ENABLED
2026-05-27 16:35:23.296 INFO  o.c.controller.TcpMessageController - <tcpclient><send> LVS1UST1DA050027052026163523????????01???????001
2026-05-27 16:35:23.305 INFO  o.c.CraneClientConnectedListener - <tcpclient><send> DAYSTART message sent to Crane server
2026-05-27 16:35:23.318 INFO  o.c.TcpServerConfig$$SpringCGLIB$$0 - <tcpserver><recv> LVS1UST1DA050027052026163523????????01???????001
2026-05-27 16:35:23.334 WARN  o.c.m.IncomingMessageProcessor - MessageProcessor::handleError->StatusCode.STATUSUNKNOWN
2026-05-27 16:35:23.337 INFO  o.c.m.IncomingMessageProcessor - SENDER LVS1 | RECEIVER UST1 | MESSAGETYPE DAYSTART | ORDINAL 5 | ERRORCODE OK | SOURCE 27052026 | TARGET 163523 | REPORTPOINT RPUNKNOWN | LETYPE LEUNKNOWN | STATUSCODE AUTOMATIONENABLED | USERDATA null | RAWMESSAGE LVS1UST1DA050027052026163523????????01???????001
2026-05-27 16:35:23.728 INFO  o.code_studio.ComPortSchedulerTask - <tcpserver><info> Barcode communication enabled. COM port open: COM3
2026-05-27 16:35:26.353 INFO  o.c.controller.TcpMessageController - <tcpclient><send> UST1LVS111060027052026163523????????01???????001
2026-05-27 16:35:26.355 INFO  o.c.TcpClientConfig$$SpringCGLIB$$0 - <tcpclient><recv> LVS1UST1DA050027052026163523????????01???????001
2026-05-27 16:35:26.355 INFO  o.c.TcpServerConfig$$SpringCGLIB$$0 - <tcpserver><recv> UST1LVS111060027052026163523????????01???????001
2026-05-27 16:35:26.356 WARN  o.c.m.IncomingMessageProcessor - MessageProcessor::handleError->StatusCode.STATUSUNKNOWN
2026-05-27 16:35:26.357 INFO  o.c.m.IncomingMessageProcessor - SENDER UST1 | RECEIVER LVS1 | MESSAGETYPE DAYSTART | ORDINAL 6 | ERRORCODE OK | SOURCE 27052026 | TARGET 163526 | REPORTPOINT RPUNKNOWN | LETYPE LEUNKNOWN | STATUSCODE AUTOMATIONENABLED | USERDATA null | RAWMESSAGE UST1LVS111060027052026163523????????01???????001
2026-05-27 16:35:26.359 INFO  o.c.TcpClientConfig$$SpringCGLIB$$0 - <tcpclient><recv> LVS1UST1AA060027052026163523????????01???????001
2026-05-27 16:38:22.535 INFO  o.c.ApplicationCloseListener - <tcpserver><info> ApplicationContextClosedEvent detected
2026-05-27 16:38:22.537 INFO  org.code_studio.BarcodeConfig - <tcpserver><info> Barcode communication - COM port closed: COM3
2026-05-27 16:38:22.537 INFO  o.c.ApplicationCloseListener - <tcpserver><info> Waiting for 3000 msec to receive DAYEND confirmation from CRANE, and then close the TCP connection.
2026-05-27 16:38:25.549 INFO  o.c.TcpServerConfig$$SpringCGLIB$$0 - <tcpclient><info> Connection closed: 127.0.0.1:18196:56514:f2835b1c-c864-4356-90b9-15defba97ced
2026-05-27 16:38:25.559 INFO  o.c.TcpServerConfig$$SpringCGLIB$$0 - <tcpserver><info> Connection closed: 127.0.0.1:56514:18196:1364538d-d3dc-429e-9b59-acd1bc7e74e0
2026-05-27 16:38:38.252 INFO  o.code_studio.ComPortSchedulerTask - <tcpserver><info> Trying to open COM port for Barcode communication
2026-05-27 16:38:38.399 INFO  o.c.WebSocketServerConfig$$SpringCGLIB$$0 - <wsserver><info> Created WS channel: /app/topic
2026-05-27 16:38:38.549 INFO  o.c.TcpServerConfig$$SpringCGLIB$$0 - <tcpserver><info> TCP server started on port: 18196
2026-05-27 16:38:38.555 INFO  o.c.TcpClientConfig$$SpringCGLIB$$0 - <tcpclient><info> TCP client has been created for server: localhost:18196
2026-05-27 16:38:38.632 INFO  o.c.WebSocketServerConfig$$SpringCGLIB$$0 - <wsserver><info> Created WS server on endpoint: /ws
2026-05-27 16:38:39.451 INFO  o.c.TcpServerConfig$$SpringCGLIB$$0 - <tcpclient><info> Connection established: 127.0.0.1:18196:56595:e59eb610-1e58-475c-954e-b4c464f7146e
2026-05-27 16:38:39.451 INFO  o.c.TcpServerConfig$$SpringCGLIB$$0 - <tcpserver><info> Connection established: 127.0.0.1:56595:18196:6d2f847f-97a2-4ea1-a6ad-a254e5534216
2026-05-27 16:38:39.453 INFO  o.c.CraneClientConnectedListener - <tcpsvr><info> CraneClientConnectedEvent detected
2026-05-27 16:38:39.498 WARN  o.c.ApplicationReadyListener - <tcpsvr><info> Message Flow Automation Debug is ENABLED
2026-05-27 16:38:39.503 INFO  o.c.controller.TcpMessageController - <tcpclient><send> LVS1UST1DA070027052026163839????????01???????001
2026-05-27 16:38:39.517 INFO  o.c.CraneClientConnectedListener - <tcpclient><send> DAYSTART message sent to Crane server
2026-05-27 16:38:39.532 INFO  o.c.TcpServerConfig$$SpringCGLIB$$0 - <tcpserver><recv> LVS1UST1DA070027052026163839????????01???????001
2026-05-27 16:38:39.551 WARN  o.c.m.IncomingMessageProcessor - MessageProcessor::handleError->StatusCode.STATUSUNKNOWN
2026-05-27 16:38:39.554 INFO  o.c.m.IncomingMessageProcessor - SENDER LVS1 | RECEIVER UST1 | MESSAGETYPE DAYSTART | ORDINAL 7 | ERRORCODE OK | SOURCE 27052026 | TARGET 163839 | REPORTPOINT RPUNKNOWN | LETYPE LEUNKNOWN | STATUSCODE AUTOMATIONENABLED | USERDATA null | RAWMESSAGE LVS1UST1DA070027052026163839????????01???????001
2026-05-27 16:38:40.836 INFO  o.code_studio.ComPortSchedulerTask - <tcpserver><info> Barcode communication enabled. COM port open: COM3
2026-05-27 16:38:42.571 INFO  o.c.controller.TcpMessageController - <tcpclient><send> UST1LVS111080027052026163839????????01???????001
2026-05-27 16:38:42.573 INFO  o.c.TcpClientConfig$$SpringCGLIB$$0 - <tcpclient><recv> LVS1UST1DA070027052026163839????????01???????001
2026-05-27 16:38:42.574 INFO  o.c.TcpServerConfig$$SpringCGLIB$$0 - <tcpserver><recv> UST1LVS111080027052026163839????????01???????001
2026-05-27 16:38:42.574 WARN  o.c.m.IncomingMessageProcessor - MessageProcessor::handleError->StatusCode.STATUSUNKNOWN
2026-05-27 16:38:42.575 INFO  o.c.m.IncomingMessageProcessor - SENDER UST1 | RECEIVER LVS1 | MESSAGETYPE DAYSTART | ORDINAL 8 | ERRORCODE OK | SOURCE 27052026 | TARGET 163842 | REPORTPOINT RPUNKNOWN | LETYPE LEUNKNOWN | STATUSCODE AUTOMATIONENABLED | USERDATA null | RAWMESSAGE UST1LVS111080027052026163839????????01???????001
2026-05-27 16:38:42.577 INFO  o.c.TcpClientConfig$$SpringCGLIB$$0 - <tcpclient><recv> LVS1UST1AA080027052026163839????????01???????001
2026-05-27 16:40:19.375 INFO  o.c.ApplicationCloseListener - <tcpserver><info> ApplicationContextClosedEvent detected
2026-05-27 16:40:19.378 INFO  org.code_studio.BarcodeConfig - <tcpserver><info> Barcode communication - COM port closed: COM3
2026-05-27 16:40:19.379 INFO  o.c.ApplicationCloseListener - <tcpserver><info> Waiting for 3000 msec to receive DAYEND confirmation from CRANE, and then close the TCP connection.
2026-05-27 16:40:22.392 INFO  o.c.TcpServerConfig$$SpringCGLIB$$0 - <tcpclient><info> Connection closed: 127.0.0.1:18196:56595:e59eb610-1e58-475c-954e-b4c464f7146e
2026-05-27 16:40:22.397 INFO  o.c.TcpServerConfig$$SpringCGLIB$$0 - <tcpserver><info> Connection closed: 127.0.0.1:56595:18196:6d2f847f-97a2-4ea1-a6ad-a254e5534216
2026-05-27 16:40:36.710 INFO  o.code_studio.ComPortSchedulerTask - <tcpserver><info> Trying to open COM port for Barcode communication
2026-05-27 16:40:36.835 INFO  o.c.WebSocketServerConfig$$SpringCGLIB$$0 - <wsserver><info> Created WS channel: /app/topic
2026-05-27 16:40:37.029 INFO  o.c.TcpServerConfig$$SpringCGLIB$$0 - <tcpserver><info> TCP server started on port: 18196
2026-05-27 16:40:37.035 INFO  o.c.TcpClientConfig$$SpringCGLIB$$0 - <tcpclient><info> TCP client has been created for server: localhost:18196
2026-05-27 16:40:37.118 INFO  o.c.WebSocketServerConfig$$SpringCGLIB$$0 - <wsserver><info> Created WS server on endpoint: /ws
2026-05-27 16:40:38.198 INFO  o.c.TcpServerConfig$$SpringCGLIB$$0 - <tcpserver><info> Connection established: 127.0.0.1:56684:18196:975d6ac0-30f7-48ea-bac0-ef3132b5741a
2026-05-27 16:40:38.198 INFO  o.c.TcpServerConfig$$SpringCGLIB$$0 - <tcpclient><info> Connection established: 127.0.0.1:18196:56684:40b65284-5911-48fc-8be0-7cade79047f6
2026-05-27 16:40:38.203 INFO  o.c.CraneClientConnectedListener - <tcpsvr><info> CraneClientConnectedEvent detected
2026-05-27 16:40:38.256 WARN  o.c.ApplicationReadyListener - <tcpsvr><info> Message Flow Automation Debug is ENABLED
2026-05-27 16:40:38.266 INFO  o.c.controller.TcpMessageController - <tcpclient><send> LVS1UST1DA090027052026164038????????01???????001
2026-05-27 16:40:38.274 INFO  o.code_studio.ComPortSchedulerTask - <tcpserver><info> Barcode communication enabled. COM port open: COM3
2026-05-27 16:40:38.287 INFO  o.c.CraneClientConnectedListener - <tcpclient><send> DAYSTART message sent to Crane server
2026-05-27 16:40:38.312 INFO  o.c.TcpServerConfig$$SpringCGLIB$$0 - <tcpserver><recv> LVS1UST1DA090027052026164038????????01???????001
2026-05-27 16:40:38.348 WARN  o.c.m.IncomingMessageProcessor - MessageProcessor::handleError->StatusCode.STATUSUNKNOWN
2026-05-27 16:40:38.378 INFO  o.c.m.IncomingMessageProcessor - SENDER LVS1 | RECEIVER UST1 | MESSAGETYPE DAYSTART | ORDINAL 9 | ERRORCODE OK | SOURCE 27052026 | TARGET 164038 | REPORTPOINT RPUNKNOWN | LETYPE LEUNKNOWN | STATUSCODE AUTOMATIONENABLED | USERDATA null | RAWMESSAGE LVS1UST1DA090027052026164038????????01???????001
2026-05-27 16:40:41.423 INFO  o.c.controller.TcpMessageController - <tcpclient><send> UST1LVS111100027052026164038????????01???????001
2026-05-27 16:40:41.425 INFO  o.c.TcpClientConfig$$SpringCGLIB$$0 - <tcpclient><recv> LVS1UST1DA090027052026164038????????01???????001
2026-05-27 16:40:41.425 INFO  o.c.TcpServerConfig$$SpringCGLIB$$0 - <tcpserver><recv> UST1LVS111100027052026164038????????01???????001
2026-05-27 16:40:41.426 WARN  o.c.m.IncomingMessageProcessor - MessageProcessor::handleError->StatusCode.STATUSUNKNOWN
2026-05-27 16:40:41.426 INFO  o.c.m.IncomingMessageProcessor - SENDER UST1 | RECEIVER LVS1 | MESSAGETYPE DAYSTART | ORDINAL 10 | ERRORCODE OK | SOURCE 27052026 | TARGET 164041 | REPORTPOINT RPUNKNOWN | LETYPE LEUNKNOWN | STATUSCODE AUTOMATIONENABLED | USERDATA null | RAWMESSAGE UST1LVS111100027052026164038????????01???????001
2026-05-27 16:40:41.428 INFO  o.c.TcpClientConfig$$SpringCGLIB$$0 - <tcpclient><recv> LVS1UST1AA100027052026164038????????01???????001
2026-05-27 16:43:20.204 INFO  o.c.ApplicationCloseListener - <tcpserver><info> ApplicationContextClosedEvent detected
2026-05-27 16:43:20.205 INFO  org.code_studio.BarcodeConfig - <tcpserver><info> Barcode communication - COM port closed: COM3
2026-05-27 16:43:20.206 INFO  o.c.ApplicationCloseListener - <tcpserver><info> Waiting for 3000 msec to receive DAYEND confirmation from CRANE, and then close the TCP connection.
2026-05-27 16:43:23.217 INFO  o.c.TcpServerConfig$$SpringCGLIB$$0 - <tcpclient><info> Connection closed: 127.0.0.1:18196:56684:40b65284-5911-48fc-8be0-7cade79047f6
2026-05-27 16:43:23.220 INFO  o.c.TcpServerConfig$$SpringCGLIB$$0 - <tcpserver><info> Connection closed: 127.0.0.1:56684:18196:975d6ac0-30f7-48ea-bac0-ef3132b5741a
2026-05-27 16:43:32.849 INFO  o.code_studio.ComPortSchedulerTask - <tcpserver><info> Trying to open COM port for Barcode communication
2026-05-27 16:43:32.998 INFO  o.c.WebSocketServerConfig$$SpringCGLIB$$0 - <wsserver><info> Created WS channel: /app/topic
2026-05-27 16:43:33.166 INFO  o.c.TcpServerConfig$$SpringCGLIB$$0 - <tcpserver><info> TCP server started on port: 18196
2026-05-27 16:43:33.175 INFO  o.c.TcpClientConfig$$SpringCGLIB$$0 - <tcpclient><info> TCP client has been created for server: localhost:18196
2026-05-27 16:43:33.266 INFO  o.c.WebSocketServerConfig$$SpringCGLIB$$0 - <wsserver><info> Created WS server on endpoint: /ws
2026-05-27 16:43:34.072 INFO  o.code_studio.ComPortSchedulerTask - <tcpserver><info> Barcode communication enabled. COM port open: COM3
2026-05-27 16:43:34.407 INFO  o.c.TcpServerConfig$$SpringCGLIB$$0 - <tcpserver><info> Connection established: 127.0.0.1:56760:18196:eaf9bcc1-18bc-4213-a276-5ca6201a4f40
2026-05-27 16:43:34.409 INFO  o.c.CraneClientConnectedListener - <tcpsvr><info> CraneClientConnectedEvent detected
2026-05-27 16:43:34.412 INFO  o.c.TcpServerConfig$$SpringCGLIB$$0 - <tcpclient><info> Connection established: 127.0.0.1:18196:56760:edbe64cd-3879-4d42-916b-5f1de16e7e92
2026-05-27 16:43:34.464 WARN  o.c.ApplicationReadyListener - <tcpsvr><info> Message Flow Automation Debug is ENABLED
2026-05-27 16:43:34.505 INFO  o.c.controller.TcpMessageController - <tcpclient><send> LVS1UST1DA110027052026164334????????01???????001
2026-05-27 16:43:34.528 INFO  o.c.CraneClientConnectedListener - <tcpclient><send> DAYSTART message sent to Crane server
2026-05-27 16:43:34.558 INFO  o.c.TcpServerConfig$$SpringCGLIB$$0 - <tcpserver><recv> LVS1UST1DA110027052026164334????????01???????001
2026-05-27 16:43:34.622 WARN  o.c.m.IncomingMessageProcessor - MessageProcessor::handleError->StatusCode.STATUSUNKNOWN
2026-05-27 16:43:34.627 INFO  o.c.m.IncomingMessageProcessor - SENDER LVS1 | RECEIVER UST1 | MESSAGETYPE DAYSTART | ORDINAL 11 | ERRORCODE OK | SOURCE 27052026 | TARGET 164334 | REPORTPOINT RPUNKNOWN | LETYPE LEUNKNOWN | STATUSCODE AUTOMATIONENABLED | USERDATA null | RAWMESSAGE LVS1UST1DA110027052026164334????????01???????001
2026-05-27 16:43:37.652 INFO  o.c.controller.TcpMessageController - <tcpclient><send> UST1LVS111120027052026164334????????01???????001
2026-05-27 16:43:37.655 INFO  o.c.TcpClientConfig$$SpringCGLIB$$0 - <tcpclient><recv> LVS1UST1DA110027052026164334????????01???????001
2026-05-27 16:43:37.656 INFO  o.c.TcpServerConfig$$SpringCGLIB$$0 - <tcpserver><recv> UST1LVS111120027052026164334????????01???????001
2026-05-27 16:43:37.656 WARN  o.c.m.IncomingMessageProcessor - MessageProcessor::handleError->StatusCode.STATUSUNKNOWN
2026-05-27 16:43:37.657 INFO  o.c.m.IncomingMessageProcessor - SENDER UST1 | RECEIVER LVS1 | MESSAGETYPE DAYSTART | ORDINAL 12 | ERRORCODE OK | SOURCE 27052026 | TARGET 164337 | REPORTPOINT RPUNKNOWN | LETYPE LEUNKNOWN | STATUSCODE AUTOMATIONENABLED | USERDATA null | RAWMESSAGE UST1LVS111120027052026164334????????01???????001
2026-05-27 16:43:37.659 INFO  o.c.TcpClientConfig$$SpringCGLIB$$0 - <tcpclient><recv> LVS1UST1AA120027052026164334????????01???????001
2026-05-27 16:44:07.533 INFO  o.c.ApplicationCloseListener - <tcpserver><info> ApplicationContextClosedEvent detected
2026-05-27 16:44:07.535 INFO  org.code_studio.BarcodeConfig - <tcpserver><info> Barcode communication - COM port closed: COM3
2026-05-27 16:44:07.535 INFO  o.c.ApplicationCloseListener - <tcpserver><info> Waiting for 3000 msec to receive DAYEND confirmation from CRANE, and then close the TCP connection.
2026-05-27 16:44:10.546 INFO  o.c.TcpServerConfig$$SpringCGLIB$$0 - <tcpclient><info> Connection closed: 127.0.0.1:18196:56760:edbe64cd-3879-4d42-916b-5f1de16e7e92
2026-05-27 16:44:10.552 INFO  o.c.TcpServerConfig$$SpringCGLIB$$0 - <tcpserver><info> Connection closed: 127.0.0.1:56760:18196:eaf9bcc1-18bc-4213-a276-5ca6201a4f40
2026-05-27 16:44:21.565 INFO  o.code_studio.ComPortSchedulerTask - <tcpserver><info> Trying to open COM port for Barcode communication
2026-05-27 16:44:21.721 INFO  o.c.WebSocketServerConfig$$SpringCGLIB$$0 - <wsserver><info> Created WS channel: /app/topic
2026-05-27 16:44:21.922 INFO  o.c.TcpServerConfig$$SpringCGLIB$$0 - <tcpserver><info> TCP server started on port: 18196
2026-05-27 16:44:21.930 INFO  o.c.TcpClientConfig$$SpringCGLIB$$0 - <tcpclient><info> TCP client has been created for server: localhost:18196
2026-05-27 16:44:22.017 INFO  o.c.WebSocketServerConfig$$SpringCGLIB$$0 - <wsserver><info> Created WS server on endpoint: /ws
2026-05-27 16:44:22.645 INFO  o.code_studio.ComPortSchedulerTask - <tcpserver><info> Barcode communication enabled. COM port open: COM3
2026-05-27 16:44:23.107 INFO  o.c.TcpServerConfig$$SpringCGLIB$$0 - <tcpclient><info> Connection established: 127.0.0.1:18196:56802:fd1cf907-a7d3-444d-88da-d4884f0e7e92
2026-05-27 16:44:23.109 INFO  o.c.TcpServerConfig$$SpringCGLIB$$0 - <tcpserver><info> Connection established: 127.0.0.1:56802:18196:91c82999-7eb0-45d7-8a57-796ee45ca3fa
2026-05-27 16:44:23.110 INFO  o.c.CraneClientConnectedListener - <tcpsvr><info> CraneClientConnectedEvent detected
2026-05-27 16:44:23.150 WARN  o.c.ApplicationReadyListener - <tcpsvr><info> Message Flow Automation Debug is ENABLED
2026-05-27 16:44:23.160 INFO  o.c.controller.TcpMessageController - <tcpclient><send> LVS1UST1DA130027052026164423????????01???????001
2026-05-27 16:44:23.171 INFO  o.c.CraneClientConnectedListener - <tcpclient><send> DAYSTART message sent to Crane server
2026-05-27 16:44:23.183 INFO  o.c.TcpServerConfig$$SpringCGLIB$$0 - <tcpserver><recv> LVS1UST1DA130027052026164423????????01???????001
2026-05-27 16:44:23.205 WARN  o.c.m.IncomingMessageProcessor - MessageProcessor::handleError->StatusCode.STATUSUNKNOWN
2026-05-27 16:44:23.208 INFO  o.c.m.IncomingMessageProcessor - SENDER LVS1 | RECEIVER UST1 | MESSAGETYPE DAYSTART | ORDINAL 13 | ERRORCODE OK | SOURCE 27052026 | TARGET 164423 | REPORTPOINT RPUNKNOWN | LETYPE LEUNKNOWN | STATUSCODE AUTOMATIONENABLED | USERDATA null | RAWMESSAGE LVS1UST1DA130027052026164423????????01???????001
2026-05-27 16:44:26.227 INFO  o.c.controller.TcpMessageController - <tcpclient><send> UST1LVS111140027052026164423????????01???????001
2026-05-27 16:44:26.229 INFO  o.c.TcpServerConfig$$SpringCGLIB$$0 - <tcpserver><recv> UST1LVS111140027052026164423????????01???????001
2026-05-27 16:44:26.229 INFO  o.c.TcpClientConfig$$SpringCGLIB$$0 - <tcpclient><recv> LVS1UST1DA130027052026164423????????01???????001
2026-05-27 16:44:26.230 WARN  o.c.m.IncomingMessageProcessor - MessageProcessor::handleError->StatusCode.STATUSUNKNOWN
2026-05-27 16:44:26.231 INFO  o.c.m.IncomingMessageProcessor - SENDER UST1 | RECEIVER LVS1 | MESSAGETYPE DAYSTART | ORDINAL 14 | ERRORCODE OK | SOURCE 27052026 | TARGET 164426 | REPORTPOINT RPUNKNOWN | LETYPE LEUNKNOWN | STATUSCODE AUTOMATIONENABLED | USERDATA null | RAWMESSAGE UST1LVS111140027052026164423????????01???????001
2026-05-27 16:44:26.234 INFO  o.c.TcpClientConfig$$SpringCGLIB$$0 - <tcpclient><recv> LVS1UST1AA140027052026164423????????01???????001
2026-05-27 16:45:48.302 INFO  o.c.ApplicationCloseListener - <tcpserver><info> ApplicationContextClosedEvent detected
2026-05-27 16:45:48.303 INFO  org.code_studio.BarcodeConfig - <tcpserver><info> Barcode communication - COM port closed: COM3
2026-05-27 16:45:48.304 INFO  o.c.ApplicationCloseListener - <tcpserver><info> Waiting for 3000 msec to receive DAYEND confirmation from CRANE, and then close the TCP connection.
2026-05-27 16:45:51.319 INFO  o.c.TcpServerConfig$$SpringCGLIB$$0 - <tcpclient><info> Connection closed: 127.0.0.1:18196:56802:fd1cf907-a7d3-444d-88da-d4884f0e7e92
2026-05-27 16:45:51.324 INFO  o.c.TcpServerConfig$$SpringCGLIB$$0 - <tcpserver><info> Connection closed: 127.0.0.1:56802:18196:91c82999-7eb0-45d7-8a57-796ee45ca3fa
2026-05-27 16:46:01.760 INFO  o.code_studio.ComPortSchedulerTask - <tcpserver><info> Trying to open COM port for Barcode communication
2026-05-27 16:46:01.925 INFO  o.c.WebSocketServerConfig$$SpringCGLIB$$0 - <wsserver><info> Created WS channel: /app/topic
2026-05-27 16:46:02.081 INFO  o.c.TcpServerConfig$$SpringCGLIB$$0 - <tcpserver><info> TCP server started on port: 18196
2026-05-27 16:46:02.092 INFO  o.c.TcpClientConfig$$SpringCGLIB$$0 - <tcpclient><info> TCP client has been created for server: localhost:18196
2026-05-27 16:46:02.205 INFO  o.c.WebSocketServerConfig$$SpringCGLIB$$0 - <wsserver><info> Created WS server on endpoint: /ws
2026-05-27 16:46:02.413 INFO  o.code_studio.ComPortSchedulerTask - <tcpserver><info> Barcode communication enabled. COM port open: COM3
2026-05-27 16:46:03.339 INFO  o.c.TcpServerConfig$$SpringCGLIB$$0 - <tcpclient><info> Connection established: 127.0.0.1:18196:56849:aeb03071-f849-4c08-bd92-f36915abbbae
2026-05-27 16:46:03.339 INFO  o.c.TcpServerConfig$$SpringCGLIB$$0 - <tcpserver><info> Connection established: 127.0.0.1:56849:18196:63c017bc-c4a6-43cb-950d-3f344687df06
2026-05-27 16:46:03.341 INFO  o.c.CraneClientConnectedListener - <tcpsvr><info> CraneClientConnectedEvent detected
2026-05-27 16:46:03.395 INFO  o.c.controller.TcpMessageController - <tcpclient><send> LVS1UST1DA150027052026164603????????01???????001
2026-05-27 16:46:03.400 WARN  o.c.ApplicationReadyListener - <tcpsvr><info> Message Flow Automation Debug is ENABLED
2026-05-27 16:46:03.410 INFO  o.c.CraneClientConnectedListener - <tcpclient><send> DAYSTART message sent to Crane server
2026-05-27 16:46:03.436 INFO  o.c.TcpServerConfig$$SpringCGLIB$$0 - <tcpserver><recv> LVS1UST1DA150027052026164603????????01???????001
2026-05-27 16:46:03.480 WARN  o.c.m.IncomingMessageProcessor - MessageProcessor::handleError->StatusCode.STATUSUNKNOWN
2026-05-27 16:46:03.489 INFO  o.c.m.IncomingMessageProcessor - SENDER LVS1 | RECEIVER UST1 | MESSAGETYPE DAYSTART | ORDINAL 15 | ERRORCODE OK | SOURCE 27052026 | TARGET 164603 | REPORTPOINT RPUNKNOWN | LETYPE LEUNKNOWN | STATUSCODE AUTOMATIONENABLED | USERDATA null | RAWMESSAGE LVS1UST1DA150027052026164603????????01???????001
2026-05-27 16:46:06.526 INFO  o.c.controller.TcpMessageController - <tcpclient><send> UST1LVS111160027052026164603????????01???????001
2026-05-27 16:46:06.529 INFO  o.c.TcpClientConfig$$SpringCGLIB$$0 - <tcpclient><recv> LVS1UST1DA150027052026164603????????01???????001
2026-05-27 16:46:06.530 INFO  o.c.TcpServerConfig$$SpringCGLIB$$0 - <tcpserver><recv> UST1LVS111160027052026164603????????01???????001
2026-05-27 16:46:06.531 WARN  o.c.m.IncomingMessageProcessor - MessageProcessor::handleError->StatusCode.STATUSUNKNOWN
2026-05-27 16:46:06.532 INFO  o.c.m.IncomingMessageProcessor - SENDER UST1 | RECEIVER LVS1 | MESSAGETYPE DAYSTART | ORDINAL 16 | ERRORCODE OK | SOURCE 27052026 | TARGET 164606 | REPORTPOINT RPUNKNOWN | LETYPE LEUNKNOWN | STATUSCODE AUTOMATIONENABLED | USERDATA null | RAWMESSAGE UST1LVS111160027052026164603????????01???????001
2026-05-27 16:46:06.534 INFO  o.c.TcpClientConfig$$SpringCGLIB$$0 - <tcpclient><recv> LVS1UST1AA160027052026164603????????01???????001
2026-05-27 16:46:54.642 INFO  o.c.ApplicationCloseListener - <tcpserver><info> ApplicationContextClosedEvent detected
2026-05-27 16:46:54.643 INFO  org.code_studio.BarcodeConfig - <tcpserver><info> Barcode communication - COM port closed: COM3
2026-05-27 16:46:54.643 INFO  o.c.ApplicationCloseListener - <tcpserver><info> Waiting for 3000 msec to receive DAYEND confirmation from CRANE, and then close the TCP connection.
2026-05-27 16:46:57.672 INFO  o.c.TcpServerConfig$$SpringCGLIB$$0 - <tcpclient><info> Connection closed: 127.0.0.1:18196:56849:aeb03071-f849-4c08-bd92-f36915abbbae
2026-05-27 16:46:57.680 INFO  o.c.TcpServerConfig$$SpringCGLIB$$0 - <tcpserver><info> Connection closed: 127.0.0.1:56849:18196:63c017bc-c4a6-43cb-950d-3f344687df06
2026-05-27 16:47:02.645 INFO  o.code_studio.ComPortSchedulerTask - <tcpserver><info> Trying to open COM port for Barcode communication
2026-05-27 16:47:02.813 INFO  o.c.WebSocketServerConfig$$SpringCGLIB$$0 - <wsserver><info> Created WS channel: /app/topic
2026-05-27 16:47:02.972 INFO  o.c.TcpServerConfig$$SpringCGLIB$$0 - <tcpserver><info> TCP server started on port: 18196
2026-05-27 16:47:02.979 INFO  o.c.TcpClientConfig$$SpringCGLIB$$0 - <tcpclient><info> TCP client has been created for server: localhost:18196
2026-05-27 16:47:03.049 INFO  o.c.WebSocketServerConfig$$SpringCGLIB$$0 - <wsserver><info> Created WS server on endpoint: /ws
2026-05-27 16:47:03.935 INFO  o.code_studio.ComPortSchedulerTask - <tcpserver><info> Barcode communication enabled. COM port open: COM3
2026-05-27 16:47:04.004 INFO  o.c.TcpServerConfig$$SpringCGLIB$$0 - <tcpserver><info> Connection established: 127.0.0.1:56874:18196:36601d00-1f4f-4324-acf1-89273c32fc4f
2026-05-27 16:47:04.007 INFO  o.c.TcpServerConfig$$SpringCGLIB$$0 - <tcpclient><info> Connection established: 127.0.0.1:18196:56874:7780a218-87ad-43b7-b2e0-1c54e3c0e3ea
2026-05-27 16:47:04.007 INFO  o.c.CraneClientConnectedListener - <tcpsvr><info> CraneClientConnectedEvent detected
2026-05-27 16:47:04.060 WARN  o.c.ApplicationReadyListener - <tcpsvr><info> Message Flow Automation Debug is ENABLED
2026-05-27 16:47:04.082 INFO  o.c.controller.TcpMessageController - <tcpclient><send> LVS1UST1DA170027052026164704????????01???????001
2026-05-27 16:47:04.098 INFO  o.c.CraneClientConnectedListener - <tcpclient><send> DAYSTART message sent to Crane server
2026-05-27 16:47:04.114 INFO  o.c.TcpServerConfig$$SpringCGLIB$$0 - <tcpserver><recv> LVS1UST1DA170027052026164704????????01???????001
2026-05-27 16:47:04.134 WARN  o.c.m.IncomingMessageProcessor - MessageProcessor::handleError->StatusCode.STATUSUNKNOWN
2026-05-27 16:47:04.141 INFO  o.c.m.IncomingMessageProcessor - SENDER LVS1 | RECEIVER UST1 | MESSAGETYPE DAYSTART | ORDINAL 17 | ERRORCODE OK | SOURCE 27052026 | TARGET 164704 | REPORTPOINT RPUNKNOWN | LETYPE LEUNKNOWN | STATUSCODE AUTOMATIONENABLED | USERDATA null | RAWMESSAGE LVS1UST1DA170027052026164704????????01???????001
2026-05-27 16:47:07.160 INFO  o.c.controller.TcpMessageController - <tcpclient><send> UST1LVS111180027052026164704????????01???????001
2026-05-27 16:47:07.162 INFO  o.c.TcpClientConfig$$SpringCGLIB$$0 - <tcpclient><recv> LVS1UST1DA170027052026164704????????01???????001
2026-05-27 16:47:07.163 INFO  o.c.TcpServerConfig$$SpringCGLIB$$0 - <tcpserver><recv> UST1LVS111180027052026164704????????01???????001
2026-05-27 16:47:07.164 WARN  o.c.m.IncomingMessageProcessor - MessageProcessor::handleError->StatusCode.STATUSUNKNOWN
2026-05-27 16:47:07.164 INFO  o.c.m.IncomingMessageProcessor - SENDER UST1 | RECEIVER LVS1 | MESSAGETYPE DAYSTART | ORDINAL 18 | ERRORCODE OK | SOURCE 27052026 | TARGET 164707 | REPORTPOINT RPUNKNOWN | LETYPE LEUNKNOWN | STATUSCODE AUTOMATIONENABLED | USERDATA null | RAWMESSAGE UST1LVS111180027052026164704????????01???????001
2026-05-27 16:47:07.168 INFO  o.c.TcpClientConfig$$SpringCGLIB$$0 - <tcpclient><recv> LVS1UST1AA180027052026164704????????01???????001
2026-05-27 20:39:44.976 INFO  o.c.ApplicationCloseListener - <tcpserver><info> ApplicationContextClosedEvent detected
2026-05-27 20:39:45.054 INFO  org.code_studio.BarcodeConfig - <tcpserver><info> Barcode communication - COM port closed: COM3
2026-05-27 20:39:45.061 INFO  o.c.ApplicationCloseListener - <tcpserver><info> Waiting for 3000 msec to receive DAYEND confirmation from CRANE, and then close the TCP connection.
2026-05-27 20:39:48.397 INFO  o.c.TcpServerConfig$$SpringCGLIB$$0 - <tcpclient><info> Connection closed: 127.0.0.1:18196:56874:7780a218-87ad-43b7-b2e0-1c54e3c0e3ea
2026-05-27 20:39:48.431 INFO  o.c.TcpServerConfig$$SpringCGLIB$$0 - <tcpserver><info> Connection closed: 127.0.0.1:56874:18196:36601d00-1f4f-4324-acf1-89273c32fc4f
2026-05-27 21:04:11.560 INFO  o.code_studio.ComPortSchedulerTask - <tcpserver><info> Trying to open COM port for Barcode communication
2026-05-27 21:04:11.706 INFO  o.c.WebSocketServerConfig$$SpringCGLIB$$0 - <wsserver><info> Created WS channel: /app/topic
2026-05-27 21:04:11.888 INFO  o.c.TcpServerConfig$$SpringCGLIB$$0 - <tcpserver><info> TCP server started on port: 18196
2026-05-27 21:04:11.897 INFO  o.c.TcpClientConfig$$SpringCGLIB$$0 - <tcpclient><info> TCP client has been created for server: localhost:18196
2026-05-27 21:04:11.970 INFO  o.c.WebSocketServerConfig$$SpringCGLIB$$0 - <wsserver><info> Created WS server on endpoint: /ws
2026-05-27 21:04:12.878 INFO  o.c.TcpServerConfig$$SpringCGLIB$$0 - <tcpserver><info> Connection established: 127.0.0.1:60328:18196:993d9564-220b-4be0-9839-071c209a712a
2026-05-27 21:04:12.878 INFO  o.c.TcpServerConfig$$SpringCGLIB$$0 - <tcpclient><info> Connection established: 127.0.0.1:18196:60328:b09bc976-d64a-46fe-8e91-bd95c7cb74c6
2026-05-27 21:04:12.879 INFO  o.c.CraneClientConnectedListener - <tcpsvr><info> CraneClientConnectedEvent detected
2026-05-27 21:04:12.927 WARN  o.c.ApplicationReadyListener - <tcpsvr><info> Message Flow Automation Debug is ENABLED
2026-05-27 21:04:12.935 INFO  o.c.controller.TcpMessageController - <tcpclient><send> LVS1UST1DA190027052026210412????????01???????001
2026-05-27 21:04:12.944 INFO  o.c.CraneClientConnectedListener - <tcpclient><send> DAYSTART message sent to Crane server
2026-05-27 21:04:12.960 INFO  o.c.TcpServerConfig$$SpringCGLIB$$0 - <tcpserver><recv> LVS1UST1DA190027052026210412????????01???????001
2026-05-27 21:04:12.982 WARN  o.c.m.IncomingMessageProcessor - MessageProcessor::handleError->StatusCode.STATUSUNKNOWN
2026-05-27 21:04:12.986 INFO  o.c.m.IncomingMessageProcessor - SENDER LVS1 | RECEIVER UST1 | MESSAGETYPE DAYSTART | ORDINAL 19 | ERRORCODE OK | SOURCE 27052026 | TARGET 210412 | REPORTPOINT RPUNKNOWN | LETYPE LEUNKNOWN | STATUSCODE AUTOMATIONENABLED | USERDATA null | RAWMESSAGE LVS1UST1DA190027052026210412????????01???????001
2026-05-27 21:04:13.275 INFO  o.code_studio.ComPortSchedulerTask - <tcpserver><info> Barcode communication enabled. COM port open: COM3
2026-05-27 21:04:16.019 INFO  o.c.controller.TcpMessageController - <tcpclient><send> UST1LVS111200027052026210412????????01???????001
2026-05-27 21:04:16.025 INFO  o.c.TcpClientConfig$$SpringCGLIB$$0 - <tcpclient><recv> LVS1UST1DA190027052026210412????????01???????001
2026-05-27 21:04:16.025 INFO  o.c.TcpServerConfig$$SpringCGLIB$$0 - <tcpserver><recv> UST1LVS111200027052026210412????????01???????001
2026-05-27 21:04:16.027 WARN  o.c.m.IncomingMessageProcessor - MessageProcessor::handleError->StatusCode.STATUSUNKNOWN
2026-05-27 21:04:16.028 INFO  o.c.m.IncomingMessageProcessor - SENDER UST1 | RECEIVER LVS1 | MESSAGETYPE DAYSTART | ORDINAL 20 | ERRORCODE OK | SOURCE 27052026 | TARGET 210416 | REPORTPOINT RPUNKNOWN | LETYPE LEUNKNOWN | STATUSCODE AUTOMATIONENABLED | USERDATA null | RAWMESSAGE UST1LVS111200027052026210412????????01???????001
2026-05-27 21:04:16.033 INFO  o.c.TcpClientConfig$$SpringCGLIB$$0 - <tcpclient><recv> LVS1UST1AA200027052026210412????????01???????001
2026-05-27 21:07:52.732 INFO  o.c.ApplicationCloseListener - <tcpserver><info> ApplicationContextClosedEvent detected
2026-05-27 21:07:52.733 INFO  org.code_studio.BarcodeConfig - <tcpserver><info> Barcode communication - COM port closed: COM3
2026-05-27 21:07:52.734 INFO  o.c.ApplicationCloseListener - <tcpserver><info> Waiting for 3000 msec to receive DAYEND confirmation from CRANE, and then close the TCP connection.
2026-05-27 21:07:55.748 INFO  o.c.TcpServerConfig$$SpringCGLIB$$0 - <tcpclient><info> Connection closed: 127.0.0.1:18196:60328:b09bc976-d64a-46fe-8e91-bd95c7cb74c6
2026-05-27 21:07:55.752 INFO  o.c.TcpServerConfig$$SpringCGLIB$$0 - <tcpserver><info> Connection closed: 127.0.0.1:60328:18196:993d9564-220b-4be0-9839-071c209a712a
2026-05-27 21:08:18.785 INFO  o.code_studio.ComPortSchedulerTask - <tcpserver><info> Trying to open COM port for Barcode communication
2026-05-27 21:08:18.979 INFO  o.c.WebSocketServerConfig$$SpringCGLIB$$0 - <wsserver><info> Created WS channel: /app/topic
2026-05-27 21:08:19.231 INFO  o.c.TcpServerConfig$$SpringCGLIB$$0 - <tcpserver><info> TCP server started on port: 18196
2026-05-27 21:08:19.247 INFO  o.c.TcpClientConfig$$SpringCGLIB$$0 - <tcpclient><info> TCP client has been created for server: localhost:18196
2026-05-27 21:08:19.348 INFO  o.c.WebSocketServerConfig$$SpringCGLIB$$0 - <wsserver><info> Created WS server on endpoint: /ws
2026-05-27 21:08:20.203 INFO  o.code_studio.ComPortSchedulerTask - <tcpserver><info> Barcode communication enabled. COM port open: COM3
2026-05-27 21:08:20.657 ERROR o.s.i.i.t.c.ClientModeConnectionManager - Could not establish connection using bean 'tcpClient'; defined in: 'class path resource [org/code_studio/TcpClientConfig.class]'; from source: 'org.code_studio.TcpClientConfig.tcpClient()', host=localhost, port=18196
java.io.UncheckedIOException: java.net.ConnectException: Connection refused: getsockopt
	at org.springframework.integration.ip.tcp.connection.TcpNetClientConnectionFactory.buildNewConnection(TcpNetClientConnectionFactory.java:70)
	at org.springframework.integration.ip.tcp.connection.AbstractClientConnectionFactory.doObtain(AbstractClientConnectionFactory.java:182)
	at org.springframework.integration.ip.tcp.connection.AbstractClientConnectionFactory.obtainNewConnection(AbstractClientConnectionFactory.java:162)
	at org.springframework.integration.ip.tcp.connection.AbstractClientConnectionFactory.obtainConnection(AbstractClientConnectionFactory.java:130)
	at org.springframework.integration.ip.tcp.connection.AbstractClientConnectionFactory.getConnection(AbstractClientConnectionFactory.java:120)
	at org.springframework.integration.ip.tcp.connection.AbstractClientConnectionFactory.getConnection(AbstractClientConnectionFactory.java:42)
	at org.springframework.integration.ip.tcp.connection.ClientModeConnectionManager.run(ClientModeConnectionManager.java:65)
	at org.springframework.scheduling.support.DelegatingErrorHandlingRunnable.run(DelegatingErrorHandlingRunnable.java:54)
	at java.base/java.util.concurrent.Executors$RunnableAdapter.call(Executors.java:545)
	at java.base/java.util.concurrent.FutureTask.runAndReset(FutureTask.java:369)
	at java.base/java.util.concurrent.ScheduledThreadPoolExecutor$ScheduledFutureTask.run(ScheduledThreadPoolExecutor.java:310)
	at java.base/java.util.concurrent.ThreadPoolExecutor.runWorker(ThreadPoolExecutor.java:1095)
	at java.base/java.util.concurrent.ThreadPoolExecutor$Worker.run(ThreadPoolExecutor.java:619)
	at java.base/java.lang.Thread.run(Thread.java:1447)
Caused by: java.net.ConnectException: Connection refused: getsockopt
	at java.base/sun.nio.ch.Net.pollConnect(Native Method)
	at java.base/sun.nio.ch.Net.pollConnectNow(Net.java:628)
	at java.base/sun.nio.ch.NioSocketImpl.timedFinishConnect(NioSocketImpl.java:533)
	at java.base/sun.nio.ch.NioSocketImpl.connect(NioSocketImpl.java:583)
	at java.base/java.net.SocksSocketImpl.connect(SocksSocketImpl.java:282)
	at java.base/java.net.Socket.connect(Socket.java:665)
	at org.springframework.integration.ip.tcp.connection.TcpNetClientConnectionFactory.createSocket(TcpNetClientConnectionFactory.java:113)
	at org.springframework.integration.ip.tcp.connection.TcpNetClientConnectionFactory.buildNewConnection(TcpNetClientConnectionFactory.java:54)
	... 13 common frames omitted
2026-05-27 21:08:20.655 ERROR o.s.i.i.t.c.ClientModeConnectionManager - Could not establish connection using bean 'tcpClient'; defined in: 'class path resource [org/code_studio/TcpClientConfig.class]'; from source: 'org.code_studio.TcpClientConfig.tcpClient()', host=localhost, port=18196
java.io.UncheckedIOException: java.net.ConnectException: Connection refused: getsockopt
	at org.springframework.integration.ip.tcp.connection.TcpNetClientConnectionFactory.buildNewConnection(TcpNetClientConnectionFactory.java:70)
	at org.springframework.integration.ip.tcp.connection.AbstractClientConnectionFactory.doObtain(AbstractClientConnectionFactory.java:182)
	at org.springframework.integration.ip.tcp.connection.AbstractClientConnectionFactory.obtainNewConnection(AbstractClientConnectionFactory.java:162)
	at org.springframework.integration.ip.tcp.connection.AbstractClientConnectionFactory.obtainConnection(AbstractClientConnectionFactory.java:130)
	at org.springframework.integration.ip.tcp.connection.AbstractClientConnectionFactory.getConnection(AbstractClientConnectionFactory.java:120)
	at org.springframework.integration.ip.tcp.connection.AbstractClientConnectionFactory.getConnection(AbstractClientConnectionFactory.java:42)
	at org.springframework.integration.ip.tcp.connection.ClientModeConnectionManager.run(ClientModeConnectionManager.java:65)
	at org.springframework.scheduling.support.DelegatingErrorHandlingRunnable.run(DelegatingErrorHandlingRunnable.java:54)
	at java.base/java.util.concurrent.Executors$RunnableAdapter.call(Executors.java:545)
	at java.base/java.util.concurrent.FutureTask.runAndReset(FutureTask.java:369)
	at java.base/java.util.concurrent.ScheduledThreadPoolExecutor$ScheduledFutureTask.run(ScheduledThreadPoolExecutor.java:310)
	at java.base/java.util.concurrent.ThreadPoolExecutor.runWorker(ThreadPoolExecutor.java:1095)
	at java.base/java.util.concurrent.ThreadPoolExecutor$Worker.run(ThreadPoolExecutor.java:619)
	at java.base/java.lang.Thread.run(Thread.java:1447)
Caused by: java.net.ConnectException: Connection refused: getsockopt
	at java.base/sun.nio.ch.Net.pollConnect(Native Method)
	at java.base/sun.nio.ch.Net.pollConnectNow(Net.java:628)
	at java.base/sun.nio.ch.NioSocketImpl.timedFinishConnect(NioSocketImpl.java:533)
	at java.base/sun.nio.ch.NioSocketImpl.connect(NioSocketImpl.java:583)
	at java.base/java.net.SocksSocketImpl.connect(SocksSocketImpl.java:282)
	at java.base/java.net.Socket.connect(Socket.java:665)
	at org.springframework.integration.ip.tcp.connection.TcpNetClientConnectionFactory.createSocket(TcpNetClientConnectionFactory.java:113)
	at org.springframework.integration.ip.tcp.connection.TcpNetClientConnectionFactory.buildNewConnection(TcpNetClientConnectionFactory.java:54)
	... 13 common frames omitted
2026-05-27 21:08:20.710 WARN  o.c.ApplicationReadyListener - <tcpsvr><info> Message Flow Automation Debug is ENABLED
2026-05-27 21:08:29.932 INFO  o.code_studio.ComPortSchedulerTask - <tcpserver><info> Trying to open COM port for Barcode communication
2026-05-27 21:08:29.937 ERROR o.code_studio.ComPortSchedulerTask - <tcpserver><err> Barcode communication - Unable to open COM port: COM3. Barcode functionality will be DISABLED until COM port gets connected
2026-05-27 21:08:30.094 INFO  o.c.WebSocketServerConfig$$SpringCGLIB$$0 - <wsserver><info> Created WS channel: /app/topic
2026-05-27 21:08:30.334 INFO  o.c.TcpServerConfig$$SpringCGLIB$$0 - <tcpserver><info> TCP server started on port: 18196
2026-05-27 21:08:30.358 INFO  o.c.TcpClientConfig$$SpringCGLIB$$0 - <tcpclient><info> TCP client has been created for server: localhost:18196
2026-05-27 21:08:30.469 INFO  o.c.WebSocketServerConfig$$SpringCGLIB$$0 - <wsserver><info> Created WS server on endpoint: /ws
2026-05-27 21:08:31.538 ERROR o.s.i.i.t.c.TcpNetServerConnectionFactory - Error on ServerSocket; port = 18196
java.net.BindException: Address already in use: bind
	at java.base/sun.nio.ch.Net.bind0(Native Method)
	at java.base/sun.nio.ch.Net.bind(Net.java:511)
	at java.base/sun.nio.ch.Net.bind(Net.java:500)
	at java.base/sun.nio.ch.NioSocketImpl.bind(NioSocketImpl.java:630)
	at java.base/java.net.ServerSocket.bind(ServerSocket.java:326)
	at java.base/java.net.ServerSocket.<init>(ServerSocket.java:222)
	at java.base/java.net.ServerSocket.<init>(ServerSocket.java:178)
	at java.base/javax.net.DefaultServerSocketFactory.createServerSocket(ServerSocketFactory.java:200)
	at org.springframework.integration.ip.tcp.connection.TcpNetServerConnectionFactory.createServerSocket(TcpNetServerConnectionFactory.java:226)
	at org.springframework.integration.ip.tcp.connection.TcpNetServerConnectionFactory.setupServerSocket(TcpNetServerConnectionFactory.java:143)
	at org.springframework.integration.ip.tcp.connection.TcpNetServerConnectionFactory.run(TcpNetServerConnectionFactory.java:118)
	at java.base/java.util.concurrent.ThreadPoolExecutor.runWorker(ThreadPoolExecutor.java:1095)
	at java.base/java.util.concurrent.ThreadPoolExecutor$Worker.run(ThreadPoolExecutor.java:619)
	at java.base/java.lang.Thread.run(Thread.java:1447)
2026-05-27 21:08:31.559 INFO  o.c.TcpServerConfig$$SpringCGLIB$$0 - <tcpclient><info> Connection established: 127.0.0.1:18196:60575:efc8728a-e2e9-4ffc-bd65-b281b2aac972
2026-05-27 21:08:31.560 INFO  o.c.TcpServerConfig$$SpringCGLIB$$0 - <tcpserver><info> Connection established: 127.0.0.1:60575:18196:07a1f815-9ad0-4dba-be01-050e3f85a959
2026-05-27 21:08:31.562 INFO  o.c.CraneClientConnectedListener - <tcpsvr><info> CraneClientConnectedEvent detected
2026-05-27 21:08:31.566 INFO  o.c.TcpServerConfig$$SpringCGLIB$$0 - <tcpclient><info> Connection closed: 127.0.0.1:18196:60575:efc8728a-e2e9-4ffc-bd65-b281b2aac972
2026-05-27 21:08:31.625 INFO  o.c.controller.TcpMessageController - <tcpclient><send> LVS1UST1DA210027052026210831????????01???????001
2026-05-27 21:08:31.643 INFO  o.c.CraneClientConnectedListener - <tcpclient><send> DAYSTART message sent to Crane server
2026-05-27 21:08:31.645 INFO  o.c.TcpServerConfig$$SpringCGLIB$$0 - <tcpserver><info> Connection established: 127.0.0.1:60576:18196:42e42455-5dc8-4a07-bba4-41aeb0bc8695
2026-05-27 21:08:31.648 INFO  o.c.CraneClientConnectedListener - <tcpsvr><info> CraneClientConnectedEvent detected
2026-05-27 21:08:31.651 ERROR o.s.b.d.LoggingFailureAnalysisReporter - 

***************************
APPLICATION FAILED TO START
***************************

Description:

Web server failed to start. Port 33378 was already in use.

Action:

Identify and stop the process that's listening on port 33378 or configure this application to listen on another port.

2026-05-27 21:08:31.654 INFO  o.c.TcpServerConfig$$SpringCGLIB$$0 - <tcpclient><info> Connection established: 127.0.0.1:18196:60576:6eb38e84-8887-464c-95d7-117bbfd6f979
2026-05-27 21:08:31.655 INFO  o.c.controller.TcpMessageController - <tcpclient><send> LVS1UST1DA220027052026210831????????01???????001
2026-05-27 21:08:31.655 INFO  o.c.CraneClientConnectedListener - <tcpclient><send> DAYSTART message sent to Crane server
2026-05-27 21:08:31.676 INFO  o.c.TcpServerConfig$$SpringCGLIB$$0 - <tcpserver><recv> LVS1UST1DA210027052026210831????????01???????001
2026-05-27 21:08:31.704 WARN  o.c.m.IncomingMessageProcessor - MessageProcessor::handleError->StatusCode.STATUSUNKNOWN
2026-05-27 21:08:31.708 INFO  o.c.m.IncomingMessageProcessor - SENDER LVS1 | RECEIVER UST1 | MESSAGETYPE DAYSTART | ORDINAL 21 | ERRORCODE OK | SOURCE 27052026 | TARGET 210831 | REPORTPOINT RPUNKNOWN | LETYPE LEUNKNOWN | STATUSCODE AUTOMATIONENABLED | USERDATA null | RAWMESSAGE LVS1UST1DA210027052026210831????????01???????001
2026-05-27 21:08:34.734 INFO  o.c.controller.TcpMessageController - <tcpclient><send> UST1LVS111230027052026210831????????01???????001
2026-05-27 21:08:34.738 INFO  o.c.TcpServerConfig$$SpringCGLIB$$0 - <tcpserver><recv> LVS1UST1DA220027052026210831????????01???????001
2026-05-27 21:08:34.739 INFO  o.c.TcpClientConfig$$SpringCGLIB$$0 - <tcpclient><recv> LVS1UST1DA210027052026210831????????01???????001
2026-05-27 21:08:34.740 WARN  o.c.m.IncomingMessageProcessor - MessageProcessor::handleError->StatusCode.STATUSUNKNOWN
2026-05-27 21:08:34.740 INFO  o.c.m.IncomingMessageProcessor - SENDER LVS1 | RECEIVER UST1 | MESSAGETYPE DAYSTART | ORDINAL 22 | ERRORCODE OK | SOURCE 27052026 | TARGET 210834 | REPORTPOINT RPUNKNOWN | LETYPE LEUNKNOWN | STATUSCODE AUTOMATIONENABLED | USERDATA null | RAWMESSAGE LVS1UST1DA220027052026210831????????01???????001
2026-05-27 21:08:37.743 INFO  o.c.controller.TcpMessageController - <tcpclient><send> UST1LVS111240027052026210834????????01???????001
2026-05-27 21:08:37.744 INFO  o.c.TcpClientConfig$$SpringCGLIB$$0 - <tcpclient><recv> LVS1UST1DA220027052026210831????????01???????001
2026-05-27 21:08:37.747 INFO  o.c.TcpServerConfig$$SpringCGLIB$$0 - <tcpserver><recv> UST1LVS111230027052026210831????????01???????001
2026-05-27 21:08:37.747 WARN  o.c.m.IncomingMessageProcessor - MessageProcessor::handleError->StatusCode.STATUSUNKNOWN
2026-05-27 21:08:37.748 INFO  o.c.m.IncomingMessageProcessor - SENDER UST1 | RECEIVER LVS1 | MESSAGETYPE DAYSTART | ORDINAL 23 | ERRORCODE OK | SOURCE 27052026 | TARGET 210837 | REPORTPOINT RPUNKNOWN | LETYPE LEUNKNOWN | STATUSCODE AUTOMATIONENABLED | USERDATA null | RAWMESSAGE UST1LVS111230027052026210831????????01???????001
2026-05-27 21:08:37.751 INFO  o.c.TcpClientConfig$$SpringCGLIB$$0 - <tcpclient><recv> LVS1UST1AA230027052026210831????????01???????001
2026-05-27 21:08:37.753 INFO  o.c.TcpServerConfig$$SpringCGLIB$$0 - <tcpserver><recv> UST1LVS111240027052026210834????????01???????001
2026-05-27 21:08:37.756 WARN  o.c.m.IncomingMessageProcessor - MessageProcessor::handleError->StatusCode.STATUSUNKNOWN
2026-05-27 21:08:37.756 INFO  o.c.m.IncomingMessageProcessor - SENDER UST1 | RECEIVER LVS1 | MESSAGETYPE DAYSTART | ORDINAL 24 | ERRORCODE OK | SOURCE 27052026 | TARGET 210837 | REPORTPOINT RPUNKNOWN | LETYPE LEUNKNOWN | STATUSCODE AUTOMATIONENABLED | USERDATA null | RAWMESSAGE UST1LVS111240027052026210834????????01???????001
2026-05-27 21:08:37.757 INFO  o.c.TcpClientConfig$$SpringCGLIB$$0 - <tcpclient><recv> LVS1UST1AA240027052026210834????????01???????001
2026-05-27 21:15:26.509 INFO  o.c.ApplicationCloseListener - <tcpserver><info> ApplicationContextClosedEvent detected
2026-05-27 21:15:26.516 INFO  org.code_studio.BarcodeConfig - <tcpserver><info> Barcode communication - COM port closed: COM3
2026-05-27 21:15:26.517 INFO  o.c.ApplicationCloseListener - <tcpserver><info> Waiting for 3000 msec to receive DAYEND confirmation from CRANE, and then close the TCP connection.
2026-05-27 21:15:29.542 INFO  o.c.TcpServerConfig$$SpringCGLIB$$0 - <tcpclient><info> Connection closed: 127.0.0.1:18196:60576:6eb38e84-8887-464c-95d7-117bbfd6f979
2026-05-27 21:15:29.549 INFO  o.c.TcpServerConfig$$SpringCGLIB$$0 - <tcpserver><info> Connection closed: 127.0.0.1:60576:18196:42e42455-5dc8-4a07-bba4-41aeb0bc8695
2026-05-27 21:15:29.549 INFO  o.c.TcpServerConfig$$SpringCGLIB$$0 - <tcpserver><info> Connection closed: 127.0.0.1:60575:18196:07a1f815-9ad0-4dba-be01-050e3f85a959
2026-05-27 21:15:46.718 INFO  o.code_studio.ComPortSchedulerTask - <tcpserver><info> Trying to open COM port for Barcode communication
2026-05-27 21:15:46.840 INFO  o.c.WebSocketServerConfig$$SpringCGLIB$$0 - <wsserver><info> Created WS channel: /app/topic
2026-05-27 21:15:46.987 INFO  o.c.TcpServerConfig$$SpringCGLIB$$0 - <tcpserver><info> TCP server started on port: 18196
2026-05-27 21:15:46.993 INFO  o.c.TcpClientConfig$$SpringCGLIB$$0 - <tcpclient><info> TCP client has been created for server: localhost:18196
2026-05-27 21:15:47.059 INFO  o.c.WebSocketServerConfig$$SpringCGLIB$$0 - <wsserver><info> Created WS server on endpoint: /ws
2026-05-27 21:15:47.940 INFO  o.c.TcpServerConfig$$SpringCGLIB$$0 - <tcpserver><info> Connection established: 127.0.0.1:60657:18196:0980d5cf-dd6b-4010-989b-9193c8fb8a62
2026-05-27 21:15:47.940 INFO  o.c.TcpServerConfig$$SpringCGLIB$$0 - <tcpclient><info> Connection established: 127.0.0.1:18196:60657:4268517e-8a0b-4259-a47c-0f706798b6e2
2026-05-27 21:15:47.944 INFO  o.c.CraneClientConnectedListener - <tcpsvr><info> CraneClientConnectedEvent detected
2026-05-27 21:15:48.013 WARN  o.c.ApplicationReadyListener - <tcpsvr><info> Message Flow Automation Debug is ENABLED
2026-05-27 21:15:48.039 INFO  o.c.controller.TcpMessageController - <tcpclient><send> LVS1UST1DA250027052026211548????????01???????001
2026-05-27 21:15:48.055 INFO  o.c.CraneClientConnectedListener - <tcpclient><send> DAYSTART message sent to Crane server
2026-05-27 21:15:48.076 INFO  o.c.TcpServerConfig$$SpringCGLIB$$0 - <tcpserver><recv> LVS1UST1DA250027052026211548????????01???????001
2026-05-27 21:15:48.100 WARN  o.c.m.IncomingMessageProcessor - MessageProcessor::handleError->StatusCode.STATUSUNKNOWN
2026-05-27 21:15:48.105 INFO  o.c.m.IncomingMessageProcessor - SENDER LVS1 | RECEIVER UST1 | MESSAGETYPE DAYSTART | ORDINAL 25 | ERRORCODE OK | SOURCE 27052026 | TARGET 211548 | REPORTPOINT RPUNKNOWN | LETYPE LEUNKNOWN | STATUSCODE AUTOMATIONENABLED | USERDATA null | RAWMESSAGE LVS1UST1DA250027052026211548????????01???????001
2026-05-27 21:15:49.101 INFO  o.code_studio.ComPortSchedulerTask - <tcpserver><info> Barcode communication enabled. COM port open: COM3
2026-05-27 21:15:51.127 INFO  o.c.controller.TcpMessageController - <tcpclient><send> UST1LVS111260027052026211548????????01???????001
2026-05-27 21:15:51.131 INFO  o.c.TcpClientConfig$$SpringCGLIB$$0 - <tcpclient><recv> LVS1UST1DA250027052026211548????????01???????001
2026-05-27 21:15:51.131 INFO  o.c.TcpServerConfig$$SpringCGLIB$$0 - <tcpserver><recv> UST1LVS111260027052026211548????????01???????001
2026-05-27 21:15:51.132 WARN  o.c.m.IncomingMessageProcessor - MessageProcessor::handleError->StatusCode.STATUSUNKNOWN
2026-05-27 21:15:51.132 INFO  o.c.m.IncomingMessageProcessor - SENDER UST1 | RECEIVER LVS1 | MESSAGETYPE DAYSTART | ORDINAL 26 | ERRORCODE OK | SOURCE 27052026 | TARGET 211551 | REPORTPOINT RPUNKNOWN | LETYPE LEUNKNOWN | STATUSCODE AUTOMATIONENABLED | USERDATA null | RAWMESSAGE UST1LVS111260027052026211548????????01???????001
2026-05-27 21:15:51.135 INFO  o.c.TcpClientConfig$$SpringCGLIB$$0 - <tcpclient><recv> LVS1UST1AA260027052026211548????????01???????001
2026-05-27 21:21:40.530 INFO  o.c.ApplicationCloseListener - <tcpserver><info> ApplicationContextClosedEvent detected
2026-05-27 21:21:40.531 INFO  org.code_studio.BarcodeConfig - <tcpserver><info> Barcode communication - COM port closed: COM3
2026-05-27 21:21:40.531 INFO  o.c.ApplicationCloseListener - <tcpserver><info> Waiting for 3000 msec to receive DAYEND confirmation from CRANE, and then close the TCP connection.
2026-05-27 21:21:43.543 INFO  o.c.TcpServerConfig$$SpringCGLIB$$0 - <tcpclient><info> Connection closed: 127.0.0.1:18196:60657:4268517e-8a0b-4259-a47c-0f706798b6e2
2026-05-27 21:21:43.545 INFO  o.c.TcpServerConfig$$SpringCGLIB$$0 - <tcpserver><info> Connection closed: 127.0.0.1:60657:18196:0980d5cf-dd6b-4010-989b-9193c8fb8a62
2026-05-27 21:22:23.442 INFO  o.code_studio.ComPortSchedulerTask - <tcpserver><info> Trying to open COM port for Barcode communication
2026-05-27 21:22:23.595 INFO  o.c.WebSocketServerConfig$$SpringCGLIB$$0 - <wsserver><info> Created WS channel: /app/topic
2026-05-27 21:22:23.753 INFO  o.c.TcpServerConfig$$SpringCGLIB$$0 - <tcpserver><info> TCP server started on port: 18196
2026-05-27 21:22:23.760 INFO  o.c.TcpClientConfig$$SpringCGLIB$$0 - <tcpclient><info> TCP client has been created for server: localhost:18196
2026-05-27 21:22:23.850 INFO  o.c.WebSocketServerConfig$$SpringCGLIB$$0 - <wsserver><info> Created WS server on endpoint: /ws
2026-05-27 21:22:24.765 INFO  o.c.TcpServerConfig$$SpringCGLIB$$0 - <tcpserver><info> Connection established: 127.0.0.1:60738:18196:5b53e160-7ad1-4d5f-8cbf-89421020c087
2026-05-27 21:22:24.765 INFO  o.c.TcpServerConfig$$SpringCGLIB$$0 - <tcpclient><info> Connection established: 127.0.0.1:18196:60738:78d65de4-b860-412f-8ba0-23bc58e3bb5f
2026-05-27 21:22:24.767 INFO  o.c.CraneClientConnectedListener - <tcpsvr><info> CraneClientConnectedEvent detected
2026-05-27 21:22:24.828 WARN  o.c.ApplicationReadyListener - <tcpsvr><info> Message Flow Automation Debug is ENABLED
2026-05-27 21:22:24.830 INFO  o.c.controller.TcpMessageController - <tcpclient><send> LVS1UST1DA270027052026212224????????01???????001
2026-05-27 21:22:24.844 INFO  o.c.CraneClientConnectedListener - <tcpclient><send> DAYSTART message sent to Crane server
2026-05-27 21:22:24.862 INFO  o.c.TcpServerConfig$$SpringCGLIB$$0 - <tcpserver><recv> LVS1UST1DA270027052026212224????????01???????001
2026-05-27 21:22:24.884 WARN  o.c.m.IncomingMessageProcessor - MessageProcessor::handleError->StatusCode.STATUSUNKNOWN
2026-05-27 21:22:24.887 INFO  o.c.m.IncomingMessageProcessor - SENDER LVS1 | RECEIVER UST1 | MESSAGETYPE DAYSTART | ORDINAL 27 | ERRORCODE OK | SOURCE 27052026 | TARGET 212224 | REPORTPOINT RPUNKNOWN | LETYPE LEUNKNOWN | STATUSCODE AUTOMATIONENABLED | USERDATA null | RAWMESSAGE LVS1UST1DA270027052026212224????????01???????001
2026-05-27 21:22:24.953 INFO  o.code_studio.ComPortSchedulerTask - <tcpserver><info> Barcode communication enabled. COM port open: COM3
2026-05-27 21:22:27.912 INFO  o.c.controller.TcpMessageController - <tcpclient><send> UST1LVS111280027052026212224????????01???????001
2026-05-27 21:22:27.915 INFO  o.c.TcpClientConfig$$SpringCGLIB$$0 - <tcpclient><recv> LVS1UST1DA270027052026212224????????01???????001
2026-05-27 21:22:27.915 INFO  o.c.TcpServerConfig$$SpringCGLIB$$0 - <tcpserver><recv> UST1LVS111280027052026212224????????01???????001
2026-05-27 21:22:27.916 WARN  o.c.m.IncomingMessageProcessor - MessageProcessor::handleError->StatusCode.STATUSUNKNOWN
2026-05-27 21:22:27.917 INFO  o.c.m.IncomingMessageProcessor - SENDER UST1 | RECEIVER LVS1 | MESSAGETYPE DAYSTART | ORDINAL 28 | ERRORCODE OK | SOURCE 27052026 | TARGET 212227 | REPORTPOINT RPUNKNOWN | LETYPE LEUNKNOWN | STATUSCODE AUTOMATIONENABLED | USERDATA null | RAWMESSAGE UST1LVS111280027052026212224????????01???????001
2026-05-27 21:22:27.920 INFO  o.c.TcpClientConfig$$SpringCGLIB$$0 - <tcpclient><recv> LVS1UST1AA280027052026212224????????01???????001
2026-05-27 21:38:43.569 INFO  o.c.ApplicationCloseListener - <tcpserver><info> ApplicationContextClosedEvent detected
2026-05-27 21:38:43.585 INFO  org.code_studio.BarcodeConfig - <tcpserver><info> Barcode communication - COM port closed: COM3
2026-05-27 21:38:43.586 INFO  o.c.ApplicationCloseListener - <tcpserver><info> Waiting for 3000 msec to receive DAYEND confirmation from CRANE, and then close the TCP connection.
2026-05-27 21:38:46.658 INFO  o.c.TcpServerConfig$$SpringCGLIB$$0 - <tcpclient><info> Connection closed: 127.0.0.1:18196:60738:78d65de4-b860-412f-8ba0-23bc58e3bb5f
2026-05-27 21:38:46.666 INFO  o.c.TcpServerConfig$$SpringCGLIB$$0 - <tcpserver><info> Connection closed: 127.0.0.1:60738:18196:5b53e160-7ad1-4d5f-8cbf-89421020c087
2026-05-27 21:41:24.163 INFO  o.code_studio.ComPortSchedulerTask - <tcpserver><info> Trying to open COM port for Barcode communication
2026-05-27 21:41:24.301 INFO  o.c.WebSocketServerConfig$$SpringCGLIB$$0 - <wsserver><info> Created WS channel: /app/topic
2026-05-27 21:41:24.511 INFO  o.c.TcpServerConfig$$SpringCGLIB$$0 - <tcpserver><info> TCP server started on port: 18196
2026-05-27 21:41:24.518 INFO  o.c.TcpClientConfig$$SpringCGLIB$$0 - <tcpclient><info> TCP client has been created for server: localhost:18196
2026-05-27 21:41:24.603 INFO  o.c.WebSocketServerConfig$$SpringCGLIB$$0 - <wsserver><info> Created WS server on endpoint: /ws
2026-05-27 21:41:25.526 INFO  o.code_studio.ComPortSchedulerTask - <tcpserver><info> Barcode communication enabled. COM port open: COM3
2026-05-27 21:41:25.612 INFO  o.c.TcpServerConfig$$SpringCGLIB$$0 - <tcpserver><info> Connection established: 127.0.0.1:60960:18196:fb357d08-dd4e-4756-a7d8-60c950054b26
2026-05-27 21:41:25.612 INFO  o.c.TcpServerConfig$$SpringCGLIB$$0 - <tcpclient><info> Connection established: 127.0.0.1:18196:60960:f8afb125-c366-4d34-a5e9-5cffc75f5de8
2026-05-27 21:41:25.613 INFO  o.c.CraneClientConnectedListener - <tcpsvr><info> CraneClientConnectedEvent detected
2026-05-27 21:41:25.659 WARN  o.c.ApplicationReadyListener - <tcpsvr><info> Message Flow Automation Debug is ENABLED
2026-05-27 21:41:25.662 INFO  o.c.controller.TcpMessageController - <tcpclient><send> LVS1UST1DA290027052026214125????????01???????001
2026-05-27 21:41:25.681 INFO  o.c.CraneClientConnectedListener - <tcpclient><send> DAYSTART message sent to Crane server
2026-05-27 21:41:25.715 INFO  o.c.TcpServerConfig$$SpringCGLIB$$0 - <tcpserver><recv> LVS1UST1DA290027052026214125????????01???????001
2026-05-27 21:41:25.738 WARN  o.c.m.IncomingMessageProcessor - MessageProcessor::handleError->StatusCode.STATUSUNKNOWN
2026-05-27 21:41:25.745 INFO  o.c.m.IncomingMessageProcessor - SENDER LVS1 | RECEIVER UST1 | MESSAGETYPE DAYSTART | ORDINAL 29 | ERRORCODE OK | SOURCE 27052026 | TARGET 214125 | REPORTPOINT RPUNKNOWN | LETYPE LEUNKNOWN | STATUSCODE AUTOMATIONENABLED | USERDATA null | RAWMESSAGE LVS1UST1DA290027052026214125????????01???????001
2026-05-27 21:41:28.775 INFO  o.c.controller.TcpMessageController - <tcpclient><send> UST1LVS111300027052026214125????????01???????001
2026-05-27 21:41:28.782 INFO  o.c.TcpClientConfig$$SpringCGLIB$$0 - <tcpclient><recv> LVS1UST1DA290027052026214125????????01???????001
2026-05-27 21:41:28.783 INFO  o.c.TcpServerConfig$$SpringCGLIB$$0 - <tcpserver><recv> UST1LVS111300027052026214125????????01???????001
2026-05-27 21:41:28.789 WARN  o.c.m.IncomingMessageProcessor - MessageProcessor::handleError->StatusCode.STATUSUNKNOWN
2026-05-27 21:41:28.790 INFO  o.c.m.IncomingMessageProcessor - SENDER UST1 | RECEIVER LVS1 | MESSAGETYPE DAYSTART | ORDINAL 30 | ERRORCODE OK | SOURCE 27052026 | TARGET 214128 | REPORTPOINT RPUNKNOWN | LETYPE LEUNKNOWN | STATUSCODE AUTOMATIONENABLED | USERDATA null | RAWMESSAGE UST1LVS111300027052026214125????????01???????001
2026-05-27 21:41:28.794 INFO  o.c.TcpClientConfig$$SpringCGLIB$$0 - <tcpclient><recv> LVS1UST1AA300027052026214125????????01???????001
2026-05-27 21:54:48.610 INFO  o.c.ApplicationCloseListener - <tcpserver><info> ApplicationContextClosedEvent detected
2026-05-27 21:54:48.611 INFO  org.code_studio.BarcodeConfig - <tcpserver><info> Barcode communication - COM port closed: COM3
2026-05-27 21:54:48.612 INFO  o.c.ApplicationCloseListener - <tcpserver><info> Waiting for 3000 msec to receive DAYEND confirmation from CRANE, and then close the TCP connection.
2026-05-27 21:54:51.626 INFO  o.c.TcpServerConfig$$SpringCGLIB$$0 - <tcpclient><info> Connection closed: 127.0.0.1:18196:60960:f8afb125-c366-4d34-a5e9-5cffc75f5de8
2026-05-27 21:54:51.629 INFO  o.c.TcpServerConfig$$SpringCGLIB$$0 - <tcpserver><info> Connection closed: 127.0.0.1:60960:18196:fb357d08-dd4e-4756-a7d8-60c950054b26
2026-05-27 22:09:04.851 INFO  o.code_studio.ComPortSchedulerTask - <tcpserver><info> Trying to open COM port for Barcode communication
2026-05-27 22:09:05.005 INFO  o.c.WebSocketServerConfig$$SpringCGLIB$$0 - <wsserver><info> Created WS channel: /app/topic
2026-05-27 22:09:05.178 INFO  o.c.TcpServerConfig$$SpringCGLIB$$0 - <tcpserver><info> TCP server started on port: 18196
2026-05-27 22:09:05.186 INFO  o.c.TcpClientConfig$$SpringCGLIB$$0 - <tcpclient><info> TCP client has been created for server: localhost:18196
2026-05-27 22:09:05.275 INFO  o.c.WebSocketServerConfig$$SpringCGLIB$$0 - <wsserver><info> Created WS server on endpoint: /ws
2026-05-27 22:09:06.227 INFO  o.c.TcpServerConfig$$SpringCGLIB$$0 - <tcpclient><info> Connection established: 127.0.0.1:18196:61216:3ad1ccbe-1401-401a-b9ad-39d7807eb9e8
2026-05-27 22:09:06.227 INFO  o.c.TcpServerConfig$$SpringCGLIB$$0 - <tcpserver><info> Connection established: 127.0.0.1:61216:18196:2756079c-b2b1-4805-b9c8-69bfe7ab45c9
2026-05-27 22:09:06.229 INFO  o.c.CraneClientConnectedListener - <tcpsvr><info> CraneClientConnectedEvent detected
2026-05-27 22:09:06.285 INFO  o.c.controller.TcpMessageController - <tcpclient><send> LVS1UST1DA310027052026220906????????01???????001
2026-05-27 22:09:06.288 WARN  o.c.ApplicationReadyListener - <tcpsvr><info> Message Flow Automation Debug is ENABLED
2026-05-27 22:09:06.296 INFO  o.c.CraneClientConnectedListener - <tcpclient><send> DAYSTART message sent to Crane server
2026-05-27 22:09:06.313 INFO  o.c.TcpServerConfig$$SpringCGLIB$$0 - <tcpserver><recv> LVS1UST1DA310027052026220906????????01???????001
2026-05-27 22:09:06.333 WARN  o.c.m.IncomingMessageProcessor - MessageProcessor::handleError->StatusCode.STATUSUNKNOWN
2026-05-27 22:09:06.339 INFO  o.c.m.IncomingMessageProcessor - SENDER LVS1 | RECEIVER UST1 | MESSAGETYPE DAYSTART | ORDINAL 31 | ERRORCODE OK | SOURCE 27052026 | TARGET 220906 | REPORTPOINT RPUNKNOWN | LETYPE LEUNKNOWN | STATUSCODE AUTOMATIONENABLED | USERDATA null | RAWMESSAGE LVS1UST1DA310027052026220906????????01???????001
2026-05-27 22:09:07.031 INFO  o.code_studio.ComPortSchedulerTask - <tcpserver><info> Barcode communication enabled. COM port open: COM3
2026-05-27 22:09:09.354 INFO  o.c.controller.TcpMessageController - <tcpclient><send> UST1LVS111320027052026220906????????01???????001
2026-05-27 22:09:09.357 INFO  o.c.TcpClientConfig$$SpringCGLIB$$0 - <tcpclient><recv> LVS1UST1DA310027052026220906????????01???????001
2026-05-27 22:09:09.357 INFO  o.c.TcpServerConfig$$SpringCGLIB$$0 - <tcpserver><recv> UST1LVS111320027052026220906????????01???????001
2026-05-27 22:09:09.358 WARN  o.c.m.IncomingMessageProcessor - MessageProcessor::handleError->StatusCode.STATUSUNKNOWN
2026-05-27 22:09:09.359 INFO  o.c.m.IncomingMessageProcessor - SENDER UST1 | RECEIVER LVS1 | MESSAGETYPE DAYSTART | ORDINAL 32 | ERRORCODE OK | SOURCE 27052026 | TARGET 220909 | REPORTPOINT RPUNKNOWN | LETYPE LEUNKNOWN | STATUSCODE AUTOMATIONENABLED | USERDATA null | RAWMESSAGE UST1LVS111320027052026220906????????01???????001
2026-05-27 22:09:09.361 INFO  o.c.TcpClientConfig$$SpringCGLIB$$0 - <tcpclient><recv> LVS1UST1AA320027052026220906????????01???????001
2026-05-27 22:11:10.912 INFO  o.c.ApplicationCloseListener - <tcpserver><info> ApplicationContextClosedEvent detected
2026-05-27 22:11:10.913 INFO  org.code_studio.BarcodeConfig - <tcpserver><info> Barcode communication - COM port closed: COM3
2026-05-27 22:11:10.914 INFO  o.c.ApplicationCloseListener - <tcpserver><info> Waiting for 3000 msec to receive DAYEND confirmation from CRANE, and then close the TCP connection.
2026-05-27 22:11:13.927 INFO  o.c.TcpServerConfig$$SpringCGLIB$$0 - <tcpclient><info> Connection closed: 127.0.0.1:18196:61216:3ad1ccbe-1401-401a-b9ad-39d7807eb9e8
2026-05-27 22:11:13.930 INFO  o.c.TcpServerConfig$$SpringCGLIB$$0 - <tcpserver><info> Connection closed: 127.0.0.1:61216:18196:2756079c-b2b1-4805-b9c8-69bfe7ab45c9
2026-05-27 22:27:04.555 INFO  o.code_studio.ComPortSchedulerTask - <tcpserver><info> Trying to open COM port for Barcode communication
2026-05-27 22:27:04.724 INFO  o.c.WebSocketServerConfig$$SpringCGLIB$$0 - <wsserver><info> Created WS channel: /app/topic
2026-05-27 22:27:04.892 INFO  o.c.TcpServerConfig$$SpringCGLIB$$0 - <tcpserver><info> TCP server started on port: 18196
2026-05-27 22:27:04.904 INFO  o.c.TcpClientConfig$$SpringCGLIB$$0 - <tcpclient><info> TCP client has been created for server: localhost:18196
2026-05-27 22:27:05.007 INFO  o.c.WebSocketServerConfig$$SpringCGLIB$$0 - <wsserver><info> Created WS server on endpoint: /ws
2026-05-27 22:27:06.056 INFO  o.code_studio.ComPortSchedulerTask - <tcpserver><info> Barcode communication enabled. COM port open: COM3
2026-05-27 22:27:06.102 INFO  o.c.TcpServerConfig$$SpringCGLIB$$0 - <tcpclient><info> Connection established: 127.0.0.1:18196:61384:0c7278da-3bd8-4289-8b05-7a60429e146c
2026-05-27 22:27:06.102 INFO  o.c.TcpServerConfig$$SpringCGLIB$$0 - <tcpserver><info> Connection established: 127.0.0.1:61384:18196:cb3910c2-d922-486b-9d1e-bdf309bc6278
2026-05-27 22:27:06.104 INFO  o.c.CraneClientConnectedListener - <tcpsvr><info> CraneClientConnectedEvent detected
2026-05-27 22:27:06.153 WARN  o.c.ApplicationReadyListener - <tcpsvr><info> Message Flow Automation Debug is ENABLED
2026-05-27 22:27:06.157 INFO  o.c.controller.TcpMessageController - <tcpclient><send> LVS1UST1DA330027052026222706????????01???????001
2026-05-27 22:27:06.172 INFO  o.c.CraneClientConnectedListener - <tcpclient><send> DAYSTART message sent to Crane server
2026-05-27 22:27:06.188 INFO  o.c.TcpServerConfig$$SpringCGLIB$$0 - <tcpserver><recv> LVS1UST1DA330027052026222706????????01???????001
2026-05-27 22:27:06.210 WARN  o.c.m.IncomingMessageProcessor - MessageProcessor::handleError->StatusCode.STATUSUNKNOWN
2026-05-27 22:27:06.252 INFO  o.c.m.IncomingMessageProcessor - SENDER LVS1 | RECEIVER UST1 | MESSAGETYPE DAYSTART | ORDINAL 33 | ERRORCODE OK | SOURCE 27052026 | TARGET 222706 | REPORTPOINT RPUNKNOWN | LETYPE LEUNKNOWN | STATUSCODE AUTOMATIONENABLED | USERDATA null | RAWMESSAGE LVS1UST1DA330027052026222706????????01???????001
2026-05-27 22:27:09.351 INFO  o.c.controller.TcpMessageController - <tcpclient><send> UST1LVS111340027052026222706????????01???????001
2026-05-27 22:27:09.356 INFO  o.c.TcpClientConfig$$SpringCGLIB$$0 - <tcpclient><recv> LVS1UST1DA330027052026222706????????01???????001
2026-05-27 22:27:09.357 INFO  o.c.TcpServerConfig$$SpringCGLIB$$0 - <tcpserver><recv> UST1LVS111340027052026222706????????01???????001
2026-05-27 22:27:09.360 WARN  o.c.m.IncomingMessageProcessor - MessageProcessor::handleError->StatusCode.STATUSUNKNOWN
2026-05-27 22:27:09.360 INFO  o.c.m.IncomingMessageProcessor - SENDER UST1 | RECEIVER LVS1 | MESSAGETYPE DAYSTART | ORDINAL 34 | ERRORCODE OK | SOURCE 27052026 | TARGET 222709 | REPORTPOINT RPUNKNOWN | LETYPE LEUNKNOWN | STATUSCODE AUTOMATIONENABLED | USERDATA null | RAWMESSAGE UST1LVS111340027052026222706????????01???????001
2026-05-27 22:27:09.364 INFO  o.c.TcpClientConfig$$SpringCGLIB$$0 - <tcpclient><recv> LVS1UST1AA340027052026222706????????01???????001
2026-05-27 22:28:21.671 INFO  o.c.ApplicationCloseListener - <tcpserver><info> ApplicationContextClosedEvent detected
2026-05-27 22:28:21.675 INFO  org.code_studio.BarcodeConfig - <tcpserver><info> Barcode communication - COM port closed: COM3
2026-05-27 22:28:21.676 INFO  o.c.ApplicationCloseListener - <tcpserver><info> Waiting for 3000 msec to receive DAYEND confirmation from CRANE, and then close the TCP connection.
2026-05-27 22:28:24.692 INFO  o.c.TcpServerConfig$$SpringCGLIB$$0 - <tcpclient><info> Connection closed: 127.0.0.1:18196:61384:0c7278da-3bd8-4289-8b05-7a60429e146c
2026-05-27 22:28:24.903 INFO  o.c.TcpServerConfig$$SpringCGLIB$$0 - <tcpserver><info> Connection closed: 127.0.0.1:61384:18196:cb3910c2-d922-486b-9d1e-bdf309bc6278
2026-05-27 22:28:51.510 INFO  o.code_studio.ComPortSchedulerTask - <tcpserver><info> Trying to open COM port for Barcode communication
2026-05-27 22:28:51.656 INFO  o.c.WebSocketServerConfig$$SpringCGLIB$$0 - <wsserver><info> Created WS channel: /app/topic
2026-05-27 22:28:51.812 INFO  o.c.TcpServerConfig$$SpringCGLIB$$0 - <tcpserver><info> TCP server started on port: 18196
2026-05-27 22:28:51.824 INFO  o.c.TcpClientConfig$$SpringCGLIB$$0 - <tcpclient><info> TCP client has been created for server: localhost:18196
2026-05-27 22:28:51.956 INFO  o.c.WebSocketServerConfig$$SpringCGLIB$$0 - <wsserver><info> Created WS server on endpoint: /ws
2026-05-27 22:28:52.182 INFO  o.code_studio.ComPortSchedulerTask - <tcpserver><info> Barcode communication enabled. COM port open: COM3
2026-05-27 22:28:53.384 INFO  o.c.TcpServerConfig$$SpringCGLIB$$0 - <tcpserver><info> Connection established: 127.0.0.1:61409:18196:f35ac623-de9f-44a4-9ab3-e4ef9bc9addd
2026-05-27 22:28:53.384 INFO  o.c.TcpServerConfig$$SpringCGLIB$$0 - <tcpclient><info> Connection established: 127.0.0.1:18196:61409:725ce3e7-855e-4ad6-9d6d-3c43bf03dfa4
2026-05-27 22:28:53.387 INFO  o.c.CraneClientConnectedListener - <tcpsvr><info> CraneClientConnectedEvent detected
2026-05-27 22:28:53.434 WARN  o.c.ApplicationReadyListener - <tcpsvr><info> Message Flow Automation Debug is ENABLED
2026-05-27 22:28:53.447 INFO  o.c.controller.TcpMessageController - <tcpclient><send> LVS1UST1DA350027052026222853????????01???????001
2026-05-27 22:28:53.469 INFO  o.c.CraneClientConnectedListener - <tcpclient><send> DAYSTART message sent to Crane server
2026-05-27 22:28:53.493 INFO  o.c.TcpServerConfig$$SpringCGLIB$$0 - <tcpserver><recv> LVS1UST1DA350027052026222853????????01???????001
2026-05-27 22:28:53.528 WARN  o.c.m.IncomingMessageProcessor - MessageProcessor::handleError->StatusCode.STATUSUNKNOWN
2026-05-27 22:28:53.538 INFO  o.c.m.IncomingMessageProcessor - SENDER LVS1 | RECEIVER UST1 | MESSAGETYPE DAYSTART | ORDINAL 35 | ERRORCODE OK | SOURCE 27052026 | TARGET 222853 | REPORTPOINT RPUNKNOWN | LETYPE LEUNKNOWN | STATUSCODE AUTOMATIONENABLED | USERDATA null | RAWMESSAGE LVS1UST1DA350027052026222853????????01???????001
2026-05-27 22:28:56.626 INFO  o.c.controller.TcpMessageController - <tcpclient><send> UST1LVS111360027052026222853????????01???????001
2026-05-27 22:28:56.628 INFO  o.c.TcpClientConfig$$SpringCGLIB$$0 - <tcpclient><recv> LVS1UST1DA350027052026222853????????01???????001
2026-05-27 22:28:56.628 INFO  o.c.TcpServerConfig$$SpringCGLIB$$0 - <tcpserver><recv> UST1LVS111360027052026222853????????01???????001
2026-05-27 22:28:56.631 WARN  o.c.m.IncomingMessageProcessor - MessageProcessor::handleError->StatusCode.STATUSUNKNOWN
2026-05-27 22:28:56.631 INFO  o.c.m.IncomingMessageProcessor - SENDER UST1 | RECEIVER LVS1 | MESSAGETYPE DAYSTART | ORDINAL 36 | ERRORCODE OK | SOURCE 27052026 | TARGET 222856 | REPORTPOINT RPUNKNOWN | LETYPE LEUNKNOWN | STATUSCODE AUTOMATIONENABLED | USERDATA null | RAWMESSAGE UST1LVS111360027052026222853????????01???????001
2026-05-27 22:28:56.633 INFO  o.c.TcpClientConfig$$SpringCGLIB$$0 - <tcpclient><recv> LVS1UST1AA360027052026222853????????01???????001
2026-05-27 22:35:14.338 INFO  o.c.ApplicationCloseListener - <tcpserver><info> ApplicationContextClosedEvent detected
2026-05-27 22:35:14.344 INFO  org.code_studio.BarcodeConfig - <tcpserver><info> Barcode communication - COM port closed: COM3
2026-05-27 22:35:14.344 INFO  o.c.ApplicationCloseListener - <tcpserver><info> Waiting for 3000 msec to receive DAYEND confirmation from CRANE, and then close the TCP connection.
2026-05-27 22:35:17.366 INFO  o.c.TcpServerConfig$$SpringCGLIB$$0 - <tcpclient><info> Connection closed: 127.0.0.1:18196:61409:725ce3e7-855e-4ad6-9d6d-3c43bf03dfa4
2026-05-27 22:35:17.370 INFO  o.c.TcpServerConfig$$SpringCGLIB$$0 - <tcpserver><info> Connection closed: 127.0.0.1:61409:18196:f35ac623-de9f-44a4-9ab3-e4ef9bc9addd
2026-05-27 22:36:21.307 INFO  o.code_studio.ComPortSchedulerTask - <tcpserver><info> Trying to open COM port for Barcode communication
2026-05-27 22:36:21.430 INFO  o.c.WebSocketServerConfig$$SpringCGLIB$$0 - <wsserver><info> Created WS channel: /app/topic
2026-05-27 22:36:21.593 INFO  o.c.TcpServerConfig$$SpringCGLIB$$0 - <tcpserver><info> TCP server started on port: 18196
2026-05-27 22:36:21.599 INFO  o.c.TcpClientConfig$$SpringCGLIB$$0 - <tcpclient><info> TCP client has been created for server: localhost:18196
2026-05-27 22:36:21.668 INFO  o.c.WebSocketServerConfig$$SpringCGLIB$$0 - <wsserver><info> Created WS server on endpoint: /ws
2026-05-27 22:36:22.501 INFO  o.c.TcpServerConfig$$SpringCGLIB$$0 - <tcpclient><info> Connection established: 127.0.0.1:18196:61510:30e414d0-bf5d-43b6-a4d9-8ee851d0e29f
2026-05-27 22:36:22.501 INFO  o.c.TcpServerConfig$$SpringCGLIB$$0 - <tcpserver><info> Connection established: 127.0.0.1:61510:18196:b076f2a2-3a09-4a11-b50d-120f2e7f922f
2026-05-27 22:36:22.503 INFO  o.c.CraneClientConnectedListener - <tcpsvr><info> CraneClientConnectedEvent detected
2026-05-27 22:36:22.545 WARN  o.c.ApplicationReadyListener - <tcpsvr><info> Message Flow Automation Debug is ENABLED
2026-05-27 22:36:22.551 INFO  o.c.controller.TcpMessageController - <tcpclient><send> LVS1UST1DA370027052026223622????????01???????001
2026-05-27 22:36:22.561 INFO  o.c.CraneClientConnectedListener - <tcpclient><send> DAYSTART message sent to Crane server
2026-05-27 22:36:22.573 INFO  o.c.TcpServerConfig$$SpringCGLIB$$0 - <tcpserver><recv> LVS1UST1DA370027052026223622????????01???????001
2026-05-27 22:36:22.594 WARN  o.c.m.IncomingMessageProcessor - MessageProcessor::handleError->StatusCode.STATUSUNKNOWN
2026-05-27 22:36:22.598 INFO  o.c.m.IncomingMessageProcessor - SENDER LVS1 | RECEIVER UST1 | MESSAGETYPE DAYSTART | ORDINAL 37 | ERRORCODE OK | SOURCE 27052026 | TARGET 223622 | REPORTPOINT RPUNKNOWN | LETYPE LEUNKNOWN | STATUSCODE AUTOMATIONENABLED | USERDATA null | RAWMESSAGE LVS1UST1DA370027052026223622????????01???????001
2026-05-27 22:36:22.873 INFO  o.code_studio.ComPortSchedulerTask - <tcpserver><info> Barcode communication enabled. COM port open: COM3
2026-05-27 22:36:25.630 INFO  o.c.controller.TcpMessageController - <tcpclient><send> UST1LVS111380027052026223622????????01???????001
2026-05-27 22:36:25.635 INFO  o.c.TcpClientConfig$$SpringCGLIB$$0 - <tcpclient><recv> LVS1UST1DA370027052026223622????????01???????001
2026-05-27 22:36:25.636 INFO  o.c.TcpServerConfig$$SpringCGLIB$$0 - <tcpserver><recv> UST1LVS111380027052026223622????????01???????001
2026-05-27 22:36:25.640 WARN  o.c.m.IncomingMessageProcessor - MessageProcessor::handleError->StatusCode.STATUSUNKNOWN
2026-05-27 22:36:25.641 INFO  o.c.m.IncomingMessageProcessor - SENDER UST1 | RECEIVER LVS1 | MESSAGETYPE DAYSTART | ORDINAL 38 | ERRORCODE OK | SOURCE 27052026 | TARGET 223625 | REPORTPOINT RPUNKNOWN | LETYPE LEUNKNOWN | STATUSCODE AUTOMATIONENABLED | USERDATA null | RAWMESSAGE UST1LVS111380027052026223622????????01???????001
2026-05-27 22:36:25.643 INFO  o.c.TcpClientConfig$$SpringCGLIB$$0 - <tcpclient><recv> LVS1UST1AA380027052026223622????????01???????001
2026-05-27 22:49:00.858 INFO  o.c.ApplicationCloseListener - <tcpserver><info> ApplicationContextClosedEvent detected
2026-05-27 22:49:00.871 INFO  org.code_studio.BarcodeConfig - <tcpserver><info> Barcode communication - COM port closed: COM3
2026-05-27 22:49:00.872 INFO  o.c.ApplicationCloseListener - <tcpserver><info> Waiting for 3000 msec to receive DAYEND confirmation from CRANE, and then close the TCP connection.
2026-05-27 22:49:04.004 INFO  o.c.TcpServerConfig$$SpringCGLIB$$0 - <tcpclient><info> Connection closed: 127.0.0.1:18196:61510:30e414d0-bf5d-43b6-a4d9-8ee851d0e29f
2026-05-27 22:49:04.016 INFO  o.c.TcpServerConfig$$SpringCGLIB$$0 - <tcpserver><info> Connection closed: 127.0.0.1:61510:18196:b076f2a2-3a09-4a11-b50d-120f2e7f922f
2026-05-27 23:40:28.028 INFO  o.code_studio.ComPortSchedulerTask - <tcpserver><info> Trying to open COM port for Barcode communication
2026-05-27 23:40:28.164 INFO  o.c.WebSocketServerConfig$$SpringCGLIB$$0 - <wsserver><info> Created WS channel: /app/topic
2026-05-27 23:40:28.372 INFO  o.c.TcpServerConfig$$SpringCGLIB$$0 - <tcpserver><info> TCP server started on port: 18196
2026-05-27 23:40:28.379 INFO  o.c.TcpClientConfig$$SpringCGLIB$$0 - <tcpclient><info> TCP client has been created for server: localhost:18196
2026-05-27 23:40:28.462 INFO  o.c.WebSocketServerConfig$$SpringCGLIB$$0 - <wsserver><info> Created WS server on endpoint: /ws
2026-05-27 23:40:29.462 INFO  o.code_studio.ComPortSchedulerTask - <tcpserver><info> Barcode communication enabled. COM port open: COM3
2026-05-27 23:40:29.575 INFO  o.c.TcpServerConfig$$SpringCGLIB$$0 - <tcpserver><info> Connection established: 127.0.0.1:62183:18196:024833fb-e3f8-4657-af3d-8c4d151713a9
2026-05-27 23:40:29.575 INFO  o.c.TcpServerConfig$$SpringCGLIB$$0 - <tcpclient><info> Connection established: 127.0.0.1:18196:62183:e34ac7ae-9106-4c09-98df-07cef0d0df2e
2026-05-27 23:40:29.576 INFO  o.c.CraneClientConnectedListener - <tcpsvr><info> CraneClientConnectedEvent detected
2026-05-27 23:40:29.625 WARN  o.c.ApplicationReadyListener - <tcpsvr><info> Message Flow Automation Debug is ENABLED
2026-05-27 23:40:29.626 INFO  o.c.controller.TcpMessageController - <tcpclient><send> LVS1UST1DA390027052026234029????????01???????001
2026-05-27 23:40:29.639 INFO  o.c.CraneClientConnectedListener - <tcpclient><send> DAYSTART message sent to Crane server
2026-05-27 23:40:29.659 INFO  o.c.TcpServerConfig$$SpringCGLIB$$0 - <tcpserver><recv> LVS1UST1DA390027052026234029????????01???????001
2026-05-27 23:40:29.682 WARN  o.c.m.IncomingMessageProcessor - MessageProcessor::handleError->StatusCode.STATUSUNKNOWN
2026-05-27 23:40:29.687 INFO  o.c.m.IncomingMessageProcessor - SENDER LVS1 | RECEIVER UST1 | MESSAGETYPE DAYSTART | ORDINAL 39 | ERRORCODE OK | SOURCE 27052026 | TARGET 234029 | REPORTPOINT RPUNKNOWN | LETYPE LEUNKNOWN | STATUSCODE AUTOMATIONENABLED | USERDATA null | RAWMESSAGE LVS1UST1DA390027052026234029????????01???????001
2026-05-27 23:40:32.711 INFO  o.c.controller.TcpMessageController - <tcpclient><send> UST1LVS111400027052026234029????????01???????001
2026-05-27 23:40:32.715 INFO  o.c.TcpClientConfig$$SpringCGLIB$$0 - <tcpclient><recv> LVS1UST1DA390027052026234029????????01???????001
2026-05-27 23:40:32.716 INFO  o.c.TcpServerConfig$$SpringCGLIB$$0 - <tcpserver><recv> UST1LVS111400027052026234029????????01???????001
2026-05-27 23:40:32.718 WARN  o.c.m.IncomingMessageProcessor - MessageProcessor::handleError->StatusCode.STATUSUNKNOWN
2026-05-27 23:40:32.718 INFO  o.c.m.IncomingMessageProcessor - SENDER UST1 | RECEIVER LVS1 | MESSAGETYPE DAYSTART | ORDINAL 40 | ERRORCODE OK | SOURCE 27052026 | TARGET 234032 | REPORTPOINT RPUNKNOWN | LETYPE LEUNKNOWN | STATUSCODE AUTOMATIONENABLED | USERDATA null | RAWMESSAGE UST1LVS111400027052026234029????????01???????001
2026-05-27 23:40:32.721 INFO  o.c.TcpClientConfig$$SpringCGLIB$$0 - <tcpclient><recv> LVS1UST1AA400027052026234029????????01???????001
2026-05-27 23:49:34.646 INFO  o.c.ApplicationCloseListener - <tcpserver><info> ApplicationContextClosedEvent detected
2026-05-27 23:49:34.650 INFO  org.code_studio.BarcodeConfig - <tcpserver><info> Barcode communication - COM port closed: COM3
2026-05-27 23:49:34.651 INFO  o.c.ApplicationCloseListener - <tcpserver><info> Waiting for 3000 msec to receive DAYEND confirmation from CRANE, and then close the TCP connection.
2026-05-27 23:49:37.673 INFO  o.c.TcpServerConfig$$SpringCGLIB$$0 - <tcpclient><info> Connection closed: 127.0.0.1:18196:62183:e34ac7ae-9106-4c09-98df-07cef0d0df2e
2026-05-27 23:49:37.678 INFO  o.c.TcpServerConfig$$SpringCGLIB$$0 - <tcpserver><info> Connection closed: 127.0.0.1:62183:18196:024833fb-e3f8-4657-af3d-8c4d151713a9
2026-05-27 23:49:56.411 INFO  o.code_studio.ComPortSchedulerTask - <tcpserver><info> Trying to open COM port for Barcode communication
2026-05-27 23:49:56.531 INFO  o.c.WebSocketServerConfig$$SpringCGLIB$$0 - <wsserver><info> Created WS channel: /app/topic
2026-05-27 23:49:56.671 INFO  o.c.TcpServerConfig$$SpringCGLIB$$0 - <tcpserver><info> TCP server started on port: 18196
2026-05-27 23:49:56.678 INFO  o.c.TcpClientConfig$$SpringCGLIB$$0 - <tcpclient><info> TCP client has been created for server: localhost:18196
2026-05-27 23:49:56.764 INFO  o.c.WebSocketServerConfig$$SpringCGLIB$$0 - <wsserver><info> Created WS server on endpoint: /ws
2026-05-27 23:49:57.528 INFO  o.c.TcpServerConfig$$SpringCGLIB$$0 - <tcpserver><info> Connection established: 127.0.0.1:62292:18196:59cc5c99-7c77-4100-a02a-0f27accaee5e
2026-05-27 23:49:57.528 INFO  o.c.TcpServerConfig$$SpringCGLIB$$0 - <tcpclient><info> Connection established: 127.0.0.1:18196:62292:ae9082be-c87d-4dcf-bb17-7882f022222b
2026-05-27 23:49:57.529 INFO  o.c.CraneClientConnectedListener - <tcpsvr><info> CraneClientConnectedEvent detected
2026-05-27 23:49:57.571 INFO  o.c.controller.TcpMessageController - <tcpclient><send> LVS1UST1DA410027052026234957????????01???????001
2026-05-27 23:49:57.574 WARN  o.c.ApplicationReadyListener - <tcpsvr><info> Message Flow Automation Debug is ENABLED
2026-05-27 23:49:57.581 INFO  o.c.CraneClientConnectedListener - <tcpclient><send> DAYSTART message sent to Crane server
2026-05-27 23:49:57.595 INFO  o.c.TcpServerConfig$$SpringCGLIB$$0 - <tcpserver><recv> LVS1UST1DA410027052026234957????????01???????001
2026-05-27 23:49:57.613 WARN  o.c.m.IncomingMessageProcessor - MessageProcessor::handleError->StatusCode.STATUSUNKNOWN
2026-05-27 23:49:57.616 INFO  o.c.m.IncomingMessageProcessor - SENDER LVS1 | RECEIVER UST1 | MESSAGETYPE DAYSTART | ORDINAL 41 | ERRORCODE OK | SOURCE 27052026 | TARGET 234957 | REPORTPOINT RPUNKNOWN | LETYPE LEUNKNOWN | STATUSCODE AUTOMATIONENABLED | USERDATA null | RAWMESSAGE LVS1UST1DA410027052026234957????????01???????001
2026-05-27 23:49:58.919 INFO  o.code_studio.ComPortSchedulerTask - <tcpserver><info> Barcode communication enabled. COM port open: COM3
2026-05-27 23:50:00.636 INFO  o.c.controller.TcpMessageController - <tcpclient><send> UST1LVS111420027052026234957????????01???????001
2026-05-27 23:50:00.640 INFO  o.c.TcpClientConfig$$SpringCGLIB$$0 - <tcpclient><recv> LVS1UST1DA410027052026234957????????01???????001
2026-05-27 23:50:00.640 INFO  o.c.TcpServerConfig$$SpringCGLIB$$0 - <tcpserver><recv> UST1LVS111420027052026234957????????01???????001
2026-05-27 23:50:00.641 WARN  o.c.m.IncomingMessageProcessor - MessageProcessor::handleError->StatusCode.STATUSUNKNOWN
2026-05-27 23:50:00.641 INFO  o.c.m.IncomingMessageProcessor - SENDER UST1 | RECEIVER LVS1 | MESSAGETYPE DAYSTART | ORDINAL 42 | ERRORCODE OK | SOURCE 27052026 | TARGET 235000 | REPORTPOINT RPUNKNOWN | LETYPE LEUNKNOWN | STATUSCODE AUTOMATIONENABLED | USERDATA null | RAWMESSAGE UST1LVS111420027052026234957????????01???????001
2026-05-27 23:50:00.644 INFO  o.c.TcpClientConfig$$SpringCGLIB$$0 - <tcpclient><recv> LVS1UST1AA420027052026234957????????01???????001
2026-05-27 23:55:09.832 INFO  o.c.ApplicationCloseListener - <tcpserver><info> ApplicationContextClosedEvent detected
2026-05-27 23:55:09.833 INFO  org.code_studio.BarcodeConfig - <tcpserver><info> Barcode communication - COM port closed: COM3
2026-05-27 23:55:09.834 INFO  o.c.ApplicationCloseListener - <tcpserver><info> Waiting for 3000 msec to receive DAYEND confirmation from CRANE, and then close the TCP connection.
2026-05-27 23:55:12.857 INFO  o.c.TcpServerConfig$$SpringCGLIB$$0 - <tcpclient><info> Connection closed: 127.0.0.1:18196:62292:ae9082be-c87d-4dcf-bb17-7882f022222b
2026-05-27 23:55:12.864 INFO  o.c.TcpServerConfig$$SpringCGLIB$$0 - <tcpserver><info> Connection closed: 127.0.0.1:62292:18196:59cc5c99-7c77-4100-a02a-0f27accaee5e
2026-05-27 23:55:21.750 INFO  o.code_studio.ComPortSchedulerTask - <tcpserver><info> Trying to open COM port for Barcode communication
2026-05-27 23:55:21.878 INFO  o.c.WebSocketServerConfig$$SpringCGLIB$$0 - <wsserver><info> Created WS channel: /app/topic
2026-05-27 23:55:22.022 INFO  o.c.TcpServerConfig$$SpringCGLIB$$0 - <tcpserver><info> TCP server started on port: 18196
2026-05-27 23:55:22.028 INFO  o.c.TcpClientConfig$$SpringCGLIB$$0 - <tcpclient><info> TCP client has been created for server: localhost:18196
2026-05-27 23:55:22.088 INFO  o.c.WebSocketServerConfig$$SpringCGLIB$$0 - <wsserver><info> Created WS server on endpoint: /ws
2026-05-27 23:55:22.934 INFO  o.c.TcpServerConfig$$SpringCGLIB$$0 - <tcpserver><info> Connection established: 127.0.0.1:62386:18196:f6c71cad-a688-4799-a886-9ca1825acac6
2026-05-27 23:55:22.935 INFO  o.c.TcpServerConfig$$SpringCGLIB$$0 - <tcpclient><info> Connection established: 127.0.0.1:18196:62386:4adbe855-89c8-4d08-b3c0-808ec4a6deee
2026-05-27 23:55:22.936 INFO  o.c.CraneClientConnectedListener - <tcpsvr><info> CraneClientConnectedEvent detected
2026-05-27 23:55:22.974 WARN  o.c.ApplicationReadyListener - <tcpsvr><info> Message Flow Automation Debug is ENABLED
2026-05-27 23:55:22.977 INFO  o.c.controller.TcpMessageController - <tcpclient><send> LVS1UST1DA430027052026235522????????01???????001
2026-05-27 23:55:22.985 INFO  o.c.CraneClientConnectedListener - <tcpclient><send> DAYSTART message sent to Crane server
2026-05-27 23:55:22.999 INFO  o.c.TcpServerConfig$$SpringCGLIB$$0 - <tcpserver><recv> LVS1UST1DA430027052026235522????????01???????001
2026-05-27 23:55:23.014 WARN  o.c.m.IncomingMessageProcessor - MessageProcessor::handleError->StatusCode.STATUSUNKNOWN
2026-05-27 23:55:23.017 INFO  o.c.m.IncomingMessageProcessor - SENDER LVS1 | RECEIVER UST1 | MESSAGETYPE DAYSTART | ORDINAL 43 | ERRORCODE OK | SOURCE 27052026 | TARGET 235523 | REPORTPOINT RPUNKNOWN | LETYPE LEUNKNOWN | STATUSCODE AUTOMATIONENABLED | USERDATA null | RAWMESSAGE LVS1UST1DA430027052026235522????????01???????001
2026-05-27 23:55:24.015 INFO  o.code_studio.ComPortSchedulerTask - <tcpserver><info> Barcode communication enabled. COM port open: COM3
2026-05-27 23:55:26.038 INFO  o.c.controller.TcpMessageController - <tcpclient><send> UST1LVS111440027052026235523????????01???????001
2026-05-27 23:55:26.047 INFO  o.c.TcpClientConfig$$SpringCGLIB$$0 - <tcpclient><recv> LVS1UST1DA430027052026235522????????01???????001
2026-05-27 23:55:26.048 INFO  o.c.TcpServerConfig$$SpringCGLIB$$0 - <tcpserver><recv> UST1LVS111440027052026235523????????01???????001
2026-05-27 23:55:26.051 WARN  o.c.m.IncomingMessageProcessor - MessageProcessor::handleError->StatusCode.STATUSUNKNOWN
2026-05-27 23:55:26.052 INFO  o.c.m.IncomingMessageProcessor - SENDER UST1 | RECEIVER LVS1 | MESSAGETYPE DAYSTART | ORDINAL 44 | ERRORCODE OK | SOURCE 27052026 | TARGET 235526 | REPORTPOINT RPUNKNOWN | LETYPE LEUNKNOWN | STATUSCODE AUTOMATIONENABLED | USERDATA null | RAWMESSAGE UST1LVS111440027052026235523????????01???????001
2026-05-27 23:55:26.060 INFO  o.c.TcpClientConfig$$SpringCGLIB$$0 - <tcpclient><recv> LVS1UST1AA440027052026235523????????01???????001
2026-05-27 23:58:14.116 INFO  o.c.ApplicationCloseListener - <tcpserver><info> ApplicationContextClosedEvent detected
2026-05-27 23:58:14.117 INFO  org.code_studio.BarcodeConfig - <tcpserver><info> Barcode communication - COM port closed: COM3
2026-05-27 23:58:14.117 INFO  o.c.ApplicationCloseListener - <tcpserver><info> Waiting for 3000 msec to receive DAYEND confirmation from CRANE, and then close the TCP connection.
2026-05-27 23:58:17.136 INFO  o.c.TcpServerConfig$$SpringCGLIB$$0 - <tcpclient><info> Connection closed: 127.0.0.1:18196:62386:4adbe855-89c8-4d08-b3c0-808ec4a6deee
2026-05-27 23:58:17.144 INFO  o.c.TcpServerConfig$$SpringCGLIB$$0 - <tcpserver><info> Connection closed: 127.0.0.1:62386:18196:f6c71cad-a688-4799-a886-9ca1825acac6
