2026-05-21 00:00:13.210 INFO  o.c.ApplicationCloseListener - <tcpserver><info> ApplicationContextClosedEvent detected
2026-05-21 00:00:13.236 INFO  org.code_studio.BarcodeConfig - <tcpserver><info> Barcode communication - COM port closed: COM3
2026-05-21 00:00:13.237 INFO  o.c.ApplicationCloseListener - <tcpserver><info> Waiting for 3000 msec to receive DAYEND confirmation from CRANE, and then close the TCP connection.
2026-05-21 00:00:16.252 INFO  o.c.TcpServerConfig$$SpringCGLIB$$0 - <tcpclient><info> Connection closed: 127.0.0.1:18196:54515:ff6e1ceb-0e4b-4f9a-948c-760113315e86
2026-05-21 00:00:16.256 INFO  o.c.TcpServerConfig$$SpringCGLIB$$0 - <tcpserver><info> Connection closed: 127.0.0.1:54515:18196:9f32eca9-e6cd-4589-ae95-3e567fff6767
2026-05-21 00:00:30.988 INFO  o.code_studio.ComPortSchedulerTask - <tcpserver><info> Trying to open COM port for Barcode communication
2026-05-21 00:00:31.169 INFO  o.c.WebSocketServerConfig$$SpringCGLIB$$0 - <wsserver><info> Created WS channel: /app/topic
2026-05-21 00:00:31.445 INFO  o.c.TcpServerConfig$$SpringCGLIB$$0 - <tcpserver><info> TCP server started on port: 18196
2026-05-21 00:00:31.461 INFO  o.c.TcpClientConfig$$SpringCGLIB$$0 - <tcpclient><info> TCP client has been created for server: localhost:18196
2026-05-21 00:00:31.606 INFO  o.c.WebSocketServerConfig$$SpringCGLIB$$0 - <wsserver><info> Created WS server on endpoint: /ws
2026-05-21 00:00:32.612 INFO  o.code_studio.ComPortSchedulerTask - <tcpserver><info> Barcode communication enabled. COM port open: COM3
2026-05-21 00:00:33.002 INFO  o.c.TcpServerConfig$$SpringCGLIB$$0 - <tcpserver><info> Connection established: 127.0.0.1:54574:18196:53e06cb6-0af3-455a-bfa2-b46d437c21b3
2026-05-21 00:00:33.005 INFO  o.c.CraneClientConnectedListener - <tcpsvr><info> CraneClientConnectedEvent detected
2026-05-21 00:00:33.005 INFO  o.c.TcpServerConfig$$SpringCGLIB$$0 - <tcpclient><info> Connection established: 127.0.0.1:18196:54574:8c3e3ed6-1dc7-494f-9163-d43394ec614a
2026-05-21 00:00:33.077 WARN  o.c.ApplicationReadyListener - <tcpsvr><info> Message Flow Automation Debug is ENABLED
2026-05-21 00:00:33.116 INFO  o.c.controller.TcpMessageController - <tcpclient><send> LVS1UST1DA360021052026000033????????01???????001
2026-05-21 00:00:33.131 INFO  o.c.CraneClientConnectedListener - <tcpclient><send> DAYSTART message sent to Crane server
2026-05-21 00:00:33.156 INFO  o.c.TcpServerConfig$$SpringCGLIB$$0 - <tcpserver><recv> LVS1UST1DA360021052026000033????????01???????001
2026-05-21 00:00:33.195 WARN  o.c.m.IncomingMessageProcessor - MessageProcessor::handleError->StatusCode.STATUSUNKNOWN
2026-05-21 00:00:33.199 INFO  o.c.m.IncomingMessageProcessor - SENDER LVS1 | RECEIVER UST1 | MESSAGETYPE DAYSTART | ORDINAL 36 | ERRORCODE OK | SOURCE 21052026 | TARGET 000033 | REPORTPOINT RPUNKNOWN | LETYPE LEUNKNOWN | STATUSCODE AUTOMATIONENABLED | USERDATA null | RAWMESSAGE LVS1UST1DA360021052026000033????????01???????001
2026-05-21 00:00:36.223 INFO  o.c.controller.TcpMessageController - <tcpclient><send> UST1LVS111370021052026000033????????01???????001
2026-05-21 00:00:36.227 INFO  o.c.TcpClientConfig$$SpringCGLIB$$0 - <tcpclient><recv> LVS1UST1DA360021052026000033????????01???????001
2026-05-21 00:00:36.228 INFO  o.c.TcpServerConfig$$SpringCGLIB$$0 - <tcpserver><recv> UST1LVS111370021052026000033????????01???????001
2026-05-21 00:00:36.230 WARN  o.c.m.IncomingMessageProcessor - MessageProcessor::handleError->StatusCode.STATUSUNKNOWN
2026-05-21 00:00:36.231 INFO  o.c.m.IncomingMessageProcessor - SENDER UST1 | RECEIVER LVS1 | MESSAGETYPE DAYSTART | ORDINAL 37 | ERRORCODE OK | SOURCE 21052026 | TARGET 000036 | REPORTPOINT RPUNKNOWN | LETYPE LEUNKNOWN | STATUSCODE AUTOMATIONENABLED | USERDATA null | RAWMESSAGE UST1LVS111370021052026000033????????01???????001
2026-05-21 00:00:36.233 INFO  o.c.TcpClientConfig$$SpringCGLIB$$0 - <tcpclient><recv> LVS1UST1AA370021052026000033????????01???????001
2026-05-21 00:01:48.538 INFO  o.c.ApplicationCloseListener - <tcpserver><info> ApplicationContextClosedEvent detected
2026-05-21 00:01:48.542 INFO  org.code_studio.BarcodeConfig - <tcpserver><info> Barcode communication - COM port closed: COM3
2026-05-21 00:01:48.543 INFO  o.c.ApplicationCloseListener - <tcpserver><info> Waiting for 3000 msec to receive DAYEND confirmation from CRANE, and then close the TCP connection.
2026-05-21 00:01:51.565 INFO  o.c.TcpServerConfig$$SpringCGLIB$$0 - <tcpclient><info> Connection closed: 127.0.0.1:18196:54574:8c3e3ed6-1dc7-494f-9163-d43394ec614a
2026-05-21 00:01:51.570 INFO  o.c.TcpServerConfig$$SpringCGLIB$$0 - <tcpserver><info> Connection closed: 127.0.0.1:54574:18196:53e06cb6-0af3-455a-bfa2-b46d437c21b3
2026-05-21 00:01:51.570 ERROR o.s.i.i.t.c.TcpNetServerConnectionFactory - Error on ServerSocket; port = 18196
java.net.SocketException: Socket closed
	at java.base/sun.nio.ch.NioSocketImpl.endAccept(NioSocketImpl.java:676)
	at java.base/sun.nio.ch.NioSocketImpl.accept(NioSocketImpl.java:749)
	at java.base/java.net.ServerSocket.implAccept(ServerSocket.java:593)
	at java.base/java.net.ServerSocket.platformImplAccept(ServerSocket.java:560)
	at java.base/java.net.ServerSocket.implAccept(ServerSocket.java:536)
	at java.base/java.net.ServerSocket.implAccept(ServerSocket.java:482)
	at java.base/java.net.ServerSocket.accept(ServerSocket.java:441)
	at org.springframework.integration.ip.tcp.connection.TcpNetServerConnectionFactory.acceptConnectionAndExecute(TcpNetServerConnectionFactory.java:168)
	at org.springframework.integration.ip.tcp.connection.TcpNetServerConnectionFactory.run(TcpNetServerConnectionFactory.java:120)
	at java.base/java.util.concurrent.ThreadPoolExecutor.runWorker(ThreadPoolExecutor.java:1095)
	at java.base/java.util.concurrent.ThreadPoolExecutor$Worker.run(ThreadPoolExecutor.java:619)
	at java.base/java.lang.Thread.run(Thread.java:1447)
2026-05-21 00:02:08.918 INFO  o.code_studio.ComPortSchedulerTask - <tcpserver><info> Trying to open COM port for Barcode communication
2026-05-21 00:02:09.122 INFO  o.c.WebSocketServerConfig$$SpringCGLIB$$0 - <wsserver><info> Created WS channel: /app/topic
2026-05-21 00:02:09.392 INFO  o.c.TcpServerConfig$$SpringCGLIB$$0 - <tcpserver><info> TCP server started on port: 18196
2026-05-21 00:02:09.403 INFO  o.c.TcpClientConfig$$SpringCGLIB$$0 - <tcpclient><info> TCP client has been created for server: localhost:18196
2026-05-21 00:02:09.558 INFO  o.c.WebSocketServerConfig$$SpringCGLIB$$0 - <wsserver><info> Created WS server on endpoint: /ws
2026-05-21 00:02:09.931 INFO  o.code_studio.ComPortSchedulerTask - <tcpserver><info> Barcode communication enabled. COM port open: COM3
2026-05-21 00:02:11.047 INFO  o.c.TcpServerConfig$$SpringCGLIB$$0 - <tcpserver><info> Connection established: 127.0.0.1:54620:18196:e3542ec7-4710-4089-a555-f30fc8570b14
2026-05-21 00:02:11.054 INFO  o.c.CraneClientConnectedListener - <tcpsvr><info> CraneClientConnectedEvent detected
2026-05-21 00:02:11.055 INFO  o.c.TcpServerConfig$$SpringCGLIB$$0 - <tcpclient><info> Connection established: 127.0.0.1:18196:54620:b8384fed-c821-4fb0-b7bd-0db9b27ddd91
2026-05-21 00:02:11.110 WARN  o.c.ApplicationReadyListener - <tcpsvr><info> Message Flow Automation Debug is ENABLED
2026-05-21 00:02:11.122 INFO  o.c.controller.TcpMessageController - <tcpclient><send> LVS1UST1DA380021052026000211????????01???????001
2026-05-21 00:02:11.135 INFO  o.c.CraneClientConnectedListener - <tcpclient><send> DAYSTART message sent to Crane server
2026-05-21 00:02:11.157 INFO  o.c.TcpServerConfig$$SpringCGLIB$$0 - <tcpserver><recv> LVS1UST1DA380021052026000211????????01???????001
2026-05-21 00:02:11.195 WARN  o.c.m.IncomingMessageProcessor - MessageProcessor::handleError->StatusCode.STATUSUNKNOWN
2026-05-21 00:02:11.200 INFO  o.c.m.IncomingMessageProcessor - SENDER LVS1 | RECEIVER UST1 | MESSAGETYPE DAYSTART | ORDINAL 38 | ERRORCODE OK | SOURCE 21052026 | TARGET 000211 | REPORTPOINT RPUNKNOWN | LETYPE LEUNKNOWN | STATUSCODE AUTOMATIONENABLED | USERDATA null | RAWMESSAGE LVS1UST1DA380021052026000211????????01???????001
2026-05-21 00:02:14.224 INFO  o.c.controller.TcpMessageController - <tcpclient><send> UST1LVS111390021052026000211????????01???????001
2026-05-21 00:02:14.229 INFO  o.c.TcpClientConfig$$SpringCGLIB$$0 - <tcpclient><recv> LVS1UST1DA380021052026000211????????01???????001
2026-05-21 00:02:14.229 INFO  o.c.TcpServerConfig$$SpringCGLIB$$0 - <tcpserver><recv> UST1LVS111390021052026000211????????01???????001
2026-05-21 00:02:14.230 WARN  o.c.m.IncomingMessageProcessor - MessageProcessor::handleError->StatusCode.STATUSUNKNOWN
2026-05-21 00:02:14.231 INFO  o.c.m.IncomingMessageProcessor - SENDER UST1 | RECEIVER LVS1 | MESSAGETYPE DAYSTART | ORDINAL 39 | ERRORCODE OK | SOURCE 21052026 | TARGET 000214 | REPORTPOINT RPUNKNOWN | LETYPE LEUNKNOWN | STATUSCODE AUTOMATIONENABLED | USERDATA null | RAWMESSAGE UST1LVS111390021052026000211????????01???????001
2026-05-21 00:02:14.232 INFO  o.c.TcpClientConfig$$SpringCGLIB$$0 - <tcpclient><recv> LVS1UST1AA390021052026000211????????01???????001
2026-05-21 00:03:32.641 INFO  o.c.ApplicationCloseListener - <tcpserver><info> ApplicationContextClosedEvent detected
2026-05-21 00:03:32.646 INFO  org.code_studio.BarcodeConfig - <tcpserver><info> Barcode communication - COM port closed: COM3
2026-05-21 00:03:32.646 INFO  o.c.ApplicationCloseListener - <tcpserver><info> Waiting for 3000 msec to receive DAYEND confirmation from CRANE, and then close the TCP connection.
2026-05-21 00:03:35.659 INFO  o.c.TcpServerConfig$$SpringCGLIB$$0 - <tcpclient><info> Connection closed: 127.0.0.1:18196:54620:b8384fed-c821-4fb0-b7bd-0db9b27ddd91
2026-05-21 00:03:35.664 INFO  o.c.TcpServerConfig$$SpringCGLIB$$0 - <tcpserver><info> Connection closed: 127.0.0.1:54620:18196:e3542ec7-4710-4089-a555-f30fc8570b14
2026-05-21 00:04:14.642 INFO  o.code_studio.ComPortSchedulerTask - <tcpserver><info> Trying to open COM port for Barcode communication
2026-05-21 00:04:14.834 INFO  o.c.WebSocketServerConfig$$SpringCGLIB$$0 - <wsserver><info> Created WS channel: /app/topic
2026-05-21 00:04:15.091 INFO  o.c.TcpServerConfig$$SpringCGLIB$$0 - <tcpserver><info> TCP server started on port: 18196
2026-05-21 00:04:15.101 INFO  o.c.TcpClientConfig$$SpringCGLIB$$0 - <tcpclient><info> TCP client has been created for server: localhost:18196
2026-05-21 00:04:15.220 INFO  o.c.WebSocketServerConfig$$SpringCGLIB$$0 - <wsserver><info> Created WS server on endpoint: /ws
2026-05-21 00:04:15.346 INFO  o.code_studio.ComPortSchedulerTask - <tcpserver><info> Barcode communication enabled. COM port open: COM3
2026-05-21 00:04:16.687 INFO  o.c.TcpServerConfig$$SpringCGLIB$$0 - <tcpserver><info> Connection established: 127.0.0.1:54669:18196:21ed3902-01b9-486d-8ac1-21334cad9d81
2026-05-21 00:04:16.688 INFO  o.c.TcpServerConfig$$SpringCGLIB$$0 - <tcpclient><info> Connection established: 127.0.0.1:18196:54669:88f8e3f4-d976-4b24-aeaf-77e6ee1bf544
2026-05-21 00:04:16.691 INFO  o.c.CraneClientConnectedListener - <tcpsvr><info> CraneClientConnectedEvent detected
2026-05-21 00:04:16.728 WARN  o.c.ApplicationReadyListener - <tcpsvr><info> Message Flow Automation Debug is ENABLED
2026-05-21 00:04:16.777 INFO  o.c.controller.TcpMessageController - <tcpclient><send> LVS1UST1DA400021052026000416????????01???????001
2026-05-21 00:04:16.791 INFO  o.c.CraneClientConnectedListener - <tcpclient><send> DAYSTART message sent to Crane server
2026-05-21 00:04:16.822 INFO  o.c.TcpServerConfig$$SpringCGLIB$$0 - <tcpserver><recv> LVS1UST1DA400021052026000416????????01???????001
2026-05-21 00:04:16.854 WARN  o.c.m.IncomingMessageProcessor - MessageProcessor::handleError->StatusCode.STATUSUNKNOWN
2026-05-21 00:04:16.859 INFO  o.c.m.IncomingMessageProcessor - SENDER LVS1 | RECEIVER UST1 | MESSAGETYPE DAYSTART | ORDINAL 40 | ERRORCODE OK | SOURCE 21052026 | TARGET 000416 | REPORTPOINT RPUNKNOWN | LETYPE LEUNKNOWN | STATUSCODE AUTOMATIONENABLED | USERDATA null | RAWMESSAGE LVS1UST1DA400021052026000416????????01???????001
2026-05-21 00:04:19.880 INFO  o.c.controller.TcpMessageController - <tcpclient><send> UST1LVS111410021052026000416????????01???????001
2026-05-21 00:04:19.884 INFO  o.c.TcpClientConfig$$SpringCGLIB$$0 - <tcpclient><recv> LVS1UST1DA400021052026000416????????01???????001
2026-05-21 00:04:19.887 INFO  o.c.TcpServerConfig$$SpringCGLIB$$0 - <tcpserver><recv> UST1LVS111410021052026000416????????01???????001
2026-05-21 00:04:19.890 WARN  o.c.m.IncomingMessageProcessor - MessageProcessor::handleError->StatusCode.STATUSUNKNOWN
2026-05-21 00:04:19.892 INFO  o.c.m.IncomingMessageProcessor - SENDER UST1 | RECEIVER LVS1 | MESSAGETYPE DAYSTART | ORDINAL 41 | ERRORCODE OK | SOURCE 21052026 | TARGET 000419 | REPORTPOINT RPUNKNOWN | LETYPE LEUNKNOWN | STATUSCODE AUTOMATIONENABLED | USERDATA null | RAWMESSAGE UST1LVS111410021052026000416????????01???????001
2026-05-21 00:04:19.894 INFO  o.c.TcpClientConfig$$SpringCGLIB$$0 - <tcpclient><recv> LVS1UST1AA410021052026000416????????01???????001
2026-05-21 00:07:59.667 INFO  o.c.ApplicationCloseListener - <tcpserver><info> ApplicationContextClosedEvent detected
2026-05-21 00:07:59.697 INFO  org.code_studio.BarcodeConfig - <tcpserver><info> Barcode communication - COM port closed: COM3
2026-05-21 00:07:59.698 INFO  o.c.ApplicationCloseListener - <tcpserver><info> Waiting for 3000 msec to receive DAYEND confirmation from CRANE, and then close the TCP connection.
2026-05-21 00:08:02.818 INFO  o.c.TcpServerConfig$$SpringCGLIB$$0 - <tcpclient><info> Connection closed: 127.0.0.1:18196:54669:88f8e3f4-d976-4b24-aeaf-77e6ee1bf544
2026-05-21 00:08:02.918 INFO  o.c.TcpServerConfig$$SpringCGLIB$$0 - <tcpserver><info> Connection closed: 127.0.0.1:54669:18196:21ed3902-01b9-486d-8ac1-21334cad9d81
2026-05-21 00:08:20.745 INFO  o.code_studio.ComPortSchedulerTask - <tcpserver><info> Trying to open COM port for Barcode communication
2026-05-21 00:08:21.036 INFO  o.c.WebSocketServerConfig$$SpringCGLIB$$0 - <wsserver><info> Created WS channel: /app/topic
2026-05-21 00:08:21.382 INFO  o.c.TcpServerConfig$$SpringCGLIB$$0 - <tcpserver><info> TCP server started on port: 18196
2026-05-21 00:08:21.393 INFO  o.c.TcpClientConfig$$SpringCGLIB$$0 - <tcpclient><info> TCP client has been created for server: localhost:18196
2026-05-21 00:08:21.625 INFO  o.c.WebSocketServerConfig$$SpringCGLIB$$0 - <wsserver><info> Created WS server on endpoint: /ws
2026-05-21 00:08:22.407 INFO  o.code_studio.ComPortSchedulerTask - <tcpserver><info> Barcode communication enabled. COM port open: COM3
2026-05-21 00:08:24.125 INFO  o.c.TcpServerConfig$$SpringCGLIB$$0 - <tcpserver><info> Connection established: 127.0.0.1:54768:18196:ab9e405a-dd18-4a29-9473-fb8be82a471d
2026-05-21 00:08:24.126 INFO  o.c.CraneClientConnectedListener - <tcpsvr><info> CraneClientConnectedEvent detected
2026-05-21 00:08:24.125 INFO  o.c.TcpServerConfig$$SpringCGLIB$$0 - <tcpclient><info> Connection established: 127.0.0.1:18196:54768:649979ed-dfbb-4c49-8194-65741e086ed8
2026-05-21 00:08:24.181 WARN  o.c.ApplicationReadyListener - <tcpsvr><info> Message Flow Automation Debug is ENABLED
2026-05-21 00:08:24.222 INFO  o.c.controller.TcpMessageController - <tcpclient><send> LVS1UST1DA420021052026000824????????01???????001
2026-05-21 00:08:24.236 INFO  o.c.CraneClientConnectedListener - <tcpclient><send> DAYSTART message sent to Crane server
2026-05-21 00:08:24.262 INFO  o.c.TcpServerConfig$$SpringCGLIB$$0 - <tcpserver><recv> LVS1UST1DA420021052026000824????????01???????001
2026-05-21 00:08:24.289 WARN  o.c.m.IncomingMessageProcessor - MessageProcessor::handleError->StatusCode.STATUSUNKNOWN
2026-05-21 00:08:24.294 INFO  o.c.m.IncomingMessageProcessor - SENDER LVS1 | RECEIVER UST1 | MESSAGETYPE DAYSTART | ORDINAL 42 | ERRORCODE OK | SOURCE 21052026 | TARGET 000824 | REPORTPOINT RPUNKNOWN | LETYPE LEUNKNOWN | STATUSCODE AUTOMATIONENABLED | USERDATA null | RAWMESSAGE LVS1UST1DA420021052026000824????????01???????001
2026-05-21 00:08:27.330 INFO  o.c.controller.TcpMessageController - <tcpclient><send> UST1LVS111430021052026000824????????01???????001
2026-05-21 00:08:27.334 INFO  o.c.TcpClientConfig$$SpringCGLIB$$0 - <tcpclient><recv> LVS1UST1DA420021052026000824????????01???????001
2026-05-21 00:08:27.336 INFO  o.c.TcpServerConfig$$SpringCGLIB$$0 - <tcpserver><recv> UST1LVS111430021052026000824????????01???????001
2026-05-21 00:08:27.341 WARN  o.c.m.IncomingMessageProcessor - MessageProcessor::handleError->StatusCode.STATUSUNKNOWN
2026-05-21 00:08:27.342 INFO  o.c.m.IncomingMessageProcessor - SENDER UST1 | RECEIVER LVS1 | MESSAGETYPE DAYSTART | ORDINAL 43 | ERRORCODE OK | SOURCE 21052026 | TARGET 000827 | REPORTPOINT RPUNKNOWN | LETYPE LEUNKNOWN | STATUSCODE AUTOMATIONENABLED | USERDATA null | RAWMESSAGE UST1LVS111430021052026000824????????01???????001
2026-05-21 00:08:27.343 INFO  o.c.TcpClientConfig$$SpringCGLIB$$0 - <tcpclient><recv> LVS1UST1AA430021052026000824????????01???????001
2026-05-21 00:10:47.586 INFO  o.c.ApplicationCloseListener - <tcpserver><info> ApplicationContextClosedEvent detected
2026-05-21 00:10:47.590 INFO  org.code_studio.BarcodeConfig - <tcpserver><info> Barcode communication - COM port closed: COM3
2026-05-21 00:10:47.590 INFO  o.c.ApplicationCloseListener - <tcpserver><info> Waiting for 3000 msec to receive DAYEND confirmation from CRANE, and then close the TCP connection.
2026-05-21 00:10:50.718 INFO  o.c.TcpServerConfig$$SpringCGLIB$$0 - <tcpclient><info> Connection closed: 127.0.0.1:18196:54768:649979ed-dfbb-4c49-8194-65741e086ed8
2026-05-21 00:10:50.747 INFO  o.c.TcpServerConfig$$SpringCGLIB$$0 - <tcpserver><info> Connection closed: 127.0.0.1:54768:18196:ab9e405a-dd18-4a29-9473-fb8be82a471d
2026-05-21 00:11:09.878 INFO  o.code_studio.ComPortSchedulerTask - <tcpserver><info> Trying to open COM port for Barcode communication
2026-05-21 00:11:10.049 INFO  o.c.WebSocketServerConfig$$SpringCGLIB$$0 - <wsserver><info> Created WS channel: /app/topic
2026-05-21 00:11:10.266 INFO  o.c.TcpServerConfig$$SpringCGLIB$$0 - <tcpserver><info> TCP server started on port: 18196
2026-05-21 00:11:10.275 INFO  o.c.TcpClientConfig$$SpringCGLIB$$0 - <tcpclient><info> TCP client has been created for server: localhost:18196
2026-05-21 00:11:10.384 INFO  o.c.WebSocketServerConfig$$SpringCGLIB$$0 - <wsserver><info> Created WS server on endpoint: /ws
2026-05-21 00:11:11.331 INFO  o.code_studio.ComPortSchedulerTask - <tcpserver><info> Barcode communication enabled. COM port open: COM3
2026-05-21 00:11:11.778 INFO  o.c.TcpServerConfig$$SpringCGLIB$$0 - <tcpclient><info> Connection established: 127.0.0.1:18196:54837:ec4ead66-4807-459e-867b-045c9d9ad81a
2026-05-21 00:11:11.780 INFO  o.c.TcpServerConfig$$SpringCGLIB$$0 - <tcpserver><info> Connection established: 127.0.0.1:54837:18196:4fd0645b-bf36-4efc-aa6d-0e7032661fd4
2026-05-21 00:11:11.782 INFO  o.c.CraneClientConnectedListener - <tcpsvr><info> CraneClientConnectedEvent detected
2026-05-21 00:11:11.840 WARN  o.c.ApplicationReadyListener - <tcpsvr><info> Message Flow Automation Debug is ENABLED
2026-05-21 00:11:11.955 INFO  o.c.controller.TcpMessageController - <tcpclient><send> LVS1UST1DA440021052026001111????????01???????001
2026-05-21 00:11:11.982 INFO  o.c.CraneClientConnectedListener - <tcpclient><send> DAYSTART message sent to Crane server
2026-05-21 00:11:12.022 INFO  o.c.TcpServerConfig$$SpringCGLIB$$0 - <tcpserver><recv> LVS1UST1DA440021052026001111????????01???????001
2026-05-21 00:11:12.074 WARN  o.c.m.IncomingMessageProcessor - MessageProcessor::handleError->StatusCode.STATUSUNKNOWN
2026-05-21 00:11:12.078 INFO  o.c.m.IncomingMessageProcessor - SENDER LVS1 | RECEIVER UST1 | MESSAGETYPE DAYSTART | ORDINAL 44 | ERRORCODE OK | SOURCE 21052026 | TARGET 001112 | REPORTPOINT RPUNKNOWN | LETYPE LEUNKNOWN | STATUSCODE AUTOMATIONENABLED | USERDATA null | RAWMESSAGE LVS1UST1DA440021052026001111????????01???????001
2026-05-21 00:11:15.103 INFO  o.c.controller.TcpMessageController - <tcpclient><send> UST1LVS111450021052026001112????????01???????001
2026-05-21 00:11:15.106 INFO  o.c.TcpClientConfig$$SpringCGLIB$$0 - <tcpclient><recv> LVS1UST1DA440021052026001111????????01???????001
2026-05-21 00:11:15.107 INFO  o.c.TcpServerConfig$$SpringCGLIB$$0 - <tcpserver><recv> UST1LVS111450021052026001112????????01???????001
2026-05-21 00:11:15.109 WARN  o.c.m.IncomingMessageProcessor - MessageProcessor::handleError->StatusCode.STATUSUNKNOWN
2026-05-21 00:11:15.110 INFO  o.c.m.IncomingMessageProcessor - SENDER UST1 | RECEIVER LVS1 | MESSAGETYPE DAYSTART | ORDINAL 45 | ERRORCODE OK | SOURCE 21052026 | TARGET 001115 | REPORTPOINT RPUNKNOWN | LETYPE LEUNKNOWN | STATUSCODE AUTOMATIONENABLED | USERDATA null | RAWMESSAGE UST1LVS111450021052026001112????????01???????001
2026-05-21 00:11:15.112 INFO  o.c.TcpClientConfig$$SpringCGLIB$$0 - <tcpclient><recv> LVS1UST1AA450021052026001112????????01???????001
2026-05-21 00:14:28.411 INFO  o.c.ApplicationCloseListener - <tcpserver><info> ApplicationContextClosedEvent detected
2026-05-21 00:14:28.430 INFO  org.code_studio.BarcodeConfig - <tcpserver><info> Barcode communication - COM port closed: COM3
2026-05-21 00:14:28.431 INFO  o.c.ApplicationCloseListener - <tcpserver><info> Waiting for 3000 msec to receive DAYEND confirmation from CRANE, and then close the TCP connection.
2026-05-21 00:14:31.864 INFO  o.c.TcpServerConfig$$SpringCGLIB$$0 - <tcpclient><info> Connection closed: 127.0.0.1:18196:54837:ec4ead66-4807-459e-867b-045c9d9ad81a
2026-05-21 00:14:31.994 INFO  o.c.TcpServerConfig$$SpringCGLIB$$0 - <tcpserver><info> Connection closed: 127.0.0.1:54837:18196:4fd0645b-bf36-4efc-aa6d-0e7032661fd4
2026-05-21 00:14:53.427 INFO  o.code_studio.ComPortSchedulerTask - <tcpserver><info> Trying to open COM port for Barcode communication
2026-05-21 00:14:53.618 INFO  o.c.WebSocketServerConfig$$SpringCGLIB$$0 - <wsserver><info> Created WS channel: /app/topic
2026-05-21 00:14:53.817 INFO  o.c.TcpServerConfig$$SpringCGLIB$$0 - <tcpserver><info> TCP server started on port: 18196
2026-05-21 00:14:53.825 INFO  o.c.TcpClientConfig$$SpringCGLIB$$0 - <tcpclient><info> TCP client has been created for server: localhost:18196
2026-05-21 00:14:53.938 INFO  o.c.WebSocketServerConfig$$SpringCGLIB$$0 - <wsserver><info> Created WS server on endpoint: /ws
2026-05-21 00:14:54.060 INFO  o.code_studio.ComPortSchedulerTask - <tcpserver><info> Barcode communication enabled. COM port open: COM3
2026-05-21 00:14:55.758 INFO  o.c.TcpServerConfig$$SpringCGLIB$$0 - <tcpclient><info> Connection established: 127.0.0.1:18196:54923:ad037aa2-0737-4e08-ae82-05b80e934c57
2026-05-21 00:14:55.759 INFO  o.c.TcpServerConfig$$SpringCGLIB$$0 - <tcpserver><info> Connection established: 127.0.0.1:54923:18196:8db45e02-1ea6-4ec8-a0a5-a862bd38ce23
2026-05-21 00:14:55.760 INFO  o.c.CraneClientConnectedListener - <tcpsvr><info> CraneClientConnectedEvent detected
2026-05-21 00:14:55.840 WARN  o.c.ApplicationReadyListener - <tcpsvr><info> Message Flow Automation Debug is ENABLED
2026-05-21 00:14:56.014 INFO  o.c.controller.TcpMessageController - <tcpclient><send> LVS1UST1DA460021052026001456????????01???????001
2026-05-21 00:14:56.042 INFO  o.c.CraneClientConnectedListener - <tcpclient><send> DAYSTART message sent to Crane server
2026-05-21 00:14:56.070 INFO  o.c.TcpServerConfig$$SpringCGLIB$$0 - <tcpserver><recv> LVS1UST1DA460021052026001456????????01???????001
2026-05-21 00:14:56.117 WARN  o.c.m.IncomingMessageProcessor - MessageProcessor::handleError->StatusCode.STATUSUNKNOWN
2026-05-21 00:14:56.128 INFO  o.c.m.IncomingMessageProcessor - SENDER LVS1 | RECEIVER UST1 | MESSAGETYPE DAYSTART | ORDINAL 46 | ERRORCODE OK | SOURCE 21052026 | TARGET 001456 | REPORTPOINT RPUNKNOWN | LETYPE LEUNKNOWN | STATUSCODE AUTOMATIONENABLED | USERDATA null | RAWMESSAGE LVS1UST1DA460021052026001456????????01???????001
2026-05-21 00:14:59.166 INFO  o.c.controller.TcpMessageController - <tcpclient><send> UST1LVS111470021052026001456????????01???????001
2026-05-21 00:14:59.169 INFO  o.c.TcpClientConfig$$SpringCGLIB$$0 - <tcpclient><recv> LVS1UST1DA460021052026001456????????01???????001
2026-05-21 00:14:59.174 INFO  o.c.TcpServerConfig$$SpringCGLIB$$0 - <tcpserver><recv> UST1LVS111470021052026001456????????01???????001
2026-05-21 00:14:59.176 WARN  o.c.m.IncomingMessageProcessor - MessageProcessor::handleError->StatusCode.STATUSUNKNOWN
2026-05-21 00:14:59.177 INFO  o.c.m.IncomingMessageProcessor - SENDER UST1 | RECEIVER LVS1 | MESSAGETYPE DAYSTART | ORDINAL 47 | ERRORCODE OK | SOURCE 21052026 | TARGET 001459 | REPORTPOINT RPUNKNOWN | LETYPE LEUNKNOWN | STATUSCODE AUTOMATIONENABLED | USERDATA null | RAWMESSAGE UST1LVS111470021052026001456????????01???????001
2026-05-21 00:14:59.178 INFO  o.c.TcpClientConfig$$SpringCGLIB$$0 - <tcpclient><recv> LVS1UST1AA470021052026001456????????01???????001
2026-05-21 00:16:38.592 INFO  o.c.ApplicationCloseListener - <tcpserver><info> ApplicationContextClosedEvent detected
2026-05-21 00:16:38.596 INFO  org.code_studio.BarcodeConfig - <tcpserver><info> Barcode communication - COM port closed: COM3
2026-05-21 00:16:38.597 INFO  o.c.ApplicationCloseListener - <tcpserver><info> Waiting for 3000 msec to receive DAYEND confirmation from CRANE, and then close the TCP connection.
2026-05-21 00:16:41.609 INFO  o.c.TcpServerConfig$$SpringCGLIB$$0 - <tcpclient><info> Connection closed: 127.0.0.1:18196:54923:ad037aa2-0737-4e08-ae82-05b80e934c57
2026-05-21 00:16:41.615 INFO  o.c.TcpServerConfig$$SpringCGLIB$$0 - <tcpserver><info> Connection closed: 127.0.0.1:54923:18196:8db45e02-1ea6-4ec8-a0a5-a862bd38ce23
2026-05-21 00:18:38.004 INFO  o.code_studio.ComPortSchedulerTask - <tcpserver><info> Trying to open COM port for Barcode communication
2026-05-21 00:18:38.163 INFO  o.c.WebSocketServerConfig$$SpringCGLIB$$0 - <wsserver><info> Created WS channel: /app/topic
2026-05-21 00:18:38.415 INFO  o.c.TcpServerConfig$$SpringCGLIB$$0 - <tcpserver><info> TCP server started on port: 18196
2026-05-21 00:18:38.426 INFO  o.c.TcpClientConfig$$SpringCGLIB$$0 - <tcpclient><info> TCP client has been created for server: localhost:18196
2026-05-21 00:18:38.550 INFO  o.c.WebSocketServerConfig$$SpringCGLIB$$0 - <wsserver><info> Created WS server on endpoint: /ws
2026-05-21 00:18:39.342 INFO  o.code_studio.ComPortSchedulerTask - <tcpserver><info> Barcode communication enabled. COM port open: COM3
2026-05-21 00:18:39.937 INFO  o.c.TcpServerConfig$$SpringCGLIB$$0 - <tcpserver><info> Connection established: 127.0.0.1:55016:18196:b19a7e3a-6b01-4b7f-88f1-ade8606af1bc
2026-05-21 00:18:39.941 INFO  o.c.TcpServerConfig$$SpringCGLIB$$0 - <tcpclient><info> Connection established: 127.0.0.1:18196:55016:3efc77be-3615-4a1f-88c2-5090d995bc5b
2026-05-21 00:18:39.942 INFO  o.c.CraneClientConnectedListener - <tcpsvr><info> CraneClientConnectedEvent detected
2026-05-21 00:18:39.996 WARN  o.c.ApplicationReadyListener - <tcpsvr><info> Message Flow Automation Debug is ENABLED
2026-05-21 00:18:40.012 INFO  o.c.controller.TcpMessageController - <tcpclient><send> LVS1UST1DA480021052026001840????????01???????001
2026-05-21 00:18:40.065 INFO  o.c.CraneClientConnectedListener - <tcpclient><send> DAYSTART message sent to Crane server
2026-05-21 00:18:40.095 INFO  o.c.TcpServerConfig$$SpringCGLIB$$0 - <tcpserver><recv> LVS1UST1DA480021052026001840????????01???????001
2026-05-21 00:18:40.118 WARN  o.c.m.IncomingMessageProcessor - MessageProcessor::handleError->StatusCode.STATUSUNKNOWN
2026-05-21 00:18:40.122 INFO  o.c.m.IncomingMessageProcessor - SENDER LVS1 | RECEIVER UST1 | MESSAGETYPE DAYSTART | ORDINAL 48 | ERRORCODE OK | SOURCE 21052026 | TARGET 001840 | REPORTPOINT RPUNKNOWN | LETYPE LEUNKNOWN | STATUSCODE AUTOMATIONENABLED | USERDATA null | RAWMESSAGE LVS1UST1DA480021052026001840????????01???????001
2026-05-21 00:18:43.144 INFO  o.c.controller.TcpMessageController - <tcpclient><send> UST1LVS111490021052026001840????????01???????001
2026-05-21 00:18:43.147 INFO  o.c.TcpClientConfig$$SpringCGLIB$$0 - <tcpclient><recv> LVS1UST1DA480021052026001840????????01???????001
2026-05-21 00:18:43.149 INFO  o.c.TcpServerConfig$$SpringCGLIB$$0 - <tcpserver><recv> UST1LVS111490021052026001840????????01???????001
2026-05-21 00:18:43.149 WARN  o.c.m.IncomingMessageProcessor - MessageProcessor::handleError->StatusCode.STATUSUNKNOWN
2026-05-21 00:18:43.150 INFO  o.c.m.IncomingMessageProcessor - SENDER UST1 | RECEIVER LVS1 | MESSAGETYPE DAYSTART | ORDINAL 49 | ERRORCODE OK | SOURCE 21052026 | TARGET 001843 | REPORTPOINT RPUNKNOWN | LETYPE LEUNKNOWN | STATUSCODE AUTOMATIONENABLED | USERDATA null | RAWMESSAGE UST1LVS111490021052026001840????????01???????001
2026-05-21 00:18:43.152 INFO  o.c.TcpClientConfig$$SpringCGLIB$$0 - <tcpclient><recv> LVS1UST1AA490021052026001840????????01???????001
2026-05-21 00:22:03.971 INFO  o.c.ApplicationCloseListener - <tcpserver><info> ApplicationContextClosedEvent detected
2026-05-21 00:22:03.993 INFO  org.code_studio.BarcodeConfig - <tcpserver><info> Barcode communication - COM port closed: COM3
2026-05-21 00:22:03.994 INFO  o.c.ApplicationCloseListener - <tcpserver><info> Waiting for 3000 msec to receive DAYEND confirmation from CRANE, and then close the TCP connection.
2026-05-21 00:22:07.058 INFO  o.c.TcpServerConfig$$SpringCGLIB$$0 - <tcpclient><info> Connection closed: 127.0.0.1:18196:55016:3efc77be-3615-4a1f-88c2-5090d995bc5b
2026-05-21 00:22:07.071 INFO  o.c.TcpServerConfig$$SpringCGLIB$$0 - <tcpserver><info> Connection closed: 127.0.0.1:55016:18196:b19a7e3a-6b01-4b7f-88f1-ade8606af1bc
2026-05-21 00:22:25.409 INFO  o.code_studio.ComPortSchedulerTask - <tcpserver><info> Trying to open COM port for Barcode communication
2026-05-21 00:22:25.591 INFO  o.c.WebSocketServerConfig$$SpringCGLIB$$0 - <wsserver><info> Created WS channel: /app/topic
2026-05-21 00:22:25.820 INFO  o.c.TcpServerConfig$$SpringCGLIB$$0 - <tcpserver><info> TCP server started on port: 18196
2026-05-21 00:22:25.834 INFO  o.c.TcpClientConfig$$SpringCGLIB$$0 - <tcpclient><info> TCP client has been created for server: localhost:18196
2026-05-21 00:22:25.966 INFO  o.c.WebSocketServerConfig$$SpringCGLIB$$0 - <wsserver><info> Created WS server on endpoint: /ws
2026-05-21 00:22:27.172 INFO  o.code_studio.ComPortSchedulerTask - <tcpserver><info> Barcode communication enabled. COM port open: COM3
2026-05-21 00:22:27.421 INFO  o.c.TcpServerConfig$$SpringCGLIB$$0 - <tcpserver><info> Connection established: 127.0.0.1:55132:18196:eb253ab0-13fc-48e6-9c08-d3b82fbceb33
2026-05-21 00:22:27.424 INFO  o.c.CraneClientConnectedListener - <tcpsvr><info> CraneClientConnectedEvent detected
2026-05-21 00:22:27.424 INFO  o.c.TcpServerConfig$$SpringCGLIB$$0 - <tcpclient><info> Connection established: 127.0.0.1:18196:55132:1624ef00-31d3-4bc0-85f1-373409810dc1
2026-05-21 00:22:27.502 WARN  o.c.ApplicationReadyListener - <tcpsvr><info> Message Flow Automation Debug is ENABLED
2026-05-21 00:22:27.515 INFO  o.c.controller.TcpMessageController - <tcpclient><send> LVS1UST1DA500021052026002227????????01???????001
2026-05-21 00:22:27.528 INFO  o.c.CraneClientConnectedListener - <tcpclient><send> DAYSTART message sent to Crane server
2026-05-21 00:22:27.550 INFO  o.c.TcpServerConfig$$SpringCGLIB$$0 - <tcpserver><recv> LVS1UST1DA500021052026002227????????01???????001
2026-05-21 00:22:27.586 WARN  o.c.m.IncomingMessageProcessor - MessageProcessor::handleError->StatusCode.STATUSUNKNOWN
2026-05-21 00:22:27.591 INFO  o.c.m.IncomingMessageProcessor - SENDER LVS1 | RECEIVER UST1 | MESSAGETYPE DAYSTART | ORDINAL 50 | ERRORCODE OK | SOURCE 21052026 | TARGET 002227 | REPORTPOINT RPUNKNOWN | LETYPE LEUNKNOWN | STATUSCODE AUTOMATIONENABLED | USERDATA null | RAWMESSAGE LVS1UST1DA500021052026002227????????01???????001
2026-05-21 00:22:30.613 INFO  o.c.controller.TcpMessageController - <tcpclient><send> UST1LVS111510021052026002227????????01???????001
2026-05-21 00:22:30.616 INFO  o.c.TcpClientConfig$$SpringCGLIB$$0 - <tcpclient><recv> LVS1UST1DA500021052026002227????????01???????001
2026-05-21 00:22:30.617 INFO  o.c.TcpServerConfig$$SpringCGLIB$$0 - <tcpserver><recv> UST1LVS111510021052026002227????????01???????001
2026-05-21 00:22:30.618 WARN  o.c.m.IncomingMessageProcessor - MessageProcessor::handleError->StatusCode.STATUSUNKNOWN
2026-05-21 00:22:30.619 INFO  o.c.m.IncomingMessageProcessor - SENDER UST1 | RECEIVER LVS1 | MESSAGETYPE DAYSTART | ORDINAL 51 | ERRORCODE OK | SOURCE 21052026 | TARGET 002230 | REPORTPOINT RPUNKNOWN | LETYPE LEUNKNOWN | STATUSCODE AUTOMATIONENABLED | USERDATA null | RAWMESSAGE UST1LVS111510021052026002227????????01???????001
2026-05-21 00:22:30.621 INFO  o.c.TcpClientConfig$$SpringCGLIB$$0 - <tcpclient><recv> LVS1UST1AA510021052026002227????????01???????001
2026-05-21 00:25:17.139 INFO  o.c.ApplicationCloseListener - <tcpserver><info> ApplicationContextClosedEvent detected
2026-05-21 00:25:17.145 INFO  org.code_studio.BarcodeConfig - <tcpserver><info> Barcode communication - COM port closed: COM3
2026-05-21 00:25:17.146 INFO  o.c.ApplicationCloseListener - <tcpserver><info> Waiting for 3000 msec to receive DAYEND confirmation from CRANE, and then close the TCP connection.
2026-05-21 00:25:20.161 INFO  o.c.TcpServerConfig$$SpringCGLIB$$0 - <tcpclient><info> Connection closed: 127.0.0.1:18196:55132:1624ef00-31d3-4bc0-85f1-373409810dc1
2026-05-21 00:25:20.176 INFO  o.c.TcpServerConfig$$SpringCGLIB$$0 - <tcpserver><info> Connection closed: 127.0.0.1:55132:18196:eb253ab0-13fc-48e6-9c08-d3b82fbceb33
2026-05-21 00:26:05.760 INFO  o.code_studio.ComPortSchedulerTask - <tcpserver><info> Trying to open COM port for Barcode communication
2026-05-21 00:26:05.959 INFO  o.c.WebSocketServerConfig$$SpringCGLIB$$0 - <wsserver><info> Created WS channel: /app/topic
2026-05-21 00:26:06.198 INFO  o.c.TcpServerConfig$$SpringCGLIB$$0 - <tcpserver><info> TCP server started on port: 18196
2026-05-21 00:26:06.209 INFO  o.c.TcpClientConfig$$SpringCGLIB$$0 - <tcpclient><info> TCP client has been created for server: localhost:18196
2026-05-21 00:26:06.327 INFO  o.c.WebSocketServerConfig$$SpringCGLIB$$0 - <wsserver><info> Created WS server on endpoint: /ws
2026-05-21 00:26:07.323 INFO  o.code_studio.ComPortSchedulerTask - <tcpserver><info> Barcode communication enabled. COM port open: COM3
2026-05-21 00:26:07.595 INFO  o.c.TcpServerConfig$$SpringCGLIB$$0 - <tcpclient><info> Connection established: 127.0.0.1:18196:55213:aed871c3-e54c-4f3d-8ba5-2c34eef02c06
2026-05-21 00:26:07.595 INFO  o.c.TcpServerConfig$$SpringCGLIB$$0 - <tcpserver><info> Connection established: 127.0.0.1:55213:18196:cf92090c-7d07-4ef7-ab44-69abb41e13de
2026-05-21 00:26:07.596 INFO  o.c.CraneClientConnectedListener - <tcpsvr><info> CraneClientConnectedEvent detected
2026-05-21 00:26:07.652 INFO  o.c.controller.TcpMessageController - <tcpclient><send> LVS1UST1DA520021052026002607????????01???????001
2026-05-21 00:26:07.653 WARN  o.c.ApplicationReadyListener - <tcpsvr><info> Message Flow Automation Debug is ENABLED
2026-05-21 00:26:07.667 INFO  o.c.CraneClientConnectedListener - <tcpclient><send> DAYSTART message sent to Crane server
2026-05-21 00:26:07.698 INFO  o.c.TcpServerConfig$$SpringCGLIB$$0 - <tcpserver><recv> LVS1UST1DA520021052026002607????????01???????001
2026-05-21 00:26:07.727 WARN  o.c.m.IncomingMessageProcessor - MessageProcessor::handleError->StatusCode.STATUSUNKNOWN
2026-05-21 00:26:07.735 INFO  o.c.m.IncomingMessageProcessor - SENDER LVS1 | RECEIVER UST1 | MESSAGETYPE DAYSTART | ORDINAL 52 | ERRORCODE OK | SOURCE 21052026 | TARGET 002607 | REPORTPOINT RPUNKNOWN | LETYPE LEUNKNOWN | STATUSCODE AUTOMATIONENABLED | USERDATA null | RAWMESSAGE LVS1UST1DA520021052026002607????????01???????001
2026-05-21 00:26:10.757 INFO  o.c.controller.TcpMessageController - <tcpclient><send> UST1LVS111530021052026002607????????01???????001
2026-05-21 00:26:10.761 INFO  o.c.TcpClientConfig$$SpringCGLIB$$0 - <tcpclient><recv> LVS1UST1DA520021052026002607????????01???????001
2026-05-21 00:26:10.761 INFO  o.c.TcpServerConfig$$SpringCGLIB$$0 - <tcpserver><recv> UST1LVS111530021052026002607????????01???????001
2026-05-21 00:26:10.762 WARN  o.c.m.IncomingMessageProcessor - MessageProcessor::handleError->StatusCode.STATUSUNKNOWN
2026-05-21 00:26:10.762 INFO  o.c.m.IncomingMessageProcessor - SENDER UST1 | RECEIVER LVS1 | MESSAGETYPE DAYSTART | ORDINAL 53 | ERRORCODE OK | SOURCE 21052026 | TARGET 002610 | REPORTPOINT RPUNKNOWN | LETYPE LEUNKNOWN | STATUSCODE AUTOMATIONENABLED | USERDATA null | RAWMESSAGE UST1LVS111530021052026002607????????01???????001
2026-05-21 00:26:10.763 INFO  o.c.TcpClientConfig$$SpringCGLIB$$0 - <tcpclient><recv> LVS1UST1AA530021052026002607????????01???????001
2026-05-21 00:28:20.846 INFO  o.c.ApplicationCloseListener - <tcpserver><info> ApplicationContextClosedEvent detected
2026-05-21 00:28:20.848 INFO  org.code_studio.BarcodeConfig - <tcpserver><info> Barcode communication - COM port closed: COM3
2026-05-21 00:28:20.848 INFO  o.c.ApplicationCloseListener - <tcpserver><info> Waiting for 3000 msec to receive DAYEND confirmation from CRANE, and then close the TCP connection.
2026-05-21 00:28:23.879 INFO  o.c.TcpServerConfig$$SpringCGLIB$$0 - <tcpclient><info> Connection closed: 127.0.0.1:18196:55213:aed871c3-e54c-4f3d-8ba5-2c34eef02c06
2026-05-21 00:28:23.884 INFO  o.c.TcpServerConfig$$SpringCGLIB$$0 - <tcpserver><info> Connection closed: 127.0.0.1:55213:18196:cf92090c-7d07-4ef7-ab44-69abb41e13de
2026-05-21 00:28:36.646 INFO  o.code_studio.ComPortSchedulerTask - <tcpserver><info> Trying to open COM port for Barcode communication
2026-05-21 00:28:36.863 INFO  o.c.WebSocketServerConfig$$SpringCGLIB$$0 - <wsserver><info> Created WS channel: /app/topic
2026-05-21 00:28:37.154 INFO  o.c.TcpServerConfig$$SpringCGLIB$$0 - <tcpserver><info> TCP server started on port: 18196
2026-05-21 00:28:37.171 INFO  o.c.TcpClientConfig$$SpringCGLIB$$0 - <tcpclient><info> TCP client has been created for server: localhost:18196
2026-05-21 00:28:37.302 INFO  o.c.WebSocketServerConfig$$SpringCGLIB$$0 - <wsserver><info> Created WS server on endpoint: /ws
2026-05-21 00:28:38.411 INFO  o.code_studio.ComPortSchedulerTask - <tcpserver><info> Barcode communication enabled. COM port open: COM3
2026-05-21 00:28:38.568 INFO  o.c.TcpServerConfig$$SpringCGLIB$$0 - <tcpserver><info> Connection established: 127.0.0.1:55280:18196:f61bed6f-6578-43a1-aedd-c1345bf755d3
2026-05-21 00:28:38.570 INFO  o.c.CraneClientConnectedListener - <tcpsvr><info> CraneClientConnectedEvent detected
2026-05-21 00:28:38.575 INFO  o.c.TcpServerConfig$$SpringCGLIB$$0 - <tcpclient><info> Connection established: 127.0.0.1:18196:55280:05ce88d0-c0c9-4a05-8845-5e3a125ee013
2026-05-21 00:28:38.627 WARN  o.c.ApplicationReadyListener - <tcpsvr><info> Message Flow Automation Debug is ENABLED
2026-05-21 00:28:38.639 INFO  o.c.controller.TcpMessageController - <tcpclient><send> LVS1UST1DA540021052026002838????????01???????001
2026-05-21 00:28:38.654 INFO  o.c.CraneClientConnectedListener - <tcpclient><send> DAYSTART message sent to Crane server
2026-05-21 00:28:38.679 INFO  o.c.TcpServerConfig$$SpringCGLIB$$0 - <tcpserver><recv> LVS1UST1DA540021052026002838????????01???????001
2026-05-21 00:28:38.706 WARN  o.c.m.IncomingMessageProcessor - MessageProcessor::handleError->StatusCode.STATUSUNKNOWN
2026-05-21 00:28:38.710 INFO  o.c.m.IncomingMessageProcessor - SENDER LVS1 | RECEIVER UST1 | MESSAGETYPE DAYSTART | ORDINAL 54 | ERRORCODE OK | SOURCE 21052026 | TARGET 002838 | REPORTPOINT RPUNKNOWN | LETYPE LEUNKNOWN | STATUSCODE AUTOMATIONENABLED | USERDATA null | RAWMESSAGE LVS1UST1DA540021052026002838????????01???????001
2026-05-21 00:28:41.731 INFO  o.c.controller.TcpMessageController - <tcpclient><send> UST1LVS111550021052026002838????????01???????001
2026-05-21 00:28:41.734 INFO  o.c.TcpClientConfig$$SpringCGLIB$$0 - <tcpclient><recv> LVS1UST1DA540021052026002838????????01???????001
2026-05-21 00:28:41.735 INFO  o.c.TcpServerConfig$$SpringCGLIB$$0 - <tcpserver><recv> UST1LVS111550021052026002838????????01???????001
2026-05-21 00:28:41.738 WARN  o.c.m.IncomingMessageProcessor - MessageProcessor::handleError->StatusCode.STATUSUNKNOWN
2026-05-21 00:28:41.738 INFO  o.c.m.IncomingMessageProcessor - SENDER UST1 | RECEIVER LVS1 | MESSAGETYPE DAYSTART | ORDINAL 55 | ERRORCODE OK | SOURCE 21052026 | TARGET 002841 | REPORTPOINT RPUNKNOWN | LETYPE LEUNKNOWN | STATUSCODE AUTOMATIONENABLED | USERDATA null | RAWMESSAGE UST1LVS111550021052026002838????????01???????001
2026-05-21 00:28:41.740 INFO  o.c.TcpClientConfig$$SpringCGLIB$$0 - <tcpclient><recv> LVS1UST1AA550021052026002838????????01???????001
2026-05-21 00:32:26.547 INFO  o.c.ApplicationCloseListener - <tcpserver><info> ApplicationContextClosedEvent detected
2026-05-21 00:32:26.566 INFO  org.code_studio.BarcodeConfig - <tcpserver><info> Barcode communication - COM port closed: COM3
2026-05-21 00:32:26.567 INFO  o.c.ApplicationCloseListener - <tcpserver><info> Waiting for 3000 msec to receive DAYEND confirmation from CRANE, and then close the TCP connection.
2026-05-21 00:32:29.638 INFO  o.c.TcpServerConfig$$SpringCGLIB$$0 - <tcpclient><info> Connection closed: 127.0.0.1:18196:55280:05ce88d0-c0c9-4a05-8845-5e3a125ee013
2026-05-21 00:32:29.651 INFO  o.c.TcpServerConfig$$SpringCGLIB$$0 - <tcpserver><info> Connection closed: 127.0.0.1:55280:18196:f61bed6f-6578-43a1-aedd-c1345bf755d3
2026-05-21 00:32:42.969 INFO  o.code_studio.ComPortSchedulerTask - <tcpserver><info> Trying to open COM port for Barcode communication
2026-05-21 00:32:43.192 INFO  o.c.WebSocketServerConfig$$SpringCGLIB$$0 - <wsserver><info> Created WS channel: /app/topic
2026-05-21 00:32:43.448 INFO  o.c.TcpServerConfig$$SpringCGLIB$$0 - <tcpserver><info> TCP server started on port: 18196
2026-05-21 00:32:43.461 INFO  o.c.TcpClientConfig$$SpringCGLIB$$0 - <tcpclient><info> TCP client has been created for server: localhost:18196
2026-05-21 00:32:43.594 INFO  o.c.WebSocketServerConfig$$SpringCGLIB$$0 - <wsserver><info> Created WS server on endpoint: /ws
2026-05-21 00:32:44.261 INFO  o.code_studio.ComPortSchedulerTask - <tcpserver><info> Barcode communication enabled. COM port open: COM3
2026-05-21 00:32:45.098 INFO  o.c.TcpServerConfig$$SpringCGLIB$$0 - <tcpclient><info> Connection established: 127.0.0.1:18196:55383:e78aa807-34f4-49cb-a4a2-138134df2c99
2026-05-21 00:32:45.098 INFO  o.c.TcpServerConfig$$SpringCGLIB$$0 - <tcpserver><info> Connection established: 127.0.0.1:55383:18196:3e2dc225-127e-4f66-bfe9-f5efdf4140f3
2026-05-21 00:32:45.101 INFO  o.c.CraneClientConnectedListener - <tcpsvr><info> CraneClientConnectedEvent detected
2026-05-21 00:32:45.158 WARN  o.c.ApplicationReadyListener - <tcpsvr><info> Message Flow Automation Debug is ENABLED
2026-05-21 00:32:45.191 INFO  o.c.controller.TcpMessageController - <tcpclient><send> LVS1UST1DA560021052026003245????????01???????001
2026-05-21 00:32:45.209 INFO  o.c.CraneClientConnectedListener - <tcpclient><send> DAYSTART message sent to Crane server
2026-05-21 00:32:45.238 INFO  o.c.TcpServerConfig$$SpringCGLIB$$0 - <tcpserver><recv> LVS1UST1DA560021052026003245????????01???????001
2026-05-21 00:32:45.264 WARN  o.c.m.IncomingMessageProcessor - MessageProcessor::handleError->StatusCode.STATUSUNKNOWN
2026-05-21 00:32:45.269 INFO  o.c.m.IncomingMessageProcessor - SENDER LVS1 | RECEIVER UST1 | MESSAGETYPE DAYSTART | ORDINAL 56 | ERRORCODE OK | SOURCE 21052026 | TARGET 003245 | REPORTPOINT RPUNKNOWN | LETYPE LEUNKNOWN | STATUSCODE AUTOMATIONENABLED | USERDATA null | RAWMESSAGE LVS1UST1DA560021052026003245????????01???????001
2026-05-21 00:32:48.293 INFO  o.c.controller.TcpMessageController - <tcpclient><send> UST1LVS111570021052026003245????????01???????001
2026-05-21 00:32:48.304 INFO  o.c.TcpClientConfig$$SpringCGLIB$$0 - <tcpclient><recv> LVS1UST1DA560021052026003245????????01???????001
2026-05-21 00:32:48.309 INFO  o.c.TcpServerConfig$$SpringCGLIB$$0 - <tcpserver><recv> UST1LVS111570021052026003245????????01???????001
2026-05-21 00:32:48.314 WARN  o.c.m.IncomingMessageProcessor - MessageProcessor::handleError->StatusCode.STATUSUNKNOWN
2026-05-21 00:32:48.314 INFO  o.c.m.IncomingMessageProcessor - SENDER UST1 | RECEIVER LVS1 | MESSAGETYPE DAYSTART | ORDINAL 57 | ERRORCODE OK | SOURCE 21052026 | TARGET 003248 | REPORTPOINT RPUNKNOWN | LETYPE LEUNKNOWN | STATUSCODE AUTOMATIONENABLED | USERDATA null | RAWMESSAGE UST1LVS111570021052026003245????????01???????001
2026-05-21 00:32:48.334 INFO  o.c.TcpClientConfig$$SpringCGLIB$$0 - <tcpclient><recv> LVS1UST1AA570021052026003245????????01???????001
2026-05-21 00:35:40.974 INFO  o.c.ApplicationCloseListener - <tcpserver><info> ApplicationContextClosedEvent detected
2026-05-21 00:35:40.991 INFO  org.code_studio.BarcodeConfig - <tcpserver><info> Barcode communication - COM port closed: COM3
2026-05-21 00:35:40.992 INFO  o.c.ApplicationCloseListener - <tcpserver><info> Waiting for 3000 msec to receive DAYEND confirmation from CRANE, and then close the TCP connection.
2026-05-21 00:35:44.066 INFO  o.c.TcpServerConfig$$SpringCGLIB$$0 - <tcpclient><info> Connection closed: 127.0.0.1:18196:55383:e78aa807-34f4-49cb-a4a2-138134df2c99
2026-05-21 00:35:44.094 INFO  o.c.TcpServerConfig$$SpringCGLIB$$0 - <tcpserver><info> Connection closed: 127.0.0.1:55383:18196:3e2dc225-127e-4f66-bfe9-f5efdf4140f3
2026-05-21 00:35:55.733 INFO  o.code_studio.ComPortSchedulerTask - <tcpserver><info> Trying to open COM port for Barcode communication
2026-05-21 00:35:55.915 INFO  o.c.WebSocketServerConfig$$SpringCGLIB$$0 - <wsserver><info> Created WS channel: /app/topic
2026-05-21 00:35:56.110 INFO  o.c.TcpServerConfig$$SpringCGLIB$$0 - <tcpserver><info> TCP server started on port: 18196
2026-05-21 00:35:56.119 INFO  o.c.TcpClientConfig$$SpringCGLIB$$0 - <tcpclient><info> TCP client has been created for server: localhost:18196
2026-05-21 00:35:56.213 INFO  o.c.WebSocketServerConfig$$SpringCGLIB$$0 - <wsserver><info> Created WS server on endpoint: /ws
2026-05-21 00:35:57.355 INFO  o.c.TcpServerConfig$$SpringCGLIB$$0 - <tcpserver><info> Connection established: 127.0.0.1:55451:18196:d52059a6-bece-441e-861a-34a7c703bee2
2026-05-21 00:35:57.355 INFO  o.c.TcpServerConfig$$SpringCGLIB$$0 - <tcpclient><info> Connection established: 127.0.0.1:18196:55451:05d7e98e-5226-4073-82ed-45efb2940901
2026-05-21 00:35:57.358 INFO  o.c.CraneClientConnectedListener - <tcpsvr><info> CraneClientConnectedEvent detected
2026-05-21 00:35:57.414 WARN  o.c.ApplicationReadyListener - <tcpsvr><info> Message Flow Automation Debug is ENABLED
2026-05-21 00:35:57.413 INFO  o.c.controller.TcpMessageController - <tcpclient><send> LVS1UST1DA580021052026003557????????01???????001
2026-05-21 00:35:57.429 INFO  o.c.CraneClientConnectedListener - <tcpclient><send> DAYSTART message sent to Crane server
2026-05-21 00:35:57.451 INFO  o.c.TcpServerConfig$$SpringCGLIB$$0 - <tcpserver><recv> LVS1UST1DA580021052026003557????????01???????001
2026-05-21 00:35:57.476 WARN  o.c.m.IncomingMessageProcessor - MessageProcessor::handleError->StatusCode.STATUSUNKNOWN
2026-05-21 00:35:57.485 INFO  o.c.m.IncomingMessageProcessor - SENDER LVS1 | RECEIVER UST1 | MESSAGETYPE DAYSTART | ORDINAL 58 | ERRORCODE OK | SOURCE 21052026 | TARGET 003557 | REPORTPOINT RPUNKNOWN | LETYPE LEUNKNOWN | STATUSCODE AUTOMATIONENABLED | USERDATA null | RAWMESSAGE LVS1UST1DA580021052026003557????????01???????001
2026-05-21 00:36:00.506 INFO  o.c.controller.TcpMessageController - <tcpclient><send> UST1LVS111590021052026003557????????01???????001
2026-05-21 00:36:00.511 INFO  o.c.TcpClientConfig$$SpringCGLIB$$0 - <tcpclient><recv> LVS1UST1DA580021052026003557????????01???????001
2026-05-21 00:36:00.513 INFO  o.c.TcpServerConfig$$SpringCGLIB$$0 - <tcpserver><recv> UST1LVS111590021052026003557????????01???????001
2026-05-21 00:36:00.514 WARN  o.c.m.IncomingMessageProcessor - MessageProcessor::handleError->StatusCode.STATUSUNKNOWN
2026-05-21 00:36:00.516 INFO  o.c.m.IncomingMessageProcessor - SENDER UST1 | RECEIVER LVS1 | MESSAGETYPE DAYSTART | ORDINAL 59 | ERRORCODE OK | SOURCE 21052026 | TARGET 003600 | REPORTPOINT RPUNKNOWN | LETYPE LEUNKNOWN | STATUSCODE AUTOMATIONENABLED | USERDATA null | RAWMESSAGE UST1LVS111590021052026003557????????01???????001
2026-05-21 00:36:00.518 INFO  o.c.TcpClientConfig$$SpringCGLIB$$0 - <tcpclient><recv> LVS1UST1AA590021052026003557????????01???????001
2026-05-21 00:36:01.569 INFO  o.code_studio.ComPortSchedulerTask - <tcpserver><info> Barcode communication enabled. COM port open: COM3
2026-05-21 00:39:09.663 INFO  o.c.ApplicationCloseListener - <tcpserver><info> ApplicationContextClosedEvent detected
2026-05-21 00:39:09.683 INFO  org.code_studio.BarcodeConfig - <tcpserver><info> Barcode communication - COM port closed: COM3
2026-05-21 00:39:09.684 INFO  o.c.ApplicationCloseListener - <tcpserver><info> Waiting for 3000 msec to receive DAYEND confirmation from CRANE, and then close the TCP connection.
2026-05-21 00:39:12.819 INFO  o.c.TcpServerConfig$$SpringCGLIB$$0 - <tcpclient><info> Connection closed: 127.0.0.1:18196:55451:05d7e98e-5226-4073-82ed-45efb2940901
2026-05-21 00:39:12.847 INFO  o.c.TcpServerConfig$$SpringCGLIB$$0 - <tcpserver><info> Connection closed: 127.0.0.1:55451:18196:d52059a6-bece-441e-861a-34a7c703bee2
2026-05-21 00:39:26.232 INFO  o.code_studio.ComPortSchedulerTask - <tcpserver><info> Trying to open COM port for Barcode communication
2026-05-21 00:39:26.633 INFO  o.c.WebSocketServerConfig$$SpringCGLIB$$0 - <wsserver><info> Created WS channel: /app/topic
2026-05-21 00:39:26.937 INFO  o.c.TcpServerConfig$$SpringCGLIB$$0 - <tcpserver><info> TCP server started on port: 18196
2026-05-21 00:39:26.946 INFO  o.c.TcpClientConfig$$SpringCGLIB$$0 - <tcpclient><info> TCP client has been created for server: localhost:18196
2026-05-21 00:39:27.045 INFO  o.c.WebSocketServerConfig$$SpringCGLIB$$0 - <wsserver><info> Created WS server on endpoint: /ws
2026-05-21 00:39:27.423 INFO  o.code_studio.ComPortSchedulerTask - <tcpserver><info> Barcode communication enabled. COM port open: COM3
2026-05-21 00:39:29.104 INFO  o.c.TcpServerConfig$$SpringCGLIB$$0 - <tcpclient><info> Connection established: 127.0.0.1:18196:55523:c145501c-70fa-4be9-903a-9ae3ce04d8f7
2026-05-21 00:39:29.109 INFO  o.c.TcpServerConfig$$SpringCGLIB$$0 - <tcpserver><info> Connection established: 127.0.0.1:55523:18196:d140c110-4adc-4125-a3ec-e230e848cbf9
2026-05-21 00:39:29.114 INFO  o.c.CraneClientConnectedListener - <tcpsvr><info> CraneClientConnectedEvent detected
2026-05-21 00:39:29.170 WARN  o.c.ApplicationReadyListener - <tcpsvr><info> Message Flow Automation Debug is ENABLED
2026-05-21 00:39:29.246 INFO  o.c.controller.TcpMessageController - <tcpclient><send> LVS1UST1DA600021052026003929????????01???????001
2026-05-21 00:39:29.279 INFO  o.c.CraneClientConnectedListener - <tcpclient><send> DAYSTART message sent to Crane server
2026-05-21 00:39:29.377 INFO  o.c.TcpServerConfig$$SpringCGLIB$$0 - <tcpserver><recv> LVS1UST1DA600021052026003929????????01???????001
2026-05-21 00:39:29.791 WARN  o.c.m.IncomingMessageProcessor - MessageProcessor::handleError->StatusCode.STATUSUNKNOWN
2026-05-21 00:39:29.796 INFO  o.c.m.IncomingMessageProcessor - SENDER LVS1 | RECEIVER UST1 | MESSAGETYPE DAYSTART | ORDINAL 60 | ERRORCODE OK | SOURCE 21052026 | TARGET 003929 | REPORTPOINT RPUNKNOWN | LETYPE LEUNKNOWN | STATUSCODE AUTOMATIONENABLED | USERDATA null | RAWMESSAGE LVS1UST1DA600021052026003929????????01???????001
2026-05-21 00:39:32.854 INFO  o.c.controller.TcpMessageController - <tcpclient><send> UST1LVS111610021052026003929????????01???????001
2026-05-21 00:39:32.857 INFO  o.c.TcpClientConfig$$SpringCGLIB$$0 - <tcpclient><recv> LVS1UST1DA600021052026003929????????01???????001
2026-05-21 00:39:32.857 INFO  o.c.TcpServerConfig$$SpringCGLIB$$0 - <tcpserver><recv> UST1LVS111610021052026003929????????01???????001
2026-05-21 00:39:32.858 WARN  o.c.m.IncomingMessageProcessor - MessageProcessor::handleError->StatusCode.STATUSUNKNOWN
2026-05-21 00:39:32.859 INFO  o.c.m.IncomingMessageProcessor - SENDER UST1 | RECEIVER LVS1 | MESSAGETYPE DAYSTART | ORDINAL 61 | ERRORCODE OK | SOURCE 21052026 | TARGET 003932 | REPORTPOINT RPUNKNOWN | LETYPE LEUNKNOWN | STATUSCODE AUTOMATIONENABLED | USERDATA null | RAWMESSAGE UST1LVS111610021052026003929????????01???????001
2026-05-21 00:39:32.860 INFO  o.c.TcpClientConfig$$SpringCGLIB$$0 - <tcpclient><recv> LVS1UST1AA610021052026003929????????01???????001
2026-05-21 00:42:17.863 INFO  o.c.ApplicationCloseListener - <tcpserver><info> ApplicationContextClosedEvent detected
2026-05-21 00:42:17.875 INFO  org.code_studio.BarcodeConfig - <tcpserver><info> Barcode communication - COM port closed: COM3
2026-05-21 00:42:17.876 INFO  o.c.ApplicationCloseListener - <tcpserver><info> Waiting for 3000 msec to receive DAYEND confirmation from CRANE, and then close the TCP connection.
2026-05-21 00:42:20.954 INFO  o.c.TcpServerConfig$$SpringCGLIB$$0 - <tcpclient><info> Connection closed: 127.0.0.1:18196:55523:c145501c-70fa-4be9-903a-9ae3ce04d8f7
2026-05-21 00:42:20.964 INFO  o.c.TcpServerConfig$$SpringCGLIB$$0 - <tcpserver><info> Connection closed: 127.0.0.1:55523:18196:d140c110-4adc-4125-a3ec-e230e848cbf9
2026-05-21 00:42:39.063 INFO  o.code_studio.ComPortSchedulerTask - <tcpserver><info> Trying to open COM port for Barcode communication
2026-05-21 00:42:39.252 INFO  o.c.WebSocketServerConfig$$SpringCGLIB$$0 - <wsserver><info> Created WS channel: /app/topic
2026-05-21 00:42:39.463 INFO  o.c.TcpServerConfig$$SpringCGLIB$$0 - <tcpserver><info> TCP server started on port: 18196
2026-05-21 00:42:39.470 INFO  o.c.TcpClientConfig$$SpringCGLIB$$0 - <tcpclient><info> TCP client has been created for server: localhost:18196
2026-05-21 00:42:39.570 INFO  o.c.WebSocketServerConfig$$SpringCGLIB$$0 - <wsserver><info> Created WS server on endpoint: /ws
2026-05-21 00:42:40.714 INFO  o.code_studio.ComPortSchedulerTask - <tcpserver><info> Barcode communication enabled. COM port open: COM3
2026-05-21 00:42:40.774 INFO  o.c.TcpServerConfig$$SpringCGLIB$$0 - <tcpserver><info> Connection established: 127.0.0.1:55594:18196:d34fc0d1-a14c-4caf-87ab-7be9362fbeb7
2026-05-21 00:42:40.775 INFO  o.c.TcpServerConfig$$SpringCGLIB$$0 - <tcpclient><info> Connection established: 127.0.0.1:18196:55594:e0ea5c8e-8116-4876-b0ab-44ded10e5df9
2026-05-21 00:42:40.776 INFO  o.c.CraneClientConnectedListener - <tcpsvr><info> CraneClientConnectedEvent detected
2026-05-21 00:42:40.828 WARN  o.c.ApplicationReadyListener - <tcpsvr><info> Message Flow Automation Debug is ENABLED
2026-05-21 00:42:40.856 INFO  o.c.controller.TcpMessageController - <tcpclient><send> LVS1UST1DA620021052026004240????????01???????001
2026-05-21 00:42:40.872 INFO  o.c.CraneClientConnectedListener - <tcpclient><send> DAYSTART message sent to Crane server
2026-05-21 00:42:40.899 INFO  o.c.TcpServerConfig$$SpringCGLIB$$0 - <tcpserver><recv> LVS1UST1DA620021052026004240????????01???????001
2026-05-21 00:42:40.920 WARN  o.c.m.IncomingMessageProcessor - MessageProcessor::handleError->StatusCode.STATUSUNKNOWN
2026-05-21 00:42:40.924 INFO  o.c.m.IncomingMessageProcessor - SENDER LVS1 | RECEIVER UST1 | MESSAGETYPE DAYSTART | ORDINAL 62 | ERRORCODE OK | SOURCE 21052026 | TARGET 004240 | REPORTPOINT RPUNKNOWN | LETYPE LEUNKNOWN | STATUSCODE AUTOMATIONENABLED | USERDATA null | RAWMESSAGE LVS1UST1DA620021052026004240????????01???????001
2026-05-21 00:42:44.064 INFO  o.c.controller.TcpMessageController - <tcpclient><send> UST1LVS111630021052026004240????????01???????001
2026-05-21 00:42:44.069 INFO  o.c.TcpClientConfig$$SpringCGLIB$$0 - <tcpclient><recv> LVS1UST1DA620021052026004240????????01???????001
2026-05-21 00:42:44.070 INFO  o.c.TcpServerConfig$$SpringCGLIB$$0 - <tcpserver><recv> UST1LVS111630021052026004240????????01???????001
2026-05-21 00:42:44.077 WARN  o.c.m.IncomingMessageProcessor - MessageProcessor::handleError->StatusCode.STATUSUNKNOWN
2026-05-21 00:42:44.078 INFO  o.c.m.IncomingMessageProcessor - SENDER UST1 | RECEIVER LVS1 | MESSAGETYPE DAYSTART | ORDINAL 63 | ERRORCODE OK | SOURCE 21052026 | TARGET 004244 | REPORTPOINT RPUNKNOWN | LETYPE LEUNKNOWN | STATUSCODE AUTOMATIONENABLED | USERDATA null | RAWMESSAGE UST1LVS111630021052026004240????????01???????001
2026-05-21 00:42:44.081 INFO  o.c.TcpClientConfig$$SpringCGLIB$$0 - <tcpclient><recv> LVS1UST1AA630021052026004240????????01???????001
2026-05-21 00:45:46.579 INFO  o.c.ApplicationCloseListener - <tcpserver><info> ApplicationContextClosedEvent detected
2026-05-21 00:45:46.587 INFO  org.code_studio.BarcodeConfig - <tcpserver><info> Barcode communication - COM port closed: COM3
2026-05-21 00:45:46.588 INFO  o.c.ApplicationCloseListener - <tcpserver><info> Waiting for 3000 msec to receive DAYEND confirmation from CRANE, and then close the TCP connection.
2026-05-21 00:45:49.629 INFO  o.c.TcpServerConfig$$SpringCGLIB$$0 - <tcpclient><info> Connection closed: 127.0.0.1:18196:55594:e0ea5c8e-8116-4876-b0ab-44ded10e5df9
2026-05-21 00:45:49.642 INFO  o.c.TcpServerConfig$$SpringCGLIB$$0 - <tcpserver><info> Connection closed: 127.0.0.1:55594:18196:d34fc0d1-a14c-4caf-87ab-7be9362fbeb7
2026-05-21 00:46:05.640 INFO  o.code_studio.ComPortSchedulerTask - <tcpserver><info> Trying to open COM port for Barcode communication
2026-05-21 00:46:05.855 INFO  o.c.WebSocketServerConfig$$SpringCGLIB$$0 - <wsserver><info> Created WS channel: /app/topic
2026-05-21 00:46:06.064 INFO  o.c.TcpServerConfig$$SpringCGLIB$$0 - <tcpserver><info> TCP server started on port: 18196
2026-05-21 00:46:06.076 INFO  o.c.TcpClientConfig$$SpringCGLIB$$0 - <tcpclient><info> TCP client has been created for server: localhost:18196
2026-05-21 00:46:06.220 INFO  o.c.WebSocketServerConfig$$SpringCGLIB$$0 - <wsserver><info> Created WS server on endpoint: /ws
2026-05-21 00:46:06.698 INFO  o.code_studio.ComPortSchedulerTask - <tcpserver><info> Barcode communication enabled. COM port open: COM3
2026-05-21 00:46:07.969 INFO  o.c.TcpServerConfig$$SpringCGLIB$$0 - <tcpclient><info> Connection established: 127.0.0.1:18196:55675:867996d5-d85e-4ad8-9c14-33e0fa511958
2026-05-21 00:46:07.969 INFO  o.c.TcpServerConfig$$SpringCGLIB$$0 - <tcpserver><info> Connection established: 127.0.0.1:55675:18196:5d50d448-c157-4bb6-957d-414616d48e42
2026-05-21 00:46:07.971 INFO  o.c.CraneClientConnectedListener - <tcpsvr><info> CraneClientConnectedEvent detected
2026-05-21 00:46:08.033 WARN  o.c.ApplicationReadyListener - <tcpsvr><info> Message Flow Automation Debug is ENABLED
2026-05-21 00:46:08.051 INFO  o.c.controller.TcpMessageController - <tcpclient><send> LVS1UST1DA640021052026004608????????01???????001
2026-05-21 00:46:08.068 INFO  o.c.CraneClientConnectedListener - <tcpclient><send> DAYSTART message sent to Crane server
2026-05-21 00:46:08.090 INFO  o.c.TcpServerConfig$$SpringCGLIB$$0 - <tcpserver><recv> LVS1UST1DA640021052026004608????????01???????001
2026-05-21 00:46:08.120 WARN  o.c.m.IncomingMessageProcessor - MessageProcessor::handleError->StatusCode.STATUSUNKNOWN
2026-05-21 00:46:08.125 INFO  o.c.m.IncomingMessageProcessor - SENDER LVS1 | RECEIVER UST1 | MESSAGETYPE DAYSTART | ORDINAL 64 | ERRORCODE OK | SOURCE 21052026 | TARGET 004608 | REPORTPOINT RPUNKNOWN | LETYPE LEUNKNOWN | STATUSCODE AUTOMATIONENABLED | USERDATA null | RAWMESSAGE LVS1UST1DA640021052026004608????????01???????001
2026-05-21 00:46:11.155 INFO  o.c.controller.TcpMessageController - <tcpclient><send> UST1LVS111650021052026004608????????01???????001
2026-05-21 00:46:11.163 INFO  o.c.TcpClientConfig$$SpringCGLIB$$0 - <tcpclient><recv> LVS1UST1DA640021052026004608????????01???????001
2026-05-21 00:46:11.164 INFO  o.c.TcpServerConfig$$SpringCGLIB$$0 - <tcpserver><recv> UST1LVS111650021052026004608????????01???????001
2026-05-21 00:46:11.166 WARN  o.c.m.IncomingMessageProcessor - MessageProcessor::handleError->StatusCode.STATUSUNKNOWN
2026-05-21 00:46:11.167 INFO  o.c.m.IncomingMessageProcessor - SENDER UST1 | RECEIVER LVS1 | MESSAGETYPE DAYSTART | ORDINAL 65 | ERRORCODE OK | SOURCE 21052026 | TARGET 004611 | REPORTPOINT RPUNKNOWN | LETYPE LEUNKNOWN | STATUSCODE AUTOMATIONENABLED | USERDATA null | RAWMESSAGE UST1LVS111650021052026004608????????01???????001
2026-05-21 00:46:11.171 INFO  o.c.TcpClientConfig$$SpringCGLIB$$0 - <tcpclient><recv> LVS1UST1AA650021052026004608????????01???????001
2026-05-21 00:48:24.949 INFO  o.c.ApplicationCloseListener - <tcpserver><info> ApplicationContextClosedEvent detected
2026-05-21 00:48:24.962 INFO  org.code_studio.BarcodeConfig - <tcpserver><info> Barcode communication - COM port closed: COM3
2026-05-21 00:48:24.962 INFO  o.c.ApplicationCloseListener - <tcpserver><info> Waiting for 3000 msec to receive DAYEND confirmation from CRANE, and then close the TCP connection.
2026-05-21 00:48:28.012 INFO  o.c.TcpServerConfig$$SpringCGLIB$$0 - <tcpclient><info> Connection closed: 127.0.0.1:18196:55675:867996d5-d85e-4ad8-9c14-33e0fa511958
2026-05-21 00:48:28.017 INFO  o.c.TcpServerConfig$$SpringCGLIB$$0 - <tcpserver><info> Connection closed: 127.0.0.1:55675:18196:5d50d448-c157-4bb6-957d-414616d48e42
2026-05-21 00:48:42.103 INFO  o.code_studio.ComPortSchedulerTask - <tcpserver><info> Trying to open COM port for Barcode communication
2026-05-21 00:48:42.332 INFO  o.c.WebSocketServerConfig$$SpringCGLIB$$0 - <wsserver><info> Created WS channel: /app/topic
2026-05-21 00:48:42.598 INFO  o.c.TcpServerConfig$$SpringCGLIB$$0 - <tcpserver><info> TCP server started on port: 18196
2026-05-21 00:48:42.609 INFO  o.c.TcpClientConfig$$SpringCGLIB$$0 - <tcpclient><info> TCP client has been created for server: localhost:18196
2026-05-21 00:48:42.738 INFO  o.c.WebSocketServerConfig$$SpringCGLIB$$0 - <wsserver><info> Created WS server on endpoint: /ws
2026-05-21 00:48:42.872 INFO  o.code_studio.ComPortSchedulerTask - <tcpserver><info> Barcode communication enabled. COM port open: COM3
2026-05-21 00:48:44.359 INFO  o.c.TcpServerConfig$$SpringCGLIB$$0 - <tcpserver><info> Connection established: 127.0.0.1:55746:18196:679bec78-b761-4da4-b855-14e240b468cd
2026-05-21 00:48:44.364 INFO  o.c.CraneClientConnectedListener - <tcpsvr><info> CraneClientConnectedEvent detected
2026-05-21 00:48:44.366 INFO  o.c.TcpServerConfig$$SpringCGLIB$$0 - <tcpclient><info> Connection established: 127.0.0.1:18196:55746:c90e62a1-7cf3-4b4a-9f4a-5a20e4b3eeb0
2026-05-21 00:48:44.420 WARN  o.c.ApplicationReadyListener - <tcpsvr><info> Message Flow Automation Debug is ENABLED
2026-05-21 00:48:44.489 INFO  o.c.controller.TcpMessageController - <tcpclient><send> LVS1UST1DA660021052026004844????????01???????001
2026-05-21 00:48:44.517 INFO  o.c.CraneClientConnectedListener - <tcpclient><send> DAYSTART message sent to Crane server
2026-05-21 00:48:44.546 INFO  o.c.TcpServerConfig$$SpringCGLIB$$0 - <tcpserver><recv> LVS1UST1DA660021052026004844????????01???????001
2026-05-21 00:48:44.588 WARN  o.c.m.IncomingMessageProcessor - MessageProcessor::handleError->StatusCode.STATUSUNKNOWN
2026-05-21 00:48:44.592 INFO  o.c.m.IncomingMessageProcessor - SENDER LVS1 | RECEIVER UST1 | MESSAGETYPE DAYSTART | ORDINAL 66 | ERRORCODE OK | SOURCE 21052026 | TARGET 004844 | REPORTPOINT RPUNKNOWN | LETYPE LEUNKNOWN | STATUSCODE AUTOMATIONENABLED | USERDATA null | RAWMESSAGE LVS1UST1DA660021052026004844????????01???????001
2026-05-21 00:48:47.646 INFO  o.c.controller.TcpMessageController - <tcpclient><send> UST1LVS111670021052026004844????????01???????001
2026-05-21 00:48:47.657 INFO  o.c.TcpClientConfig$$SpringCGLIB$$0 - <tcpclient><recv> LVS1UST1DA660021052026004844????????01???????001
2026-05-21 00:48:47.661 INFO  o.c.TcpServerConfig$$SpringCGLIB$$0 - <tcpserver><recv> UST1LVS111670021052026004844????????01???????001
2026-05-21 00:48:47.671 WARN  o.c.m.IncomingMessageProcessor - MessageProcessor::handleError->StatusCode.STATUSUNKNOWN
2026-05-21 00:48:47.673 INFO  o.c.m.IncomingMessageProcessor - SENDER UST1 | RECEIVER LVS1 | MESSAGETYPE DAYSTART | ORDINAL 67 | ERRORCODE OK | SOURCE 21052026 | TARGET 004847 | REPORTPOINT RPUNKNOWN | LETYPE LEUNKNOWN | STATUSCODE AUTOMATIONENABLED | USERDATA null | RAWMESSAGE UST1LVS111670021052026004844????????01???????001
2026-05-21 00:48:47.678 INFO  o.c.TcpClientConfig$$SpringCGLIB$$0 - <tcpclient><recv> LVS1UST1AA670021052026004844????????01???????001
2026-05-21 00:51:03.014 INFO  o.c.ApplicationCloseListener - <tcpserver><info> ApplicationContextClosedEvent detected
2026-05-21 00:51:03.034 INFO  org.code_studio.BarcodeConfig - <tcpserver><info> Barcode communication - COM port closed: COM3
2026-05-21 00:51:03.035 INFO  o.c.ApplicationCloseListener - <tcpserver><info> Waiting for 3000 msec to receive DAYEND confirmation from CRANE, and then close the TCP connection.
2026-05-21 00:51:06.074 INFO  o.c.TcpServerConfig$$SpringCGLIB$$0 - <tcpclient><info> Connection closed: 127.0.0.1:18196:55746:c90e62a1-7cf3-4b4a-9f4a-5a20e4b3eeb0
2026-05-21 00:51:06.115 INFO  o.c.TcpServerConfig$$SpringCGLIB$$0 - <tcpserver><info> Connection closed: 127.0.0.1:55746:18196:679bec78-b761-4da4-b855-14e240b468cd
2026-05-21 00:51:32.260 INFO  o.code_studio.ComPortSchedulerTask - <tcpserver><info> Trying to open COM port for Barcode communication
2026-05-21 00:51:32.430 INFO  o.c.WebSocketServerConfig$$SpringCGLIB$$0 - <wsserver><info> Created WS channel: /app/topic
2026-05-21 00:51:32.717 INFO  o.c.TcpServerConfig$$SpringCGLIB$$0 - <tcpserver><info> TCP server started on port: 18196
2026-05-21 00:51:32.725 INFO  o.c.TcpClientConfig$$SpringCGLIB$$0 - <tcpclient><info> TCP client has been created for server: localhost:18196
2026-05-21 00:51:32.831 INFO  o.c.WebSocketServerConfig$$SpringCGLIB$$0 - <wsserver><info> Created WS server on endpoint: /ws
2026-05-21 00:51:33.148 INFO  o.code_studio.ComPortSchedulerTask - <tcpserver><info> Barcode communication enabled. COM port open: COM3
2026-05-21 00:51:34.302 INFO  o.c.TcpServerConfig$$SpringCGLIB$$0 - <tcpclient><info> Connection established: 127.0.0.1:18196:55831:8f8bd268-56d8-420d-a403-8ad57261992a
2026-05-21 00:51:34.302 INFO  o.c.TcpServerConfig$$SpringCGLIB$$0 - <tcpserver><info> Connection established: 127.0.0.1:55831:18196:fd864dca-8bf9-485f-aa17-5b47025690fe
2026-05-21 00:51:34.305 INFO  o.c.CraneClientConnectedListener - <tcpsvr><info> CraneClientConnectedEvent detected
2026-05-21 00:51:34.367 INFO  o.c.controller.TcpMessageController - <tcpclient><send> LVS1UST1DA680021052026005134????????01???????001
2026-05-21 00:51:34.382 INFO  o.c.CraneClientConnectedListener - <tcpclient><send> DAYSTART message sent to Crane server
2026-05-21 00:51:34.384 WARN  o.c.ApplicationReadyListener - <tcpsvr><info> Message Flow Automation Debug is ENABLED
2026-05-21 00:51:34.415 INFO  o.c.TcpServerConfig$$SpringCGLIB$$0 - <tcpserver><recv> LVS1UST1DA680021052026005134????????01???????001
2026-05-21 00:51:34.442 WARN  o.c.m.IncomingMessageProcessor - MessageProcessor::handleError->StatusCode.STATUSUNKNOWN
2026-05-21 00:51:34.446 INFO  o.c.m.IncomingMessageProcessor - SENDER LVS1 | RECEIVER UST1 | MESSAGETYPE DAYSTART | ORDINAL 68 | ERRORCODE OK | SOURCE 21052026 | TARGET 005134 | REPORTPOINT RPUNKNOWN | LETYPE LEUNKNOWN | STATUSCODE AUTOMATIONENABLED | USERDATA null | RAWMESSAGE LVS1UST1DA680021052026005134????????01???????001
2026-05-21 00:51:37.469 INFO  o.c.controller.TcpMessageController - <tcpclient><send> UST1LVS111690021052026005134????????01???????001
2026-05-21 00:51:37.473 INFO  o.c.TcpServerConfig$$SpringCGLIB$$0 - <tcpserver><recv> UST1LVS111690021052026005134????????01???????001
2026-05-21 00:51:37.473 INFO  o.c.TcpClientConfig$$SpringCGLIB$$0 - <tcpclient><recv> LVS1UST1DA680021052026005134????????01???????001
2026-05-21 00:51:37.474 WARN  o.c.m.IncomingMessageProcessor - MessageProcessor::handleError->StatusCode.STATUSUNKNOWN
2026-05-21 00:51:37.475 INFO  o.c.m.IncomingMessageProcessor - SENDER UST1 | RECEIVER LVS1 | MESSAGETYPE DAYSTART | ORDINAL 69 | ERRORCODE OK | SOURCE 21052026 | TARGET 005137 | REPORTPOINT RPUNKNOWN | LETYPE LEUNKNOWN | STATUSCODE AUTOMATIONENABLED | USERDATA null | RAWMESSAGE UST1LVS111690021052026005134????????01???????001
2026-05-21 00:51:37.476 INFO  o.c.TcpClientConfig$$SpringCGLIB$$0 - <tcpclient><recv> LVS1UST1AA690021052026005134????????01???????001
2026-05-21 00:55:31.345 INFO  o.c.ApplicationCloseListener - <tcpserver><info> ApplicationContextClosedEvent detected
2026-05-21 00:55:31.378 INFO  org.code_studio.BarcodeConfig - <tcpserver><info> Barcode communication - COM port closed: COM3
2026-05-21 00:55:31.379 INFO  o.c.ApplicationCloseListener - <tcpserver><info> Waiting for 3000 msec to receive DAYEND confirmation from CRANE, and then close the TCP connection.
2026-05-21 00:55:34.676 INFO  o.c.TcpServerConfig$$SpringCGLIB$$0 - <tcpclient><info> Connection closed: 127.0.0.1:18196:55831:8f8bd268-56d8-420d-a403-8ad57261992a
2026-05-21 00:55:34.699 INFO  o.c.TcpServerConfig$$SpringCGLIB$$0 - <tcpserver><info> Connection closed: 127.0.0.1:55831:18196:fd864dca-8bf9-485f-aa17-5b47025690fe
2026-05-21 00:55:34.697 ERROR o.s.i.i.t.c.TcpNetServerConnectionFactory - Error on ServerSocket; port = 18196
java.net.SocketException: Socket closed
	at java.base/sun.nio.ch.NioSocketImpl.endAccept(NioSocketImpl.java:676)
	at java.base/sun.nio.ch.NioSocketImpl.accept(NioSocketImpl.java:749)
	at java.base/java.net.ServerSocket.implAccept(ServerSocket.java:593)
	at java.base/java.net.ServerSocket.platformImplAccept(ServerSocket.java:560)
	at java.base/java.net.ServerSocket.implAccept(ServerSocket.java:536)
	at java.base/java.net.ServerSocket.implAccept(ServerSocket.java:482)
	at java.base/java.net.ServerSocket.accept(ServerSocket.java:441)
	at org.springframework.integration.ip.tcp.connection.TcpNetServerConnectionFactory.acceptConnectionAndExecute(TcpNetServerConnectionFactory.java:168)
	at org.springframework.integration.ip.tcp.connection.TcpNetServerConnectionFactory.run(TcpNetServerConnectionFactory.java:120)
	at java.base/java.util.concurrent.ThreadPoolExecutor.runWorker(ThreadPoolExecutor.java:1095)
	at java.base/java.util.concurrent.ThreadPoolExecutor$Worker.run(ThreadPoolExecutor.java:619)
	at java.base/java.lang.Thread.run(Thread.java:1447)
2026-05-21 00:56:05.654 INFO  o.code_studio.ComPortSchedulerTask - <tcpserver><info> Trying to open COM port for Barcode communication
2026-05-21 00:56:05.911 INFO  o.c.WebSocketServerConfig$$SpringCGLIB$$0 - <wsserver><info> Created WS channel: /app/topic
2026-05-21 00:56:06.370 INFO  o.c.TcpServerConfig$$SpringCGLIB$$0 - <tcpserver><info> TCP server started on port: 18196
2026-05-21 00:56:06.396 INFO  o.c.TcpClientConfig$$SpringCGLIB$$0 - <tcpclient><info> TCP client has been created for server: localhost:18196
2026-05-21 00:56:06.563 INFO  o.c.WebSocketServerConfig$$SpringCGLIB$$0 - <wsserver><info> Created WS server on endpoint: /ws
2026-05-21 00:56:07.042 INFO  o.code_studio.ComPortSchedulerTask - <tcpserver><info> Barcode communication enabled. COM port open: COM3
2026-05-21 00:56:13.102 INFO  o.c.TcpServerConfig$$SpringCGLIB$$0 - <tcpserver><info> Connection established: 127.0.0.1:55936:18196:53ac2f2c-0ad7-494c-b9dc-9f900153653f
2026-05-21 00:56:13.104 INFO  o.c.CraneClientConnectedListener - <tcpsvr><info> CraneClientConnectedEvent detected
2026-05-21 00:56:13.106 INFO  o.c.TcpServerConfig$$SpringCGLIB$$0 - <tcpclient><info> Connection established: 127.0.0.1:18196:55936:3f4dba7a-2f78-4cd9-a8c4-6adf43bc156f
2026-05-21 00:56:13.238 WARN  o.c.ApplicationReadyListener - <tcpsvr><info> Message Flow Automation Debug is ENABLED
2026-05-21 00:56:13.257 INFO  o.c.controller.TcpMessageController - <tcpclient><send> LVS1UST1DA700021052026005613????????01???????001
2026-05-21 00:56:13.274 INFO  o.c.CraneClientConnectedListener - <tcpclient><send> DAYSTART message sent to Crane server
2026-05-21 00:56:13.316 INFO  o.c.TcpServerConfig$$SpringCGLIB$$0 - <tcpserver><recv> LVS1UST1DA700021052026005613????????01???????001
2026-05-21 00:56:13.355 WARN  o.c.m.IncomingMessageProcessor - MessageProcessor::handleError->StatusCode.STATUSUNKNOWN
2026-05-21 00:56:13.370 INFO  o.c.m.IncomingMessageProcessor - SENDER LVS1 | RECEIVER UST1 | MESSAGETYPE DAYSTART | ORDINAL 70 | ERRORCODE OK | SOURCE 21052026 | TARGET 005613 | REPORTPOINT RPUNKNOWN | LETYPE LEUNKNOWN | STATUSCODE AUTOMATIONENABLED | USERDATA null | RAWMESSAGE LVS1UST1DA700021052026005613????????01???????001
2026-05-21 00:56:16.392 INFO  o.c.controller.TcpMessageController - <tcpclient><send> UST1LVS111710021052026005613????????01???????001
2026-05-21 00:56:16.395 INFO  o.c.TcpClientConfig$$SpringCGLIB$$0 - <tcpclient><recv> LVS1UST1DA700021052026005613????????01???????001
2026-05-21 00:56:16.396 INFO  o.c.TcpServerConfig$$SpringCGLIB$$0 - <tcpserver><recv> UST1LVS111710021052026005613????????01???????001
2026-05-21 00:56:16.397 WARN  o.c.m.IncomingMessageProcessor - MessageProcessor::handleError->StatusCode.STATUSUNKNOWN
2026-05-21 00:56:16.397 INFO  o.c.m.IncomingMessageProcessor - SENDER UST1 | RECEIVER LVS1 | MESSAGETYPE DAYSTART | ORDINAL 71 | ERRORCODE OK | SOURCE 21052026 | TARGET 005616 | REPORTPOINT RPUNKNOWN | LETYPE LEUNKNOWN | STATUSCODE AUTOMATIONENABLED | USERDATA null | RAWMESSAGE UST1LVS111710021052026005613????????01???????001
2026-05-21 00:56:16.398 INFO  o.c.TcpClientConfig$$SpringCGLIB$$0 - <tcpclient><recv> LVS1UST1AA710021052026005613????????01???????001
2026-05-21 00:59:28.695 INFO  o.c.ApplicationCloseListener - <tcpserver><info> ApplicationContextClosedEvent detected
2026-05-21 00:59:28.708 INFO  org.code_studio.BarcodeConfig - <tcpserver><info> Barcode communication - COM port closed: COM3
2026-05-21 00:59:28.709 INFO  o.c.ApplicationCloseListener - <tcpserver><info> Waiting for 3000 msec to receive DAYEND confirmation from CRANE, and then close the TCP connection.
2026-05-21 00:59:31.766 INFO  o.c.TcpServerConfig$$SpringCGLIB$$0 - <tcpclient><info> Connection closed: 127.0.0.1:18196:55936:3f4dba7a-2f78-4cd9-a8c4-6adf43bc156f
2026-05-21 00:59:31.782 INFO  o.c.TcpServerConfig$$SpringCGLIB$$0 - <tcpserver><info> Connection closed: 127.0.0.1:55936:18196:53ac2f2c-0ad7-494c-b9dc-9f900153653f
2026-05-21 00:59:53.008 INFO  o.code_studio.ComPortSchedulerTask - <tcpserver><info> Trying to open COM port for Barcode communication
2026-05-21 00:59:53.232 INFO  o.c.WebSocketServerConfig$$SpringCGLIB$$0 - <wsserver><info> Created WS channel: /app/topic
2026-05-21 00:59:53.534 INFO  o.c.TcpServerConfig$$SpringCGLIB$$0 - <tcpserver><info> TCP server started on port: 18196
2026-05-21 00:59:53.546 INFO  o.c.TcpClientConfig$$SpringCGLIB$$0 - <tcpclient><info> TCP client has been created for server: localhost:18196
2026-05-21 00:59:53.568 INFO  o.code_studio.ComPortSchedulerTask - <tcpserver><info> Barcode communication enabled. COM port open: COM3
2026-05-21 00:59:53.686 INFO  o.c.WebSocketServerConfig$$SpringCGLIB$$0 - <wsserver><info> Created WS server on endpoint: /ws
2026-05-21 00:59:55.620 INFO  o.c.TcpServerConfig$$SpringCGLIB$$0 - <tcpserver><info> Connection established: 127.0.0.1:56009:18196:170fd8b5-7d06-41a0-8de9-de365f9a09f3
2026-05-21 00:59:55.622 INFO  o.c.CraneClientConnectedListener - <tcpsvr><info> CraneClientConnectedEvent detected
2026-05-21 00:59:55.624 INFO  o.c.TcpServerConfig$$SpringCGLIB$$0 - <tcpclient><info> Connection established: 127.0.0.1:18196:56009:6ef960f8-dba6-4987-b7f3-c611979a0f86
2026-05-21 00:59:55.709 WARN  o.c.ApplicationReadyListener - <tcpsvr><info> Message Flow Automation Debug is ENABLED
2026-05-21 00:59:55.886 INFO  o.c.controller.TcpMessageController - <tcpclient><send> LVS1UST1DA720021052026005955????????01???????001
2026-05-21 00:59:55.906 INFO  o.c.CraneClientConnectedListener - <tcpclient><send> DAYSTART message sent to Crane server
2026-05-21 00:59:55.943 INFO  o.c.TcpServerConfig$$SpringCGLIB$$0 - <tcpserver><recv> LVS1UST1DA720021052026005955????????01???????001
2026-05-21 00:59:56.003 WARN  o.c.m.IncomingMessageProcessor - MessageProcessor::handleError->StatusCode.STATUSUNKNOWN
2026-05-21 00:59:56.008 INFO  o.c.m.IncomingMessageProcessor - SENDER LVS1 | RECEIVER UST1 | MESSAGETYPE DAYSTART | ORDINAL 72 | ERRORCODE OK | SOURCE 21052026 | TARGET 005955 | REPORTPOINT RPUNKNOWN | LETYPE LEUNKNOWN | STATUSCODE AUTOMATIONENABLED | USERDATA null | RAWMESSAGE LVS1UST1DA720021052026005955????????01???????001
2026-05-21 00:59:59.106 INFO  o.c.controller.TcpMessageController - <tcpclient><send> UST1LVS111730021052026005955????????01???????001
2026-05-21 00:59:59.109 INFO  o.c.TcpClientConfig$$SpringCGLIB$$0 - <tcpclient><recv> LVS1UST1DA720021052026005955????????01???????001
2026-05-21 00:59:59.109 INFO  o.c.TcpServerConfig$$SpringCGLIB$$0 - <tcpserver><recv> UST1LVS111730021052026005955????????01???????001
2026-05-21 00:59:59.110 WARN  o.c.m.IncomingMessageProcessor - MessageProcessor::handleError->StatusCode.STATUSUNKNOWN
2026-05-21 00:59:59.111 INFO  o.c.m.IncomingMessageProcessor - SENDER UST1 | RECEIVER LVS1 | MESSAGETYPE DAYSTART | ORDINAL 73 | ERRORCODE OK | SOURCE 21052026 | TARGET 005959 | REPORTPOINT RPUNKNOWN | LETYPE LEUNKNOWN | STATUSCODE AUTOMATIONENABLED | USERDATA null | RAWMESSAGE UST1LVS111730021052026005955????????01???????001
2026-05-21 00:59:59.112 INFO  o.c.TcpClientConfig$$SpringCGLIB$$0 - <tcpclient><recv> LVS1UST1AA730021052026005955????????01???????001
2026-05-21 01:03:08.558 INFO  o.c.ApplicationCloseListener - <tcpserver><info> ApplicationContextClosedEvent detected
2026-05-21 01:03:08.655 INFO  org.code_studio.BarcodeConfig - <tcpserver><info> Barcode communication - COM port closed: COM3
2026-05-21 01:03:08.656 INFO  o.c.ApplicationCloseListener - <tcpserver><info> Waiting for 3000 msec to receive DAYEND confirmation from CRANE, and then close the TCP connection.
2026-05-21 01:03:11.906 INFO  o.c.TcpServerConfig$$SpringCGLIB$$0 - <tcpclient><info> Connection closed: 127.0.0.1:18196:56009:6ef960f8-dba6-4987-b7f3-c611979a0f86
2026-05-21 01:03:11.966 INFO  o.c.TcpServerConfig$$SpringCGLIB$$0 - <tcpserver><info> Connection closed: 127.0.0.1:56009:18196:170fd8b5-7d06-41a0-8de9-de365f9a09f3
2026-05-21 01:03:26.061 INFO  o.code_studio.ComPortSchedulerTask - <tcpserver><info> Trying to open COM port for Barcode communication
2026-05-21 01:03:26.238 INFO  o.c.WebSocketServerConfig$$SpringCGLIB$$0 - <wsserver><info> Created WS channel: /app/topic
2026-05-21 01:03:26.440 INFO  o.c.TcpServerConfig$$SpringCGLIB$$0 - <tcpserver><info> TCP server started on port: 18196
2026-05-21 01:03:26.448 INFO  o.c.TcpClientConfig$$SpringCGLIB$$0 - <tcpclient><info> TCP client has been created for server: localhost:18196
2026-05-21 01:03:26.543 INFO  o.c.WebSocketServerConfig$$SpringCGLIB$$0 - <wsserver><info> Created WS server on endpoint: /ws
2026-05-21 01:03:27.414 INFO  o.code_studio.ComPortSchedulerTask - <tcpserver><info> Barcode communication enabled. COM port open: COM3
2026-05-21 01:03:27.704 INFO  o.c.TcpServerConfig$$SpringCGLIB$$0 - <tcpserver><info> Connection established: 127.0.0.1:56092:18196:ab96c3ab-9d17-49a7-acf4-8654aad0bb7c
2026-05-21 01:03:27.704 INFO  o.c.TcpServerConfig$$SpringCGLIB$$0 - <tcpclient><info> Connection established: 127.0.0.1:18196:56092:39eb7de8-2270-4037-8559-acd073fb5943
2026-05-21 01:03:27.706 INFO  o.c.CraneClientConnectedListener - <tcpsvr><info> CraneClientConnectedEvent detected
2026-05-21 01:03:27.771 INFO  o.c.controller.TcpMessageController - <tcpclient><send> LVS1UST1DA740021052026010327????????01???????001
2026-05-21 01:03:27.780 WARN  o.c.ApplicationReadyListener - <tcpsvr><info> Message Flow Automation Debug is ENABLED
2026-05-21 01:03:27.787 INFO  o.c.CraneClientConnectedListener - <tcpclient><send> DAYSTART message sent to Crane server
2026-05-21 01:03:27.815 INFO  o.c.TcpServerConfig$$SpringCGLIB$$0 - <tcpserver><recv> LVS1UST1DA740021052026010327????????01???????001
2026-05-21 01:03:27.842 WARN  o.c.m.IncomingMessageProcessor - MessageProcessor::handleError->StatusCode.STATUSUNKNOWN
2026-05-21 01:03:27.847 INFO  o.c.m.IncomingMessageProcessor - SENDER LVS1 | RECEIVER UST1 | MESSAGETYPE DAYSTART | ORDINAL 74 | ERRORCODE OK | SOURCE 21052026 | TARGET 010327 | REPORTPOINT RPUNKNOWN | LETYPE LEUNKNOWN | STATUSCODE AUTOMATIONENABLED | USERDATA null | RAWMESSAGE LVS1UST1DA740021052026010327????????01???????001
2026-05-21 01:03:30.875 INFO  o.c.controller.TcpMessageController - <tcpclient><send> UST1LVS111750021052026010327????????01???????001
2026-05-21 01:03:30.879 INFO  o.c.TcpClientConfig$$SpringCGLIB$$0 - <tcpclient><recv> LVS1UST1DA740021052026010327????????01???????001
2026-05-21 01:03:30.880 INFO  o.c.TcpServerConfig$$SpringCGLIB$$0 - <tcpserver><recv> UST1LVS111750021052026010327????????01???????001
2026-05-21 01:03:30.883 WARN  o.c.m.IncomingMessageProcessor - MessageProcessor::handleError->StatusCode.STATUSUNKNOWN
2026-05-21 01:03:30.883 INFO  o.c.m.IncomingMessageProcessor - SENDER UST1 | RECEIVER LVS1 | MESSAGETYPE DAYSTART | ORDINAL 75 | ERRORCODE OK | SOURCE 21052026 | TARGET 010330 | REPORTPOINT RPUNKNOWN | LETYPE LEUNKNOWN | STATUSCODE AUTOMATIONENABLED | USERDATA null | RAWMESSAGE UST1LVS111750021052026010327????????01???????001
2026-05-21 01:03:30.885 INFO  o.c.TcpClientConfig$$SpringCGLIB$$0 - <tcpclient><recv> LVS1UST1AA750021052026010327????????01???????001
2026-05-21 01:07:41.398 INFO  o.c.ApplicationCloseListener - <tcpserver><info> ApplicationContextClosedEvent detected
2026-05-21 01:07:41.420 INFO  org.code_studio.BarcodeConfig - <tcpserver><info> Barcode communication - COM port closed: COM3
2026-05-21 01:07:41.421 INFO  o.c.ApplicationCloseListener - <tcpserver><info> Waiting for 3000 msec to receive DAYEND confirmation from CRANE, and then close the TCP connection.
2026-05-21 01:07:44.525 INFO  o.c.TcpServerConfig$$SpringCGLIB$$0 - <tcpclient><info> Connection closed: 127.0.0.1:18196:56092:39eb7de8-2270-4037-8559-acd073fb5943
2026-05-21 01:07:44.558 INFO  o.c.TcpServerConfig$$SpringCGLIB$$0 - <tcpserver><info> Connection closed: 127.0.0.1:56092:18196:ab96c3ab-9d17-49a7-acf4-8654aad0bb7c
2026-05-21 01:08:00.444 INFO  o.code_studio.ComPortSchedulerTask - <tcpserver><info> Trying to open COM port for Barcode communication
2026-05-21 01:08:00.633 INFO  o.c.WebSocketServerConfig$$SpringCGLIB$$0 - <wsserver><info> Created WS channel: /app/topic
2026-05-21 01:08:00.881 INFO  o.c.TcpServerConfig$$SpringCGLIB$$0 - <tcpserver><info> TCP server started on port: 18196
2026-05-21 01:08:00.888 INFO  o.c.TcpClientConfig$$SpringCGLIB$$0 - <tcpclient><info> TCP client has been created for server: localhost:18196
2026-05-21 01:08:00.983 INFO  o.c.WebSocketServerConfig$$SpringCGLIB$$0 - <wsserver><info> Created WS server on endpoint: /ws
2026-05-21 01:08:01.272 INFO  o.code_studio.ComPortSchedulerTask - <tcpserver><info> Barcode communication enabled. COM port open: COM3
2026-05-21 01:08:03.614 INFO  o.c.TcpServerConfig$$SpringCGLIB$$0 - <tcpserver><info> Connection established: 127.0.0.1:56172:18196:a6fed610-d75d-4c37-b3dc-70a9a2bfbc90
2026-05-21 01:08:03.614 INFO  o.c.TcpServerConfig$$SpringCGLIB$$0 - <tcpclient><info> Connection established: 127.0.0.1:18196:56172:a45d0488-d806-4283-9711-cc63583f1de5
2026-05-21 01:08:03.616 INFO  o.c.CraneClientConnectedListener - <tcpsvr><info> CraneClientConnectedEvent detected
2026-05-21 01:08:03.703 WARN  o.c.ApplicationReadyListener - <tcpsvr><info> Message Flow Automation Debug is ENABLED
2026-05-21 01:08:03.708 INFO  o.c.controller.TcpMessageController - <tcpclient><send> LVS1UST1DA760021052026010803????????01???????001
2026-05-21 01:08:03.727 INFO  o.c.CraneClientConnectedListener - <tcpclient><send> DAYSTART message sent to Crane server
2026-05-21 01:08:03.756 INFO  o.c.TcpServerConfig$$SpringCGLIB$$0 - <tcpserver><recv> LVS1UST1DA760021052026010803????????01???????001
2026-05-21 01:08:03.794 WARN  o.c.m.IncomingMessageProcessor - MessageProcessor::handleError->StatusCode.STATUSUNKNOWN
2026-05-21 01:08:03.799 INFO  o.c.m.IncomingMessageProcessor - SENDER LVS1 | RECEIVER UST1 | MESSAGETYPE DAYSTART | ORDINAL 76 | ERRORCODE OK | SOURCE 21052026 | TARGET 010803 | REPORTPOINT RPUNKNOWN | LETYPE LEUNKNOWN | STATUSCODE AUTOMATIONENABLED | USERDATA null | RAWMESSAGE LVS1UST1DA760021052026010803????????01???????001
2026-05-21 01:08:06.830 INFO  o.c.controller.TcpMessageController - <tcpclient><send> UST1LVS111770021052026010803????????01???????001
2026-05-21 01:08:06.832 INFO  o.c.TcpClientConfig$$SpringCGLIB$$0 - <tcpclient><recv> LVS1UST1DA760021052026010803????????01???????001
2026-05-21 01:08:06.833 INFO  o.c.TcpServerConfig$$SpringCGLIB$$0 - <tcpserver><recv> UST1LVS111770021052026010803????????01???????001
2026-05-21 01:08:06.834 WARN  o.c.m.IncomingMessageProcessor - MessageProcessor::handleError->StatusCode.STATUSUNKNOWN
2026-05-21 01:08:06.835 INFO  o.c.m.IncomingMessageProcessor - SENDER UST1 | RECEIVER LVS1 | MESSAGETYPE DAYSTART | ORDINAL 77 | ERRORCODE OK | SOURCE 21052026 | TARGET 010806 | REPORTPOINT RPUNKNOWN | LETYPE LEUNKNOWN | STATUSCODE AUTOMATIONENABLED | USERDATA null | RAWMESSAGE UST1LVS111770021052026010803????????01???????001
2026-05-21 01:08:06.836 INFO  o.c.TcpClientConfig$$SpringCGLIB$$0 - <tcpclient><recv> LVS1UST1AA770021052026010803????????01???????001
2026-05-21 01:10:30.356 INFO  o.c.ApplicationCloseListener - <tcpserver><info> ApplicationContextClosedEvent detected
2026-05-21 01:10:30.368 INFO  org.code_studio.BarcodeConfig - <tcpserver><info> Barcode communication - COM port closed: COM3
2026-05-21 01:10:30.368 INFO  o.c.ApplicationCloseListener - <tcpserver><info> Waiting for 3000 msec to receive DAYEND confirmation from CRANE, and then close the TCP connection.
2026-05-21 01:10:33.427 INFO  o.c.TcpServerConfig$$SpringCGLIB$$0 - <tcpclient><info> Connection closed: 127.0.0.1:18196:56172:a45d0488-d806-4283-9711-cc63583f1de5
2026-05-21 01:10:33.436 INFO  o.c.TcpServerConfig$$SpringCGLIB$$0 - <tcpserver><info> Connection closed: 127.0.0.1:56172:18196:a6fed610-d75d-4c37-b3dc-70a9a2bfbc90
2026-05-21 01:10:46.550 INFO  o.code_studio.ComPortSchedulerTask - <tcpserver><info> Trying to open COM port for Barcode communication
2026-05-21 01:10:46.769 INFO  o.c.WebSocketServerConfig$$SpringCGLIB$$0 - <wsserver><info> Created WS channel: /app/topic
2026-05-21 01:10:47.049 INFO  o.c.TcpServerConfig$$SpringCGLIB$$0 - <tcpserver><info> TCP server started on port: 18196
2026-05-21 01:10:47.071 INFO  o.c.TcpClientConfig$$SpringCGLIB$$0 - <tcpclient><info> TCP client has been created for server: localhost:18196
2026-05-21 01:10:47.219 INFO  o.c.WebSocketServerConfig$$SpringCGLIB$$0 - <wsserver><info> Created WS server on endpoint: /ws
2026-05-21 01:10:47.686 INFO  o.code_studio.ComPortSchedulerTask - <tcpserver><info> Barcode communication enabled. COM port open: COM3
2026-05-21 01:10:48.902 INFO  o.c.TcpServerConfig$$SpringCGLIB$$0 - <tcpserver><info> Connection established: 127.0.0.1:56236:18196:dedfb401-990b-42b2-b532-a87ad4381bec
2026-05-21 01:10:48.907 INFO  o.c.CraneClientConnectedListener - <tcpsvr><info> CraneClientConnectedEvent detected
2026-05-21 01:10:48.909 INFO  o.c.TcpServerConfig$$SpringCGLIB$$0 - <tcpclient><info> Connection established: 127.0.0.1:18196:56236:682d507a-d8e8-43a9-b5f5-af1858bbcbf5
2026-05-21 01:10:48.965 WARN  o.c.ApplicationReadyListener - <tcpsvr><info> Message Flow Automation Debug is ENABLED
2026-05-21 01:10:48.986 INFO  o.c.controller.TcpMessageController - <tcpclient><send> LVS1UST1DA780021052026011048????????01???????001
2026-05-21 01:10:48.999 INFO  o.c.CraneClientConnectedListener - <tcpclient><send> DAYSTART message sent to Crane server
2026-05-21 01:10:49.025 INFO  o.c.TcpServerConfig$$SpringCGLIB$$0 - <tcpserver><recv> LVS1UST1DA780021052026011048????????01???????001
2026-05-21 01:10:49.056 WARN  o.c.m.IncomingMessageProcessor - MessageProcessor::handleError->StatusCode.STATUSUNKNOWN
2026-05-21 01:10:49.060 INFO  o.c.m.IncomingMessageProcessor - SENDER LVS1 | RECEIVER UST1 | MESSAGETYPE DAYSTART | ORDINAL 78 | ERRORCODE OK | SOURCE 21052026 | TARGET 011049 | REPORTPOINT RPUNKNOWN | LETYPE LEUNKNOWN | STATUSCODE AUTOMATIONENABLED | USERDATA null | RAWMESSAGE LVS1UST1DA780021052026011048????????01???????001
2026-05-21 01:10:52.080 INFO  o.c.controller.TcpMessageController - <tcpclient><send> UST1LVS111790021052026011049????????01???????001
2026-05-21 01:10:52.085 INFO  o.c.TcpClientConfig$$SpringCGLIB$$0 - <tcpclient><recv> LVS1UST1DA780021052026011048????????01???????001
2026-05-21 01:10:52.087 INFO  o.c.TcpServerConfig$$SpringCGLIB$$0 - <tcpserver><recv> UST1LVS111790021052026011049????????01???????001
2026-05-21 01:10:52.089 WARN  o.c.m.IncomingMessageProcessor - MessageProcessor::handleError->StatusCode.STATUSUNKNOWN
2026-05-21 01:10:52.090 INFO  o.c.m.IncomingMessageProcessor - SENDER UST1 | RECEIVER LVS1 | MESSAGETYPE DAYSTART | ORDINAL 79 | ERRORCODE OK | SOURCE 21052026 | TARGET 011052 | REPORTPOINT RPUNKNOWN | LETYPE LEUNKNOWN | STATUSCODE AUTOMATIONENABLED | USERDATA null | RAWMESSAGE UST1LVS111790021052026011049????????01???????001
2026-05-21 01:10:52.091 INFO  o.c.TcpClientConfig$$SpringCGLIB$$0 - <tcpclient><recv> LVS1UST1AA790021052026011049????????01???????001
2026-05-21 04:50:56.555 INFO  o.c.ApplicationCloseListener - <tcpserver><info> ApplicationContextClosedEvent detected
2026-05-21 04:50:56.598 INFO  org.code_studio.BarcodeConfig - <tcpserver><info> Barcode communication - COM port closed: COM3
2026-05-21 04:50:56.602 INFO  o.c.ApplicationCloseListener - <tcpserver><info> Waiting for 3000 msec to receive DAYEND confirmation from CRANE, and then close the TCP connection.
2026-05-21 04:50:59.834 INFO  o.c.TcpServerConfig$$SpringCGLIB$$0 - <tcpclient><info> Connection closed: 127.0.0.1:18196:56236:682d507a-d8e8-43a9-b5f5-af1858bbcbf5
2026-05-21 04:50:59.876 INFO  o.c.TcpServerConfig$$SpringCGLIB$$0 - <tcpserver><info> Connection closed: 127.0.0.1:56236:18196:dedfb401-990b-42b2-b532-a87ad4381bec
2026-05-21 04:52:07.941 INFO  o.code_studio.ComPortSchedulerTask - <tcpserver><info> Trying to open COM port for Barcode communication
2026-05-21 04:52:08.115 INFO  o.c.WebSocketServerConfig$$SpringCGLIB$$0 - <wsserver><info> Created WS channel: /app/topic
2026-05-21 04:52:08.317 INFO  o.c.TcpServerConfig$$SpringCGLIB$$0 - <tcpserver><info> TCP server started on port: 18196
2026-05-21 04:52:08.328 INFO  o.c.TcpClientConfig$$SpringCGLIB$$0 - <tcpclient><info> TCP client has been created for server: localhost:18196
2026-05-21 04:52:08.476 INFO  o.c.WebSocketServerConfig$$SpringCGLIB$$0 - <wsserver><info> Created WS server on endpoint: /ws
2026-05-21 04:52:09.909 INFO  o.code_studio.ComPortSchedulerTask - <tcpserver><info> Barcode communication enabled. COM port open: COM3
2026-05-21 04:52:10.600 INFO  o.c.TcpServerConfig$$SpringCGLIB$$0 - <tcpserver><info> Connection established: 127.0.0.1:58274:18196:5b3fa6c1-0536-4480-ab16-abe1e1fa9950
2026-05-21 04:52:10.601 INFO  o.c.TcpServerConfig$$SpringCGLIB$$0 - <tcpclient><info> Connection established: 127.0.0.1:18196:58274:560155ba-35bb-492b-a23d-2486e3277139
2026-05-21 04:52:10.603 INFO  o.c.CraneClientConnectedListener - <tcpsvr><info> CraneClientConnectedEvent detected
2026-05-21 04:52:10.664 WARN  o.c.ApplicationReadyListener - <tcpsvr><info> Message Flow Automation Debug is ENABLED
2026-05-21 04:52:10.666 INFO  o.c.controller.TcpMessageController - <tcpclient><send> LVS1UST1DA800021052026045210????????01???????001
2026-05-21 04:52:10.680 INFO  o.c.CraneClientConnectedListener - <tcpclient><send> DAYSTART message sent to Crane server
2026-05-21 04:52:10.701 INFO  o.c.TcpServerConfig$$SpringCGLIB$$0 - <tcpserver><recv> LVS1UST1DA800021052026045210????????01???????001
2026-05-21 04:52:10.770 WARN  o.c.m.IncomingMessageProcessor - MessageProcessor::handleError->StatusCode.STATUSUNKNOWN
2026-05-21 04:52:10.774 INFO  o.c.m.IncomingMessageProcessor - SENDER LVS1 | RECEIVER UST1 | MESSAGETYPE DAYSTART | ORDINAL 80 | ERRORCODE OK | SOURCE 21052026 | TARGET 045210 | REPORTPOINT RPUNKNOWN | LETYPE LEUNKNOWN | STATUSCODE AUTOMATIONENABLED | USERDATA null | RAWMESSAGE LVS1UST1DA800021052026045210????????01???????001
2026-05-21 04:52:13.798 INFO  o.c.controller.TcpMessageController - <tcpclient><send> UST1LVS111810021052026045210????????01???????001
2026-05-21 04:52:13.800 INFO  o.c.TcpClientConfig$$SpringCGLIB$$0 - <tcpclient><recv> LVS1UST1DA800021052026045210????????01???????001
2026-05-21 04:52:13.800 INFO  o.c.TcpServerConfig$$SpringCGLIB$$0 - <tcpserver><recv> UST1LVS111810021052026045210????????01???????001
2026-05-21 04:52:13.802 WARN  o.c.m.IncomingMessageProcessor - MessageProcessor::handleError->StatusCode.STATUSUNKNOWN
2026-05-21 04:52:13.803 INFO  o.c.m.IncomingMessageProcessor - SENDER UST1 | RECEIVER LVS1 | MESSAGETYPE DAYSTART | ORDINAL 81 | ERRORCODE OK | SOURCE 21052026 | TARGET 045213 | REPORTPOINT RPUNKNOWN | LETYPE LEUNKNOWN | STATUSCODE AUTOMATIONENABLED | USERDATA null | RAWMESSAGE UST1LVS111810021052026045210????????01???????001
2026-05-21 04:52:13.805 INFO  o.c.TcpClientConfig$$SpringCGLIB$$0 - <tcpclient><recv> LVS1UST1AA810021052026045210????????01???????001
2026-05-21 05:01:32.198 INFO  o.c.ApplicationCloseListener - <tcpserver><info> ApplicationContextClosedEvent detected
2026-05-21 05:01:32.221 INFO  org.code_studio.BarcodeConfig - <tcpserver><info> Barcode communication - COM port closed: COM3
2026-05-21 05:01:32.222 INFO  o.c.ApplicationCloseListener - <tcpserver><info> Waiting for 3000 msec to receive DAYEND confirmation from CRANE, and then close the TCP connection.
2026-05-21 05:01:36.293 INFO  o.c.TcpServerConfig$$SpringCGLIB$$0 - <tcpclient><info> Connection closed: 127.0.0.1:18196:58274:560155ba-35bb-492b-a23d-2486e3277139
2026-05-21 05:01:36.317 INFO  o.c.TcpServerConfig$$SpringCGLIB$$0 - <tcpserver><info> Connection closed: 127.0.0.1:58274:18196:5b3fa6c1-0536-4480-ab16-abe1e1fa9950
2026-05-21 05:01:55.591 INFO  o.code_studio.ComPortSchedulerTask - <tcpserver><info> Trying to open COM port for Barcode communication
2026-05-21 05:01:55.776 INFO  o.c.WebSocketServerConfig$$SpringCGLIB$$0 - <wsserver><info> Created WS channel: /app/topic
2026-05-21 05:01:56.033 INFO  o.c.TcpServerConfig$$SpringCGLIB$$0 - <tcpserver><info> TCP server started on port: 18196
2026-05-21 05:01:56.042 INFO  o.c.TcpClientConfig$$SpringCGLIB$$0 - <tcpclient><info> TCP client has been created for server: localhost:18196
2026-05-21 05:01:56.149 INFO  o.c.WebSocketServerConfig$$SpringCGLIB$$0 - <wsserver><info> Created WS server on endpoint: /ws
2026-05-21 05:01:56.553 INFO  o.code_studio.ComPortSchedulerTask - <tcpserver><info> Barcode communication enabled. COM port open: COM3
2026-05-21 05:01:57.621 INFO  o.c.TcpServerConfig$$SpringCGLIB$$0 - <tcpserver><info> Connection established: 127.0.0.1:58443:18196:48414e1a-e473-4b90-a2a7-31371c0416f3
2026-05-21 05:01:57.629 INFO  o.c.CraneClientConnectedListener - <tcpsvr><info> CraneClientConnectedEvent detected
2026-05-21 05:01:57.635 INFO  o.c.TcpServerConfig$$SpringCGLIB$$0 - <tcpclient><info> Connection established: 127.0.0.1:18196:58443:d6a68802-0654-4261-881b-034da6a15247
2026-05-21 05:01:57.696 WARN  o.c.ApplicationReadyListener - <tcpsvr><info> Message Flow Automation Debug is ENABLED
2026-05-21 05:01:57.708 INFO  o.c.controller.TcpMessageController - <tcpclient><send> LVS1UST1DA820021052026050157????????01???????001
2026-05-21 05:01:57.731 INFO  o.c.CraneClientConnectedListener - <tcpclient><send> DAYSTART message sent to Crane server
2026-05-21 05:01:57.756 INFO  o.c.TcpServerConfig$$SpringCGLIB$$0 - <tcpserver><recv> LVS1UST1DA820021052026050157????????01???????001
2026-05-21 05:01:57.784 WARN  o.c.m.IncomingMessageProcessor - MessageProcessor::handleError->StatusCode.STATUSUNKNOWN
2026-05-21 05:01:57.789 INFO  o.c.m.IncomingMessageProcessor - SENDER LVS1 | RECEIVER UST1 | MESSAGETYPE DAYSTART | ORDINAL 82 | ERRORCODE OK | SOURCE 21052026 | TARGET 050157 | REPORTPOINT RPUNKNOWN | LETYPE LEUNKNOWN | STATUSCODE AUTOMATIONENABLED | USERDATA null | RAWMESSAGE LVS1UST1DA820021052026050157????????01???????001
2026-05-21 05:02:00.820 INFO  o.c.controller.TcpMessageController - <tcpclient><send> UST1LVS111830021052026050157????????01???????001
2026-05-21 05:02:00.823 INFO  o.c.TcpClientConfig$$SpringCGLIB$$0 - <tcpclient><recv> LVS1UST1DA820021052026050157????????01???????001
2026-05-21 05:02:00.823 INFO  o.c.TcpServerConfig$$SpringCGLIB$$0 - <tcpserver><recv> UST1LVS111830021052026050157????????01???????001
2026-05-21 05:02:00.825 WARN  o.c.m.IncomingMessageProcessor - MessageProcessor::handleError->StatusCode.STATUSUNKNOWN
2026-05-21 05:02:00.825 INFO  o.c.m.IncomingMessageProcessor - SENDER UST1 | RECEIVER LVS1 | MESSAGETYPE DAYSTART | ORDINAL 83 | ERRORCODE OK | SOURCE 21052026 | TARGET 050200 | REPORTPOINT RPUNKNOWN | LETYPE LEUNKNOWN | STATUSCODE AUTOMATIONENABLED | USERDATA null | RAWMESSAGE UST1LVS111830021052026050157????????01???????001
2026-05-21 05:02:00.827 INFO  o.c.TcpClientConfig$$SpringCGLIB$$0 - <tcpclient><recv> LVS1UST1AA830021052026050157????????01???????001
2026-05-21 05:09:03.062 INFO  o.c.ApplicationCloseListener - <tcpserver><info> ApplicationContextClosedEvent detected
2026-05-21 05:09:03.085 INFO  org.code_studio.BarcodeConfig - <tcpserver><info> Barcode communication - COM port closed: COM3
2026-05-21 05:09:03.086 INFO  o.c.ApplicationCloseListener - <tcpserver><info> Waiting for 3000 msec to receive DAYEND confirmation from CRANE, and then close the TCP connection.
2026-05-21 05:09:06.173 INFO  o.c.TcpServerConfig$$SpringCGLIB$$0 - <tcpclient><info> Connection closed: 127.0.0.1:18196:58443:d6a68802-0654-4261-881b-034da6a15247
2026-05-21 05:09:06.204 INFO  o.c.TcpServerConfig$$SpringCGLIB$$0 - <tcpserver><info> Connection closed: 127.0.0.1:58443:18196:48414e1a-e473-4b90-a2a7-31371c0416f3
2026-05-21 05:09:28.255 INFO  o.code_studio.ComPortSchedulerTask - <tcpserver><info> Trying to open COM port for Barcode communication
2026-05-21 05:09:28.452 INFO  o.c.WebSocketServerConfig$$SpringCGLIB$$0 - <wsserver><info> Created WS channel: /app/topic
2026-05-21 05:09:28.673 INFO  o.c.TcpServerConfig$$SpringCGLIB$$0 - <tcpserver><info> TCP server started on port: 18196
2026-05-21 05:09:28.684 INFO  o.c.TcpClientConfig$$SpringCGLIB$$0 - <tcpclient><info> TCP client has been created for server: localhost:18196
2026-05-21 05:09:28.796 INFO  o.c.WebSocketServerConfig$$SpringCGLIB$$0 - <wsserver><info> Created WS server on endpoint: /ws
2026-05-21 05:09:29.709 INFO  o.code_studio.ComPortSchedulerTask - <tcpserver><info> Barcode communication enabled. COM port open: COM3
2026-05-21 05:09:30.168 INFO  o.c.TcpServerConfig$$SpringCGLIB$$0 - <tcpclient><info> Connection established: 127.0.0.1:18196:58594:8319bcb5-defb-4474-a20b-54226318bbee
2026-05-21 05:09:30.168 INFO  o.c.TcpServerConfig$$SpringCGLIB$$0 - <tcpserver><info> Connection established: 127.0.0.1:58594:18196:d878c51a-f0ee-4a44-a564-6d703e71390b
2026-05-21 05:09:30.171 INFO  o.c.CraneClientConnectedListener - <tcpsvr><info> CraneClientConnectedEvent detected
2026-05-21 05:09:30.234 INFO  o.c.controller.TcpMessageController - <tcpclient><send> LVS1UST1DA840021052026050930????????01???????001
2026-05-21 05:09:30.236 WARN  o.c.ApplicationReadyListener - <tcpsvr><info> Message Flow Automation Debug is ENABLED
2026-05-21 05:09:30.250 INFO  o.c.CraneClientConnectedListener - <tcpclient><send> DAYSTART message sent to Crane server
2026-05-21 05:09:30.272 INFO  o.c.TcpServerConfig$$SpringCGLIB$$0 - <tcpserver><recv> LVS1UST1DA840021052026050930????????01???????001
2026-05-21 05:09:30.305 WARN  o.c.m.IncomingMessageProcessor - MessageProcessor::handleError->StatusCode.STATUSUNKNOWN
2026-05-21 05:09:30.309 INFO  o.c.m.IncomingMessageProcessor - SENDER LVS1 | RECEIVER UST1 | MESSAGETYPE DAYSTART | ORDINAL 84 | ERRORCODE OK | SOURCE 21052026 | TARGET 050930 | REPORTPOINT RPUNKNOWN | LETYPE LEUNKNOWN | STATUSCODE AUTOMATIONENABLED | USERDATA null | RAWMESSAGE LVS1UST1DA840021052026050930????????01???????001
2026-05-21 05:09:33.348 INFO  o.c.controller.TcpMessageController - <tcpclient><send> UST1LVS111850021052026050930????????01???????001
2026-05-21 05:09:33.352 INFO  o.c.TcpServerConfig$$SpringCGLIB$$0 - <tcpserver><recv> UST1LVS111850021052026050930????????01???????001
2026-05-21 05:09:33.352 INFO  o.c.TcpClientConfig$$SpringCGLIB$$0 - <tcpclient><recv> LVS1UST1DA840021052026050930????????01???????001
2026-05-21 05:09:33.354 WARN  o.c.m.IncomingMessageProcessor - MessageProcessor::handleError->StatusCode.STATUSUNKNOWN
2026-05-21 05:09:33.355 INFO  o.c.m.IncomingMessageProcessor - SENDER UST1 | RECEIVER LVS1 | MESSAGETYPE DAYSTART | ORDINAL 85 | ERRORCODE OK | SOURCE 21052026 | TARGET 050933 | REPORTPOINT RPUNKNOWN | LETYPE LEUNKNOWN | STATUSCODE AUTOMATIONENABLED | USERDATA null | RAWMESSAGE UST1LVS111850021052026050930????????01???????001
2026-05-21 05:09:33.357 INFO  o.c.TcpClientConfig$$SpringCGLIB$$0 - <tcpclient><recv> LVS1UST1AA850021052026050930????????01???????001
2026-05-21 05:13:22.993 INFO  o.c.ApplicationCloseListener - <tcpserver><info> ApplicationContextClosedEvent detected
2026-05-21 05:13:23.010 INFO  org.code_studio.BarcodeConfig - <tcpserver><info> Barcode communication - COM port closed: COM3
2026-05-21 05:13:23.011 INFO  o.c.ApplicationCloseListener - <tcpserver><info> Waiting for 3000 msec to receive DAYEND confirmation from CRANE, and then close the TCP connection.
2026-05-21 05:13:26.213 INFO  o.c.TcpServerConfig$$SpringCGLIB$$0 - <tcpclient><info> Connection closed: 127.0.0.1:18196:58594:8319bcb5-defb-4474-a20b-54226318bbee
2026-05-21 05:13:26.225 INFO  o.c.TcpServerConfig$$SpringCGLIB$$0 - <tcpserver><info> Connection closed: 127.0.0.1:58594:18196:d878c51a-f0ee-4a44-a564-6d703e71390b
2026-05-21 05:13:48.845 INFO  o.code_studio.ComPortSchedulerTask - <tcpserver><info> Trying to open COM port for Barcode communication
2026-05-21 05:13:49.051 INFO  o.c.WebSocketServerConfig$$SpringCGLIB$$0 - <wsserver><info> Created WS channel: /app/topic
2026-05-21 05:13:49.328 INFO  o.c.TcpServerConfig$$SpringCGLIB$$0 - <tcpserver><info> TCP server started on port: 18196
2026-05-21 05:13:49.340 INFO  o.c.TcpClientConfig$$SpringCGLIB$$0 - <tcpclient><info> TCP client has been created for server: localhost:18196
2026-05-21 05:13:49.466 INFO  o.c.WebSocketServerConfig$$SpringCGLIB$$0 - <wsserver><info> Created WS server on endpoint: /ws
2026-05-21 05:13:50.912 INFO  o.c.TcpServerConfig$$SpringCGLIB$$0 - <tcpserver><info> Connection established: 127.0.0.1:58679:18196:0f990655-583f-4447-bd5c-8300b0f57998
2026-05-21 05:13:50.912 INFO  o.c.TcpServerConfig$$SpringCGLIB$$0 - <tcpclient><info> Connection established: 127.0.0.1:18196:58679:134b89d3-122a-44d5-9e42-484b765dc983
2026-05-21 05:13:50.913 INFO  o.c.CraneClientConnectedListener - <tcpsvr><info> CraneClientConnectedEvent detected
2026-05-21 05:13:50.964 WARN  o.c.ApplicationReadyListener - <tcpsvr><info> Message Flow Automation Debug is ENABLED
2026-05-21 05:13:50.979 INFO  o.c.controller.TcpMessageController - <tcpclient><send> LVS1UST1DA860021052026051350????????01???????001
2026-05-21 05:13:50.982 INFO  o.code_studio.ComPortSchedulerTask - <tcpserver><info> Barcode communication enabled. COM port open: COM3
2026-05-21 05:13:50.993 INFO  o.c.CraneClientConnectedListener - <tcpclient><send> DAYSTART message sent to Crane server
2026-05-21 05:13:51.025 INFO  o.c.TcpServerConfig$$SpringCGLIB$$0 - <tcpserver><recv> LVS1UST1DA860021052026051350????????01???????001
2026-05-21 05:13:51.050 WARN  o.c.m.IncomingMessageProcessor - MessageProcessor::handleError->StatusCode.STATUSUNKNOWN
2026-05-21 05:13:51.056 INFO  o.c.m.IncomingMessageProcessor - SENDER LVS1 | RECEIVER UST1 | MESSAGETYPE DAYSTART | ORDINAL 86 | ERRORCODE OK | SOURCE 21052026 | TARGET 051351 | REPORTPOINT RPUNKNOWN | LETYPE LEUNKNOWN | STATUSCODE AUTOMATIONENABLED | USERDATA null | RAWMESSAGE LVS1UST1DA860021052026051350????????01???????001
2026-05-21 05:13:54.077 INFO  o.c.controller.TcpMessageController - <tcpclient><send> UST1LVS111870021052026051351????????01???????001
2026-05-21 05:13:54.082 INFO  o.c.TcpClientConfig$$SpringCGLIB$$0 - <tcpclient><recv> LVS1UST1DA860021052026051350????????01???????001
2026-05-21 05:13:54.083 INFO  o.c.TcpServerConfig$$SpringCGLIB$$0 - <tcpserver><recv> UST1LVS111870021052026051351????????01???????001
2026-05-21 05:13:54.085 WARN  o.c.m.IncomingMessageProcessor - MessageProcessor::handleError->StatusCode.STATUSUNKNOWN
2026-05-21 05:13:54.085 INFO  o.c.m.IncomingMessageProcessor - SENDER UST1 | RECEIVER LVS1 | MESSAGETYPE DAYSTART | ORDINAL 87 | ERRORCODE OK | SOURCE 21052026 | TARGET 051354 | REPORTPOINT RPUNKNOWN | LETYPE LEUNKNOWN | STATUSCODE AUTOMATIONENABLED | USERDATA null | RAWMESSAGE UST1LVS111870021052026051351????????01???????001
2026-05-21 05:13:54.087 INFO  o.c.TcpClientConfig$$SpringCGLIB$$0 - <tcpclient><recv> LVS1UST1AA870021052026051351????????01???????001
2026-05-21 05:17:10.815 INFO  o.c.ApplicationCloseListener - <tcpserver><info> ApplicationContextClosedEvent detected
2026-05-21 05:17:10.830 INFO  org.code_studio.BarcodeConfig - <tcpserver><info> Barcode communication - COM port closed: COM3
2026-05-21 05:17:10.831 INFO  o.c.ApplicationCloseListener - <tcpserver><info> Waiting for 3000 msec to receive DAYEND confirmation from CRANE, and then close the TCP connection.
2026-05-21 05:17:13.917 INFO  o.c.TcpServerConfig$$SpringCGLIB$$0 - <tcpclient><info> Connection closed: 127.0.0.1:18196:58679:134b89d3-122a-44d5-9e42-484b765dc983
2026-05-21 05:17:13.942 INFO  o.c.TcpServerConfig$$SpringCGLIB$$0 - <tcpserver><info> Connection closed: 127.0.0.1:58679:18196:0f990655-583f-4447-bd5c-8300b0f57998
2026-05-21 05:17:38.013 INFO  o.code_studio.ComPortSchedulerTask - <tcpserver><info> Trying to open COM port for Barcode communication
2026-05-21 05:17:38.275 INFO  o.c.WebSocketServerConfig$$SpringCGLIB$$0 - <wsserver><info> Created WS channel: /app/topic
2026-05-21 05:17:38.532 INFO  o.c.TcpServerConfig$$SpringCGLIB$$0 - <tcpserver><info> TCP server started on port: 18196
2026-05-21 05:17:38.545 INFO  o.c.TcpClientConfig$$SpringCGLIB$$0 - <tcpclient><info> TCP client has been created for server: localhost:18196
2026-05-21 05:17:38.676 INFO  o.code_studio.ComPortSchedulerTask - <tcpserver><info> Barcode communication enabled. COM port open: COM3
2026-05-21 05:17:38.682 INFO  o.c.WebSocketServerConfig$$SpringCGLIB$$0 - <wsserver><info> Created WS server on endpoint: /ws
2026-05-21 05:17:40.209 INFO  o.c.TcpServerConfig$$SpringCGLIB$$0 - <tcpclient><info> Connection established: 127.0.0.1:18196:58758:82196481-5c8b-4b03-8c31-ef3142b0d656
2026-05-21 05:17:40.210 INFO  o.c.TcpServerConfig$$SpringCGLIB$$0 - <tcpserver><info> Connection established: 127.0.0.1:58758:18196:598b9af5-52d1-4fb5-8a01-07cea1562694
2026-05-21 05:17:40.212 INFO  o.c.CraneClientConnectedListener - <tcpsvr><info> CraneClientConnectedEvent detected
2026-05-21 05:17:40.269 WARN  o.c.ApplicationReadyListener - <tcpsvr><info> Message Flow Automation Debug is ENABLED
2026-05-21 05:17:40.289 INFO  o.c.controller.TcpMessageController - <tcpclient><send> LVS1UST1DA880021052026051740????????01???????001
2026-05-21 05:17:40.302 INFO  o.c.CraneClientConnectedListener - <tcpclient><send> DAYSTART message sent to Crane server
2026-05-21 05:17:40.325 INFO  o.c.TcpServerConfig$$SpringCGLIB$$0 - <tcpserver><recv> LVS1UST1DA880021052026051740????????01???????001
2026-05-21 05:17:40.515 WARN  o.c.m.IncomingMessageProcessor - MessageProcessor::handleError->StatusCode.STATUSUNKNOWN
2026-05-21 05:17:40.523 INFO  o.c.m.IncomingMessageProcessor - SENDER LVS1 | RECEIVER UST1 | MESSAGETYPE DAYSTART | ORDINAL 88 | ERRORCODE OK | SOURCE 21052026 | TARGET 051740 | REPORTPOINT RPUNKNOWN | LETYPE LEUNKNOWN | STATUSCODE AUTOMATIONENABLED | USERDATA null | RAWMESSAGE LVS1UST1DA880021052026051740????????01???????001
2026-05-21 05:17:43.580 INFO  o.c.controller.TcpMessageController - <tcpclient><send> UST1LVS111890021052026051740????????01???????001
2026-05-21 05:17:43.584 INFO  o.c.TcpClientConfig$$SpringCGLIB$$0 - <tcpclient><recv> LVS1UST1DA880021052026051740????????01???????001
2026-05-21 05:17:43.586 INFO  o.c.TcpServerConfig$$SpringCGLIB$$0 - <tcpserver><recv> UST1LVS111890021052026051740????????01???????001
2026-05-21 05:17:43.587 WARN  o.c.m.IncomingMessageProcessor - MessageProcessor::handleError->StatusCode.STATUSUNKNOWN
2026-05-21 05:17:43.587 INFO  o.c.m.IncomingMessageProcessor - SENDER UST1 | RECEIVER LVS1 | MESSAGETYPE DAYSTART | ORDINAL 89 | ERRORCODE OK | SOURCE 21052026 | TARGET 051743 | REPORTPOINT RPUNKNOWN | LETYPE LEUNKNOWN | STATUSCODE AUTOMATIONENABLED | USERDATA null | RAWMESSAGE UST1LVS111890021052026051740????????01???????001
2026-05-21 05:17:43.588 INFO  o.c.TcpClientConfig$$SpringCGLIB$$0 - <tcpclient><recv> LVS1UST1AA890021052026051740????????01???????001
2026-05-21 05:20:51.122 INFO  o.c.ApplicationCloseListener - <tcpserver><info> ApplicationContextClosedEvent detected
2026-05-21 05:20:51.140 INFO  org.code_studio.BarcodeConfig - <tcpserver><info> Barcode communication - COM port closed: COM3
2026-05-21 05:20:51.141 INFO  o.c.ApplicationCloseListener - <tcpserver><info> Waiting for 3000 msec to receive DAYEND confirmation from CRANE, and then close the TCP connection.
2026-05-21 05:20:54.239 INFO  o.c.TcpServerConfig$$SpringCGLIB$$0 - <tcpclient><info> Connection closed: 127.0.0.1:18196:58758:82196481-5c8b-4b03-8c31-ef3142b0d656
2026-05-21 05:20:54.253 INFO  o.c.TcpServerConfig$$SpringCGLIB$$0 - <tcpserver><info> Connection closed: 127.0.0.1:58758:18196:598b9af5-52d1-4fb5-8a01-07cea1562694
2026-05-21 05:21:13.404 INFO  o.code_studio.ComPortSchedulerTask - <tcpserver><info> Trying to open COM port for Barcode communication
2026-05-21 05:21:13.639 INFO  o.c.WebSocketServerConfig$$SpringCGLIB$$0 - <wsserver><info> Created WS channel: /app/topic
2026-05-21 05:21:13.959 INFO  o.c.TcpServerConfig$$SpringCGLIB$$0 - <tcpserver><info> TCP server started on port: 18196
2026-05-21 05:21:13.972 INFO  o.c.TcpClientConfig$$SpringCGLIB$$0 - <tcpclient><info> TCP client has been created for server: localhost:18196
2026-05-21 05:21:14.180 INFO  o.c.WebSocketServerConfig$$SpringCGLIB$$0 - <wsserver><info> Created WS server on endpoint: /ws
2026-05-21 05:21:15.055 INFO  o.code_studio.ComPortSchedulerTask - <tcpserver><info> Barcode communication enabled. COM port open: COM3
2026-05-21 05:21:15.900 INFO  o.c.TcpServerConfig$$SpringCGLIB$$0 - <tcpserver><info> Connection established: 127.0.0.1:58838:18196:c9d05a73-043b-459c-8c5e-4f727fe98f89
2026-05-21 05:21:15.903 INFO  o.c.CraneClientConnectedListener - <tcpsvr><info> CraneClientConnectedEvent detected
2026-05-21 05:21:15.921 INFO  o.c.TcpServerConfig$$SpringCGLIB$$0 - <tcpclient><info> Connection established: 127.0.0.1:18196:58838:abb9271e-7706-4a16-815f-1e53ab8ace6e
2026-05-21 05:21:16.110 WARN  o.c.ApplicationReadyListener - <tcpsvr><info> Message Flow Automation Debug is ENABLED
2026-05-21 05:21:16.223 INFO  o.c.controller.TcpMessageController - <tcpclient><send> LVS1UST1DA900021052026052116????????01???????001
2026-05-21 05:21:16.310 INFO  o.c.CraneClientConnectedListener - <tcpclient><send> DAYSTART message sent to Crane server
2026-05-21 05:21:16.419 INFO  o.c.TcpServerConfig$$SpringCGLIB$$0 - <tcpserver><recv> LVS1UST1DA900021052026052116????????01???????001
2026-05-21 05:21:16.486 WARN  o.c.m.IncomingMessageProcessor - MessageProcessor::handleError->StatusCode.STATUSUNKNOWN
2026-05-21 05:21:16.493 INFO  o.c.m.IncomingMessageProcessor - SENDER LVS1 | RECEIVER UST1 | MESSAGETYPE DAYSTART | ORDINAL 90 | ERRORCODE OK | SOURCE 21052026 | TARGET 052116 | REPORTPOINT RPUNKNOWN | LETYPE LEUNKNOWN | STATUSCODE AUTOMATIONENABLED | USERDATA null | RAWMESSAGE LVS1UST1DA900021052026052116????????01???????001
2026-05-21 05:21:19.538 INFO  o.c.controller.TcpMessageController - <tcpclient><send> UST1LVS111910021052026052116????????01???????001
2026-05-21 05:21:19.543 INFO  o.c.TcpClientConfig$$SpringCGLIB$$0 - <tcpclient><recv> LVS1UST1DA900021052026052116????????01???????001
2026-05-21 05:21:19.545 INFO  o.c.TcpServerConfig$$SpringCGLIB$$0 - <tcpserver><recv> UST1LVS111910021052026052116????????01???????001
2026-05-21 05:21:19.547 WARN  o.c.m.IncomingMessageProcessor - MessageProcessor::handleError->StatusCode.STATUSUNKNOWN
2026-05-21 05:21:19.547 INFO  o.c.m.IncomingMessageProcessor - SENDER UST1 | RECEIVER LVS1 | MESSAGETYPE DAYSTART | ORDINAL 91 | ERRORCODE OK | SOURCE 21052026 | TARGET 052119 | REPORTPOINT RPUNKNOWN | LETYPE LEUNKNOWN | STATUSCODE AUTOMATIONENABLED | USERDATA null | RAWMESSAGE UST1LVS111910021052026052116????????01???????001
2026-05-21 05:21:19.549 INFO  o.c.TcpClientConfig$$SpringCGLIB$$0 - <tcpclient><recv> LVS1UST1AA910021052026052116????????01???????001
2026-05-21 05:28:58.307 INFO  o.c.ApplicationCloseListener - <tcpserver><info> ApplicationContextClosedEvent detected
2026-05-21 05:28:58.330 INFO  org.code_studio.BarcodeConfig - <tcpserver><info> Barcode communication - COM port closed: COM3
2026-05-21 05:28:58.333 INFO  o.c.ApplicationCloseListener - <tcpserver><info> Waiting for 3000 msec to receive DAYEND confirmation from CRANE, and then close the TCP connection.
2026-05-21 05:29:02.317 INFO  o.c.TcpServerConfig$$SpringCGLIB$$0 - <tcpclient><info> Connection closed: 127.0.0.1:18196:58838:abb9271e-7706-4a16-815f-1e53ab8ace6e
2026-05-21 05:29:02.349 INFO  o.c.TcpServerConfig$$SpringCGLIB$$0 - <tcpserver><info> Connection closed: 127.0.0.1:58838:18196:c9d05a73-043b-459c-8c5e-4f727fe98f89
2026-05-21 05:29:33.277 INFO  o.code_studio.ComPortSchedulerTask - <tcpserver><info> Trying to open COM port for Barcode communication
2026-05-21 05:29:33.497 INFO  o.c.WebSocketServerConfig$$SpringCGLIB$$0 - <wsserver><info> Created WS channel: /app/topic
2026-05-21 05:29:33.780 INFO  o.c.TcpServerConfig$$SpringCGLIB$$0 - <tcpserver><info> TCP server started on port: 18196
2026-05-21 05:29:33.792 INFO  o.c.TcpClientConfig$$SpringCGLIB$$0 - <tcpclient><info> TCP client has been created for server: localhost:18196
2026-05-21 05:29:33.994 INFO  o.c.WebSocketServerConfig$$SpringCGLIB$$0 - <wsserver><info> Created WS server on endpoint: /ws
2026-05-21 05:29:34.190 INFO  o.code_studio.ComPortSchedulerTask - <tcpserver><info> Barcode communication enabled. COM port open: COM3
2026-05-21 05:29:35.572 INFO  o.c.TcpServerConfig$$SpringCGLIB$$0 - <tcpclient><info> Connection established: 127.0.0.1:18196:58973:119a7e5c-a7f5-4570-8541-9d2f8e3aa072
2026-05-21 05:29:35.572 INFO  o.c.TcpServerConfig$$SpringCGLIB$$0 - <tcpserver><info> Connection established: 127.0.0.1:58973:18196:6da59915-6b62-4972-a0a4-db6e0ee8d50c
2026-05-21 05:29:35.575 INFO  o.c.CraneClientConnectedListener - <tcpsvr><info> CraneClientConnectedEvent detected
2026-05-21 05:29:35.634 WARN  o.c.ApplicationReadyListener - <tcpsvr><info> Message Flow Automation Debug is ENABLED
2026-05-21 05:29:35.653 INFO  o.c.controller.TcpMessageController - <tcpclient><send> LVS1UST1DA920021052026052935????????01???????001
2026-05-21 05:29:35.671 INFO  o.c.CraneClientConnectedListener - <tcpclient><send> DAYSTART message sent to Crane server
2026-05-21 05:29:35.702 INFO  o.c.TcpServerConfig$$SpringCGLIB$$0 - <tcpserver><recv> LVS1UST1DA920021052026052935????????01???????001
2026-05-21 05:29:35.753 WARN  o.c.m.IncomingMessageProcessor - MessageProcessor::handleError->StatusCode.STATUSUNKNOWN
2026-05-21 05:29:35.758 INFO  o.c.m.IncomingMessageProcessor - SENDER LVS1 | RECEIVER UST1 | MESSAGETYPE DAYSTART | ORDINAL 92 | ERRORCODE OK | SOURCE 21052026 | TARGET 052935 | REPORTPOINT RPUNKNOWN | LETYPE LEUNKNOWN | STATUSCODE AUTOMATIONENABLED | USERDATA null | RAWMESSAGE LVS1UST1DA920021052026052935????????01???????001
2026-05-21 05:29:38.829 INFO  o.c.controller.TcpMessageController - <tcpclient><send> UST1LVS111930021052026052935????????01???????001
2026-05-21 05:29:38.831 INFO  o.c.TcpClientConfig$$SpringCGLIB$$0 - <tcpclient><recv> LVS1UST1DA920021052026052935????????01???????001
2026-05-21 05:29:38.832 INFO  o.c.TcpServerConfig$$SpringCGLIB$$0 - <tcpserver><recv> UST1LVS111930021052026052935????????01???????001
2026-05-21 05:29:38.832 WARN  o.c.m.IncomingMessageProcessor - MessageProcessor::handleError->StatusCode.STATUSUNKNOWN
2026-05-21 05:29:38.833 INFO  o.c.m.IncomingMessageProcessor - SENDER UST1 | RECEIVER LVS1 | MESSAGETYPE DAYSTART | ORDINAL 93 | ERRORCODE OK | SOURCE 21052026 | TARGET 052938 | REPORTPOINT RPUNKNOWN | LETYPE LEUNKNOWN | STATUSCODE AUTOMATIONENABLED | USERDATA null | RAWMESSAGE UST1LVS111930021052026052935????????01???????001
2026-05-21 05:29:38.834 INFO  o.c.TcpClientConfig$$SpringCGLIB$$0 - <tcpclient><recv> LVS1UST1AA930021052026052935????????01???????001
2026-05-21 05:30:24.162 INFO  o.c.ApplicationCloseListener - <tcpserver><info> ApplicationContextClosedEvent detected
2026-05-21 05:30:24.164 INFO  org.code_studio.BarcodeConfig - <tcpserver><info> Barcode communication - COM port closed: COM3
2026-05-21 05:30:24.165 INFO  o.c.ApplicationCloseListener - <tcpserver><info> Waiting for 3000 msec to receive DAYEND confirmation from CRANE, and then close the TCP connection.
2026-05-21 05:30:27.179 INFO  o.c.TcpServerConfig$$SpringCGLIB$$0 - <tcpclient><info> Connection closed: 127.0.0.1:18196:58973:119a7e5c-a7f5-4570-8541-9d2f8e3aa072
2026-05-21 05:30:27.197 INFO  o.c.TcpServerConfig$$SpringCGLIB$$0 - <tcpserver><info> Connection closed: 127.0.0.1:58973:18196:6da59915-6b62-4972-a0a4-db6e0ee8d50c
2026-05-21 05:33:06.752 INFO  o.code_studio.ComPortSchedulerTask - <tcpserver><info> Trying to open COM port for Barcode communication
2026-05-21 05:33:07.131 INFO  o.c.WebSocketServerConfig$$SpringCGLIB$$0 - <wsserver><info> Created WS channel: /app/topic
2026-05-21 05:33:07.371 INFO  o.c.TcpServerConfig$$SpringCGLIB$$0 - <tcpserver><info> TCP server started on port: 18196
2026-05-21 05:33:07.382 INFO  o.c.TcpClientConfig$$SpringCGLIB$$0 - <tcpclient><info> TCP client has been created for server: localhost:18196
2026-05-21 05:33:07.479 INFO  o.c.WebSocketServerConfig$$SpringCGLIB$$0 - <wsserver><info> Created WS server on endpoint: /ws
2026-05-21 05:33:08.015 INFO  o.code_studio.ComPortSchedulerTask - <tcpserver><info> Barcode communication enabled. COM port open: COM3
2026-05-21 05:33:09.068 INFO  o.c.TcpServerConfig$$SpringCGLIB$$0 - <tcpserver><info> Connection established: 127.0.0.1:59030:18196:38c8a15b-3382-4a8f-a2f7-ac488507375e
2026-05-21 05:33:09.074 INFO  o.c.CraneClientConnectedListener - <tcpsvr><info> CraneClientConnectedEvent detected
2026-05-21 05:33:09.091 INFO  o.c.TcpServerConfig$$SpringCGLIB$$0 - <tcpclient><info> Connection established: 127.0.0.1:18196:59030:f54a8ba7-4c82-4158-9959-6b6341201a51
2026-05-21 05:33:09.133 WARN  o.c.ApplicationReadyListener - <tcpsvr><info> Message Flow Automation Debug is ENABLED
2026-05-21 05:33:09.154 INFO  o.c.controller.TcpMessageController - <tcpclient><send> LVS1UST1DA940021052026053309????????01???????001
2026-05-21 05:33:09.168 INFO  o.c.CraneClientConnectedListener - <tcpclient><send> DAYSTART message sent to Crane server
2026-05-21 05:33:09.201 INFO  o.c.TcpServerConfig$$SpringCGLIB$$0 - <tcpserver><recv> LVS1UST1DA940021052026053309????????01???????001
2026-05-21 05:33:09.232 WARN  o.c.m.IncomingMessageProcessor - MessageProcessor::handleError->StatusCode.STATUSUNKNOWN
2026-05-21 05:33:09.237 INFO  o.c.m.IncomingMessageProcessor - SENDER LVS1 | RECEIVER UST1 | MESSAGETYPE DAYSTART | ORDINAL 94 | ERRORCODE OK | SOURCE 21052026 | TARGET 053309 | REPORTPOINT RPUNKNOWN | LETYPE LEUNKNOWN | STATUSCODE AUTOMATIONENABLED | USERDATA null | RAWMESSAGE LVS1UST1DA940021052026053309????????01???????001
2026-05-21 05:33:12.261 INFO  o.c.controller.TcpMessageController - <tcpclient><send> UST1LVS111950021052026053309????????01???????001
2026-05-21 05:33:12.263 INFO  o.c.TcpClientConfig$$SpringCGLIB$$0 - <tcpclient><recv> LVS1UST1DA940021052026053309????????01???????001
2026-05-21 05:33:12.264 INFO  o.c.TcpServerConfig$$SpringCGLIB$$0 - <tcpserver><recv> UST1LVS111950021052026053309????????01???????001
2026-05-21 05:33:12.265 WARN  o.c.m.IncomingMessageProcessor - MessageProcessor::handleError->StatusCode.STATUSUNKNOWN
2026-05-21 05:33:12.266 INFO  o.c.m.IncomingMessageProcessor - SENDER UST1 | RECEIVER LVS1 | MESSAGETYPE DAYSTART | ORDINAL 95 | ERRORCODE OK | SOURCE 21052026 | TARGET 053312 | REPORTPOINT RPUNKNOWN | LETYPE LEUNKNOWN | STATUSCODE AUTOMATIONENABLED | USERDATA null | RAWMESSAGE UST1LVS111950021052026053309????????01???????001
2026-05-21 05:33:12.267 INFO  o.c.TcpClientConfig$$SpringCGLIB$$0 - <tcpclient><recv> LVS1UST1AA950021052026053309????????01???????001
2026-05-21 05:35:47.873 INFO  o.c.ApplicationCloseListener - <tcpserver><info> ApplicationContextClosedEvent detected
2026-05-21 05:35:47.909 INFO  org.code_studio.BarcodeConfig - <tcpserver><info> Barcode communication - COM port closed: COM3
2026-05-21 05:35:47.910 INFO  o.c.ApplicationCloseListener - <tcpserver><info> Waiting for 3000 msec to receive DAYEND confirmation from CRANE, and then close the TCP connection.
2026-05-21 05:35:51.062 INFO  o.c.TcpServerConfig$$SpringCGLIB$$0 - <tcpclient><info> Connection closed: 127.0.0.1:18196:59030:f54a8ba7-4c82-4158-9959-6b6341201a51
2026-05-21 05:35:51.103 INFO  o.c.TcpServerConfig$$SpringCGLIB$$0 - <tcpserver><info> Connection closed: 127.0.0.1:59030:18196:38c8a15b-3382-4a8f-a2f7-ac488507375e
2026-05-21 05:36:02.440 INFO  o.code_studio.ComPortSchedulerTask - <tcpserver><info> Trying to open COM port for Barcode communication
2026-05-21 05:36:02.636 INFO  o.c.WebSocketServerConfig$$SpringCGLIB$$0 - <wsserver><info> Created WS channel: /app/topic
2026-05-21 05:36:02.847 INFO  o.c.TcpServerConfig$$SpringCGLIB$$0 - <tcpserver><info> TCP server started on port: 18196
2026-05-21 05:36:02.855 INFO  o.c.TcpClientConfig$$SpringCGLIB$$0 - <tcpclient><info> TCP client has been created for server: localhost:18196
2026-05-21 05:36:02.968 INFO  o.c.WebSocketServerConfig$$SpringCGLIB$$0 - <wsserver><info> Created WS server on endpoint: /ws
2026-05-21 05:36:03.419 INFO  o.code_studio.ComPortSchedulerTask - <tcpserver><info> Barcode communication enabled. COM port open: COM3
2026-05-21 05:36:04.384 INFO  o.c.TcpServerConfig$$SpringCGLIB$$0 - <tcpserver><info> Connection established: 127.0.0.1:59109:18196:a4e133fd-d5fb-4ace-b49d-6f66a4b1d0ff
2026-05-21 05:36:04.383 INFO  o.c.TcpServerConfig$$SpringCGLIB$$0 - <tcpclient><info> Connection established: 127.0.0.1:18196:59109:71085dd3-6f93-46fb-afe9-946c38ed93ae
2026-05-21 05:36:04.385 INFO  o.c.CraneClientConnectedListener - <tcpsvr><info> CraneClientConnectedEvent detected
2026-05-21 05:36:04.438 WARN  o.c.ApplicationReadyListener - <tcpsvr><info> Message Flow Automation Debug is ENABLED
2026-05-21 05:36:04.462 INFO  o.c.controller.TcpMessageController - <tcpclient><send> LVS1UST1DA960021052026053604????????01???????001
2026-05-21 05:36:04.473 INFO  o.c.CraneClientConnectedListener - <tcpclient><send> DAYSTART message sent to Crane server
2026-05-21 05:36:04.494 INFO  o.c.TcpServerConfig$$SpringCGLIB$$0 - <tcpserver><recv> LVS1UST1DA960021052026053604????????01???????001
2026-05-21 05:36:04.520 WARN  o.c.m.IncomingMessageProcessor - MessageProcessor::handleError->StatusCode.STATUSUNKNOWN
2026-05-21 05:36:04.527 INFO  o.c.m.IncomingMessageProcessor - SENDER LVS1 | RECEIVER UST1 | MESSAGETYPE DAYSTART | ORDINAL 96 | ERRORCODE OK | SOURCE 21052026 | TARGET 053604 | REPORTPOINT RPUNKNOWN | LETYPE LEUNKNOWN | STATUSCODE AUTOMATIONENABLED | USERDATA null | RAWMESSAGE LVS1UST1DA960021052026053604????????01???????001
2026-05-21 05:36:07.558 INFO  o.c.controller.TcpMessageController - <tcpclient><send> UST1LVS111970021052026053604????????01???????001
2026-05-21 05:36:07.563 INFO  o.c.TcpClientConfig$$SpringCGLIB$$0 - <tcpclient><recv> LVS1UST1DA960021052026053604????????01???????001
2026-05-21 05:36:07.565 INFO  o.c.TcpServerConfig$$SpringCGLIB$$0 - <tcpserver><recv> UST1LVS111970021052026053604????????01???????001
2026-05-21 05:36:07.568 WARN  o.c.m.IncomingMessageProcessor - MessageProcessor::handleError->StatusCode.STATUSUNKNOWN
2026-05-21 05:36:07.569 INFO  o.c.m.IncomingMessageProcessor - SENDER UST1 | RECEIVER LVS1 | MESSAGETYPE DAYSTART | ORDINAL 97 | ERRORCODE OK | SOURCE 21052026 | TARGET 053607 | REPORTPOINT RPUNKNOWN | LETYPE LEUNKNOWN | STATUSCODE AUTOMATIONENABLED | USERDATA null | RAWMESSAGE UST1LVS111970021052026053604????????01???????001
2026-05-21 05:36:07.571 INFO  o.c.TcpClientConfig$$SpringCGLIB$$0 - <tcpclient><recv> LVS1UST1AA970021052026053604????????01???????001
2026-05-21 05:39:18.850 INFO  o.c.ApplicationCloseListener - <tcpserver><info> ApplicationContextClosedEvent detected
2026-05-21 05:39:18.877 INFO  org.code_studio.BarcodeConfig - <tcpserver><info> Barcode communication - COM port closed: COM3
2026-05-21 05:39:18.879 INFO  o.c.ApplicationCloseListener - <tcpserver><info> Waiting for 3000 msec to receive DAYEND confirmation from CRANE, and then close the TCP connection.
2026-05-21 05:39:21.987 INFO  o.c.TcpServerConfig$$SpringCGLIB$$0 - <tcpclient><info> Connection closed: 127.0.0.1:18196:59109:71085dd3-6f93-46fb-afe9-946c38ed93ae
2026-05-21 05:39:22.017 INFO  o.c.TcpServerConfig$$SpringCGLIB$$0 - <tcpserver><info> Connection closed: 127.0.0.1:59109:18196:a4e133fd-d5fb-4ace-b49d-6f66a4b1d0ff
2026-05-21 05:39:37.316 INFO  o.code_studio.ComPortSchedulerTask - <tcpserver><info> Trying to open COM port for Barcode communication
2026-05-21 05:39:37.508 INFO  o.c.WebSocketServerConfig$$SpringCGLIB$$0 - <wsserver><info> Created WS channel: /app/topic
2026-05-21 05:39:37.726 INFO  o.c.TcpServerConfig$$SpringCGLIB$$0 - <tcpserver><info> TCP server started on port: 18196
2026-05-21 05:39:37.740 INFO  o.c.TcpClientConfig$$SpringCGLIB$$0 - <tcpclient><info> TCP client has been created for server: localhost:18196
2026-05-21 05:39:37.843 INFO  o.c.WebSocketServerConfig$$SpringCGLIB$$0 - <wsserver><info> Created WS server on endpoint: /ws
2026-05-21 05:39:38.371 INFO  o.code_studio.ComPortSchedulerTask - <tcpserver><info> Barcode communication enabled. COM port open: COM3
2026-05-21 05:39:39.185 INFO  o.c.TcpServerConfig$$SpringCGLIB$$0 - <tcpserver><info> Connection established: 127.0.0.1:59193:18196:c4008385-c6ec-4711-8011-6608393e528b
2026-05-21 05:39:39.187 INFO  o.c.CraneClientConnectedListener - <tcpsvr><info> CraneClientConnectedEvent detected
2026-05-21 05:39:39.191 INFO  o.c.TcpServerConfig$$SpringCGLIB$$0 - <tcpclient><info> Connection established: 127.0.0.1:18196:59193:ed785827-2dfd-4334-aa7e-375cc8dd602b
2026-05-21 05:39:39.225 WARN  o.c.ApplicationReadyListener - <tcpsvr><info> Message Flow Automation Debug is ENABLED
2026-05-21 05:39:39.323 INFO  o.c.controller.TcpMessageController - <tcpclient><send> LVS1UST1DA980021052026053939????????01???????001
2026-05-21 05:39:39.362 INFO  o.c.CraneClientConnectedListener - <tcpclient><send> DAYSTART message sent to Crane server
2026-05-21 05:39:39.389 INFO  o.c.TcpServerConfig$$SpringCGLIB$$0 - <tcpserver><recv> LVS1UST1DA980021052026053939????????01???????001
2026-05-21 05:39:39.419 WARN  o.c.m.IncomingMessageProcessor - MessageProcessor::handleError->StatusCode.STATUSUNKNOWN
2026-05-21 05:39:39.424 INFO  o.c.m.IncomingMessageProcessor - SENDER LVS1 | RECEIVER UST1 | MESSAGETYPE DAYSTART | ORDINAL 98 | ERRORCODE OK | SOURCE 21052026 | TARGET 053939 | REPORTPOINT RPUNKNOWN | LETYPE LEUNKNOWN | STATUSCODE AUTOMATIONENABLED | USERDATA null | RAWMESSAGE LVS1UST1DA980021052026053939????????01???????001
2026-05-21 05:39:42.452 INFO  o.c.controller.TcpMessageController - <tcpclient><send> UST1LVS111990021052026053939????????01???????001
2026-05-21 05:39:42.455 INFO  o.c.TcpClientConfig$$SpringCGLIB$$0 - <tcpclient><recv> LVS1UST1DA980021052026053939????????01???????001
2026-05-21 05:39:42.456 INFO  o.c.TcpServerConfig$$SpringCGLIB$$0 - <tcpserver><recv> UST1LVS111990021052026053939????????01???????001
2026-05-21 05:39:42.458 WARN  o.c.m.IncomingMessageProcessor - MessageProcessor::handleError->StatusCode.STATUSUNKNOWN
2026-05-21 05:39:42.458 INFO  o.c.m.IncomingMessageProcessor - SENDER UST1 | RECEIVER LVS1 | MESSAGETYPE DAYSTART | ORDINAL 99 | ERRORCODE OK | SOURCE 21052026 | TARGET 053942 | REPORTPOINT RPUNKNOWN | LETYPE LEUNKNOWN | STATUSCODE AUTOMATIONENABLED | USERDATA null | RAWMESSAGE UST1LVS111990021052026053939????????01???????001
2026-05-21 05:39:42.460 INFO  o.c.TcpClientConfig$$SpringCGLIB$$0 - <tcpclient><recv> LVS1UST1AA990021052026053939????????01???????001
2026-05-21 05:39:56.024 INFO  o.c.ApplicationCloseListener - <tcpserver><info> ApplicationContextClosedEvent detected
2026-05-21 05:39:56.065 INFO  org.code_studio.BarcodeConfig - <tcpserver><info> Barcode communication - COM port closed: COM3
2026-05-21 05:39:56.066 INFO  o.c.ApplicationCloseListener - <tcpserver><info> Waiting for 3000 msec to receive DAYEND confirmation from CRANE, and then close the TCP connection.
2026-05-21 05:39:59.080 INFO  o.c.TcpServerConfig$$SpringCGLIB$$0 - <tcpclient><info> Connection closed: 127.0.0.1:18196:59193:ed785827-2dfd-4334-aa7e-375cc8dd602b
2026-05-21 05:39:59.089 INFO  o.c.TcpServerConfig$$SpringCGLIB$$0 - <tcpserver><info> Connection closed: 127.0.0.1:59193:18196:c4008385-c6ec-4711-8011-6608393e528b
2026-05-21 05:40:08.788 INFO  o.code_studio.ComPortSchedulerTask - <tcpserver><info> Trying to open COM port for Barcode communication
2026-05-21 05:40:08.995 INFO  o.c.WebSocketServerConfig$$SpringCGLIB$$0 - <wsserver><info> Created WS channel: /app/topic
2026-05-21 05:40:09.207 INFO  o.c.TcpServerConfig$$SpringCGLIB$$0 - <tcpserver><info> TCP server started on port: 18196
2026-05-21 05:40:09.216 INFO  o.c.TcpClientConfig$$SpringCGLIB$$0 - <tcpclient><info> TCP client has been created for server: localhost:18196
2026-05-21 05:40:09.308 INFO  o.c.WebSocketServerConfig$$SpringCGLIB$$0 - <wsserver><info> Created WS server on endpoint: /ws
2026-05-21 05:40:10.399 INFO  o.code_studio.ComPortSchedulerTask - <tcpserver><info> Barcode communication enabled. COM port open: COM3
2026-05-21 05:40:10.949 INFO  o.c.TcpServerConfig$$SpringCGLIB$$0 - <tcpserver><info> Connection established: 127.0.0.1:59208:18196:016539a2-4f75-4740-8f42-39cbfdbc5f57
2026-05-21 05:40:10.972 INFO  o.c.CraneClientConnectedListener - <tcpsvr><info> CraneClientConnectedEvent detected
2026-05-21 05:40:10.995 INFO  o.c.TcpServerConfig$$SpringCGLIB$$0 - <tcpclient><info> Connection established: 127.0.0.1:18196:59208:cb139c58-f2c0-4108-809e-248a56b89c44
2026-05-21 05:40:11.077 WARN  o.c.ApplicationReadyListener - <tcpsvr><info> Message Flow Automation Debug is ENABLED
2026-05-21 05:40:11.124 INFO  o.c.controller.TcpMessageController - <tcpclient><send> LVS1UST1DA010021052026054011????????01???????001
2026-05-21 05:40:11.138 INFO  o.c.CraneClientConnectedListener - <tcpclient><send> DAYSTART message sent to Crane server
2026-05-21 05:40:11.174 INFO  o.c.TcpServerConfig$$SpringCGLIB$$0 - <tcpserver><recv> LVS1UST1DA010021052026054011????????01???????001
2026-05-21 05:40:11.207 WARN  o.c.m.IncomingMessageProcessor - MessageProcessor::handleError->StatusCode.STATUSUNKNOWN
2026-05-21 05:40:11.211 INFO  o.c.m.IncomingMessageProcessor - SENDER LVS1 | RECEIVER UST1 | MESSAGETYPE DAYSTART | ORDINAL 1 | ERRORCODE OK | SOURCE 21052026 | TARGET 054011 | REPORTPOINT RPUNKNOWN | LETYPE LEUNKNOWN | STATUSCODE AUTOMATIONENABLED | USERDATA null | RAWMESSAGE LVS1UST1DA010021052026054011????????01???????001
2026-05-21 05:40:14.230 INFO  o.c.controller.TcpMessageController - <tcpclient><send> UST1LVS111020021052026054011????????01???????001
2026-05-21 05:40:14.234 INFO  o.c.TcpClientConfig$$SpringCGLIB$$0 - <tcpclient><recv> LVS1UST1DA010021052026054011????????01???????001
2026-05-21 05:40:14.235 INFO  o.c.TcpServerConfig$$SpringCGLIB$$0 - <tcpserver><recv> UST1LVS111020021052026054011????????01???????001
2026-05-21 05:40:14.236 WARN  o.c.m.IncomingMessageProcessor - MessageProcessor::handleError->StatusCode.STATUSUNKNOWN
2026-05-21 05:40:14.237 INFO  o.c.m.IncomingMessageProcessor - SENDER UST1 | RECEIVER LVS1 | MESSAGETYPE DAYSTART | ORDINAL 2 | ERRORCODE OK | SOURCE 21052026 | TARGET 054014 | REPORTPOINT RPUNKNOWN | LETYPE LEUNKNOWN | STATUSCODE AUTOMATIONENABLED | USERDATA null | RAWMESSAGE UST1LVS111020021052026054011????????01???????001
2026-05-21 05:40:14.239 INFO  o.c.TcpClientConfig$$SpringCGLIB$$0 - <tcpclient><recv> LVS1UST1AA020021052026054011????????01???????001
2026-05-21 05:42:11.548 INFO  o.c.ApplicationCloseListener - <tcpserver><info> ApplicationContextClosedEvent detected
2026-05-21 05:42:11.550 INFO  org.code_studio.BarcodeConfig - <tcpserver><info> Barcode communication - COM port closed: COM3
2026-05-21 05:42:11.551 INFO  o.c.ApplicationCloseListener - <tcpserver><info> Waiting for 3000 msec to receive DAYEND confirmation from CRANE, and then close the TCP connection.
2026-05-21 05:42:14.568 INFO  o.c.TcpServerConfig$$SpringCGLIB$$0 - <tcpclient><info> Connection closed: 127.0.0.1:18196:59208:cb139c58-f2c0-4108-809e-248a56b89c44
2026-05-21 05:42:14.573 INFO  o.c.TcpServerConfig$$SpringCGLIB$$0 - <tcpserver><info> Connection closed: 127.0.0.1:59208:18196:016539a2-4f75-4740-8f42-39cbfdbc5f57
2026-05-21 05:42:46.733 INFO  o.code_studio.ComPortSchedulerTask - <tcpserver><info> Trying to open COM port for Barcode communication
2026-05-21 05:42:46.926 INFO  o.c.WebSocketServerConfig$$SpringCGLIB$$0 - <wsserver><info> Created WS channel: /app/topic
2026-05-21 05:42:47.180 INFO  o.c.TcpServerConfig$$SpringCGLIB$$0 - <tcpserver><info> TCP server started on port: 18196
2026-05-21 05:42:47.194 INFO  o.c.TcpClientConfig$$SpringCGLIB$$0 - <tcpclient><info> TCP client has been created for server: localhost:18196
2026-05-21 05:42:47.320 INFO  o.c.WebSocketServerConfig$$SpringCGLIB$$0 - <wsserver><info> Created WS server on endpoint: /ws
2026-05-21 05:42:47.851 INFO  o.code_studio.ComPortSchedulerTask - <tcpserver><info> Barcode communication enabled. COM port open: COM3
2026-05-21 05:42:48.758 INFO  o.c.TcpServerConfig$$SpringCGLIB$$0 - <tcpserver><info> Connection established: 127.0.0.1:59276:18196:b6e656bc-8a45-4c3c-9ddd-efea27eeb521
2026-05-21 05:42:48.759 INFO  o.c.TcpServerConfig$$SpringCGLIB$$0 - <tcpclient><info> Connection established: 127.0.0.1:18196:59276:e61ab59b-4519-4664-93bb-a7e27bd54f99
2026-05-21 05:42:48.761 INFO  o.c.CraneClientConnectedListener - <tcpsvr><info> CraneClientConnectedEvent detected
2026-05-21 05:42:48.824 WARN  o.c.ApplicationReadyListener - <tcpsvr><info> Message Flow Automation Debug is ENABLED
2026-05-21 05:42:48.870 INFO  o.c.controller.TcpMessageController - <tcpclient><send> LVS1UST1DA030021052026054248????????01???????001
2026-05-21 05:42:48.884 INFO  o.c.CraneClientConnectedListener - <tcpclient><send> DAYSTART message sent to Crane server
2026-05-21 05:42:48.918 INFO  o.c.TcpServerConfig$$SpringCGLIB$$0 - <tcpserver><recv> LVS1UST1DA030021052026054248????????01???????001
2026-05-21 05:42:48.950 WARN  o.c.m.IncomingMessageProcessor - MessageProcessor::handleError->StatusCode.STATUSUNKNOWN
2026-05-21 05:42:48.954 INFO  o.c.m.IncomingMessageProcessor - SENDER LVS1 | RECEIVER UST1 | MESSAGETYPE DAYSTART | ORDINAL 3 | ERRORCODE OK | SOURCE 21052026 | TARGET 054248 | REPORTPOINT RPUNKNOWN | LETYPE LEUNKNOWN | STATUSCODE AUTOMATIONENABLED | USERDATA null | RAWMESSAGE LVS1UST1DA030021052026054248????????01???????001
2026-05-21 05:42:51.978 INFO  o.c.controller.TcpMessageController - <tcpclient><send> UST1LVS111040021052026054248????????01???????001
2026-05-21 05:42:51.982 INFO  o.c.TcpClientConfig$$SpringCGLIB$$0 - <tcpclient><recv> LVS1UST1DA030021052026054248????????01???????001
2026-05-21 05:42:51.982 INFO  o.c.TcpServerConfig$$SpringCGLIB$$0 - <tcpserver><recv> UST1LVS111040021052026054248????????01???????001
2026-05-21 05:42:51.983 WARN  o.c.m.IncomingMessageProcessor - MessageProcessor::handleError->StatusCode.STATUSUNKNOWN
2026-05-21 05:42:51.984 INFO  o.c.m.IncomingMessageProcessor - SENDER UST1 | RECEIVER LVS1 | MESSAGETYPE DAYSTART | ORDINAL 4 | ERRORCODE OK | SOURCE 21052026 | TARGET 054251 | REPORTPOINT RPUNKNOWN | LETYPE LEUNKNOWN | STATUSCODE AUTOMATIONENABLED | USERDATA null | RAWMESSAGE UST1LVS111040021052026054248????????01???????001
2026-05-21 05:42:51.986 INFO  o.c.TcpClientConfig$$SpringCGLIB$$0 - <tcpclient><recv> LVS1UST1AA040021052026054248????????01???????001
2026-05-21 05:45:42.805 INFO  o.c.ApplicationCloseListener - <tcpserver><info> ApplicationContextClosedEvent detected
2026-05-21 05:45:42.830 INFO  org.code_studio.BarcodeConfig - <tcpserver><info> Barcode communication - COM port closed: COM3
2026-05-21 05:45:42.831 INFO  o.c.ApplicationCloseListener - <tcpserver><info> Waiting for 3000 msec to receive DAYEND confirmation from CRANE, and then close the TCP connection.
2026-05-21 05:45:45.923 INFO  o.c.TcpServerConfig$$SpringCGLIB$$0 - <tcpclient><info> Connection closed: 127.0.0.1:18196:59276:e61ab59b-4519-4664-93bb-a7e27bd54f99
2026-05-21 05:45:45.964 INFO  o.c.TcpServerConfig$$SpringCGLIB$$0 - <tcpserver><info> Connection closed: 127.0.0.1:59276:18196:b6e656bc-8a45-4c3c-9ddd-efea27eeb521
2026-05-21 05:46:05.817 INFO  o.code_studio.ComPortSchedulerTask - <tcpserver><info> Trying to open COM port for Barcode communication
2026-05-21 05:46:05.970 INFO  o.c.WebSocketServerConfig$$SpringCGLIB$$0 - <wsserver><info> Created WS channel: /app/topic
2026-05-21 05:46:06.174 INFO  o.c.TcpServerConfig$$SpringCGLIB$$0 - <tcpserver><info> TCP server started on port: 18196
2026-05-21 05:46:06.191 INFO  o.c.TcpClientConfig$$SpringCGLIB$$0 - <tcpclient><info> TCP client has been created for server: localhost:18196
2026-05-21 05:46:06.328 INFO  o.c.WebSocketServerConfig$$SpringCGLIB$$0 - <wsserver><info> Created WS server on endpoint: /ws
2026-05-21 05:46:07.431 INFO  o.c.TcpServerConfig$$SpringCGLIB$$0 - <tcpserver><info> Connection established: 127.0.0.1:59383:18196:fcfc7d45-8252-4bc8-a310-6aa29bf5fff2
2026-05-21 05:46:07.431 INFO  o.c.TcpServerConfig$$SpringCGLIB$$0 - <tcpclient><info> Connection established: 127.0.0.1:18196:59383:2cd4a962-e7d4-4d4d-a1e8-4e21c7cfa242
2026-05-21 05:46:07.432 INFO  o.c.CraneClientConnectedListener - <tcpsvr><info> CraneClientConnectedEvent detected
2026-05-21 05:46:07.488 WARN  o.c.ApplicationReadyListener - <tcpsvr><info> Message Flow Automation Debug is ENABLED
2026-05-21 05:46:07.492 INFO  o.c.controller.TcpMessageController - <tcpclient><send> LVS1UST1DA050021052026054607????????01???????001
2026-05-21 05:46:07.507 INFO  o.c.CraneClientConnectedListener - <tcpclient><send> DAYSTART message sent to Crane server
2026-05-21 05:46:07.526 INFO  o.c.TcpServerConfig$$SpringCGLIB$$0 - <tcpserver><recv> LVS1UST1DA050021052026054607????????01???????001
2026-05-21 05:46:07.553 WARN  o.c.m.IncomingMessageProcessor - MessageProcessor::handleError->StatusCode.STATUSUNKNOWN
2026-05-21 05:46:07.557 INFO  o.c.m.IncomingMessageProcessor - SENDER LVS1 | RECEIVER UST1 | MESSAGETYPE DAYSTART | ORDINAL 5 | ERRORCODE OK | SOURCE 21052026 | TARGET 054607 | REPORTPOINT RPUNKNOWN | LETYPE LEUNKNOWN | STATUSCODE AUTOMATIONENABLED | USERDATA null | RAWMESSAGE LVS1UST1DA050021052026054607????????01???????001
2026-05-21 05:46:07.592 INFO  o.code_studio.ComPortSchedulerTask - <tcpserver><info> Barcode communication enabled. COM port open: COM3
2026-05-21 05:46:10.582 INFO  o.c.controller.TcpMessageController - <tcpclient><send> UST1LVS111060021052026054607????????01???????001
2026-05-21 05:46:10.586 INFO  o.c.TcpClientConfig$$SpringCGLIB$$0 - <tcpclient><recv> LVS1UST1DA050021052026054607????????01???????001
2026-05-21 05:46:10.587 INFO  o.c.TcpServerConfig$$SpringCGLIB$$0 - <tcpserver><recv> UST1LVS111060021052026054607????????01???????001
2026-05-21 05:46:10.588 WARN  o.c.m.IncomingMessageProcessor - MessageProcessor::handleError->StatusCode.STATUSUNKNOWN
2026-05-21 05:46:10.588 INFO  o.c.m.IncomingMessageProcessor - SENDER UST1 | RECEIVER LVS1 | MESSAGETYPE DAYSTART | ORDINAL 6 | ERRORCODE OK | SOURCE 21052026 | TARGET 054610 | REPORTPOINT RPUNKNOWN | LETYPE LEUNKNOWN | STATUSCODE AUTOMATIONENABLED | USERDATA null | RAWMESSAGE UST1LVS111060021052026054607????????01???????001
2026-05-21 05:46:10.589 INFO  o.c.TcpClientConfig$$SpringCGLIB$$0 - <tcpclient><recv> LVS1UST1AA060021052026054607????????01???????001
2026-05-21 05:49:09.798 INFO  o.c.ApplicationCloseListener - <tcpserver><info> ApplicationContextClosedEvent detected
2026-05-21 05:49:09.825 INFO  org.code_studio.BarcodeConfig - <tcpserver><info> Barcode communication - COM port closed: COM3
2026-05-21 05:49:09.826 INFO  o.c.ApplicationCloseListener - <tcpserver><info> Waiting for 3000 msec to receive DAYEND confirmation from CRANE, and then close the TCP connection.
2026-05-21 05:49:12.917 INFO  o.c.TcpServerConfig$$SpringCGLIB$$0 - <tcpclient><info> Connection closed: 127.0.0.1:18196:59383:2cd4a962-e7d4-4d4d-a1e8-4e21c7cfa242
2026-05-21 05:49:12.936 INFO  o.c.TcpServerConfig$$SpringCGLIB$$0 - <tcpserver><info> Connection closed: 127.0.0.1:59383:18196:fcfc7d45-8252-4bc8-a310-6aa29bf5fff2
2026-05-21 05:49:39.882 INFO  o.code_studio.ComPortSchedulerTask - <tcpserver><info> Trying to open COM port for Barcode communication
2026-05-21 05:49:40.046 INFO  o.c.WebSocketServerConfig$$SpringCGLIB$$0 - <wsserver><info> Created WS channel: /app/topic
2026-05-21 05:49:40.226 INFO  o.c.TcpServerConfig$$SpringCGLIB$$0 - <tcpserver><info> TCP server started on port: 18196
2026-05-21 05:49:40.234 INFO  o.c.TcpClientConfig$$SpringCGLIB$$0 - <tcpclient><info> TCP client has been created for server: localhost:18196
2026-05-21 05:49:40.331 INFO  o.c.WebSocketServerConfig$$SpringCGLIB$$0 - <wsserver><info> Created WS server on endpoint: /ws
2026-05-21 05:49:41.318 INFO  o.code_studio.ComPortSchedulerTask - <tcpserver><info> Barcode communication enabled. COM port open: COM3
2026-05-21 05:49:41.474 INFO  o.c.TcpServerConfig$$SpringCGLIB$$0 - <tcpclient><info> Connection established: 127.0.0.1:18196:59469:facdb8ca-ebcd-4941-9b8a-c21181cfae76
2026-05-21 05:49:41.474 INFO  o.c.TcpServerConfig$$SpringCGLIB$$0 - <tcpserver><info> Connection established: 127.0.0.1:59469:18196:4202822d-77f9-4f8a-bbef-66d97c53d1f7
2026-05-21 05:49:41.476 INFO  o.c.CraneClientConnectedListener - <tcpsvr><info> CraneClientConnectedEvent detected
2026-05-21 05:49:41.535 INFO  o.c.controller.TcpMessageController - <tcpclient><send> LVS1UST1DA070021052026054941????????01???????001
2026-05-21 05:49:41.542 WARN  o.c.ApplicationReadyListener - <tcpsvr><info> Message Flow Automation Debug is ENABLED
2026-05-21 05:49:41.551 INFO  o.c.CraneClientConnectedListener - <tcpclient><send> DAYSTART message sent to Crane server
2026-05-21 05:49:41.573 INFO  o.c.TcpServerConfig$$SpringCGLIB$$0 - <tcpserver><recv> LVS1UST1DA070021052026054941????????01???????001
2026-05-21 05:49:41.600 WARN  o.c.m.IncomingMessageProcessor - MessageProcessor::handleError->StatusCode.STATUSUNKNOWN
2026-05-21 05:49:41.605 INFO  o.c.m.IncomingMessageProcessor - SENDER LVS1 | RECEIVER UST1 | MESSAGETYPE DAYSTART | ORDINAL 7 | ERRORCODE OK | SOURCE 21052026 | TARGET 054941 | REPORTPOINT RPUNKNOWN | LETYPE LEUNKNOWN | STATUSCODE AUTOMATIONENABLED | USERDATA null | RAWMESSAGE LVS1UST1DA070021052026054941????????01???????001
2026-05-21 05:49:44.627 INFO  o.c.controller.TcpMessageController - <tcpclient><send> UST1LVS111080021052026054941????????01???????001
2026-05-21 05:49:44.630 INFO  o.c.TcpServerConfig$$SpringCGLIB$$0 - <tcpserver><recv> UST1LVS111080021052026054941????????01???????001
2026-05-21 05:49:44.630 INFO  o.c.TcpClientConfig$$SpringCGLIB$$0 - <tcpclient><recv> LVS1UST1DA070021052026054941????????01???????001
2026-05-21 05:49:44.631 WARN  o.c.m.IncomingMessageProcessor - MessageProcessor::handleError->StatusCode.STATUSUNKNOWN
2026-05-21 05:49:44.631 INFO  o.c.m.IncomingMessageProcessor - SENDER UST1 | RECEIVER LVS1 | MESSAGETYPE DAYSTART | ORDINAL 8 | ERRORCODE OK | SOURCE 21052026 | TARGET 054944 | REPORTPOINT RPUNKNOWN | LETYPE LEUNKNOWN | STATUSCODE AUTOMATIONENABLED | USERDATA null | RAWMESSAGE UST1LVS111080021052026054941????????01???????001
2026-05-21 05:49:44.633 INFO  o.c.TcpClientConfig$$SpringCGLIB$$0 - <tcpclient><recv> LVS1UST1AA080021052026054941????????01???????001
2026-05-21 05:56:09.429 INFO  o.c.ApplicationCloseListener - <tcpserver><info> ApplicationContextClosedEvent detected
2026-05-21 05:56:09.451 INFO  org.code_studio.BarcodeConfig - <tcpserver><info> Barcode communication - COM port closed: COM3
2026-05-21 05:56:09.453 INFO  o.c.ApplicationCloseListener - <tcpserver><info> Waiting for 3000 msec to receive DAYEND confirmation from CRANE, and then close the TCP connection.
2026-05-21 05:56:12.544 INFO  o.c.TcpServerConfig$$SpringCGLIB$$0 - <tcpclient><info> Connection closed: 127.0.0.1:18196:59469:facdb8ca-ebcd-4941-9b8a-c21181cfae76
2026-05-21 05:56:12.575 INFO  o.c.TcpServerConfig$$SpringCGLIB$$0 - <tcpserver><info> Connection closed: 127.0.0.1:59469:18196:4202822d-77f9-4f8a-bbef-66d97c53d1f7
2026-05-21 05:56:35.474 INFO  o.code_studio.ComPortSchedulerTask - <tcpserver><info> Trying to open COM port for Barcode communication
2026-05-21 05:56:35.654 INFO  o.c.WebSocketServerConfig$$SpringCGLIB$$0 - <wsserver><info> Created WS channel: /app/topic
2026-05-21 05:56:35.859 INFO  o.c.TcpServerConfig$$SpringCGLIB$$0 - <tcpserver><info> TCP server started on port: 18196
2026-05-21 05:56:35.866 INFO  o.c.TcpClientConfig$$SpringCGLIB$$0 - <tcpclient><info> TCP client has been created for server: localhost:18196
2026-05-21 05:56:35.981 INFO  o.c.WebSocketServerConfig$$SpringCGLIB$$0 - <wsserver><info> Created WS server on endpoint: /ws
2026-05-21 05:56:37.160 INFO  o.c.TcpServerConfig$$SpringCGLIB$$0 - <tcpclient><info> Connection established: 127.0.0.1:18196:59635:65319fe2-69e8-4e8a-aada-8bb3e3b6aeb9
2026-05-21 05:56:37.160 INFO  o.c.TcpServerConfig$$SpringCGLIB$$0 - <tcpserver><info> Connection established: 127.0.0.1:59635:18196:c8fb3076-9abd-4095-a10b-e44ff3944311
2026-05-21 05:56:37.164 INFO  o.c.CraneClientConnectedListener - <tcpsvr><info> CraneClientConnectedEvent detected
2026-05-21 05:56:37.226 WARN  o.c.ApplicationReadyListener - <tcpsvr><info> Message Flow Automation Debug is ENABLED
2026-05-21 05:56:37.233 INFO  o.c.controller.TcpMessageController - <tcpclient><send> LVS1UST1DA090021052026055637????????01???????001
2026-05-21 05:56:37.250 INFO  o.code_studio.ComPortSchedulerTask - <tcpserver><info> Barcode communication enabled. COM port open: COM3
2026-05-21 05:56:37.250 INFO  o.c.CraneClientConnectedListener - <tcpclient><send> DAYSTART message sent to Crane server
2026-05-21 05:56:37.281 INFO  o.c.TcpServerConfig$$SpringCGLIB$$0 - <tcpserver><recv> LVS1UST1DA090021052026055637????????01???????001
2026-05-21 05:56:37.311 WARN  o.c.m.IncomingMessageProcessor - MessageProcessor::handleError->StatusCode.STATUSUNKNOWN
2026-05-21 05:56:37.315 INFO  o.c.m.IncomingMessageProcessor - SENDER LVS1 | RECEIVER UST1 | MESSAGETYPE DAYSTART | ORDINAL 9 | ERRORCODE OK | SOURCE 21052026 | TARGET 055637 | REPORTPOINT RPUNKNOWN | LETYPE LEUNKNOWN | STATUSCODE AUTOMATIONENABLED | USERDATA null | RAWMESSAGE LVS1UST1DA090021052026055637????????01???????001
2026-05-21 05:56:40.343 INFO  o.c.controller.TcpMessageController - <tcpclient><send> UST1LVS111100021052026055637????????01???????001
2026-05-21 05:56:40.352 INFO  o.c.TcpClientConfig$$SpringCGLIB$$0 - <tcpclient><recv> LVS1UST1DA090021052026055637????????01???????001
2026-05-21 05:56:40.356 INFO  o.c.TcpServerConfig$$SpringCGLIB$$0 - <tcpserver><recv> UST1LVS111100021052026055637????????01???????001
2026-05-21 05:56:40.359 WARN  o.c.m.IncomingMessageProcessor - MessageProcessor::handleError->StatusCode.STATUSUNKNOWN
2026-05-21 05:56:40.360 INFO  o.c.m.IncomingMessageProcessor - SENDER UST1 | RECEIVER LVS1 | MESSAGETYPE DAYSTART | ORDINAL 10 | ERRORCODE OK | SOURCE 21052026 | TARGET 055640 | REPORTPOINT RPUNKNOWN | LETYPE LEUNKNOWN | STATUSCODE AUTOMATIONENABLED | USERDATA null | RAWMESSAGE UST1LVS111100021052026055637????????01???????001
2026-05-21 05:56:40.362 INFO  o.c.TcpClientConfig$$SpringCGLIB$$0 - <tcpclient><recv> LVS1UST1AA100021052026055637????????01???????001
2026-05-21 06:03:03.697 INFO  o.c.ApplicationCloseListener - <tcpserver><info> ApplicationContextClosedEvent detected
2026-05-21 06:03:03.843 INFO  org.code_studio.BarcodeConfig - <tcpserver><info> Barcode communication - COM port closed: COM3
2026-05-21 06:03:03.844 INFO  o.c.ApplicationCloseListener - <tcpserver><info> Waiting for 3000 msec to receive DAYEND confirmation from CRANE, and then close the TCP connection.
2026-05-21 06:03:06.937 INFO  o.c.TcpServerConfig$$SpringCGLIB$$0 - <tcpclient><info> Connection closed: 127.0.0.1:18196:59635:65319fe2-69e8-4e8a-aada-8bb3e3b6aeb9
2026-05-21 06:03:06.968 INFO  o.c.TcpServerConfig$$SpringCGLIB$$0 - <tcpserver><info> Connection closed: 127.0.0.1:59635:18196:c8fb3076-9abd-4095-a10b-e44ff3944311
2026-05-21 06:03:24.826 INFO  o.code_studio.ComPortSchedulerTask - <tcpserver><info> Trying to open COM port for Barcode communication
2026-05-21 06:03:25.005 INFO  o.c.WebSocketServerConfig$$SpringCGLIB$$0 - <wsserver><info> Created WS channel: /app/topic
2026-05-21 06:03:25.180 INFO  o.c.TcpServerConfig$$SpringCGLIB$$0 - <tcpserver><info> TCP server started on port: 18196
2026-05-21 06:03:25.188 INFO  o.c.TcpClientConfig$$SpringCGLIB$$0 - <tcpclient><info> TCP client has been created for server: localhost:18196
2026-05-21 06:03:25.282 INFO  o.c.WebSocketServerConfig$$SpringCGLIB$$0 - <wsserver><info> Created WS server on endpoint: /ws
2026-05-21 06:03:25.557 INFO  o.code_studio.ComPortSchedulerTask - <tcpserver><info> Barcode communication enabled. COM port open: COM3
2026-05-21 06:03:26.798 INFO  o.c.TcpServerConfig$$SpringCGLIB$$0 - <tcpclient><info> Connection established: 127.0.0.1:18196:59730:a212b87d-7b9e-4374-826d-4e1ed1c8834c
2026-05-21 06:03:26.798 INFO  o.c.TcpServerConfig$$SpringCGLIB$$0 - <tcpserver><info> Connection established: 127.0.0.1:59730:18196:3781d1f6-70c0-43d2-9727-40fce1598d20
2026-05-21 06:03:26.800 INFO  o.c.CraneClientConnectedListener - <tcpsvr><info> CraneClientConnectedEvent detected
2026-05-21 06:03:26.865 INFO  o.c.controller.TcpMessageController - <tcpclient><send> LVS1UST1DA110021052026060326????????01???????001
2026-05-21 06:03:26.866 WARN  o.c.ApplicationReadyListener - <tcpsvr><info> Message Flow Automation Debug is ENABLED
2026-05-21 06:03:26.881 INFO  o.c.CraneClientConnectedListener - <tcpclient><send> DAYSTART message sent to Crane server
2026-05-21 06:03:26.906 INFO  o.c.TcpServerConfig$$SpringCGLIB$$0 - <tcpserver><recv> LVS1UST1DA110021052026060326????????01???????001
2026-05-21 06:03:26.930 WARN  o.c.m.IncomingMessageProcessor - MessageProcessor::handleError->StatusCode.STATUSUNKNOWN
2026-05-21 06:03:26.935 INFO  o.c.m.IncomingMessageProcessor - SENDER LVS1 | RECEIVER UST1 | MESSAGETYPE DAYSTART | ORDINAL 11 | ERRORCODE OK | SOURCE 21052026 | TARGET 060326 | REPORTPOINT RPUNKNOWN | LETYPE LEUNKNOWN | STATUSCODE AUTOMATIONENABLED | USERDATA null | RAWMESSAGE LVS1UST1DA110021052026060326????????01???????001
2026-05-21 06:03:29.978 INFO  o.c.controller.TcpMessageController - <tcpclient><send> UST1LVS111120021052026060326????????01???????001
2026-05-21 06:03:29.982 INFO  o.c.TcpClientConfig$$SpringCGLIB$$0 - <tcpclient><recv> LVS1UST1DA110021052026060326????????01???????001
2026-05-21 06:03:29.983 INFO  o.c.TcpServerConfig$$SpringCGLIB$$0 - <tcpserver><recv> UST1LVS111120021052026060326????????01???????001
2026-05-21 06:03:29.983 WARN  o.c.m.IncomingMessageProcessor - MessageProcessor::handleError->StatusCode.STATUSUNKNOWN
2026-05-21 06:03:29.984 INFO  o.c.m.IncomingMessageProcessor - SENDER UST1 | RECEIVER LVS1 | MESSAGETYPE DAYSTART | ORDINAL 12 | ERRORCODE OK | SOURCE 21052026 | TARGET 060329 | REPORTPOINT RPUNKNOWN | LETYPE LEUNKNOWN | STATUSCODE AUTOMATIONENABLED | USERDATA null | RAWMESSAGE UST1LVS111120021052026060326????????01???????001
2026-05-21 06:03:29.985 INFO  o.c.TcpClientConfig$$SpringCGLIB$$0 - <tcpclient><recv> LVS1UST1AA120021052026060326????????01???????001
2026-05-21 06:04:54.361 INFO  o.c.ApplicationCloseListener - <tcpserver><info> ApplicationContextClosedEvent detected
2026-05-21 06:04:54.373 INFO  org.code_studio.BarcodeConfig - <tcpserver><info> Barcode communication - COM port closed: COM3
2026-05-21 06:04:54.373 INFO  o.c.ApplicationCloseListener - <tcpserver><info> Waiting for 3000 msec to receive DAYEND confirmation from CRANE, and then close the TCP connection.
2026-05-21 06:04:57.392 INFO  o.c.TcpServerConfig$$SpringCGLIB$$0 - <tcpclient><info> Connection closed: 127.0.0.1:18196:59730:a212b87d-7b9e-4374-826d-4e1ed1c8834c
2026-05-21 06:04:57.403 INFO  o.c.TcpServerConfig$$SpringCGLIB$$0 - <tcpserver><info> Connection closed: 127.0.0.1:59730:18196:3781d1f6-70c0-43d2-9727-40fce1598d20
2026-05-21 06:05:09.948 INFO  o.code_studio.ComPortSchedulerTask - <tcpserver><info> Trying to open COM port for Barcode communication
2026-05-21 06:05:10.180 INFO  o.c.WebSocketServerConfig$$SpringCGLIB$$0 - <wsserver><info> Created WS channel: /app/topic
2026-05-21 06:05:10.392 INFO  o.c.TcpServerConfig$$SpringCGLIB$$0 - <tcpserver><info> TCP server started on port: 18196
2026-05-21 06:05:10.405 INFO  o.c.TcpClientConfig$$SpringCGLIB$$0 - <tcpclient><info> TCP client has been created for server: localhost:18196
2026-05-21 06:05:10.542 INFO  o.c.WebSocketServerConfig$$SpringCGLIB$$0 - <wsserver><info> Created WS server on endpoint: /ws
2026-05-21 06:05:10.865 INFO  o.code_studio.ComPortSchedulerTask - <tcpserver><info> Barcode communication enabled. COM port open: COM3
2026-05-21 06:05:12.151 INFO  o.c.TcpServerConfig$$SpringCGLIB$$0 - <tcpserver><info> Connection established: 127.0.0.1:59764:18196:6320bc3a-f5bb-4ac7-a3eb-fec1f051f17b
2026-05-21 06:05:12.152 INFO  o.c.TcpServerConfig$$SpringCGLIB$$0 - <tcpclient><info> Connection established: 127.0.0.1:18196:59764:3780fbfb-f04d-4bb8-92cd-d013e23519dd
2026-05-21 06:05:12.153 INFO  o.c.CraneClientConnectedListener - <tcpsvr><info> CraneClientConnectedEvent detected
2026-05-21 06:05:12.188 WARN  o.c.ApplicationReadyListener - <tcpsvr><info> Message Flow Automation Debug is ENABLED
2026-05-21 06:05:12.221 INFO  o.c.controller.TcpMessageController - <tcpclient><send> LVS1UST1DA130021052026060512????????01???????001
2026-05-21 06:05:12.237 INFO  o.c.CraneClientConnectedListener - <tcpclient><send> DAYSTART message sent to Crane server
2026-05-21 06:05:12.261 INFO  o.c.TcpServerConfig$$SpringCGLIB$$0 - <tcpserver><recv> LVS1UST1DA130021052026060512????????01???????001
2026-05-21 06:05:12.321 WARN  o.c.m.IncomingMessageProcessor - MessageProcessor::handleError->StatusCode.STATUSUNKNOWN
2026-05-21 06:05:12.329 INFO  o.c.m.IncomingMessageProcessor - SENDER LVS1 | RECEIVER UST1 | MESSAGETYPE DAYSTART | ORDINAL 13 | ERRORCODE OK | SOURCE 21052026 | TARGET 060512 | REPORTPOINT RPUNKNOWN | LETYPE LEUNKNOWN | STATUSCODE AUTOMATIONENABLED | USERDATA null | RAWMESSAGE LVS1UST1DA130021052026060512????????01???????001
2026-05-21 06:05:15.369 INFO  o.c.controller.TcpMessageController - <tcpclient><send> UST1LVS111140021052026060512????????01???????001
2026-05-21 06:05:15.373 INFO  o.c.TcpClientConfig$$SpringCGLIB$$0 - <tcpclient><recv> LVS1UST1DA130021052026060512????????01???????001
2026-05-21 06:05:15.374 INFO  o.c.TcpServerConfig$$SpringCGLIB$$0 - <tcpserver><recv> UST1LVS111140021052026060512????????01???????001
2026-05-21 06:05:15.374 WARN  o.c.m.IncomingMessageProcessor - MessageProcessor::handleError->StatusCode.STATUSUNKNOWN
2026-05-21 06:05:15.375 INFO  o.c.m.IncomingMessageProcessor - SENDER UST1 | RECEIVER LVS1 | MESSAGETYPE DAYSTART | ORDINAL 14 | ERRORCODE OK | SOURCE 21052026 | TARGET 060515 | REPORTPOINT RPUNKNOWN | LETYPE LEUNKNOWN | STATUSCODE AUTOMATIONENABLED | USERDATA null | RAWMESSAGE UST1LVS111140021052026060512????????01???????001
2026-05-21 06:05:15.376 INFO  o.c.TcpClientConfig$$SpringCGLIB$$0 - <tcpclient><recv> LVS1UST1AA140021052026060512????????01???????001
2026-05-21 06:09:36.263 INFO  o.c.ApplicationCloseListener - <tcpserver><info> ApplicationContextClosedEvent detected
2026-05-21 06:09:36.285 INFO  org.code_studio.BarcodeConfig - <tcpserver><info> Barcode communication - COM port closed: COM3
2026-05-21 06:09:36.286 INFO  o.c.ApplicationCloseListener - <tcpserver><info> Waiting for 3000 msec to receive DAYEND confirmation from CRANE, and then close the TCP connection.
2026-05-21 06:09:39.379 INFO  o.c.TcpServerConfig$$SpringCGLIB$$0 - <tcpclient><info> Connection closed: 127.0.0.1:18196:59764:3780fbfb-f04d-4bb8-92cd-d013e23519dd
2026-05-21 06:09:39.393 INFO  o.c.TcpServerConfig$$SpringCGLIB$$0 - <tcpserver><info> Connection closed: 127.0.0.1:59764:18196:6320bc3a-f5bb-4ac7-a3eb-fec1f051f17b
2026-05-21 06:10:04.014 INFO  o.code_studio.ComPortSchedulerTask - <tcpserver><info> Trying to open COM port for Barcode communication
2026-05-21 06:10:04.190 INFO  o.c.WebSocketServerConfig$$SpringCGLIB$$0 - <wsserver><info> Created WS channel: /app/topic
2026-05-21 06:10:04.414 INFO  o.c.TcpServerConfig$$SpringCGLIB$$0 - <tcpserver><info> TCP server started on port: 18196
2026-05-21 06:10:04.424 INFO  o.c.TcpClientConfig$$SpringCGLIB$$0 - <tcpclient><info> TCP client has been created for server: localhost:18196
2026-05-21 06:10:04.537 INFO  o.c.WebSocketServerConfig$$SpringCGLIB$$0 - <wsserver><info> Created WS server on endpoint: /ws
2026-05-21 06:10:05.034 INFO  o.code_studio.ComPortSchedulerTask - <tcpserver><info> Barcode communication enabled. COM port open: COM3
2026-05-21 06:10:05.907 INFO  o.c.TcpServerConfig$$SpringCGLIB$$0 - <tcpserver><info> Connection established: 127.0.0.1:59869:18196:15f25cad-1889-42d7-97f3-387afd04bb2d
2026-05-21 06:10:05.915 INFO  o.c.CraneClientConnectedListener - <tcpsvr><info> CraneClientConnectedEvent detected
2026-05-21 06:10:05.920 INFO  o.c.TcpServerConfig$$SpringCGLIB$$0 - <tcpclient><info> Connection established: 127.0.0.1:18196:59869:78e4b410-3b4d-4f04-b417-1f2af0656528
2026-05-21 06:10:05.969 WARN  o.c.ApplicationReadyListener - <tcpsvr><info> Message Flow Automation Debug is ENABLED
2026-05-21 06:10:05.988 INFO  o.c.controller.TcpMessageController - <tcpclient><send> LVS1UST1DA150021052026061005????????01???????001
2026-05-21 06:10:06.001 INFO  o.c.CraneClientConnectedListener - <tcpclient><send> DAYSTART message sent to Crane server
2026-05-21 06:10:06.021 INFO  o.c.TcpServerConfig$$SpringCGLIB$$0 - <tcpserver><recv> LVS1UST1DA150021052026061005????????01???????001
2026-05-21 06:10:06.053 WARN  o.c.m.IncomingMessageProcessor - MessageProcessor::handleError->StatusCode.STATUSUNKNOWN
2026-05-21 06:10:06.058 INFO  o.c.m.IncomingMessageProcessor - SENDER LVS1 | RECEIVER UST1 | MESSAGETYPE DAYSTART | ORDINAL 15 | ERRORCODE OK | SOURCE 21052026 | TARGET 061006 | REPORTPOINT RPUNKNOWN | LETYPE LEUNKNOWN | STATUSCODE AUTOMATIONENABLED | USERDATA null | RAWMESSAGE LVS1UST1DA150021052026061005????????01???????001
2026-05-21 06:10:09.080 INFO  o.c.controller.TcpMessageController - <tcpclient><send> UST1LVS111160021052026061006????????01???????001
2026-05-21 06:10:09.090 INFO  o.c.TcpClientConfig$$SpringCGLIB$$0 - <tcpclient><recv> LVS1UST1DA150021052026061005????????01???????001
2026-05-21 06:10:09.093 INFO  o.c.TcpServerConfig$$SpringCGLIB$$0 - <tcpserver><recv> UST1LVS111160021052026061006????????01???????001
2026-05-21 06:10:09.100 WARN  o.c.m.IncomingMessageProcessor - MessageProcessor::handleError->StatusCode.STATUSUNKNOWN
2026-05-21 06:10:09.103 INFO  o.c.m.IncomingMessageProcessor - SENDER UST1 | RECEIVER LVS1 | MESSAGETYPE DAYSTART | ORDINAL 16 | ERRORCODE OK | SOURCE 21052026 | TARGET 061009 | REPORTPOINT RPUNKNOWN | LETYPE LEUNKNOWN | STATUSCODE AUTOMATIONENABLED | USERDATA null | RAWMESSAGE UST1LVS111160021052026061006????????01???????001
2026-05-21 06:10:09.106 INFO  o.c.TcpClientConfig$$SpringCGLIB$$0 - <tcpclient><recv> LVS1UST1AA160021052026061006????????01???????001
2026-05-21 06:20:55.883 INFO  o.c.ApplicationCloseListener - <tcpserver><info> ApplicationContextClosedEvent detected
2026-05-21 06:20:55.903 INFO  org.code_studio.BarcodeConfig - <tcpserver><info> Barcode communication - COM port closed: COM3
2026-05-21 06:20:55.904 INFO  o.c.ApplicationCloseListener - <tcpserver><info> Waiting for 3000 msec to receive DAYEND confirmation from CRANE, and then close the TCP connection.
2026-05-21 06:20:59.028 INFO  o.c.TcpServerConfig$$SpringCGLIB$$0 - <tcpclient><info> Connection closed: 127.0.0.1:18196:59869:78e4b410-3b4d-4f04-b417-1f2af0656528
2026-05-21 06:20:59.050 INFO  o.c.TcpServerConfig$$SpringCGLIB$$0 - <tcpserver><info> Connection closed: 127.0.0.1:59869:18196:15f25cad-1889-42d7-97f3-387afd04bb2d
2026-05-21 06:21:29.184 INFO  o.code_studio.ComPortSchedulerTask - <tcpserver><info> Trying to open COM port for Barcode communication
2026-05-21 06:21:29.366 INFO  o.c.WebSocketServerConfig$$SpringCGLIB$$0 - <wsserver><info> Created WS channel: /app/topic
2026-05-21 06:21:29.650 INFO  o.c.TcpServerConfig$$SpringCGLIB$$0 - <tcpserver><info> TCP server started on port: 18196
2026-05-21 06:21:29.660 INFO  o.c.TcpClientConfig$$SpringCGLIB$$0 - <tcpclient><info> TCP client has been created for server: localhost:18196
2026-05-21 06:21:29.707 INFO  o.code_studio.ComPortSchedulerTask - <tcpserver><info> Barcode communication enabled. COM port open: COM3
2026-05-21 06:21:29.788 INFO  o.c.WebSocketServerConfig$$SpringCGLIB$$0 - <wsserver><info> Created WS server on endpoint: /ws
2026-05-21 06:21:31.279 INFO  o.c.TcpServerConfig$$SpringCGLIB$$0 - <tcpclient><info> Connection established: 127.0.0.1:18196:60050:a26f29cf-7c9e-45df-9257-5d4c9eec324f
2026-05-21 06:21:31.280 INFO  o.c.TcpServerConfig$$SpringCGLIB$$0 - <tcpserver><info> Connection established: 127.0.0.1:60050:18196:43695c94-5194-49a4-ad4f-e690e60e5701
2026-05-21 06:21:31.282 INFO  o.c.CraneClientConnectedListener - <tcpsvr><info> CraneClientConnectedEvent detected
2026-05-21 06:21:31.339 WARN  o.c.ApplicationReadyListener - <tcpsvr><info> Message Flow Automation Debug is ENABLED
2026-05-21 06:21:31.353 INFO  o.c.controller.TcpMessageController - <tcpclient><send> LVS1UST1DA170021052026062131????????01???????001
2026-05-21 06:21:31.367 INFO  o.c.CraneClientConnectedListener - <tcpclient><send> DAYSTART message sent to Crane server
2026-05-21 06:21:31.390 INFO  o.c.TcpServerConfig$$SpringCGLIB$$0 - <tcpserver><recv> LVS1UST1DA170021052026062131????????01???????001
2026-05-21 06:21:31.440 WARN  o.c.m.IncomingMessageProcessor - MessageProcessor::handleError->StatusCode.STATUSUNKNOWN
2026-05-21 06:21:31.444 INFO  o.c.m.IncomingMessageProcessor - SENDER LVS1 | RECEIVER UST1 | MESSAGETYPE DAYSTART | ORDINAL 17 | ERRORCODE OK | SOURCE 21052026 | TARGET 062131 | REPORTPOINT RPUNKNOWN | LETYPE LEUNKNOWN | STATUSCODE AUTOMATIONENABLED | USERDATA null | RAWMESSAGE LVS1UST1DA170021052026062131????????01???????001
2026-05-21 06:21:34.468 INFO  o.c.controller.TcpMessageController - <tcpclient><send> UST1LVS111180021052026062131????????01???????001
2026-05-21 06:21:34.473 INFO  o.c.TcpClientConfig$$SpringCGLIB$$0 - <tcpclient><recv> LVS1UST1DA170021052026062131????????01???????001
2026-05-21 06:21:34.473 INFO  o.c.TcpServerConfig$$SpringCGLIB$$0 - <tcpserver><recv> UST1LVS111180021052026062131????????01???????001
2026-05-21 06:21:34.475 WARN  o.c.m.IncomingMessageProcessor - MessageProcessor::handleError->StatusCode.STATUSUNKNOWN
2026-05-21 06:21:34.475 INFO  o.c.m.IncomingMessageProcessor - SENDER UST1 | RECEIVER LVS1 | MESSAGETYPE DAYSTART | ORDINAL 18 | ERRORCODE OK | SOURCE 21052026 | TARGET 062134 | REPORTPOINT RPUNKNOWN | LETYPE LEUNKNOWN | STATUSCODE AUTOMATIONENABLED | USERDATA null | RAWMESSAGE UST1LVS111180021052026062131????????01???????001
2026-05-21 06:21:34.477 INFO  o.c.TcpClientConfig$$SpringCGLIB$$0 - <tcpclient><recv> LVS1UST1AA180021052026062131????????01???????001
2026-05-21 06:25:41.728 INFO  o.c.ApplicationCloseListener - <tcpserver><info> ApplicationContextClosedEvent detected
2026-05-21 06:25:41.743 INFO  org.code_studio.BarcodeConfig - <tcpserver><info> Barcode communication - COM port closed: COM3
2026-05-21 06:25:41.744 INFO  o.c.ApplicationCloseListener - <tcpserver><info> Waiting for 3000 msec to receive DAYEND confirmation from CRANE, and then close the TCP connection.
2026-05-21 06:25:44.819 INFO  o.c.TcpServerConfig$$SpringCGLIB$$0 - <tcpclient><info> Connection closed: 127.0.0.1:18196:60050:a26f29cf-7c9e-45df-9257-5d4c9eec324f
2026-05-21 06:25:44.915 INFO  o.c.TcpServerConfig$$SpringCGLIB$$0 - <tcpserver><info> Connection closed: 127.0.0.1:60050:18196:43695c94-5194-49a4-ad4f-e690e60e5701
2026-05-21 06:26:01.505 INFO  o.code_studio.ComPortSchedulerTask - <tcpserver><info> Trying to open COM port for Barcode communication
2026-05-21 06:26:01.669 INFO  o.c.WebSocketServerConfig$$SpringCGLIB$$0 - <wsserver><info> Created WS channel: /app/topic
2026-05-21 06:26:01.899 INFO  o.c.TcpServerConfig$$SpringCGLIB$$0 - <tcpserver><info> TCP server started on port: 18196
2026-05-21 06:26:01.909 INFO  o.c.TcpClientConfig$$SpringCGLIB$$0 - <tcpclient><info> TCP client has been created for server: localhost:18196
2026-05-21 06:26:02.032 INFO  o.c.WebSocketServerConfig$$SpringCGLIB$$0 - <wsserver><info> Created WS server on endpoint: /ws
2026-05-21 06:26:02.475 INFO  o.code_studio.ComPortSchedulerTask - <tcpserver><info> Barcode communication enabled. COM port open: COM3
2026-05-21 06:26:03.862 INFO  o.c.TcpServerConfig$$SpringCGLIB$$0 - <tcpserver><info> Connection established: 127.0.0.1:60164:18196:8829cf0d-2d73-4308-aaca-50502c958a97
2026-05-21 06:26:03.866 INFO  o.c.CraneClientConnectedListener - <tcpsvr><info> CraneClientConnectedEvent detected
2026-05-21 06:26:03.866 INFO  o.c.TcpServerConfig$$SpringCGLIB$$0 - <tcpclient><info> Connection established: 127.0.0.1:18196:60164:5b14ba1b-c266-4b1d-bcda-dd09bdc87dd3
2026-05-21 06:26:03.929 WARN  o.c.ApplicationReadyListener - <tcpsvr><info> Message Flow Automation Debug is ENABLED
2026-05-21 06:26:03.958 INFO  o.c.controller.TcpMessageController - <tcpclient><send> LVS1UST1DA190021052026062603????????01???????001
2026-05-21 06:26:03.974 INFO  o.c.CraneClientConnectedListener - <tcpclient><send> DAYSTART message sent to Crane server
2026-05-21 06:26:03.998 INFO  o.c.TcpServerConfig$$SpringCGLIB$$0 - <tcpserver><recv> LVS1UST1DA190021052026062603????????01???????001
2026-05-21 06:26:04.026 WARN  o.c.m.IncomingMessageProcessor - MessageProcessor::handleError->StatusCode.STATUSUNKNOWN
2026-05-21 06:26:04.031 INFO  o.c.m.IncomingMessageProcessor - SENDER LVS1 | RECEIVER UST1 | MESSAGETYPE DAYSTART | ORDINAL 19 | ERRORCODE OK | SOURCE 21052026 | TARGET 062604 | REPORTPOINT RPUNKNOWN | LETYPE LEUNKNOWN | STATUSCODE AUTOMATIONENABLED | USERDATA null | RAWMESSAGE LVS1UST1DA190021052026062603????????01???????001
2026-05-21 06:26:07.053 INFO  o.c.controller.TcpMessageController - <tcpclient><send> UST1LVS111200021052026062604????????01???????001
2026-05-21 06:26:07.056 INFO  o.c.TcpClientConfig$$SpringCGLIB$$0 - <tcpclient><recv> LVS1UST1DA190021052026062603????????01???????001
2026-05-21 06:26:07.057 INFO  o.c.TcpServerConfig$$SpringCGLIB$$0 - <tcpserver><recv> UST1LVS111200021052026062604????????01???????001
2026-05-21 06:26:07.061 WARN  o.c.m.IncomingMessageProcessor - MessageProcessor::handleError->StatusCode.STATUSUNKNOWN
2026-05-21 06:26:07.061 INFO  o.c.m.IncomingMessageProcessor - SENDER UST1 | RECEIVER LVS1 | MESSAGETYPE DAYSTART | ORDINAL 20 | ERRORCODE OK | SOURCE 21052026 | TARGET 062607 | REPORTPOINT RPUNKNOWN | LETYPE LEUNKNOWN | STATUSCODE AUTOMATIONENABLED | USERDATA null | RAWMESSAGE UST1LVS111200021052026062604????????01???????001
2026-05-21 06:26:07.063 INFO  o.c.TcpClientConfig$$SpringCGLIB$$0 - <tcpclient><recv> LVS1UST1AA200021052026062604????????01???????001
2026-05-21 06:30:20.010 INFO  o.c.ApplicationCloseListener - <tcpserver><info> ApplicationContextClosedEvent detected
2026-05-21 06:30:20.115 INFO  org.code_studio.BarcodeConfig - <tcpserver><info> Barcode communication - COM port closed: COM3
2026-05-21 06:30:20.116 INFO  o.c.ApplicationCloseListener - <tcpserver><info> Waiting for 3000 msec to receive DAYEND confirmation from CRANE, and then close the TCP connection.
2026-05-21 06:30:23.280 INFO  o.c.TcpServerConfig$$SpringCGLIB$$0 - <tcpclient><info> Connection closed: 127.0.0.1:18196:60164:5b14ba1b-c266-4b1d-bcda-dd09bdc87dd3
2026-05-21 06:30:23.342 INFO  o.c.TcpServerConfig$$SpringCGLIB$$0 - <tcpserver><info> Connection closed: 127.0.0.1:60164:18196:8829cf0d-2d73-4308-aaca-50502c958a97
2026-05-21 06:30:38.319 INFO  o.code_studio.ComPortSchedulerTask - <tcpserver><info> Trying to open COM port for Barcode communication
2026-05-21 06:30:38.512 INFO  o.c.WebSocketServerConfig$$SpringCGLIB$$0 - <wsserver><info> Created WS channel: /app/topic
2026-05-21 06:30:38.782 INFO  o.c.TcpServerConfig$$SpringCGLIB$$0 - <tcpserver><info> TCP server started on port: 18196
2026-05-21 06:30:38.791 INFO  o.c.TcpClientConfig$$SpringCGLIB$$0 - <tcpclient><info> TCP client has been created for server: localhost:18196
2026-05-21 06:30:38.913 INFO  o.c.WebSocketServerConfig$$SpringCGLIB$$0 - <wsserver><info> Created WS server on endpoint: /ws
2026-05-21 06:30:39.018 INFO  o.code_studio.ComPortSchedulerTask - <tcpserver><info> Barcode communication enabled. COM port open: COM3
2026-05-21 06:30:40.670 INFO  o.c.TcpServerConfig$$SpringCGLIB$$0 - <tcpserver><info> Connection established: 127.0.0.1:60260:18196:2f52aaf9-0580-4937-b369-72d62f7f0102
2026-05-21 06:30:40.672 INFO  o.c.CraneClientConnectedListener - <tcpsvr><info> CraneClientConnectedEvent detected
2026-05-21 06:30:40.671 INFO  o.c.TcpServerConfig$$SpringCGLIB$$0 - <tcpclient><info> Connection established: 127.0.0.1:18196:60260:96af98b2-90e8-4af3-b046-03a388f37a6a
2026-05-21 06:30:40.739 WARN  o.c.ApplicationReadyListener - <tcpsvr><info> Message Flow Automation Debug is ENABLED
2026-05-21 06:30:40.743 INFO  o.c.controller.TcpMessageController - <tcpclient><send> LVS1UST1DA210021052026063040????????01???????001
2026-05-21 06:30:40.758 INFO  o.c.CraneClientConnectedListener - <tcpclient><send> DAYSTART message sent to Crane server
2026-05-21 06:30:40.784 INFO  o.c.TcpServerConfig$$SpringCGLIB$$0 - <tcpserver><recv> LVS1UST1DA210021052026063040????????01???????001
2026-05-21 06:30:40.817 WARN  o.c.m.IncomingMessageProcessor - MessageProcessor::handleError->StatusCode.STATUSUNKNOWN
2026-05-21 06:30:40.830 INFO  o.c.m.IncomingMessageProcessor - SENDER LVS1 | RECEIVER UST1 | MESSAGETYPE DAYSTART | ORDINAL 21 | ERRORCODE OK | SOURCE 21052026 | TARGET 063040 | REPORTPOINT RPUNKNOWN | LETYPE LEUNKNOWN | STATUSCODE AUTOMATIONENABLED | USERDATA null | RAWMESSAGE LVS1UST1DA210021052026063040????????01???????001
2026-05-21 06:30:43.850 INFO  o.c.controller.TcpMessageController - <tcpclient><send> UST1LVS111220021052026063040????????01???????001
2026-05-21 06:30:43.852 INFO  o.c.TcpClientConfig$$SpringCGLIB$$0 - <tcpclient><recv> LVS1UST1DA210021052026063040????????01???????001
2026-05-21 06:30:43.853 INFO  o.c.TcpServerConfig$$SpringCGLIB$$0 - <tcpserver><recv> UST1LVS111220021052026063040????????01???????001
2026-05-21 06:30:43.855 WARN  o.c.m.IncomingMessageProcessor - MessageProcessor::handleError->StatusCode.STATUSUNKNOWN
2026-05-21 06:30:43.855 INFO  o.c.m.IncomingMessageProcessor - SENDER UST1 | RECEIVER LVS1 | MESSAGETYPE DAYSTART | ORDINAL 22 | ERRORCODE OK | SOURCE 21052026 | TARGET 063043 | REPORTPOINT RPUNKNOWN | LETYPE LEUNKNOWN | STATUSCODE AUTOMATIONENABLED | USERDATA null | RAWMESSAGE UST1LVS111220021052026063040????????01???????001
2026-05-21 06:30:43.857 INFO  o.c.TcpClientConfig$$SpringCGLIB$$0 - <tcpclient><recv> LVS1UST1AA220021052026063040????????01???????001
2026-05-21 06:40:02.487 INFO  o.c.ApplicationCloseListener - <tcpserver><info> ApplicationContextClosedEvent detected
2026-05-21 06:40:02.513 INFO  org.code_studio.BarcodeConfig - <tcpserver><info> Barcode communication - COM port closed: COM3
2026-05-21 06:40:02.516 INFO  o.c.ApplicationCloseListener - <tcpserver><info> Waiting for 3000 msec to receive DAYEND confirmation from CRANE, and then close the TCP connection.
2026-05-21 06:40:05.695 INFO  o.c.TcpServerConfig$$SpringCGLIB$$0 - <tcpclient><info> Connection closed: 127.0.0.1:18196:60260:96af98b2-90e8-4af3-b046-03a388f37a6a
2026-05-21 06:40:05.752 INFO  o.c.TcpServerConfig$$SpringCGLIB$$0 - <tcpserver><info> Connection closed: 127.0.0.1:60260:18196:2f52aaf9-0580-4937-b369-72d62f7f0102
2026-05-21 06:40:16.373 INFO  o.code_studio.ComPortSchedulerTask - <tcpserver><info> Trying to open COM port for Barcode communication
2026-05-21 06:40:16.541 INFO  o.c.WebSocketServerConfig$$SpringCGLIB$$0 - <wsserver><info> Created WS channel: /app/topic
2026-05-21 06:40:16.762 INFO  o.c.TcpServerConfig$$SpringCGLIB$$0 - <tcpserver><info> TCP server started on port: 18196
2026-05-21 06:40:16.769 INFO  o.c.TcpClientConfig$$SpringCGLIB$$0 - <tcpclient><info> TCP client has been created for server: localhost:18196
2026-05-21 06:40:16.871 INFO  o.c.WebSocketServerConfig$$SpringCGLIB$$0 - <wsserver><info> Created WS server on endpoint: /ws
2026-05-21 06:40:19.826 INFO  o.code_studio.ComPortSchedulerTask - <tcpserver><info> Barcode communication enabled. COM port open: COM3
2026-05-21 06:40:22.551 INFO  o.c.TcpServerConfig$$SpringCGLIB$$0 - <tcpserver><info> Connection established: 127.0.0.1:60383:18196:9a61ca84-7482-46d9-8f49-71dd62260768
2026-05-21 06:40:22.551 INFO  o.c.TcpServerConfig$$SpringCGLIB$$0 - <tcpclient><info> Connection established: 127.0.0.1:18196:60383:391cd6f7-a9d6-4f2c-854c-4c6e2a396669
2026-05-21 06:40:22.553 INFO  o.c.CraneClientConnectedListener - <tcpsvr><info> CraneClientConnectedEvent detected
2026-05-21 06:40:22.619 WARN  o.c.ApplicationReadyListener - <tcpsvr><info> Message Flow Automation Debug is ENABLED
2026-05-21 06:40:22.655 INFO  o.c.controller.TcpMessageController - <tcpclient><send> LVS1UST1DA230021052026064022????????01???????001
2026-05-21 06:40:22.675 INFO  o.c.CraneClientConnectedListener - <tcpclient><send> DAYSTART message sent to Crane server
2026-05-21 06:40:22.712 INFO  o.c.TcpServerConfig$$SpringCGLIB$$0 - <tcpserver><recv> LVS1UST1DA230021052026064022????????01???????001
2026-05-21 06:40:22.753 WARN  o.c.m.IncomingMessageProcessor - MessageProcessor::handleError->StatusCode.STATUSUNKNOWN
2026-05-21 06:40:22.759 INFO  o.c.m.IncomingMessageProcessor - SENDER LVS1 | RECEIVER UST1 | MESSAGETYPE DAYSTART | ORDINAL 23 | ERRORCODE OK | SOURCE 21052026 | TARGET 064022 | REPORTPOINT RPUNKNOWN | LETYPE LEUNKNOWN | STATUSCODE AUTOMATIONENABLED | USERDATA null | RAWMESSAGE LVS1UST1DA230021052026064022????????01???????001
2026-05-21 06:40:25.783 INFO  o.c.controller.TcpMessageController - <tcpclient><send> UST1LVS111240021052026064022????????01???????001
2026-05-21 06:40:25.786 INFO  o.c.TcpServerConfig$$SpringCGLIB$$0 - <tcpserver><recv> UST1LVS111240021052026064022????????01???????001
2026-05-21 06:40:25.786 INFO  o.c.TcpClientConfig$$SpringCGLIB$$0 - <tcpclient><recv> LVS1UST1DA230021052026064022????????01???????001
2026-05-21 06:40:25.787 WARN  o.c.m.IncomingMessageProcessor - MessageProcessor::handleError->StatusCode.STATUSUNKNOWN
2026-05-21 06:40:25.787 INFO  o.c.m.IncomingMessageProcessor - SENDER UST1 | RECEIVER LVS1 | MESSAGETYPE DAYSTART | ORDINAL 24 | ERRORCODE OK | SOURCE 21052026 | TARGET 064025 | REPORTPOINT RPUNKNOWN | LETYPE LEUNKNOWN | STATUSCODE AUTOMATIONENABLED | USERDATA null | RAWMESSAGE UST1LVS111240021052026064022????????01???????001
2026-05-21 06:40:25.789 INFO  o.c.TcpClientConfig$$SpringCGLIB$$0 - <tcpclient><recv> LVS1UST1AA240021052026064022????????01???????001
2026-05-21 06:48:06.709 INFO  o.c.ApplicationCloseListener - <tcpserver><info> ApplicationContextClosedEvent detected
2026-05-21 06:48:06.728 INFO  org.code_studio.BarcodeConfig - <tcpserver><info> Barcode communication - COM port closed: COM3
2026-05-21 06:48:06.729 INFO  o.c.ApplicationCloseListener - <tcpserver><info> Waiting for 3000 msec to receive DAYEND confirmation from CRANE, and then close the TCP connection.
2026-05-21 06:48:09.777 INFO  o.c.TcpServerConfig$$SpringCGLIB$$0 - <tcpclient><info> Connection closed: 127.0.0.1:18196:60383:391cd6f7-a9d6-4f2c-854c-4c6e2a396669
2026-05-21 06:48:09.792 INFO  o.c.TcpServerConfig$$SpringCGLIB$$0 - <tcpserver><info> Connection closed: 127.0.0.1:60383:18196:9a61ca84-7482-46d9-8f49-71dd62260768
2026-05-21 06:48:27.236 INFO  o.code_studio.ComPortSchedulerTask - <tcpserver><info> Trying to open COM port for Barcode communication
2026-05-21 06:48:27.424 INFO  o.c.WebSocketServerConfig$$SpringCGLIB$$0 - <wsserver><info> Created WS channel: /app/topic
2026-05-21 06:48:27.675 INFO  o.c.TcpServerConfig$$SpringCGLIB$$0 - <tcpserver><info> TCP server started on port: 18196
2026-05-21 06:48:27.685 INFO  o.c.TcpClientConfig$$SpringCGLIB$$0 - <tcpclient><info> TCP client has been created for server: localhost:18196
2026-05-21 06:48:27.811 INFO  o.c.WebSocketServerConfig$$SpringCGLIB$$0 - <wsserver><info> Created WS server on endpoint: /ws
2026-05-21 06:48:29.012 INFO  o.code_studio.ComPortSchedulerTask - <tcpserver><info> Barcode communication enabled. COM port open: COM3
2026-05-21 06:48:29.183 INFO  o.c.TcpServerConfig$$SpringCGLIB$$0 - <tcpclient><info> Connection established: 127.0.0.1:18196:60503:e24639d5-6a9e-4e42-8c72-868109cc76a5
2026-05-21 06:48:29.183 INFO  o.c.TcpServerConfig$$SpringCGLIB$$0 - <tcpserver><info> Connection established: 127.0.0.1:60503:18196:7791f86c-eae6-45f1-bff4-3c2494a81429
2026-05-21 06:48:29.184 INFO  o.c.CraneClientConnectedListener - <tcpsvr><info> CraneClientConnectedEvent detected
2026-05-21 06:48:29.236 WARN  o.c.ApplicationReadyListener - <tcpsvr><info> Message Flow Automation Debug is ENABLED
2026-05-21 06:48:29.244 INFO  o.c.controller.TcpMessageController - <tcpclient><send> LVS1UST1DA250021052026064829????????01???????001
2026-05-21 06:48:29.259 INFO  o.c.CraneClientConnectedListener - <tcpclient><send> DAYSTART message sent to Crane server
2026-05-21 06:48:29.305 INFO  o.c.TcpServerConfig$$SpringCGLIB$$0 - <tcpserver><recv> LVS1UST1DA250021052026064829????????01???????001
2026-05-21 06:48:29.367 WARN  o.c.m.IncomingMessageProcessor - MessageProcessor::handleError->StatusCode.STATUSUNKNOWN
2026-05-21 06:48:29.376 INFO  o.c.m.IncomingMessageProcessor - SENDER LVS1 | RECEIVER UST1 | MESSAGETYPE DAYSTART | ORDINAL 25 | ERRORCODE OK | SOURCE 21052026 | TARGET 064829 | REPORTPOINT RPUNKNOWN | LETYPE LEUNKNOWN | STATUSCODE AUTOMATIONENABLED | USERDATA null | RAWMESSAGE LVS1UST1DA250021052026064829????????01???????001
2026-05-21 06:48:32.402 INFO  o.c.controller.TcpMessageController - <tcpclient><send> UST1LVS111260021052026064829????????01???????001
2026-05-21 06:48:32.405 INFO  o.c.TcpClientConfig$$SpringCGLIB$$0 - <tcpclient><recv> LVS1UST1DA250021052026064829????????01???????001
2026-05-21 06:48:32.405 INFO  o.c.TcpServerConfig$$SpringCGLIB$$0 - <tcpserver><recv> UST1LVS111260021052026064829????????01???????001
2026-05-21 06:48:32.407 WARN  o.c.m.IncomingMessageProcessor - MessageProcessor::handleError->StatusCode.STATUSUNKNOWN
2026-05-21 06:48:32.407 INFO  o.c.m.IncomingMessageProcessor - SENDER UST1 | RECEIVER LVS1 | MESSAGETYPE DAYSTART | ORDINAL 26 | ERRORCODE OK | SOURCE 21052026 | TARGET 064832 | REPORTPOINT RPUNKNOWN | LETYPE LEUNKNOWN | STATUSCODE AUTOMATIONENABLED | USERDATA null | RAWMESSAGE UST1LVS111260021052026064829????????01???????001
2026-05-21 06:48:32.409 INFO  o.c.TcpClientConfig$$SpringCGLIB$$0 - <tcpclient><recv> LVS1UST1AA260021052026064829????????01???????001
2026-05-21 06:53:16.693 INFO  o.c.ApplicationCloseListener - <tcpserver><info> ApplicationContextClosedEvent detected
2026-05-21 06:53:16.733 INFO  org.code_studio.BarcodeConfig - <tcpserver><info> Barcode communication - COM port closed: COM3
2026-05-21 06:53:16.738 INFO  o.c.ApplicationCloseListener - <tcpserver><info> Waiting for 3000 msec to receive DAYEND confirmation from CRANE, and then close the TCP connection.
2026-05-21 06:53:19.890 INFO  o.c.TcpServerConfig$$SpringCGLIB$$0 - <tcpclient><info> Connection closed: 127.0.0.1:18196:60503:e24639d5-6a9e-4e42-8c72-868109cc76a5
2026-05-21 06:53:19.989 INFO  o.c.TcpServerConfig$$SpringCGLIB$$0 - <tcpserver><info> Connection closed: 127.0.0.1:60503:18196:7791f86c-eae6-45f1-bff4-3c2494a81429
2026-05-21 06:53:35.240 INFO  o.code_studio.ComPortSchedulerTask - <tcpserver><info> Trying to open COM port for Barcode communication
2026-05-21 06:53:35.396 INFO  o.c.WebSocketServerConfig$$SpringCGLIB$$0 - <wsserver><info> Created WS channel: /app/topic
2026-05-21 06:53:35.619 INFO  o.c.TcpServerConfig$$SpringCGLIB$$0 - <tcpserver><info> TCP server started on port: 18196
2026-05-21 06:53:35.628 INFO  o.c.TcpClientConfig$$SpringCGLIB$$0 - <tcpclient><info> TCP client has been created for server: localhost:18196
2026-05-21 06:53:35.723 INFO  o.c.WebSocketServerConfig$$SpringCGLIB$$0 - <wsserver><info> Created WS server on endpoint: /ws
2026-05-21 06:53:36.993 INFO  o.c.TcpServerConfig$$SpringCGLIB$$0 - <tcpclient><info> Connection established: 127.0.0.1:18196:60604:8acf6586-fe24-40bb-83f3-aa55570c241e
2026-05-21 06:53:36.998 INFO  o.c.TcpServerConfig$$SpringCGLIB$$0 - <tcpserver><info> Connection established: 127.0.0.1:60604:18196:06f64c37-1173-4368-9bd5-9adbe4535678
2026-05-21 06:53:37.001 INFO  o.c.CraneClientConnectedListener - <tcpsvr><info> CraneClientConnectedEvent detected
2026-05-21 06:53:37.052 WARN  o.c.ApplicationReadyListener - <tcpsvr><info> Message Flow Automation Debug is ENABLED
2026-05-21 06:53:37.154 INFO  o.c.controller.TcpMessageController - <tcpclient><send> LVS1UST1DA270021052026065337????????01???????001
2026-05-21 06:53:37.173 INFO  o.c.CraneClientConnectedListener - <tcpclient><send> DAYSTART message sent to Crane server
2026-05-21 06:53:37.196 INFO  o.c.TcpServerConfig$$SpringCGLIB$$0 - <tcpserver><recv> LVS1UST1DA270021052026065337????????01???????001
2026-05-21 06:53:37.231 WARN  o.c.m.IncomingMessageProcessor - MessageProcessor::handleError->StatusCode.STATUSUNKNOWN
2026-05-21 06:53:37.235 INFO  o.c.m.IncomingMessageProcessor - SENDER LVS1 | RECEIVER UST1 | MESSAGETYPE DAYSTART | ORDINAL 27 | ERRORCODE OK | SOURCE 21052026 | TARGET 065337 | REPORTPOINT RPUNKNOWN | LETYPE LEUNKNOWN | STATUSCODE AUTOMATIONENABLED | USERDATA null | RAWMESSAGE LVS1UST1DA270021052026065337????????01???????001
2026-05-21 06:53:37.427 INFO  o.code_studio.ComPortSchedulerTask - <tcpserver><info> Barcode communication enabled. COM port open: COM3
2026-05-21 06:53:40.299 INFO  o.c.controller.TcpMessageController - <tcpclient><send> UST1LVS111280021052026065337????????01???????001
2026-05-21 06:53:40.313 INFO  o.c.TcpClientConfig$$SpringCGLIB$$0 - <tcpclient><recv> LVS1UST1DA270021052026065337????????01???????001
2026-05-21 06:53:40.315 INFO  o.c.TcpServerConfig$$SpringCGLIB$$0 - <tcpserver><recv> UST1LVS111280021052026065337????????01???????001
2026-05-21 06:53:40.322 WARN  o.c.m.IncomingMessageProcessor - MessageProcessor::handleError->StatusCode.STATUSUNKNOWN
2026-05-21 06:53:40.324 INFO  o.c.m.IncomingMessageProcessor - SENDER UST1 | RECEIVER LVS1 | MESSAGETYPE DAYSTART | ORDINAL 28 | ERRORCODE OK | SOURCE 21052026 | TARGET 065340 | REPORTPOINT RPUNKNOWN | LETYPE LEUNKNOWN | STATUSCODE AUTOMATIONENABLED | USERDATA null | RAWMESSAGE UST1LVS111280021052026065337????????01???????001
2026-05-21 06:53:40.327 INFO  o.c.TcpClientConfig$$SpringCGLIB$$0 - <tcpclient><recv> LVS1UST1AA280021052026065337????????01???????001
2026-05-21 06:54:19.195 INFO  o.c.ApplicationCloseListener - <tcpserver><info> ApplicationContextClosedEvent detected
2026-05-21 06:54:19.200 INFO  org.code_studio.BarcodeConfig - <tcpserver><info> Barcode communication - COM port closed: COM3
2026-05-21 06:54:19.201 INFO  o.c.ApplicationCloseListener - <tcpserver><info> Waiting for 3000 msec to receive DAYEND confirmation from CRANE, and then close the TCP connection.
2026-05-21 06:54:22.217 INFO  o.c.TcpServerConfig$$SpringCGLIB$$0 - <tcpclient><info> Connection closed: 127.0.0.1:18196:60604:8acf6586-fe24-40bb-83f3-aa55570c241e
2026-05-21 06:54:22.224 INFO  o.c.TcpServerConfig$$SpringCGLIB$$0 - <tcpserver><info> Connection closed: 127.0.0.1:60604:18196:06f64c37-1173-4368-9bd5-9adbe4535678
2026-05-21 06:55:24.442 INFO  o.code_studio.ComPortSchedulerTask - <tcpserver><info> Trying to open COM port for Barcode communication
2026-05-21 06:55:24.674 INFO  o.c.WebSocketServerConfig$$SpringCGLIB$$0 - <wsserver><info> Created WS channel: /app/topic
2026-05-21 06:55:24.935 INFO  o.c.TcpServerConfig$$SpringCGLIB$$0 - <tcpserver><info> TCP server started on port: 18196
2026-05-21 06:55:24.960 INFO  o.c.TcpClientConfig$$SpringCGLIB$$0 - <tcpclient><info> TCP client has been created for server: localhost:18196
2026-05-21 06:55:25.039 INFO  o.code_studio.ComPortSchedulerTask - <tcpserver><info> Barcode communication enabled. COM port open: COM3
2026-05-21 06:55:25.159 INFO  o.c.WebSocketServerConfig$$SpringCGLIB$$0 - <wsserver><info> Created WS server on endpoint: /ws
2026-05-21 06:55:26.827 INFO  o.c.TcpServerConfig$$SpringCGLIB$$0 - <tcpclient><info> Connection established: 127.0.0.1:18196:60637:22f42f42-aa63-4cfd-885c-261320ec543c
2026-05-21 06:55:26.827 INFO  o.c.TcpServerConfig$$SpringCGLIB$$0 - <tcpserver><info> Connection established: 127.0.0.1:60637:18196:d78bc3a0-5343-42a5-8fd0-eaeb054737bf
2026-05-21 06:55:26.838 INFO  o.c.CraneClientConnectedListener - <tcpsvr><info> CraneClientConnectedEvent detected
2026-05-21 06:55:26.894 WARN  o.c.ApplicationReadyListener - <tcpsvr><info> Message Flow Automation Debug is ENABLED
2026-05-21 06:55:26.916 INFO  o.c.controller.TcpMessageController - <tcpclient><send> LVS1UST1DA290021052026065526????????01???????001
2026-05-21 06:55:26.933 INFO  o.c.CraneClientConnectedListener - <tcpclient><send> DAYSTART message sent to Crane server
2026-05-21 06:55:26.957 INFO  o.c.TcpServerConfig$$SpringCGLIB$$0 - <tcpserver><recv> LVS1UST1DA290021052026065526????????01???????001
2026-05-21 06:55:26.997 WARN  o.c.m.IncomingMessageProcessor - MessageProcessor::handleError->StatusCode.STATUSUNKNOWN
2026-05-21 06:55:27.002 INFO  o.c.m.IncomingMessageProcessor - SENDER LVS1 | RECEIVER UST1 | MESSAGETYPE DAYSTART | ORDINAL 29 | ERRORCODE OK | SOURCE 21052026 | TARGET 065526 | REPORTPOINT RPUNKNOWN | LETYPE LEUNKNOWN | STATUSCODE AUTOMATIONENABLED | USERDATA null | RAWMESSAGE LVS1UST1DA290021052026065526????????01???????001
2026-05-21 06:55:30.023 INFO  o.c.controller.TcpMessageController - <tcpclient><send> UST1LVS111300021052026065526????????01???????001
2026-05-21 06:55:30.027 INFO  o.c.TcpClientConfig$$SpringCGLIB$$0 - <tcpclient><recv> LVS1UST1DA290021052026065526????????01???????001
2026-05-21 06:55:30.027 INFO  o.c.TcpServerConfig$$SpringCGLIB$$0 - <tcpserver><recv> UST1LVS111300021052026065526????????01???????001
2026-05-21 06:55:30.028 WARN  o.c.m.IncomingMessageProcessor - MessageProcessor::handleError->StatusCode.STATUSUNKNOWN
2026-05-21 06:55:30.029 INFO  o.c.m.IncomingMessageProcessor - SENDER UST1 | RECEIVER LVS1 | MESSAGETYPE DAYSTART | ORDINAL 30 | ERRORCODE OK | SOURCE 21052026 | TARGET 065530 | REPORTPOINT RPUNKNOWN | LETYPE LEUNKNOWN | STATUSCODE AUTOMATIONENABLED | USERDATA null | RAWMESSAGE UST1LVS111300021052026065526????????01???????001
2026-05-21 06:55:30.031 INFO  o.c.TcpClientConfig$$SpringCGLIB$$0 - <tcpclient><recv> LVS1UST1AA300021052026065526????????01???????001
2026-05-21 07:04:08.380 INFO  o.c.ApplicationCloseListener - <tcpserver><info> ApplicationContextClosedEvent detected
2026-05-21 07:04:08.396 INFO  org.code_studio.BarcodeConfig - <tcpserver><info> Barcode communication - COM port closed: COM3
2026-05-21 07:04:08.398 INFO  o.c.ApplicationCloseListener - <tcpserver><info> Waiting for 3000 msec to receive DAYEND confirmation from CRANE, and then close the TCP connection.
2026-05-21 07:04:11.493 INFO  o.c.TcpServerConfig$$SpringCGLIB$$0 - <tcpclient><info> Connection closed: 127.0.0.1:18196:60637:22f42f42-aa63-4cfd-885c-261320ec543c
2026-05-21 07:04:11.511 INFO  o.c.TcpServerConfig$$SpringCGLIB$$0 - <tcpserver><info> Connection closed: 127.0.0.1:60637:18196:d78bc3a0-5343-42a5-8fd0-eaeb054737bf
2026-05-21 07:04:31.155 INFO  o.code_studio.ComPortSchedulerTask - <tcpserver><info> Trying to open COM port for Barcode communication
2026-05-21 07:04:31.348 INFO  o.c.WebSocketServerConfig$$SpringCGLIB$$0 - <wsserver><info> Created WS channel: /app/topic
2026-05-21 07:04:31.544 INFO  o.c.TcpServerConfig$$SpringCGLIB$$0 - <tcpserver><info> TCP server started on port: 18196
2026-05-21 07:04:31.553 INFO  o.c.TcpClientConfig$$SpringCGLIB$$0 - <tcpclient><info> TCP client has been created for server: localhost:18196
2026-05-21 07:04:31.666 INFO  o.c.WebSocketServerConfig$$SpringCGLIB$$0 - <wsserver><info> Created WS server on endpoint: /ws
2026-05-21 07:04:32.795 INFO  o.code_studio.ComPortSchedulerTask - <tcpserver><info> Barcode communication enabled. COM port open: COM3
2026-05-21 07:04:32.860 INFO  o.c.TcpServerConfig$$SpringCGLIB$$0 - <tcpclient><info> Connection established: 127.0.0.1:18196:60804:8c384ed4-8fdb-46db-ba74-3b457f4576d9
2026-05-21 07:04:32.860 INFO  o.c.TcpServerConfig$$SpringCGLIB$$0 - <tcpserver><info> Connection established: 127.0.0.1:60804:18196:96e95413-10d9-4205-8553-0f2d26c55101
2026-05-21 07:04:32.862 INFO  o.c.CraneClientConnectedListener - <tcpsvr><info> CraneClientConnectedEvent detected
2026-05-21 07:04:32.914 WARN  o.c.ApplicationReadyListener - <tcpsvr><info> Message Flow Automation Debug is ENABLED
2026-05-21 07:04:32.923 INFO  o.c.controller.TcpMessageController - <tcpclient><send> LVS1UST1DA310021052026070432????????01???????001
2026-05-21 07:04:32.946 INFO  o.c.CraneClientConnectedListener - <tcpclient><send> DAYSTART message sent to Crane server
2026-05-21 07:04:32.968 INFO  o.c.TcpServerConfig$$SpringCGLIB$$0 - <tcpserver><recv> LVS1UST1DA310021052026070432????????01???????001
2026-05-21 07:04:32.987 WARN  o.c.m.IncomingMessageProcessor - MessageProcessor::handleError->StatusCode.STATUSUNKNOWN
2026-05-21 07:04:32.992 INFO  o.c.m.IncomingMessageProcessor - SENDER LVS1 | RECEIVER UST1 | MESSAGETYPE DAYSTART | ORDINAL 31 | ERRORCODE OK | SOURCE 21052026 | TARGET 070432 | REPORTPOINT RPUNKNOWN | LETYPE LEUNKNOWN | STATUSCODE AUTOMATIONENABLED | USERDATA null | RAWMESSAGE LVS1UST1DA310021052026070432????????01???????001
2026-05-21 07:04:36.014 INFO  o.c.controller.TcpMessageController - <tcpclient><send> UST1LVS111320021052026070432????????01???????001
2026-05-21 07:04:36.017 INFO  o.c.TcpClientConfig$$SpringCGLIB$$0 - <tcpclient><recv> LVS1UST1DA310021052026070432????????01???????001
2026-05-21 07:04:36.021 INFO  o.c.TcpServerConfig$$SpringCGLIB$$0 - <tcpserver><recv> UST1LVS111320021052026070432????????01???????001
2026-05-21 07:04:36.024 WARN  o.c.m.IncomingMessageProcessor - MessageProcessor::handleError->StatusCode.STATUSUNKNOWN
2026-05-21 07:04:36.026 INFO  o.c.m.IncomingMessageProcessor - SENDER UST1 | RECEIVER LVS1 | MESSAGETYPE DAYSTART | ORDINAL 32 | ERRORCODE OK | SOURCE 21052026 | TARGET 070436 | REPORTPOINT RPUNKNOWN | LETYPE LEUNKNOWN | STATUSCODE AUTOMATIONENABLED | USERDATA null | RAWMESSAGE UST1LVS111320021052026070432????????01???????001
2026-05-21 07:04:36.028 INFO  o.c.TcpClientConfig$$SpringCGLIB$$0 - <tcpclient><recv> LVS1UST1AA320021052026070432????????01???????001
2026-05-21 07:10:31.250 INFO  o.c.ApplicationCloseListener - <tcpserver><info> ApplicationContextClosedEvent detected
2026-05-21 07:10:31.323 INFO  org.code_studio.BarcodeConfig - <tcpserver><info> Barcode communication - COM port closed: COM3
2026-05-21 07:10:31.325 INFO  o.c.ApplicationCloseListener - <tcpserver><info> Waiting for 3000 msec to receive DAYEND confirmation from CRANE, and then close the TCP connection.
2026-05-21 07:10:34.398 INFO  o.c.TcpServerConfig$$SpringCGLIB$$0 - <tcpclient><info> Connection closed: 127.0.0.1:18196:60804:8c384ed4-8fdb-46db-ba74-3b457f4576d9
2026-05-21 07:10:34.415 INFO  o.c.TcpServerConfig$$SpringCGLIB$$0 - <tcpserver><info> Connection closed: 127.0.0.1:60804:18196:96e95413-10d9-4205-8553-0f2d26c55101
2026-05-21 07:10:57.406 INFO  o.code_studio.ComPortSchedulerTask - <tcpserver><info> Trying to open COM port for Barcode communication
2026-05-21 07:10:57.675 INFO  o.c.WebSocketServerConfig$$SpringCGLIB$$0 - <wsserver><info> Created WS channel: /app/topic
2026-05-21 07:10:58.003 INFO  o.c.TcpServerConfig$$SpringCGLIB$$0 - <tcpserver><info> TCP server started on port: 18196
2026-05-21 07:10:58.019 INFO  o.c.TcpClientConfig$$SpringCGLIB$$0 - <tcpclient><info> TCP client has been created for server: localhost:18196
2026-05-21 07:10:58.201 INFO  o.c.WebSocketServerConfig$$SpringCGLIB$$0 - <wsserver><info> Created WS server on endpoint: /ws
2026-05-21 07:10:59.552 INFO  o.code_studio.ComPortSchedulerTask - <tcpserver><info> Barcode communication enabled. COM port open: COM3
2026-05-21 07:11:02.065 INFO  o.c.TcpServerConfig$$SpringCGLIB$$0 - <tcpserver><info> Connection established: 127.0.0.1:60925:18196:06461370-55a8-45f5-b129-a1818abd649d
2026-05-21 07:11:02.085 INFO  o.c.CraneClientConnectedListener - <tcpsvr><info> CraneClientConnectedEvent detected
2026-05-21 07:11:02.087 INFO  o.c.TcpServerConfig$$SpringCGLIB$$0 - <tcpclient><info> Connection established: 127.0.0.1:18196:60925:6dc93a08-3db8-4006-84b0-22bf44c38867
2026-05-21 07:11:02.207 WARN  o.c.ApplicationReadyListener - <tcpsvr><info> Message Flow Automation Debug is ENABLED
2026-05-21 07:11:02.361 INFO  o.c.controller.TcpMessageController - <tcpclient><send> LVS1UST1DA330021052026071102????????01???????001
2026-05-21 07:11:02.400 INFO  o.c.CraneClientConnectedListener - <tcpclient><send> DAYSTART message sent to Crane server
2026-05-21 07:11:02.567 INFO  o.c.TcpServerConfig$$SpringCGLIB$$0 - <tcpserver><recv> LVS1UST1DA330021052026071102????????01???????001
2026-05-21 07:11:02.965 WARN  o.c.m.IncomingMessageProcessor - MessageProcessor::handleError->StatusCode.STATUSUNKNOWN
2026-05-21 07:11:02.982 INFO  o.c.m.IncomingMessageProcessor - SENDER LVS1 | RECEIVER UST1 | MESSAGETYPE DAYSTART | ORDINAL 33 | ERRORCODE OK | SOURCE 21052026 | TARGET 071102 | REPORTPOINT RPUNKNOWN | LETYPE LEUNKNOWN | STATUSCODE AUTOMATIONENABLED | USERDATA null | RAWMESSAGE LVS1UST1DA330021052026071102????????01???????001
2026-05-21 07:11:06.049 INFO  o.c.controller.TcpMessageController - <tcpclient><send> UST1LVS111340021052026071102????????01???????001
2026-05-21 07:11:06.058 INFO  o.c.TcpClientConfig$$SpringCGLIB$$0 - <tcpclient><recv> LVS1UST1DA330021052026071102????????01???????001
2026-05-21 07:11:06.061 INFO  o.c.TcpServerConfig$$SpringCGLIB$$0 - <tcpserver><recv> UST1LVS111340021052026071102????????01???????001
2026-05-21 07:11:06.064 WARN  o.c.m.IncomingMessageProcessor - MessageProcessor::handleError->StatusCode.STATUSUNKNOWN
2026-05-21 07:11:06.064 INFO  o.c.m.IncomingMessageProcessor - SENDER UST1 | RECEIVER LVS1 | MESSAGETYPE DAYSTART | ORDINAL 34 | ERRORCODE OK | SOURCE 21052026 | TARGET 071106 | REPORTPOINT RPUNKNOWN | LETYPE LEUNKNOWN | STATUSCODE AUTOMATIONENABLED | USERDATA null | RAWMESSAGE UST1LVS111340021052026071102????????01???????001
2026-05-21 07:11:06.065 INFO  o.c.TcpClientConfig$$SpringCGLIB$$0 - <tcpclient><recv> LVS1UST1AA340021052026071102????????01???????001
2026-05-21 07:13:19.513 INFO  o.c.ApplicationCloseListener - <tcpserver><info> ApplicationContextClosedEvent detected
2026-05-21 07:13:19.514 INFO  org.code_studio.BarcodeConfig - <tcpserver><info> Barcode communication - COM port closed: COM3
2026-05-21 07:13:19.515 INFO  o.c.ApplicationCloseListener - <tcpserver><info> Waiting for 3000 msec to receive DAYEND confirmation from CRANE, and then close the TCP connection.
2026-05-21 07:13:22.530 INFO  o.c.TcpServerConfig$$SpringCGLIB$$0 - <tcpclient><info> Connection closed: 127.0.0.1:18196:60925:6dc93a08-3db8-4006-84b0-22bf44c38867
2026-05-21 07:13:22.535 INFO  o.c.TcpServerConfig$$SpringCGLIB$$0 - <tcpserver><info> Connection closed: 127.0.0.1:60925:18196:06461370-55a8-45f5-b129-a1818abd649d
2026-05-21 07:13:46.384 INFO  o.code_studio.ComPortSchedulerTask - <tcpserver><info> Trying to open COM port for Barcode communication
2026-05-21 07:13:46.568 INFO  o.c.WebSocketServerConfig$$SpringCGLIB$$0 - <wsserver><info> Created WS channel: /app/topic
2026-05-21 07:13:46.778 INFO  o.c.TcpServerConfig$$SpringCGLIB$$0 - <tcpserver><info> TCP server started on port: 18196
2026-05-21 07:13:46.787 INFO  o.c.TcpClientConfig$$SpringCGLIB$$0 - <tcpclient><info> TCP client has been created for server: localhost:18196
2026-05-21 07:13:46.899 INFO  o.c.WebSocketServerConfig$$SpringCGLIB$$0 - <wsserver><info> Created WS server on endpoint: /ws
2026-05-21 07:13:47.188 INFO  o.code_studio.ComPortSchedulerTask - <tcpserver><info> Barcode communication enabled. COM port open: COM3
2026-05-21 07:13:48.296 INFO  o.c.TcpServerConfig$$SpringCGLIB$$0 - <tcpserver><info> Connection established: 127.0.0.1:60979:18196:b8973825-a53b-4338-95e3-89a5c7c04eac
2026-05-21 07:13:48.296 INFO  o.c.TcpServerConfig$$SpringCGLIB$$0 - <tcpclient><info> Connection established: 127.0.0.1:18196:60979:ad5e0500-5761-4003-bf45-f139f600a5f6
2026-05-21 07:13:48.299 INFO  o.c.CraneClientConnectedListener - <tcpsvr><info> CraneClientConnectedEvent detected
2026-05-21 07:13:48.356 WARN  o.c.ApplicationReadyListener - <tcpsvr><info> Message Flow Automation Debug is ENABLED
2026-05-21 07:13:48.376 INFO  o.c.controller.TcpMessageController - <tcpclient><send> LVS1UST1DA350021052026071348????????01???????001
2026-05-21 07:13:48.392 INFO  o.c.CraneClientConnectedListener - <tcpclient><send> DAYSTART message sent to Crane server
2026-05-21 07:13:48.416 INFO  o.c.TcpServerConfig$$SpringCGLIB$$0 - <tcpserver><recv> LVS1UST1DA350021052026071348????????01???????001
2026-05-21 07:13:48.443 WARN  o.c.m.IncomingMessageProcessor - MessageProcessor::handleError->StatusCode.STATUSUNKNOWN
2026-05-21 07:13:48.448 INFO  o.c.m.IncomingMessageProcessor - SENDER LVS1 | RECEIVER UST1 | MESSAGETYPE DAYSTART | ORDINAL 35 | ERRORCODE OK | SOURCE 21052026 | TARGET 071348 | REPORTPOINT RPUNKNOWN | LETYPE LEUNKNOWN | STATUSCODE AUTOMATIONENABLED | USERDATA null | RAWMESSAGE LVS1UST1DA350021052026071348????????01???????001
2026-05-21 07:13:51.469 INFO  o.c.controller.TcpMessageController - <tcpclient><send> UST1LVS111360021052026071348????????01???????001
2026-05-21 07:13:51.472 INFO  o.c.TcpClientConfig$$SpringCGLIB$$0 - <tcpclient><recv> LVS1UST1DA350021052026071348????????01???????001
2026-05-21 07:13:51.473 INFO  o.c.TcpServerConfig$$SpringCGLIB$$0 - <tcpserver><recv> UST1LVS111360021052026071348????????01???????001
2026-05-21 07:13:51.474 WARN  o.c.m.IncomingMessageProcessor - MessageProcessor::handleError->StatusCode.STATUSUNKNOWN
2026-05-21 07:13:51.474 INFO  o.c.m.IncomingMessageProcessor - SENDER UST1 | RECEIVER LVS1 | MESSAGETYPE DAYSTART | ORDINAL 36 | ERRORCODE OK | SOURCE 21052026 | TARGET 071351 | REPORTPOINT RPUNKNOWN | LETYPE LEUNKNOWN | STATUSCODE AUTOMATIONENABLED | USERDATA null | RAWMESSAGE UST1LVS111360021052026071348????????01???????001
2026-05-21 07:13:51.476 INFO  o.c.TcpClientConfig$$SpringCGLIB$$0 - <tcpclient><recv> LVS1UST1AA360021052026071348????????01???????001
2026-05-21 07:15:14.651 INFO  o.c.ApplicationCloseListener - <tcpserver><info> ApplicationContextClosedEvent detected
2026-05-21 07:15:14.653 INFO  org.code_studio.BarcodeConfig - <tcpserver><info> Barcode communication - COM port closed: COM3
2026-05-21 07:15:14.654 INFO  o.c.ApplicationCloseListener - <tcpserver><info> Waiting for 3000 msec to receive DAYEND confirmation from CRANE, and then close the TCP connection.
2026-05-21 07:15:17.665 INFO  o.c.TcpServerConfig$$SpringCGLIB$$0 - <tcpclient><info> Connection closed: 127.0.0.1:18196:60979:ad5e0500-5761-4003-bf45-f139f600a5f6
2026-05-21 07:15:17.671 INFO  o.c.TcpServerConfig$$SpringCGLIB$$0 - <tcpserver><info> Connection closed: 127.0.0.1:60979:18196:b8973825-a53b-4338-95e3-89a5c7c04eac
2026-05-21 07:15:54.264 INFO  o.code_studio.ComPortSchedulerTask - <tcpserver><info> Trying to open COM port for Barcode communication
2026-05-21 07:15:54.463 INFO  o.c.WebSocketServerConfig$$SpringCGLIB$$0 - <wsserver><info> Created WS channel: /app/topic
2026-05-21 07:15:54.721 INFO  o.c.TcpServerConfig$$SpringCGLIB$$0 - <tcpserver><info> TCP server started on port: 18196
2026-05-21 07:15:54.733 INFO  o.c.TcpClientConfig$$SpringCGLIB$$0 - <tcpclient><info> TCP client has been created for server: localhost:18196
2026-05-21 07:15:54.840 INFO  o.c.WebSocketServerConfig$$SpringCGLIB$$0 - <wsserver><info> Created WS server on endpoint: /ws
2026-05-21 07:15:56.043 INFO  o.c.TcpServerConfig$$SpringCGLIB$$0 - <tcpserver><info> Connection established: 127.0.0.1:61022:18196:8d56dec9-15a1-4185-872a-ba465cb4acc9
2026-05-21 07:15:56.045 INFO  o.c.CraneClientConnectedListener - <tcpsvr><info> CraneClientConnectedEvent detected
2026-05-21 07:15:56.047 INFO  o.c.TcpServerConfig$$SpringCGLIB$$0 - <tcpclient><info> Connection established: 127.0.0.1:18196:61022:5f8b5562-79dc-4b0c-b47c-3e195aba932b
2026-05-21 07:15:56.089 WARN  o.c.ApplicationReadyListener - <tcpsvr><info> Message Flow Automation Debug is ENABLED
2026-05-21 07:15:56.163 INFO  o.c.controller.TcpMessageController - <tcpclient><send> LVS1UST1DA370021052026071556????????01???????001
2026-05-21 07:15:56.188 INFO  o.c.CraneClientConnectedListener - <tcpclient><send> DAYSTART message sent to Crane server
2026-05-21 07:15:56.212 INFO  o.c.TcpServerConfig$$SpringCGLIB$$0 - <tcpserver><recv> LVS1UST1DA370021052026071556????????01???????001
2026-05-21 07:15:56.237 WARN  o.c.m.IncomingMessageProcessor - MessageProcessor::handleError->StatusCode.STATUSUNKNOWN
2026-05-21 07:15:56.242 INFO  o.c.m.IncomingMessageProcessor - SENDER LVS1 | RECEIVER UST1 | MESSAGETYPE DAYSTART | ORDINAL 37 | ERRORCODE OK | SOURCE 21052026 | TARGET 071556 | REPORTPOINT RPUNKNOWN | LETYPE LEUNKNOWN | STATUSCODE AUTOMATIONENABLED | USERDATA null | RAWMESSAGE LVS1UST1DA370021052026071556????????01???????001
2026-05-21 07:15:56.397 INFO  o.code_studio.ComPortSchedulerTask - <tcpserver><info> Barcode communication enabled. COM port open: COM3
2026-05-21 07:15:59.269 INFO  o.c.controller.TcpMessageController - <tcpclient><send> UST1LVS111380021052026071556????????01???????001
2026-05-21 07:15:59.272 INFO  o.c.TcpClientConfig$$SpringCGLIB$$0 - <tcpclient><recv> LVS1UST1DA370021052026071556????????01???????001
2026-05-21 07:15:59.274 INFO  o.c.TcpServerConfig$$SpringCGLIB$$0 - <tcpserver><recv> UST1LVS111380021052026071556????????01???????001
2026-05-21 07:15:59.275 WARN  o.c.m.IncomingMessageProcessor - MessageProcessor::handleError->StatusCode.STATUSUNKNOWN
2026-05-21 07:15:59.276 INFO  o.c.m.IncomingMessageProcessor - SENDER UST1 | RECEIVER LVS1 | MESSAGETYPE DAYSTART | ORDINAL 38 | ERRORCODE OK | SOURCE 21052026 | TARGET 071559 | REPORTPOINT RPUNKNOWN | LETYPE LEUNKNOWN | STATUSCODE AUTOMATIONENABLED | USERDATA null | RAWMESSAGE UST1LVS111380021052026071556????????01???????001
2026-05-21 07:15:59.277 INFO  o.c.TcpClientConfig$$SpringCGLIB$$0 - <tcpclient><recv> LVS1UST1AA380021052026071556????????01???????001
2026-05-21 07:20:29.391 INFO  o.c.ApplicationCloseListener - <tcpserver><info> ApplicationContextClosedEvent detected
2026-05-21 07:20:29.408 INFO  org.code_studio.BarcodeConfig - <tcpserver><info> Barcode communication - COM port closed: COM3
2026-05-21 07:20:29.409 INFO  o.c.ApplicationCloseListener - <tcpserver><info> Waiting for 3000 msec to receive DAYEND confirmation from CRANE, and then close the TCP connection.
2026-05-21 07:20:32.480 INFO  o.c.TcpServerConfig$$SpringCGLIB$$0 - <tcpclient><info> Connection closed: 127.0.0.1:18196:61022:5f8b5562-79dc-4b0c-b47c-3e195aba932b
2026-05-21 07:20:32.542 INFO  o.c.TcpServerConfig$$SpringCGLIB$$0 - <tcpserver><info> Connection closed: 127.0.0.1:61022:18196:8d56dec9-15a1-4185-872a-ba465cb4acc9
2026-05-21 07:21:54.879 INFO  o.code_studio.ComPortSchedulerTask - <tcpserver><info> Trying to open COM port for Barcode communication
2026-05-21 07:21:55.080 INFO  o.c.WebSocketServerConfig$$SpringCGLIB$$0 - <wsserver><info> Created WS channel: /app/topic
2026-05-21 07:21:55.308 INFO  o.c.TcpServerConfig$$SpringCGLIB$$0 - <tcpserver><info> TCP server started on port: 18196
2026-05-21 07:21:55.320 INFO  o.c.TcpClientConfig$$SpringCGLIB$$0 - <tcpclient><info> TCP client has been created for server: localhost:18196
2026-05-21 07:21:55.441 INFO  o.c.WebSocketServerConfig$$SpringCGLIB$$0 - <wsserver><info> Created WS server on endpoint: /ws
2026-05-21 07:21:55.973 INFO  o.code_studio.ComPortSchedulerTask - <tcpserver><info> Barcode communication enabled. COM port open: COM3
2026-05-21 07:21:56.955 INFO  o.c.TcpServerConfig$$SpringCGLIB$$0 - <tcpserver><info> Connection established: 127.0.0.1:61160:18196:112ebf99-4da8-42e7-8dca-1643556f41de
2026-05-21 07:21:56.955 INFO  o.c.TcpServerConfig$$SpringCGLIB$$0 - <tcpclient><info> Connection established: 127.0.0.1:18196:61160:2a33473c-ea0a-434e-8e0e-59d056673ce1
2026-05-21 07:21:56.957 INFO  o.c.CraneClientConnectedListener - <tcpsvr><info> CraneClientConnectedEvent detected
2026-05-21 07:21:57.009 WARN  o.c.ApplicationReadyListener - <tcpsvr><info> Message Flow Automation Debug is ENABLED
2026-05-21 07:21:57.025 INFO  o.c.controller.TcpMessageController - <tcpclient><send> LVS1UST1DA390021052026072157????????01???????001
2026-05-21 07:21:57.039 INFO  o.c.CraneClientConnectedListener - <tcpclient><send> DAYSTART message sent to Crane server
2026-05-21 07:21:57.062 INFO  o.c.TcpServerConfig$$SpringCGLIB$$0 - <tcpserver><recv> LVS1UST1DA390021052026072157????????01???????001
2026-05-21 07:21:57.087 WARN  o.c.m.IncomingMessageProcessor - MessageProcessor::handleError->StatusCode.STATUSUNKNOWN
2026-05-21 07:21:57.100 INFO  o.c.m.IncomingMessageProcessor - SENDER LVS1 | RECEIVER UST1 | MESSAGETYPE DAYSTART | ORDINAL 39 | ERRORCODE OK | SOURCE 21052026 | TARGET 072157 | REPORTPOINT RPUNKNOWN | LETYPE LEUNKNOWN | STATUSCODE AUTOMATIONENABLED | USERDATA null | RAWMESSAGE LVS1UST1DA390021052026072157????????01???????001
2026-05-21 07:22:00.123 INFO  o.c.controller.TcpMessageController - <tcpclient><send> UST1LVS111400021052026072157????????01???????001
2026-05-21 07:22:00.126 INFO  o.c.TcpClientConfig$$SpringCGLIB$$0 - <tcpclient><recv> LVS1UST1DA390021052026072157????????01???????001
2026-05-21 07:22:00.126 INFO  o.c.TcpServerConfig$$SpringCGLIB$$0 - <tcpserver><recv> UST1LVS111400021052026072157????????01???????001
2026-05-21 07:22:00.127 WARN  o.c.m.IncomingMessageProcessor - MessageProcessor::handleError->StatusCode.STATUSUNKNOWN
2026-05-21 07:22:00.127 INFO  o.c.m.IncomingMessageProcessor - SENDER UST1 | RECEIVER LVS1 | MESSAGETYPE DAYSTART | ORDINAL 40 | ERRORCODE OK | SOURCE 21052026 | TARGET 072200 | REPORTPOINT RPUNKNOWN | LETYPE LEUNKNOWN | STATUSCODE AUTOMATIONENABLED | USERDATA null | RAWMESSAGE UST1LVS111400021052026072157????????01???????001
2026-05-21 07:22:00.129 INFO  o.c.TcpClientConfig$$SpringCGLIB$$0 - <tcpclient><recv> LVS1UST1AA400021052026072157????????01???????001
2026-05-21 07:27:04.312 INFO  o.c.ApplicationCloseListener - <tcpserver><info> ApplicationContextClosedEvent detected
2026-05-21 07:27:04.320 INFO  org.code_studio.BarcodeConfig - <tcpserver><info> Barcode communication - COM port closed: COM3
2026-05-21 07:27:04.320 INFO  o.c.ApplicationCloseListener - <tcpserver><info> Waiting for 3000 msec to receive DAYEND confirmation from CRANE, and then close the TCP connection.
2026-05-21 07:27:07.644 INFO  o.c.TcpServerConfig$$SpringCGLIB$$0 - <tcpclient><info> Connection closed: 127.0.0.1:18196:61160:2a33473c-ea0a-434e-8e0e-59d056673ce1
2026-05-21 07:27:07.671 INFO  o.c.TcpServerConfig$$SpringCGLIB$$0 - <tcpserver><info> Connection closed: 127.0.0.1:61160:18196:112ebf99-4da8-42e7-8dca-1643556f41de
2026-05-21 07:27:42.044 INFO  o.code_studio.ComPortSchedulerTask - <tcpserver><info> Trying to open COM port for Barcode communication
2026-05-21 07:27:42.189 INFO  o.c.WebSocketServerConfig$$SpringCGLIB$$0 - <wsserver><info> Created WS channel: /app/topic
2026-05-21 07:27:42.437 INFO  o.c.TcpServerConfig$$SpringCGLIB$$0 - <tcpserver><info> TCP server started on port: 18196
2026-05-21 07:27:42.452 INFO  o.c.TcpClientConfig$$SpringCGLIB$$0 - <tcpclient><info> TCP client has been created for server: localhost:18196
2026-05-21 07:27:42.541 INFO  o.c.WebSocketServerConfig$$SpringCGLIB$$0 - <wsserver><info> Created WS server on endpoint: /ws
2026-05-21 07:27:42.895 INFO  o.code_studio.ComPortSchedulerTask - <tcpserver><info> Barcode communication enabled. COM port open: COM3
2026-05-21 07:27:43.910 INFO  o.c.TcpServerConfig$$SpringCGLIB$$0 - <tcpserver><info> Connection established: 127.0.0.1:61488:18196:c0fe35bb-93a4-4572-983d-a3a6b7c9465a
2026-05-21 07:27:43.915 INFO  o.c.CraneClientConnectedListener - <tcpsvr><info> CraneClientConnectedEvent detected
2026-05-21 07:27:43.920 INFO  o.c.TcpServerConfig$$SpringCGLIB$$0 - <tcpclient><info> Connection established: 127.0.0.1:18196:61488:4f837dd1-bffb-4d8f-a162-296b8ae29c95
2026-05-21 07:27:43.967 WARN  o.c.ApplicationReadyListener - <tcpsvr><info> Message Flow Automation Debug is ENABLED
2026-05-21 07:27:44.002 INFO  o.c.controller.TcpMessageController - <tcpclient><send> LVS1UST1DA410021052026072744????????01???????001
2026-05-21 07:27:44.016 INFO  o.c.CraneClientConnectedListener - <tcpclient><send> DAYSTART message sent to Crane server
2026-05-21 07:27:44.047 INFO  o.c.TcpServerConfig$$SpringCGLIB$$0 - <tcpserver><recv> LVS1UST1DA410021052026072744????????01???????001
2026-05-21 07:27:44.154 WARN  o.c.m.IncomingMessageProcessor - MessageProcessor::handleError->StatusCode.STATUSUNKNOWN
2026-05-21 07:27:44.159 INFO  o.c.m.IncomingMessageProcessor - SENDER LVS1 | RECEIVER UST1 | MESSAGETYPE DAYSTART | ORDINAL 41 | ERRORCODE OK | SOURCE 21052026 | TARGET 072744 | REPORTPOINT RPUNKNOWN | LETYPE LEUNKNOWN | STATUSCODE AUTOMATIONENABLED | USERDATA null | RAWMESSAGE LVS1UST1DA410021052026072744????????01???????001
2026-05-21 07:27:47.180 INFO  o.c.controller.TcpMessageController - <tcpclient><send> UST1LVS111420021052026072744????????01???????001
2026-05-21 07:27:47.183 INFO  o.c.TcpClientConfig$$SpringCGLIB$$0 - <tcpclient><recv> LVS1UST1DA410021052026072744????????01???????001
2026-05-21 07:27:47.184 INFO  o.c.TcpServerConfig$$SpringCGLIB$$0 - <tcpserver><recv> UST1LVS111420021052026072744????????01???????001
2026-05-21 07:27:47.184 WARN  o.c.m.IncomingMessageProcessor - MessageProcessor::handleError->StatusCode.STATUSUNKNOWN
2026-05-21 07:27:47.185 INFO  o.c.m.IncomingMessageProcessor - SENDER UST1 | RECEIVER LVS1 | MESSAGETYPE DAYSTART | ORDINAL 42 | ERRORCODE OK | SOURCE 21052026 | TARGET 072747 | REPORTPOINT RPUNKNOWN | LETYPE LEUNKNOWN | STATUSCODE AUTOMATIONENABLED | USERDATA null | RAWMESSAGE UST1LVS111420021052026072744????????01???????001
2026-05-21 07:27:47.186 INFO  o.c.TcpClientConfig$$SpringCGLIB$$0 - <tcpclient><recv> LVS1UST1AA420021052026072744????????01???????001
2026-05-21 07:31:43.525 INFO  o.c.ApplicationCloseListener - <tcpserver><info> ApplicationContextClosedEvent detected
2026-05-21 07:31:43.690 INFO  org.code_studio.BarcodeConfig - <tcpserver><info> Barcode communication - COM port closed: COM3
2026-05-21 07:31:43.691 INFO  o.c.ApplicationCloseListener - <tcpserver><info> Waiting for 3000 msec to receive DAYEND confirmation from CRANE, and then close the TCP connection.
2026-05-21 07:31:46.712 INFO  o.c.TcpServerConfig$$SpringCGLIB$$0 - <tcpclient><info> Connection closed: 127.0.0.1:18196:61488:4f837dd1-bffb-4d8f-a162-296b8ae29c95
2026-05-21 07:31:46.717 INFO  o.c.TcpServerConfig$$SpringCGLIB$$0 - <tcpserver><info> Connection closed: 127.0.0.1:61488:18196:c0fe35bb-93a4-4572-983d-a3a6b7c9465a
2026-05-21 07:32:02.392 INFO  o.code_studio.ComPortSchedulerTask - <tcpserver><info> Trying to open COM port for Barcode communication
2026-05-21 07:32:02.557 INFO  o.c.WebSocketServerConfig$$SpringCGLIB$$0 - <wsserver><info> Created WS channel: /app/topic
2026-05-21 07:32:02.805 INFO  o.c.TcpServerConfig$$SpringCGLIB$$0 - <tcpserver><info> TCP server started on port: 18196
2026-05-21 07:32:02.813 INFO  o.c.TcpClientConfig$$SpringCGLIB$$0 - <tcpclient><info> TCP client has been created for server: localhost:18196
2026-05-21 07:32:02.937 INFO  o.c.WebSocketServerConfig$$SpringCGLIB$$0 - <wsserver><info> Created WS server on endpoint: /ws
2026-05-21 07:32:04.236 INFO  o.c.TcpServerConfig$$SpringCGLIB$$0 - <tcpserver><info> Connection established: 127.0.0.1:61557:18196:989ccebd-bc7c-48d7-813d-53ecdb488001
2026-05-21 07:32:04.236 INFO  o.c.TcpServerConfig$$SpringCGLIB$$0 - <tcpclient><info> Connection established: 127.0.0.1:18196:61557:784c56d8-4eaa-4c77-886b-d5219f1b8172
2026-05-21 07:32:04.238 INFO  o.c.CraneClientConnectedListener - <tcpsvr><info> CraneClientConnectedEvent detected
2026-05-21 07:32:04.296 INFO  o.code_studio.ComPortSchedulerTask - <tcpserver><info> Barcode communication enabled. COM port open: COM3
2026-05-21 07:32:04.318 WARN  o.c.ApplicationReadyListener - <tcpsvr><info> Message Flow Automation Debug is ENABLED
2026-05-21 07:32:04.327 INFO  o.c.controller.TcpMessageController - <tcpclient><send> LVS1UST1DA430021052026073204????????01???????001
2026-05-21 07:32:04.343 INFO  o.c.CraneClientConnectedListener - <tcpclient><send> DAYSTART message sent to Crane server
2026-05-21 07:32:04.373 INFO  o.c.TcpServerConfig$$SpringCGLIB$$0 - <tcpserver><recv> LVS1UST1DA430021052026073204????????01???????001
2026-05-21 07:32:04.421 WARN  o.c.m.IncomingMessageProcessor - MessageProcessor::handleError->StatusCode.STATUSUNKNOWN
2026-05-21 07:32:04.428 INFO  o.c.m.IncomingMessageProcessor - SENDER LVS1 | RECEIVER UST1 | MESSAGETYPE DAYSTART | ORDINAL 43 | ERRORCODE OK | SOURCE 21052026 | TARGET 073204 | REPORTPOINT RPUNKNOWN | LETYPE LEUNKNOWN | STATUSCODE AUTOMATIONENABLED | USERDATA null | RAWMESSAGE LVS1UST1DA430021052026073204????????01???????001
2026-05-21 07:32:07.463 INFO  o.c.controller.TcpMessageController - <tcpclient><send> UST1LVS111440021052026073204????????01???????001
2026-05-21 07:32:07.466 INFO  o.c.TcpClientConfig$$SpringCGLIB$$0 - <tcpclient><recv> LVS1UST1DA430021052026073204????????01???????001
2026-05-21 07:32:07.468 INFO  o.c.TcpServerConfig$$SpringCGLIB$$0 - <tcpserver><recv> UST1LVS111440021052026073204????????01???????001
2026-05-21 07:32:07.469 WARN  o.c.m.IncomingMessageProcessor - MessageProcessor::handleError->StatusCode.STATUSUNKNOWN
2026-05-21 07:32:07.470 INFO  o.c.m.IncomingMessageProcessor - SENDER UST1 | RECEIVER LVS1 | MESSAGETYPE DAYSTART | ORDINAL 44 | ERRORCODE OK | SOURCE 21052026 | TARGET 073207 | REPORTPOINT RPUNKNOWN | LETYPE LEUNKNOWN | STATUSCODE AUTOMATIONENABLED | USERDATA null | RAWMESSAGE UST1LVS111440021052026073204????????01???????001
2026-05-21 07:32:07.472 INFO  o.c.TcpClientConfig$$SpringCGLIB$$0 - <tcpclient><recv> LVS1UST1AA440021052026073204????????01???????001
2026-05-21 07:33:09.448 INFO  o.c.ApplicationCloseListener - <tcpserver><info> ApplicationContextClosedEvent detected
2026-05-21 07:33:09.449 INFO  org.code_studio.BarcodeConfig - <tcpserver><info> Barcode communication - COM port closed: COM3
2026-05-21 07:33:09.450 INFO  o.c.ApplicationCloseListener - <tcpserver><info> Waiting for 3000 msec to receive DAYEND confirmation from CRANE, and then close the TCP connection.
2026-05-21 07:33:12.464 INFO  o.c.TcpServerConfig$$SpringCGLIB$$0 - <tcpclient><info> Connection closed: 127.0.0.1:18196:61557:784c56d8-4eaa-4c77-886b-d5219f1b8172
2026-05-21 07:33:12.470 INFO  o.c.TcpServerConfig$$SpringCGLIB$$0 - <tcpserver><info> Connection closed: 127.0.0.1:61557:18196:989ccebd-bc7c-48d7-813d-53ecdb488001
2026-05-21 07:33:23.380 INFO  o.code_studio.ComPortSchedulerTask - <tcpserver><info> Trying to open COM port for Barcode communication
2026-05-21 07:33:23.556 INFO  o.c.WebSocketServerConfig$$SpringCGLIB$$0 - <wsserver><info> Created WS channel: /app/topic
2026-05-21 07:33:23.769 INFO  o.c.TcpServerConfig$$SpringCGLIB$$0 - <tcpserver><info> TCP server started on port: 18196
2026-05-21 07:33:23.778 INFO  o.c.TcpClientConfig$$SpringCGLIB$$0 - <tcpclient><info> TCP client has been created for server: localhost:18196
2026-05-21 07:33:23.867 INFO  o.c.WebSocketServerConfig$$SpringCGLIB$$0 - <wsserver><info> Created WS server on endpoint: /ws
2026-05-21 07:33:24.995 INFO  o.c.TcpServerConfig$$SpringCGLIB$$0 - <tcpserver><info> Connection established: 127.0.0.1:61607:18196:faca2183-4e3b-43a8-a572-e1690fa80591
2026-05-21 07:33:24.996 INFO  o.c.TcpServerConfig$$SpringCGLIB$$0 - <tcpclient><info> Connection established: 127.0.0.1:18196:61607:1d8c0bc6-1f38-4c31-9463-3971a63d63ec
2026-05-21 07:33:24.997 INFO  o.c.CraneClientConnectedListener - <tcpsvr><info> CraneClientConnectedEvent detected
2026-05-21 07:33:25.043 WARN  o.c.ApplicationReadyListener - <tcpsvr><info> Message Flow Automation Debug is ENABLED
2026-05-21 07:33:25.055 INFO  o.c.controller.TcpMessageController - <tcpclient><send> LVS1UST1DA450021052026073325????????01???????001
2026-05-21 07:33:25.071 INFO  o.c.CraneClientConnectedListener - <tcpclient><send> DAYSTART message sent to Crane server
2026-05-21 07:33:25.090 INFO  o.c.TcpServerConfig$$SpringCGLIB$$0 - <tcpserver><recv> LVS1UST1DA450021052026073325????????01???????001
2026-05-21 07:33:25.112 WARN  o.c.m.IncomingMessageProcessor - MessageProcessor::handleError->StatusCode.STATUSUNKNOWN
2026-05-21 07:33:25.117 INFO  o.c.m.IncomingMessageProcessor - SENDER LVS1 | RECEIVER UST1 | MESSAGETYPE DAYSTART | ORDINAL 45 | ERRORCODE OK | SOURCE 21052026 | TARGET 073325 | REPORTPOINT RPUNKNOWN | LETYPE LEUNKNOWN | STATUSCODE AUTOMATIONENABLED | USERDATA null | RAWMESSAGE LVS1UST1DA450021052026073325????????01???????001
2026-05-21 07:33:28.144 INFO  o.c.controller.TcpMessageController - <tcpclient><send> UST1LVS111460021052026073325????????01???????001
2026-05-21 07:33:28.147 INFO  o.c.TcpClientConfig$$SpringCGLIB$$0 - <tcpclient><recv> LVS1UST1DA450021052026073325????????01???????001
2026-05-21 07:33:28.147 INFO  o.c.TcpServerConfig$$SpringCGLIB$$0 - <tcpserver><recv> UST1LVS111460021052026073325????????01???????001
2026-05-21 07:33:28.148 WARN  o.c.m.IncomingMessageProcessor - MessageProcessor::handleError->StatusCode.STATUSUNKNOWN
2026-05-21 07:33:28.148 INFO  o.c.m.IncomingMessageProcessor - SENDER UST1 | RECEIVER LVS1 | MESSAGETYPE DAYSTART | ORDINAL 46 | ERRORCODE OK | SOURCE 21052026 | TARGET 073328 | REPORTPOINT RPUNKNOWN | LETYPE LEUNKNOWN | STATUSCODE AUTOMATIONENABLED | USERDATA null | RAWMESSAGE UST1LVS111460021052026073325????????01???????001
2026-05-21 07:33:28.149 INFO  o.c.TcpClientConfig$$SpringCGLIB$$0 - <tcpclient><recv> LVS1UST1AA460021052026073325????????01???????001
2026-05-21 07:33:28.782 INFO  o.code_studio.ComPortSchedulerTask - <tcpserver><info> Barcode communication enabled. COM port open: COM3
2026-05-21 12:14:13.043 INFO  o.c.ApplicationCloseListener - <tcpserver><info> ApplicationContextClosedEvent detected
2026-05-21 12:14:13.077 INFO  org.code_studio.BarcodeConfig - <tcpserver><info> Barcode communication - COM port closed: COM3
2026-05-21 12:14:13.082 INFO  o.c.ApplicationCloseListener - <tcpserver><info> Waiting for 3000 msec to receive DAYEND confirmation from CRANE, and then close the TCP connection.
2026-05-21 12:14:16.196 INFO  o.c.TcpServerConfig$$SpringCGLIB$$0 - <tcpclient><info> Connection closed: 127.0.0.1:18196:61607:1d8c0bc6-1f38-4c31-9463-3971a63d63ec
2026-05-21 12:14:16.241 INFO  o.c.TcpServerConfig$$SpringCGLIB$$0 - <tcpserver><info> Connection closed: 127.0.0.1:61607:18196:faca2183-4e3b-43a8-a572-e1690fa80591
2026-05-21 12:22:35.610 INFO  o.code_studio.ComPortSchedulerTask - <tcpserver><info> Trying to open COM port for Barcode communication
2026-05-21 12:22:35.837 INFO  o.c.WebSocketServerConfig$$SpringCGLIB$$0 - <wsserver><info> Created WS channel: /app/topic
2026-05-21 12:22:36.123 INFO  o.c.TcpServerConfig$$SpringCGLIB$$0 - <tcpserver><info> TCP server started on port: 18196
2026-05-21 12:22:36.134 INFO  o.c.TcpClientConfig$$SpringCGLIB$$0 - <tcpclient><info> TCP client has been created for server: localhost:18196
2026-05-21 12:22:36.264 INFO  o.c.WebSocketServerConfig$$SpringCGLIB$$0 - <wsserver><info> Created WS server on endpoint: /ws
2026-05-21 12:22:36.709 INFO  o.code_studio.ComPortSchedulerTask - <tcpserver><info> Barcode communication enabled. COM port open: COM3
2026-05-21 12:22:37.953 INFO  o.c.TcpServerConfig$$SpringCGLIB$$0 - <tcpclient><info> Connection established: 127.0.0.1:18196:50370:0e58712d-0849-4039-8667-67e42216e6eb
2026-05-21 12:22:37.958 INFO  o.c.TcpServerConfig$$SpringCGLIB$$0 - <tcpserver><info> Connection established: 127.0.0.1:50370:18196:4a338258-5c8a-4851-a71a-c1ede7ccefe1
2026-05-21 12:22:37.966 INFO  o.c.CraneClientConnectedListener - <tcpsvr><info> CraneClientConnectedEvent detected
2026-05-21 12:22:38.027 WARN  o.c.ApplicationReadyListener - <tcpsvr><info> Message Flow Automation Debug is ENABLED
2026-05-21 12:22:38.063 INFO  o.c.controller.TcpMessageController - <tcpclient><send> LVS1UST1DA470021052026122238????????01???????001
2026-05-21 12:22:38.080 INFO  o.c.CraneClientConnectedListener - <tcpclient><send> DAYSTART message sent to Crane server
2026-05-21 12:22:38.106 INFO  o.c.TcpServerConfig$$SpringCGLIB$$0 - <tcpserver><recv> LVS1UST1DA470021052026122238????????01???????001
2026-05-21 12:22:38.146 WARN  o.c.m.IncomingMessageProcessor - MessageProcessor::handleError->StatusCode.STATUSUNKNOWN
2026-05-21 12:22:38.151 INFO  o.c.m.IncomingMessageProcessor - SENDER LVS1 | RECEIVER UST1 | MESSAGETYPE DAYSTART | ORDINAL 47 | ERRORCODE OK | SOURCE 21052026 | TARGET 122238 | REPORTPOINT RPUNKNOWN | LETYPE LEUNKNOWN | STATUSCODE AUTOMATIONENABLED | USERDATA null | RAWMESSAGE LVS1UST1DA470021052026122238????????01???????001
2026-05-21 12:22:41.178 INFO  o.c.controller.TcpMessageController - <tcpclient><send> UST1LVS111480021052026122238????????01???????001
2026-05-21 12:22:41.183 INFO  o.c.TcpClientConfig$$SpringCGLIB$$0 - <tcpclient><recv> LVS1UST1DA470021052026122238????????01???????001
2026-05-21 12:22:41.185 INFO  o.c.TcpServerConfig$$SpringCGLIB$$0 - <tcpserver><recv> UST1LVS111480021052026122238????????01???????001
2026-05-21 12:22:41.188 WARN  o.c.m.IncomingMessageProcessor - MessageProcessor::handleError->StatusCode.STATUSUNKNOWN
2026-05-21 12:22:41.188 INFO  o.c.m.IncomingMessageProcessor - SENDER UST1 | RECEIVER LVS1 | MESSAGETYPE DAYSTART | ORDINAL 48 | ERRORCODE OK | SOURCE 21052026 | TARGET 122241 | REPORTPOINT RPUNKNOWN | LETYPE LEUNKNOWN | STATUSCODE AUTOMATIONENABLED | USERDATA null | RAWMESSAGE UST1LVS111480021052026122238????????01???????001
2026-05-21 12:22:41.191 INFO  o.c.TcpClientConfig$$SpringCGLIB$$0 - <tcpclient><recv> LVS1UST1AA480021052026122238????????01???????001
2026-05-21 12:29:40.355 INFO  o.c.ApplicationCloseListener - <tcpserver><info> ApplicationContextClosedEvent detected
2026-05-21 12:29:40.375 INFO  org.code_studio.BarcodeConfig - <tcpserver><info> Barcode communication - COM port closed: COM3
2026-05-21 12:29:40.376 INFO  o.c.ApplicationCloseListener - <tcpserver><info> Waiting for 3000 msec to receive DAYEND confirmation from CRANE, and then close the TCP connection.
2026-05-21 12:29:44.279 INFO  o.c.TcpServerConfig$$SpringCGLIB$$0 - <tcpclient><info> Connection closed: 127.0.0.1:18196:50370:0e58712d-0849-4039-8667-67e42216e6eb
2026-05-21 12:29:44.312 INFO  o.c.TcpServerConfig$$SpringCGLIB$$0 - <tcpserver><info> Connection closed: 127.0.0.1:50370:18196:4a338258-5c8a-4851-a71a-c1ede7ccefe1
2026-05-21 12:30:11.648 INFO  o.code_studio.ComPortSchedulerTask - <tcpserver><info> Trying to open COM port for Barcode communication
2026-05-21 12:30:11.795 INFO  o.c.WebSocketServerConfig$$SpringCGLIB$$0 - <wsserver><info> Created WS channel: /app/topic
2026-05-21 12:30:11.993 INFO  o.c.TcpServerConfig$$SpringCGLIB$$0 - <tcpserver><info> TCP server started on port: 18196
2026-05-21 12:30:12.006 INFO  o.c.TcpClientConfig$$SpringCGLIB$$0 - <tcpclient><info> TCP client has been created for server: localhost:18196
2026-05-21 12:30:12.091 INFO  o.c.WebSocketServerConfig$$SpringCGLIB$$0 - <wsserver><info> Created WS server on endpoint: /ws
2026-05-21 12:30:13.187 INFO  o.c.TcpServerConfig$$SpringCGLIB$$0 - <tcpclient><info> Connection established: 127.0.0.1:18196:50618:58416eca-1beb-4e81-a88e-5b9f41db2db1
2026-05-21 12:30:13.188 INFO  o.c.TcpServerConfig$$SpringCGLIB$$0 - <tcpserver><info> Connection established: 127.0.0.1:50618:18196:9cd2d2b9-5e4c-4962-aafa-ffb802020055
2026-05-21 12:30:13.189 INFO  o.c.CraneClientConnectedListener - <tcpsvr><info> CraneClientConnectedEvent detected
2026-05-21 12:30:13.297 INFO  o.c.controller.TcpMessageController - <tcpclient><send> LVS1UST1DA490021052026123013????????01???????001
2026-05-21 12:30:13.326 WARN  o.c.ApplicationReadyListener - <tcpsvr><info> Message Flow Automation Debug is ENABLED
2026-05-21 12:30:13.331 INFO  o.c.CraneClientConnectedListener - <tcpclient><send> DAYSTART message sent to Crane server
2026-05-21 12:30:13.375 INFO  o.c.TcpServerConfig$$SpringCGLIB$$0 - <tcpserver><recv> LVS1UST1DA490021052026123013????????01???????001
2026-05-21 12:30:13.407 WARN  o.c.m.IncomingMessageProcessor - MessageProcessor::handleError->StatusCode.STATUSUNKNOWN
2026-05-21 12:30:13.412 INFO  o.c.m.IncomingMessageProcessor - SENDER LVS1 | RECEIVER UST1 | MESSAGETYPE DAYSTART | ORDINAL 49 | ERRORCODE OK | SOURCE 21052026 | TARGET 123013 | REPORTPOINT RPUNKNOWN | LETYPE LEUNKNOWN | STATUSCODE AUTOMATIONENABLED | USERDATA null | RAWMESSAGE LVS1UST1DA490021052026123013????????01???????001
2026-05-21 12:30:13.518 INFO  o.code_studio.ComPortSchedulerTask - <tcpserver><info> Barcode communication enabled. COM port open: COM3
2026-05-21 12:30:16.431 INFO  o.c.controller.TcpMessageController - <tcpclient><send> UST1LVS111500021052026123013????????01???????001
2026-05-21 12:30:16.435 INFO  o.c.TcpClientConfig$$SpringCGLIB$$0 - <tcpclient><recv> LVS1UST1DA490021052026123013????????01???????001
2026-05-21 12:30:16.436 INFO  o.c.TcpServerConfig$$SpringCGLIB$$0 - <tcpserver><recv> UST1LVS111500021052026123013????????01???????001
2026-05-21 12:30:16.439 WARN  o.c.m.IncomingMessageProcessor - MessageProcessor::handleError->StatusCode.STATUSUNKNOWN
2026-05-21 12:30:16.439 INFO  o.c.m.IncomingMessageProcessor - SENDER UST1 | RECEIVER LVS1 | MESSAGETYPE DAYSTART | ORDINAL 50 | ERRORCODE OK | SOURCE 21052026 | TARGET 123016 | REPORTPOINT RPUNKNOWN | LETYPE LEUNKNOWN | STATUSCODE AUTOMATIONENABLED | USERDATA null | RAWMESSAGE UST1LVS111500021052026123013????????01???????001
2026-05-21 12:30:16.442 INFO  o.c.TcpClientConfig$$SpringCGLIB$$0 - <tcpclient><recv> LVS1UST1AA500021052026123013????????01???????001
2026-05-21 13:24:04.653 INFO  o.c.ApplicationCloseListener - <tcpserver><info> ApplicationContextClosedEvent detected
2026-05-21 13:24:04.672 INFO  org.code_studio.BarcodeConfig - <tcpserver><info> Barcode communication - COM port closed: COM3
2026-05-21 13:24:04.674 INFO  o.c.ApplicationCloseListener - <tcpserver><info> Waiting for 3000 msec to receive DAYEND confirmation from CRANE, and then close the TCP connection.
2026-05-21 13:24:07.772 INFO  o.c.TcpServerConfig$$SpringCGLIB$$0 - <tcpclient><info> Connection closed: 127.0.0.1:18196:50618:58416eca-1beb-4e81-a88e-5b9f41db2db1
2026-05-21 13:24:07.798 INFO  o.c.TcpServerConfig$$SpringCGLIB$$0 - <tcpserver><info> Connection closed: 127.0.0.1:50618:18196:9cd2d2b9-5e4c-4962-aafa-ffb802020055
2026-05-21 13:24:59.046 INFO  o.code_studio.ComPortSchedulerTask - <tcpserver><info> Trying to open COM port for Barcode communication
2026-05-21 13:24:59.229 INFO  o.c.WebSocketServerConfig$$SpringCGLIB$$0 - <wsserver><info> Created WS channel: /app/topic
2026-05-21 13:24:59.471 INFO  o.c.TcpServerConfig$$SpringCGLIB$$0 - <tcpserver><info> TCP server started on port: 18196
2026-05-21 13:24:59.483 INFO  o.c.TcpClientConfig$$SpringCGLIB$$0 - <tcpclient><info> TCP client has been created for server: localhost:18196
2026-05-21 13:24:59.593 INFO  o.c.WebSocketServerConfig$$SpringCGLIB$$0 - <wsserver><info> Created WS server on endpoint: /ws
2026-05-21 13:25:00.604 INFO  o.code_studio.ComPortSchedulerTask - <tcpserver><info> Barcode communication enabled. COM port open: COM3
2026-05-21 13:25:00.950 INFO  o.c.TcpServerConfig$$SpringCGLIB$$0 - <tcpserver><info> Connection established: 127.0.0.1:52080:18196:b0bd9049-a4af-4cab-b4ee-6767906cf198
2026-05-21 13:25:00.952 INFO  o.c.CraneClientConnectedListener - <tcpsvr><info> CraneClientConnectedEvent detected
2026-05-21 13:25:00.954 INFO  o.c.TcpServerConfig$$SpringCGLIB$$0 - <tcpclient><info> Connection established: 127.0.0.1:18196:52080:04c1426f-d0d1-4b04-bd35-72e58aebb9dc
2026-05-21 13:25:01.009 INFO  o.c.controller.TcpMessageController - <tcpclient><send> LVS1UST1DA510021052026132501????????01???????001
2026-05-21 13:25:01.012 WARN  o.c.ApplicationReadyListener - <tcpsvr><info> Message Flow Automation Debug is ENABLED
2026-05-21 13:25:01.029 INFO  o.c.CraneClientConnectedListener - <tcpclient><send> DAYSTART message sent to Crane server
2026-05-21 13:25:01.054 INFO  o.c.TcpServerConfig$$SpringCGLIB$$0 - <tcpserver><recv> LVS1UST1DA510021052026132501????????01???????001
2026-05-21 13:25:01.084 WARN  o.c.m.IncomingMessageProcessor - MessageProcessor::handleError->StatusCode.STATUSUNKNOWN
2026-05-21 13:25:01.092 INFO  o.c.m.IncomingMessageProcessor - SENDER LVS1 | RECEIVER UST1 | MESSAGETYPE DAYSTART | ORDINAL 51 | ERRORCODE OK | SOURCE 21052026 | TARGET 132501 | REPORTPOINT RPUNKNOWN | LETYPE LEUNKNOWN | STATUSCODE AUTOMATIONENABLED | USERDATA null | RAWMESSAGE LVS1UST1DA510021052026132501????????01???????001
2026-05-21 13:25:04.127 INFO  o.c.controller.TcpMessageController - <tcpclient><send> UST1LVS111520021052026132501????????01???????001
2026-05-21 13:25:04.130 INFO  o.c.TcpClientConfig$$SpringCGLIB$$0 - <tcpclient><recv> LVS1UST1DA510021052026132501????????01???????001
2026-05-21 13:25:04.131 INFO  o.c.TcpServerConfig$$SpringCGLIB$$0 - <tcpserver><recv> UST1LVS111520021052026132501????????01???????001
2026-05-21 13:25:04.134 WARN  o.c.m.IncomingMessageProcessor - MessageProcessor::handleError->StatusCode.STATUSUNKNOWN
2026-05-21 13:25:04.135 INFO  o.c.m.IncomingMessageProcessor - SENDER UST1 | RECEIVER LVS1 | MESSAGETYPE DAYSTART | ORDINAL 52 | ERRORCODE OK | SOURCE 21052026 | TARGET 132504 | REPORTPOINT RPUNKNOWN | LETYPE LEUNKNOWN | STATUSCODE AUTOMATIONENABLED | USERDATA null | RAWMESSAGE UST1LVS111520021052026132501????????01???????001
2026-05-21 13:25:04.137 INFO  o.c.TcpClientConfig$$SpringCGLIB$$0 - <tcpclient><recv> LVS1UST1AA520021052026132501????????01???????001
2026-05-21 13:29:17.935 INFO  o.c.ApplicationCloseListener - <tcpserver><info> ApplicationContextClosedEvent detected
2026-05-21 13:29:17.958 INFO  org.code_studio.BarcodeConfig - <tcpserver><info> Barcode communication - COM port closed: COM3
2026-05-21 13:29:17.959 INFO  o.c.ApplicationCloseListener - <tcpserver><info> Waiting for 3000 msec to receive DAYEND confirmation from CRANE, and then close the TCP connection.
2026-05-21 13:29:21.502 INFO  o.c.TcpServerConfig$$SpringCGLIB$$0 - <tcpclient><info> Connection closed: 127.0.0.1:18196:52080:04c1426f-d0d1-4b04-bd35-72e58aebb9dc
2026-05-21 13:29:21.533 INFO  o.c.TcpServerConfig$$SpringCGLIB$$0 - <tcpserver><info> Connection closed: 127.0.0.1:52080:18196:b0bd9049-a4af-4cab-b4ee-6767906cf198
2026-05-21 13:30:01.957 INFO  o.code_studio.ComPortSchedulerTask - <tcpserver><info> Trying to open COM port for Barcode communication
2026-05-21 13:30:02.130 INFO  o.c.WebSocketServerConfig$$SpringCGLIB$$0 - <wsserver><info> Created WS channel: /app/topic
2026-05-21 13:30:02.368 INFO  o.c.TcpServerConfig$$SpringCGLIB$$0 - <tcpserver><info> TCP server started on port: 18196
2026-05-21 13:30:02.377 INFO  o.c.TcpClientConfig$$SpringCGLIB$$0 - <tcpclient><info> TCP client has been created for server: localhost:18196
2026-05-21 13:30:02.503 INFO  o.c.WebSocketServerConfig$$SpringCGLIB$$0 - <wsserver><info> Created WS server on endpoint: /ws
2026-05-21 13:30:02.668 INFO  o.code_studio.ComPortSchedulerTask - <tcpserver><info> Barcode communication enabled. COM port open: COM3
2026-05-21 13:30:03.939 INFO  o.c.TcpServerConfig$$SpringCGLIB$$0 - <tcpclient><info> Connection established: 127.0.0.1:18196:52269:a32593b9-7b07-45ce-ab48-5e6789a5047c
2026-05-21 13:30:03.939 INFO  o.c.TcpServerConfig$$SpringCGLIB$$0 - <tcpserver><info> Connection established: 127.0.0.1:52269:18196:a063cab3-3ed9-4cd8-88f5-47c599add1b5
2026-05-21 13:30:03.942 INFO  o.c.CraneClientConnectedListener - <tcpsvr><info> CraneClientConnectedEvent detected
2026-05-21 13:30:03.987 WARN  o.c.ApplicationReadyListener - <tcpsvr><info> Message Flow Automation Debug is ENABLED
2026-05-21 13:30:04.005 INFO  o.c.controller.TcpMessageController - <tcpclient><send> LVS1UST1DA530021052026133004????????01???????001
2026-05-21 13:30:04.021 INFO  o.c.CraneClientConnectedListener - <tcpclient><send> DAYSTART message sent to Crane server
2026-05-21 13:30:04.058 INFO  o.c.TcpServerConfig$$SpringCGLIB$$0 - <tcpserver><recv> LVS1UST1DA530021052026133004????????01???????001
2026-05-21 13:30:04.139 WARN  o.c.m.IncomingMessageProcessor - MessageProcessor::handleError->StatusCode.STATUSUNKNOWN
2026-05-21 13:30:04.144 INFO  o.c.m.IncomingMessageProcessor - SENDER LVS1 | RECEIVER UST1 | MESSAGETYPE DAYSTART | ORDINAL 53 | ERRORCODE OK | SOURCE 21052026 | TARGET 133004 | REPORTPOINT RPUNKNOWN | LETYPE LEUNKNOWN | STATUSCODE AUTOMATIONENABLED | USERDATA null | RAWMESSAGE LVS1UST1DA530021052026133004????????01???????001
2026-05-21 13:30:07.537 INFO  o.c.controller.TcpMessageController - <tcpclient><send> UST1LVS111540021052026133004????????01???????001
2026-05-21 13:30:07.546 INFO  o.c.TcpClientConfig$$SpringCGLIB$$0 - <tcpclient><recv> LVS1UST1DA530021052026133004????????01???????001
2026-05-21 13:30:07.547 INFO  o.c.TcpServerConfig$$SpringCGLIB$$0 - <tcpserver><recv> UST1LVS111540021052026133004????????01???????001
2026-05-21 13:30:07.549 WARN  o.c.m.IncomingMessageProcessor - MessageProcessor::handleError->StatusCode.STATUSUNKNOWN
2026-05-21 13:30:07.550 INFO  o.c.m.IncomingMessageProcessor - SENDER UST1 | RECEIVER LVS1 | MESSAGETYPE DAYSTART | ORDINAL 54 | ERRORCODE OK | SOURCE 21052026 | TARGET 133007 | REPORTPOINT RPUNKNOWN | LETYPE LEUNKNOWN | STATUSCODE AUTOMATIONENABLED | USERDATA null | RAWMESSAGE UST1LVS111540021052026133004????????01???????001
2026-05-21 13:30:07.555 INFO  o.c.TcpClientConfig$$SpringCGLIB$$0 - <tcpclient><recv> LVS1UST1AA540021052026133004????????01???????001
2026-05-21 13:31:57.813 INFO  o.c.ApplicationCloseListener - <tcpserver><info> ApplicationContextClosedEvent detected
2026-05-21 13:31:57.814 INFO  org.code_studio.BarcodeConfig - <tcpserver><info> Barcode communication - COM port closed: COM3
2026-05-21 13:31:57.815 INFO  o.c.ApplicationCloseListener - <tcpserver><info> Waiting for 3000 msec to receive DAYEND confirmation from CRANE, and then close the TCP connection.
2026-05-21 13:32:00.829 INFO  o.c.TcpServerConfig$$SpringCGLIB$$0 - <tcpclient><info> Connection closed: 127.0.0.1:18196:52269:a32593b9-7b07-45ce-ab48-5e6789a5047c
2026-05-21 13:32:00.835 INFO  o.c.TcpServerConfig$$SpringCGLIB$$0 - <tcpserver><info> Connection closed: 127.0.0.1:52269:18196:a063cab3-3ed9-4cd8-88f5-47c599add1b5
2026-05-21 13:32:36.443 INFO  o.code_studio.ComPortSchedulerTask - <tcpserver><info> Trying to open COM port for Barcode communication
2026-05-21 13:32:36.652 INFO  o.c.WebSocketServerConfig$$SpringCGLIB$$0 - <wsserver><info> Created WS channel: /app/topic
2026-05-21 13:32:36.917 INFO  o.c.TcpServerConfig$$SpringCGLIB$$0 - <tcpserver><info> TCP server started on port: 18196
2026-05-21 13:32:36.929 INFO  o.c.TcpClientConfig$$SpringCGLIB$$0 - <tcpclient><info> TCP client has been created for server: localhost:18196
2026-05-21 13:32:37.020 INFO  o.c.WebSocketServerConfig$$SpringCGLIB$$0 - <wsserver><info> Created WS server on endpoint: /ws
2026-05-21 13:32:37.545 INFO  o.code_studio.ComPortSchedulerTask - <tcpserver><info> Barcode communication enabled. COM port open: COM3
2026-05-21 13:32:38.434 ERROR o.s.i.i.t.c.ClientModeConnectionManager - Could not establish connection using bean 'tcpClient'; defined in: 'class path resource [org/code_studio/TcpClientConfig.class]'; from source: 'org.code_studio.TcpClientConfig.tcpClient()', host=localhost, port=18196
java.io.UncheckedIOException: java.net.ConnectException: Connection refused: getsockopt
	at org.springframework.integration.ip.tcp.connection.TcpNetClientConnectionFactory.buildNewConnection(TcpNetClientConnectionFactory.java:70)
	at org.springframework.integration.ip.tcp.connection.AbstractClientConnectionFactory.doObtain(AbstractClientConnectionFactory.java:182)
	at org.springframework.integration.ip.tcp.connection.AbstractClientConnectionFactory.obtainNewConnection(AbstractClientConnectionFactory.java:162)
	at org.springframework.integration.ip.tcp.connection.AbstractClientConnectionFactory.obtainConnection(AbstractClientConnectionFactory.java:130)
	at org.springframework.integration.ip.tcp.connection.AbstractClientConnectionFactory.getConnection(AbstractClientConnectionFactory.java:120)
	at org.springframework.integration.ip.tcp.connection.AbstractClientConnectionFactory.getConnection(AbstractClientConnectionFactory.java:42)
	at org.springframework.integration.ip.tcp.connection.ClientModeConnectionManager.run(ClientModeConnectionManager.java:65)
	at org.springframework.scheduling.support.DelegatingErrorHandlingRunnable.run(DelegatingErrorHandlingRunnable.java:54)
	at java.base/java.util.concurrent.Executors$RunnableAdapter.call(Executors.java:545)
	at java.base/java.util.concurrent.FutureTask.runAndReset(FutureTask.java:369)
	at java.base/java.util.concurrent.ScheduledThreadPoolExecutor$ScheduledFutureTask.run(ScheduledThreadPoolExecutor.java:310)
	at java.base/java.util.concurrent.ThreadPoolExecutor.runWorker(ThreadPoolExecutor.java:1095)
	at java.base/java.util.concurrent.ThreadPoolExecutor$Worker.run(ThreadPoolExecutor.java:619)
	at java.base/java.lang.Thread.run(Thread.java:1447)
Caused by: java.net.ConnectException: Connection refused: getsockopt
	at java.base/sun.nio.ch.Net.pollConnect(Native Method)
	at java.base/sun.nio.ch.Net.pollConnectNow(Net.java:628)
	at java.base/sun.nio.ch.NioSocketImpl.timedFinishConnect(NioSocketImpl.java:533)
	at java.base/sun.nio.ch.NioSocketImpl.connect(NioSocketImpl.java:583)
	at java.base/java.net.SocksSocketImpl.connect(SocksSocketImpl.java:282)
	at java.base/java.net.Socket.connect(Socket.java:665)
	at org.springframework.integration.ip.tcp.connection.TcpNetClientConnectionFactory.createSocket(TcpNetClientConnectionFactory.java:113)
	at org.springframework.integration.ip.tcp.connection.TcpNetClientConnectionFactory.buildNewConnection(TcpNetClientConnectionFactory.java:54)
	... 13 common frames omitted
2026-05-21 13:32:38.487 INFO  o.c.TcpServerConfig$$SpringCGLIB$$0 - <tcpserver><info> Connection established: 127.0.0.1:52362:18196:8289a34f-03a0-4104-9143-0d562b2b82ca
2026-05-21 13:32:38.487 INFO  o.c.TcpServerConfig$$SpringCGLIB$$0 - <tcpclient><info> Connection established: 127.0.0.1:18196:52362:9f217aa2-ff56-4a42-bae8-3de8ff7bd18c
2026-05-21 13:32:38.491 INFO  o.c.CraneClientConnectedListener - <tcpsvr><info> CraneClientConnectedEvent detected
2026-05-21 13:32:38.541 WARN  o.c.ApplicationReadyListener - <tcpsvr><info> Message Flow Automation Debug is ENABLED
2026-05-21 13:32:38.565 INFO  o.c.controller.TcpMessageController - <tcpclient><send> LVS1UST1DA550021052026133238????????01???????001
2026-05-21 13:32:38.589 INFO  o.c.CraneClientConnectedListener - <tcpclient><send> DAYSTART message sent to Crane server
2026-05-21 13:32:38.782 INFO  o.c.TcpServerConfig$$SpringCGLIB$$0 - <tcpserver><recv> LVS1UST1DA550021052026133238????????01???????001
2026-05-21 13:32:38.809 WARN  o.c.m.IncomingMessageProcessor - MessageProcessor::handleError->StatusCode.STATUSUNKNOWN
2026-05-21 13:32:38.815 INFO  o.c.m.IncomingMessageProcessor - SENDER LVS1 | RECEIVER UST1 | MESSAGETYPE DAYSTART | ORDINAL 55 | ERRORCODE OK | SOURCE 21052026 | TARGET 133238 | REPORTPOINT RPUNKNOWN | LETYPE LEUNKNOWN | STATUSCODE AUTOMATIONENABLED | USERDATA null | RAWMESSAGE LVS1UST1DA550021052026133238????????01???????001
2026-05-21 13:32:41.841 INFO  o.c.controller.TcpMessageController - <tcpclient><send> UST1LVS111560021052026133238????????01???????001
2026-05-21 13:32:41.851 INFO  o.c.TcpClientConfig$$SpringCGLIB$$0 - <tcpclient><recv> LVS1UST1DA550021052026133238????????01???????001
2026-05-21 13:32:41.853 INFO  o.c.TcpServerConfig$$SpringCGLIB$$0 - <tcpserver><recv> UST1LVS111560021052026133238????????01???????001
2026-05-21 13:32:41.860 WARN  o.c.m.IncomingMessageProcessor - MessageProcessor::handleError->StatusCode.STATUSUNKNOWN
2026-05-21 13:32:41.861 INFO  o.c.m.IncomingMessageProcessor - SENDER UST1 | RECEIVER LVS1 | MESSAGETYPE DAYSTART | ORDINAL 56 | ERRORCODE OK | SOURCE 21052026 | TARGET 133241 | REPORTPOINT RPUNKNOWN | LETYPE LEUNKNOWN | STATUSCODE AUTOMATIONENABLED | USERDATA null | RAWMESSAGE UST1LVS111560021052026133238????????01???????001
2026-05-21 13:32:41.863 INFO  o.c.TcpClientConfig$$SpringCGLIB$$0 - <tcpclient><recv> LVS1UST1AA560021052026133238????????01???????001
2026-05-21 13:57:32.851 INFO  o.c.ApplicationCloseListener - <tcpserver><info> ApplicationContextClosedEvent detected
2026-05-21 13:57:32.879 INFO  org.code_studio.BarcodeConfig - <tcpserver><info> Barcode communication - COM port closed: COM3
2026-05-21 13:57:32.881 INFO  o.c.ApplicationCloseListener - <tcpserver><info> Waiting for 3000 msec to receive DAYEND confirmation from CRANE, and then close the TCP connection.
2026-05-21 13:57:35.979 INFO  o.c.TcpServerConfig$$SpringCGLIB$$0 - <tcpclient><info> Connection closed: 127.0.0.1:18196:52362:9f217aa2-ff56-4a42-bae8-3de8ff7bd18c
2026-05-21 13:57:35.994 ERROR o.s.i.i.t.c.TcpNetServerConnectionFactory - Error on ServerSocket; port = 18196
java.net.SocketException: Socket closed
	at java.base/sun.nio.ch.NioSocketImpl.endAccept(NioSocketImpl.java:676)
	at java.base/sun.nio.ch.NioSocketImpl.accept(NioSocketImpl.java:749)
	at java.base/java.net.ServerSocket.implAccept(ServerSocket.java:593)
	at java.base/java.net.ServerSocket.platformImplAccept(ServerSocket.java:560)
	at java.base/java.net.ServerSocket.implAccept(ServerSocket.java:536)
	at java.base/java.net.ServerSocket.implAccept(ServerSocket.java:482)
	at java.base/java.net.ServerSocket.accept(ServerSocket.java:441)
	at org.springframework.integration.ip.tcp.connection.TcpNetServerConnectionFactory.acceptConnectionAndExecute(TcpNetServerConnectionFactory.java:168)
	at org.springframework.integration.ip.tcp.connection.TcpNetServerConnectionFactory.run(TcpNetServerConnectionFactory.java:120)
	at java.base/java.util.concurrent.ThreadPoolExecutor.runWorker(ThreadPoolExecutor.java:1095)
	at java.base/java.util.concurrent.ThreadPoolExecutor$Worker.run(ThreadPoolExecutor.java:619)
	at java.base/java.lang.Thread.run(Thread.java:1447)
2026-05-21 13:57:36.002 INFO  o.c.TcpServerConfig$$SpringCGLIB$$0 - <tcpserver><info> Connection closed: 127.0.0.1:52362:18196:8289a34f-03a0-4104-9143-0d562b2b82ca
2026-05-21 13:57:54.398 INFO  o.code_studio.ComPortSchedulerTask - <tcpserver><info> Trying to open COM port for Barcode communication
2026-05-21 13:57:54.544 INFO  o.c.WebSocketServerConfig$$SpringCGLIB$$0 - <wsserver><info> Created WS channel: /app/topic
2026-05-21 13:57:54.745 INFO  o.c.TcpServerConfig$$SpringCGLIB$$0 - <tcpserver><info> TCP server started on port: 18196
2026-05-21 13:57:54.755 INFO  o.c.TcpClientConfig$$SpringCGLIB$$0 - <tcpclient><info> TCP client has been created for server: localhost:18196
2026-05-21 13:57:54.869 INFO  o.c.WebSocketServerConfig$$SpringCGLIB$$0 - <wsserver><info> Created WS server on endpoint: /ws
2026-05-21 13:57:55.598 INFO  o.code_studio.ComPortSchedulerTask - <tcpserver><info> Barcode communication enabled. COM port open: COM3
2026-05-21 13:57:56.162 INFO  o.c.TcpServerConfig$$SpringCGLIB$$0 - <tcpclient><info> Connection established: 127.0.0.1:18196:52788:dde51d82-d212-468a-94de-f47f2046a500
2026-05-21 13:57:56.163 INFO  o.c.TcpServerConfig$$SpringCGLIB$$0 - <tcpserver><info> Connection established: 127.0.0.1:52788:18196:cc98abb2-de62-4397-9800-d4b58316994e
2026-05-21 13:57:56.165 INFO  o.c.CraneClientConnectedListener - <tcpsvr><info> CraneClientConnectedEvent detected
2026-05-21 13:57:56.216 WARN  o.c.ApplicationReadyListener - <tcpsvr><info> Message Flow Automation Debug is ENABLED
2026-05-21 13:57:56.232 INFO  o.c.controller.TcpMessageController - <tcpclient><send> LVS1UST1DA570021052026135756????????01???????001
2026-05-21 13:57:56.248 INFO  o.c.CraneClientConnectedListener - <tcpclient><send> DAYSTART message sent to Crane server
2026-05-21 13:57:56.271 INFO  o.c.TcpServerConfig$$SpringCGLIB$$0 - <tcpserver><recv> LVS1UST1DA570021052026135756????????01???????001
2026-05-21 13:57:56.312 WARN  o.c.m.IncomingMessageProcessor - MessageProcessor::handleError->StatusCode.STATUSUNKNOWN
2026-05-21 13:57:56.318 INFO  o.c.m.IncomingMessageProcessor - SENDER LVS1 | RECEIVER UST1 | MESSAGETYPE DAYSTART | ORDINAL 57 | ERRORCODE OK | SOURCE 21052026 | TARGET 135756 | REPORTPOINT RPUNKNOWN | LETYPE LEUNKNOWN | STATUSCODE AUTOMATIONENABLED | USERDATA null | RAWMESSAGE LVS1UST1DA570021052026135756????????01???????001
2026-05-21 13:57:59.474 INFO  o.c.controller.TcpMessageController - <tcpclient><send> UST1LVS111580021052026135756????????01???????001
2026-05-21 13:57:59.477 INFO  o.c.TcpClientConfig$$SpringCGLIB$$0 - <tcpclient><recv> LVS1UST1DA570021052026135756????????01???????001
2026-05-21 13:57:59.478 INFO  o.c.TcpServerConfig$$SpringCGLIB$$0 - <tcpserver><recv> UST1LVS111580021052026135756????????01???????001
2026-05-21 13:57:59.481 WARN  o.c.m.IncomingMessageProcessor - MessageProcessor::handleError->StatusCode.STATUSUNKNOWN
2026-05-21 13:57:59.484 INFO  o.c.m.IncomingMessageProcessor - SENDER UST1 | RECEIVER LVS1 | MESSAGETYPE DAYSTART | ORDINAL 58 | ERRORCODE OK | SOURCE 21052026 | TARGET 135759 | REPORTPOINT RPUNKNOWN | LETYPE LEUNKNOWN | STATUSCODE AUTOMATIONENABLED | USERDATA null | RAWMESSAGE UST1LVS111580021052026135756????????01???????001
2026-05-21 13:57:59.487 INFO  o.c.TcpClientConfig$$SpringCGLIB$$0 - <tcpclient><recv> LVS1UST1AA580021052026135756????????01???????001
2026-05-21 14:01:08.221 INFO  o.c.ApplicationCloseListener - <tcpserver><info> ApplicationContextClosedEvent detected
2026-05-21 14:01:08.224 INFO  org.code_studio.BarcodeConfig - <tcpserver><info> Barcode communication - COM port closed: COM3
2026-05-21 14:01:08.225 INFO  o.c.ApplicationCloseListener - <tcpserver><info> Waiting for 3000 msec to receive DAYEND confirmation from CRANE, and then close the TCP connection.
2026-05-21 14:01:11.239 INFO  o.c.TcpServerConfig$$SpringCGLIB$$0 - <tcpclient><info> Connection closed: 127.0.0.1:18196:52788:dde51d82-d212-468a-94de-f47f2046a500
2026-05-21 14:01:11.245 INFO  o.c.TcpServerConfig$$SpringCGLIB$$0 - <tcpserver><info> Connection closed: 127.0.0.1:52788:18196:cc98abb2-de62-4397-9800-d4b58316994e
2026-05-21 14:11:18.268 INFO  o.code_studio.ComPortSchedulerTask - <tcpserver><info> Trying to open COM port for Barcode communication
2026-05-21 14:11:18.468 INFO  o.c.WebSocketServerConfig$$SpringCGLIB$$0 - <wsserver><info> Created WS channel: /app/topic
2026-05-21 14:11:18.653 INFO  o.c.TcpServerConfig$$SpringCGLIB$$0 - <tcpserver><info> TCP server started on port: 18196
2026-05-21 14:11:18.660 INFO  o.c.TcpClientConfig$$SpringCGLIB$$0 - <tcpclient><info> TCP client has been created for server: localhost:18196
2026-05-21 14:11:18.755 INFO  o.c.WebSocketServerConfig$$SpringCGLIB$$0 - <wsserver><info> Created WS server on endpoint: /ws
2026-05-21 14:11:19.794 INFO  o.c.TcpServerConfig$$SpringCGLIB$$0 - <tcpserver><info> Connection established: 127.0.0.1:53093:18196:25729bb9-7609-4250-9eed-978e1fa263e3
2026-05-21 14:11:19.794 INFO  o.c.TcpServerConfig$$SpringCGLIB$$0 - <tcpclient><info> Connection established: 127.0.0.1:18196:53093:02121128-e9f0-4a47-9b6a-021a5ddf0146
2026-05-21 14:11:19.797 INFO  o.c.CraneClientConnectedListener - <tcpsvr><info> CraneClientConnectedEvent detected
2026-05-21 14:11:19.851 WARN  o.c.ApplicationReadyListener - <tcpsvr><info> Message Flow Automation Debug is ENABLED
2026-05-21 14:11:19.867 INFO  o.c.controller.TcpMessageController - <tcpclient><send> LVS1UST1DA590021052026141119????????01???????001
2026-05-21 14:11:19.879 INFO  o.c.CraneClientConnectedListener - <tcpclient><send> DAYSTART message sent to Crane server
2026-05-21 14:11:19.906 INFO  o.c.TcpServerConfig$$SpringCGLIB$$0 - <tcpserver><recv> LVS1UST1DA590021052026141119????????01???????001
2026-05-21 14:11:19.927 WARN  o.c.m.IncomingMessageProcessor - MessageProcessor::handleError->StatusCode.STATUSUNKNOWN
2026-05-21 14:11:19.932 INFO  o.c.m.IncomingMessageProcessor - SENDER LVS1 | RECEIVER UST1 | MESSAGETYPE DAYSTART | ORDINAL 59 | ERRORCODE OK | SOURCE 21052026 | TARGET 141119 | REPORTPOINT RPUNKNOWN | LETYPE LEUNKNOWN | STATUSCODE AUTOMATIONENABLED | USERDATA null | RAWMESSAGE LVS1UST1DA590021052026141119????????01???????001
2026-05-21 14:11:20.721 INFO  o.code_studio.ComPortSchedulerTask - <tcpserver><info> Barcode communication enabled. COM port open: COM3
2026-05-21 14:11:22.957 INFO  o.c.controller.TcpMessageController - <tcpclient><send> UST1LVS111600021052026141119????????01???????001
2026-05-21 14:11:22.961 INFO  o.c.TcpClientConfig$$SpringCGLIB$$0 - <tcpclient><recv> LVS1UST1DA590021052026141119????????01???????001
2026-05-21 14:11:22.963 INFO  o.c.TcpServerConfig$$SpringCGLIB$$0 - <tcpserver><recv> UST1LVS111600021052026141119????????01???????001
2026-05-21 14:11:22.965 WARN  o.c.m.IncomingMessageProcessor - MessageProcessor::handleError->StatusCode.STATUSUNKNOWN
2026-05-21 14:11:22.966 INFO  o.c.m.IncomingMessageProcessor - SENDER UST1 | RECEIVER LVS1 | MESSAGETYPE DAYSTART | ORDINAL 60 | ERRORCODE OK | SOURCE 21052026 | TARGET 141122 | REPORTPOINT RPUNKNOWN | LETYPE LEUNKNOWN | STATUSCODE AUTOMATIONENABLED | USERDATA null | RAWMESSAGE UST1LVS111600021052026141119????????01???????001
2026-05-21 14:11:22.967 INFO  o.c.TcpClientConfig$$SpringCGLIB$$0 - <tcpclient><recv> LVS1UST1AA600021052026141119????????01???????001
2026-05-21 14:13:58.022 INFO  o.c.ApplicationCloseListener - <tcpserver><info> ApplicationContextClosedEvent detected
2026-05-21 14:13:58.024 INFO  org.code_studio.BarcodeConfig - <tcpserver><info> Barcode communication - COM port closed: COM3
2026-05-21 14:13:58.024 INFO  o.c.ApplicationCloseListener - <tcpserver><info> Waiting for 3000 msec to receive DAYEND confirmation from CRANE, and then close the TCP connection.
2026-05-21 14:14:01.037 INFO  o.c.TcpServerConfig$$SpringCGLIB$$0 - <tcpclient><info> Connection closed: 127.0.0.1:18196:53093:02121128-e9f0-4a47-9b6a-021a5ddf0146
2026-05-21 14:14:01.041 INFO  o.c.TcpServerConfig$$SpringCGLIB$$0 - <tcpserver><info> Connection closed: 127.0.0.1:53093:18196:25729bb9-7609-4250-9eed-978e1fa263e3
2026-05-21 14:14:07.697 INFO  o.code_studio.ComPortSchedulerTask - <tcpserver><info> Trying to open COM port for Barcode communication
2026-05-21 14:14:07.886 INFO  o.c.WebSocketServerConfig$$SpringCGLIB$$0 - <wsserver><info> Created WS channel: /app/topic
2026-05-21 14:14:08.111 INFO  o.c.TcpServerConfig$$SpringCGLIB$$0 - <tcpserver><info> TCP server started on port: 18196
2026-05-21 14:14:08.122 INFO  o.c.TcpClientConfig$$SpringCGLIB$$0 - <tcpclient><info> TCP client has been created for server: localhost:18196
2026-05-21 14:14:08.237 INFO  o.c.WebSocketServerConfig$$SpringCGLIB$$0 - <wsserver><info> Created WS server on endpoint: /ws
2026-05-21 14:14:08.438 INFO  o.code_studio.ComPortSchedulerTask - <tcpserver><info> Barcode communication enabled. COM port open: COM3
2026-05-21 14:14:09.556 INFO  o.c.TcpServerConfig$$SpringCGLIB$$0 - <tcpclient><info> Connection established: 127.0.0.1:18196:53192:85133e98-e6aa-4f7f-9c01-ea065748abd2
2026-05-21 14:14:09.559 INFO  o.c.TcpServerConfig$$SpringCGLIB$$0 - <tcpserver><info> Connection established: 127.0.0.1:53192:18196:fbc6f918-1b82-4619-8e47-65f0b11b5c67
2026-05-21 14:14:09.563 INFO  o.c.CraneClientConnectedListener - <tcpsvr><info> CraneClientConnectedEvent detected
2026-05-21 14:14:09.658 WARN  o.c.ApplicationReadyListener - <tcpsvr><info> Message Flow Automation Debug is ENABLED
2026-05-21 14:14:09.839 INFO  o.c.controller.TcpMessageController - <tcpclient><send> LVS1UST1DA610021052026141409????????01???????001
2026-05-21 14:14:09.868 INFO  o.c.CraneClientConnectedListener - <tcpclient><send> DAYSTART message sent to Crane server
2026-05-21 14:14:09.894 INFO  o.c.TcpServerConfig$$SpringCGLIB$$0 - <tcpserver><recv> LVS1UST1DA610021052026141409????????01???????001
2026-05-21 14:14:09.923 WARN  o.c.m.IncomingMessageProcessor - MessageProcessor::handleError->StatusCode.STATUSUNKNOWN
2026-05-21 14:14:09.933 INFO  o.c.m.IncomingMessageProcessor - SENDER LVS1 | RECEIVER UST1 | MESSAGETYPE DAYSTART | ORDINAL 61 | ERRORCODE OK | SOURCE 21052026 | TARGET 141409 | REPORTPOINT RPUNKNOWN | LETYPE LEUNKNOWN | STATUSCODE AUTOMATIONENABLED | USERDATA null | RAWMESSAGE LVS1UST1DA610021052026141409????????01???????001
2026-05-21 14:14:12.974 INFO  o.c.controller.TcpMessageController - <tcpclient><send> UST1LVS111620021052026141409????????01???????001
2026-05-21 14:14:12.976 INFO  o.c.TcpClientConfig$$SpringCGLIB$$0 - <tcpclient><recv> LVS1UST1DA610021052026141409????????01???????001
2026-05-21 14:14:12.976 INFO  o.c.TcpServerConfig$$SpringCGLIB$$0 - <tcpserver><recv> UST1LVS111620021052026141409????????01???????001
2026-05-21 14:14:12.977 WARN  o.c.m.IncomingMessageProcessor - MessageProcessor::handleError->StatusCode.STATUSUNKNOWN
2026-05-21 14:14:12.978 INFO  o.c.m.IncomingMessageProcessor - SENDER UST1 | RECEIVER LVS1 | MESSAGETYPE DAYSTART | ORDINAL 62 | ERRORCODE OK | SOURCE 21052026 | TARGET 141412 | REPORTPOINT RPUNKNOWN | LETYPE LEUNKNOWN | STATUSCODE AUTOMATIONENABLED | USERDATA null | RAWMESSAGE UST1LVS111620021052026141409????????01???????001
2026-05-21 14:14:12.980 INFO  o.c.TcpClientConfig$$SpringCGLIB$$0 - <tcpclient><recv> LVS1UST1AA620021052026141409????????01???????001
2026-05-21 14:19:34.949 INFO  o.c.ApplicationCloseListener - <tcpserver><info> ApplicationContextClosedEvent detected
2026-05-21 14:19:34.993 INFO  org.code_studio.BarcodeConfig - <tcpserver><info> Barcode communication - COM port closed: COM3
2026-05-21 14:19:34.993 INFO  o.c.ApplicationCloseListener - <tcpserver><info> Waiting for 3000 msec to receive DAYEND confirmation from CRANE, and then close the TCP connection.
2026-05-21 14:19:38.290 INFO  o.c.TcpServerConfig$$SpringCGLIB$$0 - <tcpclient><info> Connection closed: 127.0.0.1:18196:53192:85133e98-e6aa-4f7f-9c01-ea065748abd2
2026-05-21 14:19:38.295 INFO  o.c.TcpServerConfig$$SpringCGLIB$$0 - <tcpserver><info> Connection closed: 127.0.0.1:53192:18196:fbc6f918-1b82-4619-8e47-65f0b11b5c67
2026-05-21 14:20:17.258 INFO  o.code_studio.ComPortSchedulerTask - <tcpserver><info> Trying to open COM port for Barcode communication
2026-05-21 14:20:17.552 INFO  o.c.WebSocketServerConfig$$SpringCGLIB$$0 - <wsserver><info> Created WS channel: /app/topic
2026-05-21 14:20:17.794 INFO  o.c.TcpServerConfig$$SpringCGLIB$$0 - <tcpserver><info> TCP server started on port: 18196
2026-05-21 14:20:17.803 INFO  o.c.TcpClientConfig$$SpringCGLIB$$0 - <tcpclient><info> TCP client has been created for server: localhost:18196
2026-05-21 14:20:17.925 INFO  o.c.WebSocketServerConfig$$SpringCGLIB$$0 - <wsserver><info> Created WS server on endpoint: /ws
2026-05-21 14:20:18.303 INFO  o.code_studio.ComPortSchedulerTask - <tcpserver><info> Barcode communication enabled. COM port open: COM3
2026-05-21 14:20:19.516 INFO  o.c.TcpServerConfig$$SpringCGLIB$$0 - <tcpserver><info> Connection established: 127.0.0.1:53327:18196:f775edbd-4007-4c0a-b8dd-19f97e6cbe46
2026-05-21 14:20:19.516 INFO  o.c.TcpServerConfig$$SpringCGLIB$$0 - <tcpclient><info> Connection established: 127.0.0.1:18196:53327:2a09ae67-9694-4a1b-8092-4e8ed4b90499
2026-05-21 14:20:19.518 INFO  o.c.CraneClientConnectedListener - <tcpsvr><info> CraneClientConnectedEvent detected
2026-05-21 14:20:19.578 INFO  o.c.controller.TcpMessageController - <tcpclient><send> LVS1UST1DA630021052026142019????????01???????001
2026-05-21 14:20:19.585 WARN  o.c.ApplicationReadyListener - <tcpsvr><info> Message Flow Automation Debug is ENABLED
2026-05-21 14:20:19.594 INFO  o.c.CraneClientConnectedListener - <tcpclient><send> DAYSTART message sent to Crane server
2026-05-21 14:20:19.635 INFO  o.c.TcpServerConfig$$SpringCGLIB$$0 - <tcpserver><recv> LVS1UST1DA630021052026142019????????01???????001
2026-05-21 14:20:19.686 WARN  o.c.m.IncomingMessageProcessor - MessageProcessor::handleError->StatusCode.STATUSUNKNOWN
2026-05-21 14:20:19.691 INFO  o.c.m.IncomingMessageProcessor - SENDER LVS1 | RECEIVER UST1 | MESSAGETYPE DAYSTART | ORDINAL 63 | ERRORCODE OK | SOURCE 21052026 | TARGET 142019 | REPORTPOINT RPUNKNOWN | LETYPE LEUNKNOWN | STATUSCODE AUTOMATIONENABLED | USERDATA null | RAWMESSAGE LVS1UST1DA630021052026142019????????01???????001
2026-05-21 14:20:22.715 INFO  o.c.controller.TcpMessageController - <tcpclient><send> UST1LVS111640021052026142019????????01???????001
2026-05-21 14:20:22.718 INFO  o.c.TcpClientConfig$$SpringCGLIB$$0 - <tcpclient><recv> LVS1UST1DA630021052026142019????????01???????001
2026-05-21 14:20:22.718 INFO  o.c.TcpServerConfig$$SpringCGLIB$$0 - <tcpserver><recv> UST1LVS111640021052026142019????????01???????001
2026-05-21 14:20:22.719 WARN  o.c.m.IncomingMessageProcessor - MessageProcessor::handleError->StatusCode.STATUSUNKNOWN
2026-05-21 14:20:22.720 INFO  o.c.m.IncomingMessageProcessor - SENDER UST1 | RECEIVER LVS1 | MESSAGETYPE DAYSTART | ORDINAL 64 | ERRORCODE OK | SOURCE 21052026 | TARGET 142022 | REPORTPOINT RPUNKNOWN | LETYPE LEUNKNOWN | STATUSCODE AUTOMATIONENABLED | USERDATA null | RAWMESSAGE UST1LVS111640021052026142019????????01???????001
2026-05-21 14:20:22.722 INFO  o.c.TcpClientConfig$$SpringCGLIB$$0 - <tcpclient><recv> LVS1UST1AA640021052026142019????????01???????001
2026-05-21 14:23:30.854 INFO  o.c.ApplicationCloseListener - <tcpserver><info> ApplicationContextClosedEvent detected
2026-05-21 14:23:30.856 INFO  org.code_studio.BarcodeConfig - <tcpserver><info> Barcode communication - COM port closed: COM3
2026-05-21 14:23:30.856 INFO  o.c.ApplicationCloseListener - <tcpserver><info> Waiting for 3000 msec to receive DAYEND confirmation from CRANE, and then close the TCP connection.
2026-05-21 14:23:33.868 INFO  o.c.TcpServerConfig$$SpringCGLIB$$0 - <tcpclient><info> Connection closed: 127.0.0.1:18196:53327:2a09ae67-9694-4a1b-8092-4e8ed4b90499
2026-05-21 14:23:33.872 INFO  o.c.TcpServerConfig$$SpringCGLIB$$0 - <tcpserver><info> Connection closed: 127.0.0.1:53327:18196:f775edbd-4007-4c0a-b8dd-19f97e6cbe46
2026-05-21 14:24:18.207 INFO  o.code_studio.ComPortSchedulerTask - <tcpserver><info> Trying to open COM port for Barcode communication
2026-05-21 14:24:18.360 INFO  o.c.WebSocketServerConfig$$SpringCGLIB$$0 - <wsserver><info> Created WS channel: /app/topic
2026-05-21 14:24:18.552 INFO  o.c.TcpServerConfig$$SpringCGLIB$$0 - <tcpserver><info> TCP server started on port: 18196
2026-05-21 14:24:18.563 INFO  o.c.TcpClientConfig$$SpringCGLIB$$0 - <tcpclient><info> TCP client has been created for server: localhost:18196
2026-05-21 14:24:18.662 INFO  o.c.WebSocketServerConfig$$SpringCGLIB$$0 - <wsserver><info> Created WS server on endpoint: /ws
2026-05-21 14:24:19.004 INFO  o.code_studio.ComPortSchedulerTask - <tcpserver><info> Barcode communication enabled. COM port open: COM3
2026-05-21 14:24:20.134 INFO  o.c.TcpServerConfig$$SpringCGLIB$$0 - <tcpserver><info> Connection established: 127.0.0.1:53456:18196:31724fee-b54a-411d-bc70-479c2260f017
2026-05-21 14:24:20.134 INFO  o.c.TcpServerConfig$$SpringCGLIB$$0 - <tcpclient><info> Connection established: 127.0.0.1:18196:53456:3f0be588-4bb4-4e2f-b28a-453f5328271c
2026-05-21 14:24:20.136 INFO  o.c.CraneClientConnectedListener - <tcpsvr><info> CraneClientConnectedEvent detected
2026-05-21 14:24:20.179 WARN  o.c.ApplicationReadyListener - <tcpsvr><info> Message Flow Automation Debug is ENABLED
2026-05-21 14:24:20.206 INFO  o.c.controller.TcpMessageController - <tcpclient><send> LVS1UST1DA650021052026142420????????01???????001
2026-05-21 14:24:20.222 INFO  o.c.CraneClientConnectedListener - <tcpclient><send> DAYSTART message sent to Crane server
2026-05-21 14:24:20.309 INFO  o.c.TcpServerConfig$$SpringCGLIB$$0 - <tcpserver><recv> LVS1UST1DA650021052026142420????????01???????001
2026-05-21 14:24:20.415 WARN  o.c.m.IncomingMessageProcessor - MessageProcessor::handleError->StatusCode.STATUSUNKNOWN
2026-05-21 14:24:20.428 INFO  o.c.m.IncomingMessageProcessor - SENDER LVS1 | RECEIVER UST1 | MESSAGETYPE DAYSTART | ORDINAL 65 | ERRORCODE OK | SOURCE 21052026 | TARGET 142420 | REPORTPOINT RPUNKNOWN | LETYPE LEUNKNOWN | STATUSCODE AUTOMATIONENABLED | USERDATA null | RAWMESSAGE LVS1UST1DA650021052026142420????????01???????001
2026-05-21 14:24:23.449 INFO  o.c.controller.TcpMessageController - <tcpclient><send> UST1LVS111660021052026142420????????01???????001
2026-05-21 14:24:23.451 INFO  o.c.TcpClientConfig$$SpringCGLIB$$0 - <tcpclient><recv> LVS1UST1DA650021052026142420????????01???????001
2026-05-21 14:24:23.452 INFO  o.c.TcpServerConfig$$SpringCGLIB$$0 - <tcpserver><recv> UST1LVS111660021052026142420????????01???????001
2026-05-21 14:24:23.453 WARN  o.c.m.IncomingMessageProcessor - MessageProcessor::handleError->StatusCode.STATUSUNKNOWN
2026-05-21 14:24:23.454 INFO  o.c.m.IncomingMessageProcessor - SENDER UST1 | RECEIVER LVS1 | MESSAGETYPE DAYSTART | ORDINAL 66 | ERRORCODE OK | SOURCE 21052026 | TARGET 142423 | REPORTPOINT RPUNKNOWN | LETYPE LEUNKNOWN | STATUSCODE AUTOMATIONENABLED | USERDATA null | RAWMESSAGE UST1LVS111660021052026142420????????01???????001
2026-05-21 14:24:23.455 INFO  o.c.TcpClientConfig$$SpringCGLIB$$0 - <tcpclient><recv> LVS1UST1AA660021052026142420????????01???????001
2026-05-21 14:33:26.876 INFO  o.c.ApplicationCloseListener - <tcpserver><info> ApplicationContextClosedEvent detected
2026-05-21 14:33:26.882 INFO  org.code_studio.BarcodeConfig - <tcpserver><info> Barcode communication - COM port closed: COM3
2026-05-21 14:33:26.882 INFO  o.c.ApplicationCloseListener - <tcpserver><info> Waiting for 3000 msec to receive DAYEND confirmation from CRANE, and then close the TCP connection.
2026-05-21 14:33:29.903 INFO  o.c.TcpServerConfig$$SpringCGLIB$$0 - <tcpclient><info> Connection closed: 127.0.0.1:18196:53456:3f0be588-4bb4-4e2f-b28a-453f5328271c
2026-05-21 14:33:29.912 INFO  o.c.TcpServerConfig$$SpringCGLIB$$0 - <tcpserver><info> Connection closed: 127.0.0.1:53456:18196:31724fee-b54a-411d-bc70-479c2260f017
2026-05-21 14:33:42.709 INFO  o.code_studio.ComPortSchedulerTask - <tcpserver><info> Trying to open COM port for Barcode communication
2026-05-21 14:33:42.847 INFO  o.c.WebSocketServerConfig$$SpringCGLIB$$0 - <wsserver><info> Created WS channel: /app/topic
2026-05-21 14:33:43.062 INFO  o.c.TcpServerConfig$$SpringCGLIB$$0 - <tcpserver><info> TCP server started on port: 18196
2026-05-21 14:33:43.072 INFO  o.c.TcpClientConfig$$SpringCGLIB$$0 - <tcpclient><info> TCP client has been created for server: localhost:18196
2026-05-21 14:33:43.215 INFO  o.c.WebSocketServerConfig$$SpringCGLIB$$0 - <wsserver><info> Created WS server on endpoint: /ws
2026-05-21 14:33:43.378 INFO  o.code_studio.ComPortSchedulerTask - <tcpserver><info> Barcode communication enabled. COM port open: COM3
2026-05-21 14:33:44.570 INFO  o.c.TcpServerConfig$$SpringCGLIB$$0 - <tcpclient><info> Connection established: 127.0.0.1:18196:53601:0bce1d44-6d23-45d9-b2b8-e8ca9b968fb3
2026-05-21 14:33:44.570 INFO  o.c.TcpServerConfig$$SpringCGLIB$$0 - <tcpserver><info> Connection established: 127.0.0.1:53601:18196:8ab99407-f77c-4d7f-aac0-0e1da0a758b7
2026-05-21 14:33:44.572 INFO  o.c.CraneClientConnectedListener - <tcpsvr><info> CraneClientConnectedEvent detected
2026-05-21 14:33:44.611 WARN  o.c.ApplicationReadyListener - <tcpsvr><info> Message Flow Automation Debug is ENABLED
2026-05-21 14:33:44.661 INFO  o.c.controller.TcpMessageController - <tcpclient><send> LVS1UST1DA670021052026143344????????01???????001
2026-05-21 14:33:44.676 INFO  o.c.CraneClientConnectedListener - <tcpclient><send> DAYSTART message sent to Crane server
2026-05-21 14:33:44.697 INFO  o.c.TcpServerConfig$$SpringCGLIB$$0 - <tcpserver><recv> LVS1UST1DA670021052026143344????????01???????001
2026-05-21 14:33:44.719 WARN  o.c.m.IncomingMessageProcessor - MessageProcessor::handleError->StatusCode.STATUSUNKNOWN
2026-05-21 14:33:44.724 INFO  o.c.m.IncomingMessageProcessor - SENDER LVS1 | RECEIVER UST1 | MESSAGETYPE DAYSTART | ORDINAL 67 | ERRORCODE OK | SOURCE 21052026 | TARGET 143344 | REPORTPOINT RPUNKNOWN | LETYPE LEUNKNOWN | STATUSCODE AUTOMATIONENABLED | USERDATA null | RAWMESSAGE LVS1UST1DA670021052026143344????????01???????001
2026-05-21 14:33:47.749 INFO  o.c.controller.TcpMessageController - <tcpclient><send> UST1LVS111680021052026143344????????01???????001
2026-05-21 14:33:47.752 INFO  o.c.TcpClientConfig$$SpringCGLIB$$0 - <tcpclient><recv> LVS1UST1DA670021052026143344????????01???????001
2026-05-21 14:33:47.753 INFO  o.c.TcpServerConfig$$SpringCGLIB$$0 - <tcpserver><recv> UST1LVS111680021052026143344????????01???????001
2026-05-21 14:33:47.753 WARN  o.c.m.IncomingMessageProcessor - MessageProcessor::handleError->StatusCode.STATUSUNKNOWN
2026-05-21 14:33:47.754 INFO  o.c.m.IncomingMessageProcessor - SENDER UST1 | RECEIVER LVS1 | MESSAGETYPE DAYSTART | ORDINAL 68 | ERRORCODE OK | SOURCE 21052026 | TARGET 143347 | REPORTPOINT RPUNKNOWN | LETYPE LEUNKNOWN | STATUSCODE AUTOMATIONENABLED | USERDATA null | RAWMESSAGE UST1LVS111680021052026143344????????01???????001
2026-05-21 14:33:47.756 INFO  o.c.TcpClientConfig$$SpringCGLIB$$0 - <tcpclient><recv> LVS1UST1AA680021052026143344????????01???????001
2026-05-21 14:39:17.608 INFO  o.c.ApplicationCloseListener - <tcpserver><info> ApplicationContextClosedEvent detected
2026-05-21 14:39:17.617 INFO  org.code_studio.BarcodeConfig - <tcpserver><info> Barcode communication - COM port closed: COM3
2026-05-21 14:39:17.618 INFO  o.c.ApplicationCloseListener - <tcpserver><info> Waiting for 3000 msec to receive DAYEND confirmation from CRANE, and then close the TCP connection.
2026-05-21 14:39:20.654 INFO  o.c.TcpServerConfig$$SpringCGLIB$$0 - <tcpclient><info> Connection closed: 127.0.0.1:18196:53601:0bce1d44-6d23-45d9-b2b8-e8ca9b968fb3
2026-05-21 14:39:20.658 INFO  o.c.TcpServerConfig$$SpringCGLIB$$0 - <tcpserver><info> Connection closed: 127.0.0.1:53601:18196:8ab99407-f77c-4d7f-aac0-0e1da0a758b7
2026-05-21 14:39:30.990 INFO  o.code_studio.ComPortSchedulerTask - <tcpserver><info> Trying to open COM port for Barcode communication
2026-05-21 14:39:31.152 INFO  o.c.WebSocketServerConfig$$SpringCGLIB$$0 - <wsserver><info> Created WS channel: /app/topic
2026-05-21 14:39:31.361 INFO  o.c.TcpServerConfig$$SpringCGLIB$$0 - <tcpserver><info> TCP server started on port: 18196
2026-05-21 14:39:31.370 INFO  o.c.TcpClientConfig$$SpringCGLIB$$0 - <tcpclient><info> TCP client has been created for server: localhost:18196
2026-05-21 14:39:31.481 INFO  o.c.WebSocketServerConfig$$SpringCGLIB$$0 - <wsserver><info> Created WS server on endpoint: /ws
2026-05-21 14:39:31.597 INFO  o.code_studio.ComPortSchedulerTask - <tcpserver><info> Barcode communication enabled. COM port open: COM3
2026-05-21 14:39:32.671 INFO  o.c.TcpServerConfig$$SpringCGLIB$$0 - <tcpserver><info> Connection established: 127.0.0.1:53680:18196:53308ca2-701e-48b8-bf8d-b7c32f3a030d
2026-05-21 14:39:32.676 INFO  o.c.TcpServerConfig$$SpringCGLIB$$0 - <tcpclient><info> Connection established: 127.0.0.1:18196:53680:2eae71d5-7eea-4eef-943b-d9df81b72ec5
2026-05-21 14:39:32.681 INFO  o.c.CraneClientConnectedListener - <tcpsvr><info> CraneClientConnectedEvent detected
2026-05-21 14:39:32.718 WARN  o.c.ApplicationReadyListener - <tcpsvr><info> Message Flow Automation Debug is ENABLED
2026-05-21 14:39:32.761 INFO  o.c.controller.TcpMessageController - <tcpclient><send> LVS1UST1DA690021052026143932????????01???????001
2026-05-21 14:39:32.776 INFO  o.c.CraneClientConnectedListener - <tcpclient><send> DAYSTART message sent to Crane server
2026-05-21 14:39:32.796 INFO  o.c.TcpServerConfig$$SpringCGLIB$$0 - <tcpserver><recv> LVS1UST1DA690021052026143932????????01???????001
2026-05-21 14:39:32.846 WARN  o.c.m.IncomingMessageProcessor - MessageProcessor::handleError->StatusCode.STATUSUNKNOWN
2026-05-21 14:39:32.851 INFO  o.c.m.IncomingMessageProcessor - SENDER LVS1 | RECEIVER UST1 | MESSAGETYPE DAYSTART | ORDINAL 69 | ERRORCODE OK | SOURCE 21052026 | TARGET 143932 | REPORTPOINT RPUNKNOWN | LETYPE LEUNKNOWN | STATUSCODE AUTOMATIONENABLED | USERDATA null | RAWMESSAGE LVS1UST1DA690021052026143932????????01???????001
2026-05-21 14:39:35.874 INFO  o.c.controller.TcpMessageController - <tcpclient><send> UST1LVS111700021052026143932????????01???????001
2026-05-21 14:39:35.877 INFO  o.c.TcpClientConfig$$SpringCGLIB$$0 - <tcpclient><recv> LVS1UST1DA690021052026143932????????01???????001
2026-05-21 14:39:35.877 INFO  o.c.TcpServerConfig$$SpringCGLIB$$0 - <tcpserver><recv> UST1LVS111700021052026143932????????01???????001
2026-05-21 14:39:35.878 WARN  o.c.m.IncomingMessageProcessor - MessageProcessor::handleError->StatusCode.STATUSUNKNOWN
2026-05-21 14:39:35.879 INFO  o.c.m.IncomingMessageProcessor - SENDER UST1 | RECEIVER LVS1 | MESSAGETYPE DAYSTART | ORDINAL 70 | ERRORCODE OK | SOURCE 21052026 | TARGET 143935 | REPORTPOINT RPUNKNOWN | LETYPE LEUNKNOWN | STATUSCODE AUTOMATIONENABLED | USERDATA null | RAWMESSAGE UST1LVS111700021052026143932????????01???????001
2026-05-21 14:39:35.880 INFO  o.c.TcpClientConfig$$SpringCGLIB$$0 - <tcpclient><recv> LVS1UST1AA700021052026143932????????01???????001
2026-05-21 14:42:31.506 INFO  o.c.ApplicationCloseListener - <tcpserver><info> ApplicationContextClosedEvent detected
2026-05-21 14:42:31.507 INFO  org.code_studio.BarcodeConfig - <tcpserver><info> Barcode communication - COM port closed: COM3
2026-05-21 14:42:31.508 INFO  o.c.ApplicationCloseListener - <tcpserver><info> Waiting for 3000 msec to receive DAYEND confirmation from CRANE, and then close the TCP connection.
2026-05-21 14:42:34.522 INFO  o.c.TcpServerConfig$$SpringCGLIB$$0 - <tcpclient><info> Connection closed: 127.0.0.1:18196:53680:2eae71d5-7eea-4eef-943b-d9df81b72ec5
2026-05-21 14:42:34.527 INFO  o.c.TcpServerConfig$$SpringCGLIB$$0 - <tcpserver><info> Connection closed: 127.0.0.1:53680:18196:53308ca2-701e-48b8-bf8d-b7c32f3a030d
2026-05-21 14:43:20.504 INFO  o.code_studio.ComPortSchedulerTask - <tcpserver><info> Trying to open COM port for Barcode communication
2026-05-21 14:43:20.677 INFO  o.c.WebSocketServerConfig$$SpringCGLIB$$0 - <wsserver><info> Created WS channel: /app/topic
2026-05-21 14:43:20.853 INFO  o.c.TcpServerConfig$$SpringCGLIB$$0 - <tcpserver><info> TCP server started on port: 18196
2026-05-21 14:43:20.864 INFO  o.c.TcpClientConfig$$SpringCGLIB$$0 - <tcpclient><info> TCP client has been created for server: localhost:18196
2026-05-21 14:43:20.966 INFO  o.c.WebSocketServerConfig$$SpringCGLIB$$0 - <wsserver><info> Created WS server on endpoint: /ws
2026-05-21 14:43:21.891 INFO  o.c.TcpServerConfig$$SpringCGLIB$$0 - <tcpclient><info> Connection established: 127.0.0.1:18196:53766:a6df088d-7815-457e-8fd5-27aa3a80022c
2026-05-21 14:43:21.896 INFO  o.c.TcpServerConfig$$SpringCGLIB$$0 - <tcpserver><info> Connection established: 127.0.0.1:53766:18196:4e721ed8-6a83-4196-a213-8714bb6b908d
2026-05-21 14:43:21.904 INFO  o.c.CraneClientConnectedListener - <tcpsvr><info> CraneClientConnectedEvent detected
2026-05-21 14:43:21.959 WARN  o.c.ApplicationReadyListener - <tcpsvr><info> Message Flow Automation Debug is ENABLED
2026-05-21 14:43:21.978 INFO  o.c.controller.TcpMessageController - <tcpclient><send> LVS1UST1DA710021052026144321????????01???????001
2026-05-21 14:43:21.995 INFO  o.c.CraneClientConnectedListener - <tcpclient><send> DAYSTART message sent to Crane server
2026-05-21 14:43:22.022 INFO  o.c.TcpServerConfig$$SpringCGLIB$$0 - <tcpserver><recv> LVS1UST1DA710021052026144321????????01???????001
2026-05-21 14:43:22.050 WARN  o.c.m.IncomingMessageProcessor - MessageProcessor::handleError->StatusCode.STATUSUNKNOWN
2026-05-21 14:43:22.056 INFO  o.c.m.IncomingMessageProcessor - SENDER LVS1 | RECEIVER UST1 | MESSAGETYPE DAYSTART | ORDINAL 71 | ERRORCODE OK | SOURCE 21052026 | TARGET 144322 | REPORTPOINT RPUNKNOWN | LETYPE LEUNKNOWN | STATUSCODE AUTOMATIONENABLED | USERDATA null | RAWMESSAGE LVS1UST1DA710021052026144321????????01???????001
2026-05-21 14:43:22.145 INFO  o.code_studio.ComPortSchedulerTask - <tcpserver><info> Barcode communication enabled. COM port open: COM3
2026-05-21 14:43:25.078 INFO  o.c.controller.TcpMessageController - <tcpclient><send> UST1LVS111720021052026144322????????01???????001
2026-05-21 14:43:25.081 INFO  o.c.TcpClientConfig$$SpringCGLIB$$0 - <tcpclient><recv> LVS1UST1DA710021052026144321????????01???????001
2026-05-21 14:43:25.082 INFO  o.c.TcpServerConfig$$SpringCGLIB$$0 - <tcpserver><recv> UST1LVS111720021052026144322????????01???????001
2026-05-21 14:43:25.083 WARN  o.c.m.IncomingMessageProcessor - MessageProcessor::handleError->StatusCode.STATUSUNKNOWN
2026-05-21 14:43:25.084 INFO  o.c.m.IncomingMessageProcessor - SENDER UST1 | RECEIVER LVS1 | MESSAGETYPE DAYSTART | ORDINAL 72 | ERRORCODE OK | SOURCE 21052026 | TARGET 144325 | REPORTPOINT RPUNKNOWN | LETYPE LEUNKNOWN | STATUSCODE AUTOMATIONENABLED | USERDATA null | RAWMESSAGE UST1LVS111720021052026144322????????01???????001
2026-05-21 14:43:25.086 INFO  o.c.TcpClientConfig$$SpringCGLIB$$0 - <tcpclient><recv> LVS1UST1AA720021052026144322????????01???????001
2026-05-21 14:52:02.152 INFO  o.c.ApplicationCloseListener - <tcpserver><info> ApplicationContextClosedEvent detected
2026-05-21 14:52:02.195 INFO  org.code_studio.BarcodeConfig - <tcpserver><info> Barcode communication - COM port closed: COM3
2026-05-21 14:52:02.202 INFO  o.c.ApplicationCloseListener - <tcpserver><info> Waiting for 3000 msec to receive DAYEND confirmation from CRANE, and then close the TCP connection.
2026-05-21 14:52:05.515 INFO  o.c.TcpServerConfig$$SpringCGLIB$$0 - <tcpclient><info> Connection closed: 127.0.0.1:18196:53766:a6df088d-7815-457e-8fd5-27aa3a80022c
2026-05-21 14:52:05.532 INFO  o.c.TcpServerConfig$$SpringCGLIB$$0 - <tcpserver><info> Connection closed: 127.0.0.1:53766:18196:4e721ed8-6a83-4196-a213-8714bb6b908d
2026-05-21 14:52:20.088 INFO  o.code_studio.ComPortSchedulerTask - <tcpserver><info> Trying to open COM port for Barcode communication
2026-05-21 14:52:20.459 INFO  o.c.WebSocketServerConfig$$SpringCGLIB$$0 - <wsserver><info> Created WS channel: /app/topic
2026-05-21 14:52:20.637 INFO  o.c.TcpServerConfig$$SpringCGLIB$$0 - <tcpserver><info> TCP server started on port: 18196
2026-05-21 14:52:20.645 INFO  o.c.TcpClientConfig$$SpringCGLIB$$0 - <tcpclient><info> TCP client has been created for server: localhost:18196
2026-05-21 14:52:20.750 INFO  o.c.WebSocketServerConfig$$SpringCGLIB$$0 - <wsserver><info> Created WS server on endpoint: /ws
2026-05-21 14:52:22.222 INFO  o.c.TcpServerConfig$$SpringCGLIB$$0 - <tcpclient><info> Connection established: 127.0.0.1:18196:54009:85991d23-c7a3-4429-8bef-68cde94fed94
2026-05-21 14:52:22.223 INFO  o.c.TcpServerConfig$$SpringCGLIB$$0 - <tcpserver><info> Connection established: 127.0.0.1:54009:18196:aaf1ed99-3c3c-4711-aaf4-b5b713615a1c
2026-05-21 14:52:22.224 INFO  o.c.CraneClientConnectedListener - <tcpsvr><info> CraneClientConnectedEvent detected
2026-05-21 14:52:22.277 INFO  o.code_studio.ComPortSchedulerTask - <tcpserver><info> Barcode communication enabled. COM port open: COM3
2026-05-21 14:52:22.278 INFO  o.c.controller.TcpMessageController - <tcpclient><send> LVS1UST1DA730021052026145222????????01???????001
2026-05-21 14:52:22.282 WARN  o.c.ApplicationReadyListener - <tcpsvr><info> Message Flow Automation Debug is ENABLED
2026-05-21 14:52:22.291 INFO  o.c.CraneClientConnectedListener - <tcpclient><send> DAYSTART message sent to Crane server
2026-05-21 14:52:22.313 INFO  o.c.TcpServerConfig$$SpringCGLIB$$0 - <tcpserver><recv> LVS1UST1DA730021052026145222????????01???????001
2026-05-21 14:52:22.340 WARN  o.c.m.IncomingMessageProcessor - MessageProcessor::handleError->StatusCode.STATUSUNKNOWN
2026-05-21 14:52:22.345 INFO  o.c.m.IncomingMessageProcessor - SENDER LVS1 | RECEIVER UST1 | MESSAGETYPE DAYSTART | ORDINAL 73 | ERRORCODE OK | SOURCE 21052026 | TARGET 145222 | REPORTPOINT RPUNKNOWN | LETYPE LEUNKNOWN | STATUSCODE AUTOMATIONENABLED | USERDATA null | RAWMESSAGE LVS1UST1DA730021052026145222????????01???????001
2026-05-21 14:52:25.370 INFO  o.c.controller.TcpMessageController - <tcpclient><send> UST1LVS111740021052026145222????????01???????001
2026-05-21 14:52:25.374 INFO  o.c.TcpClientConfig$$SpringCGLIB$$0 - <tcpclient><recv> LVS1UST1DA730021052026145222????????01???????001
2026-05-21 14:52:25.374 INFO  o.c.TcpServerConfig$$SpringCGLIB$$0 - <tcpserver><recv> UST1LVS111740021052026145222????????01???????001
2026-05-21 14:52:25.376 WARN  o.c.m.IncomingMessageProcessor - MessageProcessor::handleError->StatusCode.STATUSUNKNOWN
2026-05-21 14:52:25.555 INFO  o.c.m.IncomingMessageProcessor - SENDER UST1 | RECEIVER LVS1 | MESSAGETYPE DAYSTART | ORDINAL 74 | ERRORCODE OK | SOURCE 21052026 | TARGET 145225 | REPORTPOINT RPUNKNOWN | LETYPE LEUNKNOWN | STATUSCODE AUTOMATIONENABLED | USERDATA null | RAWMESSAGE UST1LVS111740021052026145222????????01???????001
2026-05-21 14:52:25.558 INFO  o.c.TcpClientConfig$$SpringCGLIB$$0 - <tcpclient><recv> LVS1UST1AA740021052026145222????????01???????001
2026-05-21 14:58:31.689 INFO  o.c.ApplicationCloseListener - <tcpserver><info> ApplicationContextClosedEvent detected
2026-05-21 14:58:31.697 INFO  org.code_studio.BarcodeConfig - <tcpserver><info> Barcode communication - COM port closed: COM3
2026-05-21 14:58:31.698 INFO  o.c.ApplicationCloseListener - <tcpserver><info> Waiting for 3000 msec to receive DAYEND confirmation from CRANE, and then close the TCP connection.
2026-05-21 14:58:34.764 INFO  o.c.TcpServerConfig$$SpringCGLIB$$0 - <tcpclient><info> Connection closed: 127.0.0.1:18196:54009:85991d23-c7a3-4429-8bef-68cde94fed94
2026-05-21 14:58:34.776 INFO  o.c.TcpServerConfig$$SpringCGLIB$$0 - <tcpserver><info> Connection closed: 127.0.0.1:54009:18196:aaf1ed99-3c3c-4711-aaf4-b5b713615a1c
2026-05-21 14:58:47.244 INFO  o.code_studio.ComPortSchedulerTask - <tcpserver><info> Trying to open COM port for Barcode communication
2026-05-21 14:58:47.404 INFO  o.c.WebSocketServerConfig$$SpringCGLIB$$0 - <wsserver><info> Created WS channel: /app/topic
2026-05-21 14:58:47.605 INFO  o.c.TcpServerConfig$$SpringCGLIB$$0 - <tcpserver><info> TCP server started on port: 18196
2026-05-21 14:58:47.618 INFO  o.c.TcpClientConfig$$SpringCGLIB$$0 - <tcpclient><info> TCP client has been created for server: localhost:18196
2026-05-21 14:58:47.769 INFO  o.c.WebSocketServerConfig$$SpringCGLIB$$0 - <wsserver><info> Created WS server on endpoint: /ws
2026-05-21 14:58:48.756 INFO  o.code_studio.ComPortSchedulerTask - <tcpserver><info> Barcode communication enabled. COM port open: COM3
2026-05-21 14:58:48.825 INFO  o.c.TcpServerConfig$$SpringCGLIB$$0 - <tcpclient><info> Connection established: 127.0.0.1:18196:54214:87c4df2d-349d-44e4-b56a-d336c762a1cb
2026-05-21 14:58:48.825 INFO  o.c.TcpServerConfig$$SpringCGLIB$$0 - <tcpserver><info> Connection established: 127.0.0.1:54214:18196:a6ebeb39-df66-41c1-80f7-1fb20baa4b04
2026-05-21 14:58:48.827 INFO  o.c.CraneClientConnectedListener - <tcpsvr><info> CraneClientConnectedEvent detected
2026-05-21 14:58:48.880 WARN  o.c.ApplicationReadyListener - <tcpsvr><info> Message Flow Automation Debug is ENABLED
2026-05-21 14:58:48.884 INFO  o.c.controller.TcpMessageController - <tcpclient><send> LVS1UST1DA750021052026145848????????01???????001
2026-05-21 14:58:48.898 INFO  o.c.CraneClientConnectedListener - <tcpclient><send> DAYSTART message sent to Crane server
2026-05-21 14:58:48.921 INFO  o.c.TcpServerConfig$$SpringCGLIB$$0 - <tcpserver><recv> LVS1UST1DA750021052026145848????????01???????001
2026-05-21 14:58:49.010 WARN  o.c.m.IncomingMessageProcessor - MessageProcessor::handleError->StatusCode.STATUSUNKNOWN
2026-05-21 14:58:49.014 INFO  o.c.m.IncomingMessageProcessor - SENDER LVS1 | RECEIVER UST1 | MESSAGETYPE DAYSTART | ORDINAL 75 | ERRORCODE OK | SOURCE 21052026 | TARGET 145848 | REPORTPOINT RPUNKNOWN | LETYPE LEUNKNOWN | STATUSCODE AUTOMATIONENABLED | USERDATA null | RAWMESSAGE LVS1UST1DA750021052026145848????????01???????001
2026-05-21 14:58:52.073 INFO  o.c.controller.TcpMessageController - <tcpclient><send> UST1LVS111760021052026145848????????01???????001
2026-05-21 14:58:52.077 INFO  o.c.TcpClientConfig$$SpringCGLIB$$0 - <tcpclient><recv> LVS1UST1DA750021052026145848????????01???????001
2026-05-21 14:58:52.078 INFO  o.c.TcpServerConfig$$SpringCGLIB$$0 - <tcpserver><recv> UST1LVS111760021052026145848????????01???????001
2026-05-21 14:58:52.079 WARN  o.c.m.IncomingMessageProcessor - MessageProcessor::handleError->StatusCode.STATUSUNKNOWN
2026-05-21 14:58:52.080 INFO  o.c.m.IncomingMessageProcessor - SENDER UST1 | RECEIVER LVS1 | MESSAGETYPE DAYSTART | ORDINAL 76 | ERRORCODE OK | SOURCE 21052026 | TARGET 145852 | REPORTPOINT RPUNKNOWN | LETYPE LEUNKNOWN | STATUSCODE AUTOMATIONENABLED | USERDATA null | RAWMESSAGE UST1LVS111760021052026145848????????01???????001
2026-05-21 14:58:52.082 INFO  o.c.TcpClientConfig$$SpringCGLIB$$0 - <tcpclient><recv> LVS1UST1AA760021052026145848????????01???????001
2026-05-21 15:04:04.078 INFO  o.c.ApplicationCloseListener - <tcpserver><info> ApplicationContextClosedEvent detected
2026-05-21 15:04:04.083 INFO  org.code_studio.BarcodeConfig - <tcpserver><info> Barcode communication - COM port closed: COM3
2026-05-21 15:04:04.084 INFO  o.c.ApplicationCloseListener - <tcpserver><info> Waiting for 3000 msec to receive DAYEND confirmation from CRANE, and then close the TCP connection.
2026-05-21 15:04:07.122 INFO  o.c.TcpServerConfig$$SpringCGLIB$$0 - <tcpclient><info> Connection closed: 127.0.0.1:18196:54214:87c4df2d-349d-44e4-b56a-d336c762a1cb
2026-05-21 15:04:07.131 INFO  o.c.TcpServerConfig$$SpringCGLIB$$0 - <tcpserver><info> Connection closed: 127.0.0.1:54214:18196:a6ebeb39-df66-41c1-80f7-1fb20baa4b04
2026-05-21 15:04:35.510 INFO  o.code_studio.ComPortSchedulerTask - <tcpserver><info> Trying to open COM port for Barcode communication
2026-05-21 15:04:35.657 INFO  o.c.WebSocketServerConfig$$SpringCGLIB$$0 - <wsserver><info> Created WS channel: /app/topic
2026-05-21 15:04:35.871 INFO  o.c.TcpServerConfig$$SpringCGLIB$$0 - <tcpserver><info> TCP server started on port: 18196
2026-05-21 15:04:35.881 INFO  o.c.TcpClientConfig$$SpringCGLIB$$0 - <tcpclient><info> TCP client has been created for server: localhost:18196
2026-05-21 15:04:35.960 INFO  o.c.WebSocketServerConfig$$SpringCGLIB$$0 - <wsserver><info> Created WS server on endpoint: /ws
2026-05-21 15:04:36.917 INFO  o.code_studio.ComPortSchedulerTask - <tcpserver><info> Barcode communication enabled. COM port open: COM3
2026-05-21 15:04:37.088 INFO  o.c.TcpServerConfig$$SpringCGLIB$$0 - <tcpclient><info> Connection established: 127.0.0.1:18196:54368:3ce6b6d4-b580-439e-a2db-9b923b0f3b79
2026-05-21 15:04:37.088 INFO  o.c.TcpServerConfig$$SpringCGLIB$$0 - <tcpserver><info> Connection established: 127.0.0.1:54368:18196:d4a048cd-5ebc-4fbc-86b3-ac60e49555bf
2026-05-21 15:04:37.090 INFO  o.c.CraneClientConnectedListener - <tcpsvr><info> CraneClientConnectedEvent detected
2026-05-21 15:04:37.139 WARN  o.c.ApplicationReadyListener - <tcpsvr><info> Message Flow Automation Debug is ENABLED
2026-05-21 15:04:37.149 INFO  o.c.controller.TcpMessageController - <tcpclient><send> LVS1UST1DA770021052026150437????????01???????001
2026-05-21 15:04:37.162 INFO  o.c.CraneClientConnectedListener - <tcpclient><send> DAYSTART message sent to Crane server
2026-05-21 15:04:37.209 INFO  o.c.TcpServerConfig$$SpringCGLIB$$0 - <tcpserver><recv> LVS1UST1DA770021052026150437????????01???????001
2026-05-21 15:04:37.257 WARN  o.c.m.IncomingMessageProcessor - MessageProcessor::handleError->StatusCode.STATUSUNKNOWN
2026-05-21 15:04:37.262 INFO  o.c.m.IncomingMessageProcessor - SENDER LVS1 | RECEIVER UST1 | MESSAGETYPE DAYSTART | ORDINAL 77 | ERRORCODE OK | SOURCE 21052026 | TARGET 150437 | REPORTPOINT RPUNKNOWN | LETYPE LEUNKNOWN | STATUSCODE AUTOMATIONENABLED | USERDATA null | RAWMESSAGE LVS1UST1DA770021052026150437????????01???????001
2026-05-21 15:04:40.286 INFO  o.c.controller.TcpMessageController - <tcpclient><send> UST1LVS111780021052026150437????????01???????001
2026-05-21 15:04:40.290 INFO  o.c.TcpClientConfig$$SpringCGLIB$$0 - <tcpclient><recv> LVS1UST1DA770021052026150437????????01???????001
2026-05-21 15:04:40.294 INFO  o.c.TcpServerConfig$$SpringCGLIB$$0 - <tcpserver><recv> UST1LVS111780021052026150437????????01???????001
2026-05-21 15:04:40.296 WARN  o.c.m.IncomingMessageProcessor - MessageProcessor::handleError->StatusCode.STATUSUNKNOWN
2026-05-21 15:04:40.298 INFO  o.c.m.IncomingMessageProcessor - SENDER UST1 | RECEIVER LVS1 | MESSAGETYPE DAYSTART | ORDINAL 78 | ERRORCODE OK | SOURCE 21052026 | TARGET 150440 | REPORTPOINT RPUNKNOWN | LETYPE LEUNKNOWN | STATUSCODE AUTOMATIONENABLED | USERDATA null | RAWMESSAGE UST1LVS111780021052026150437????????01???????001
2026-05-21 15:04:40.300 INFO  o.c.TcpClientConfig$$SpringCGLIB$$0 - <tcpclient><recv> LVS1UST1AA780021052026150437????????01???????001
2026-05-21 15:08:18.532 INFO  o.c.ApplicationCloseListener - <tcpserver><info> ApplicationContextClosedEvent detected
2026-05-21 15:08:18.539 INFO  org.code_studio.BarcodeConfig - <tcpserver><info> Barcode communication - COM port closed: COM3
2026-05-21 15:08:18.539 INFO  o.c.ApplicationCloseListener - <tcpserver><info> Waiting for 3000 msec to receive DAYEND confirmation from CRANE, and then close the TCP connection.
2026-05-21 15:08:21.591 INFO  o.c.TcpServerConfig$$SpringCGLIB$$0 - <tcpclient><info> Connection closed: 127.0.0.1:18196:54368:3ce6b6d4-b580-439e-a2db-9b923b0f3b79
2026-05-21 15:08:21.599 INFO  o.c.TcpServerConfig$$SpringCGLIB$$0 - <tcpserver><info> Connection closed: 127.0.0.1:54368:18196:d4a048cd-5ebc-4fbc-86b3-ac60e49555bf
2026-05-21 15:11:50.511 INFO  o.code_studio.ComPortSchedulerTask - <tcpserver><info> Trying to open COM port for Barcode communication
2026-05-21 15:11:50.670 INFO  o.c.WebSocketServerConfig$$SpringCGLIB$$0 - <wsserver><info> Created WS channel: /app/topic
2026-05-21 15:11:50.846 INFO  o.c.TcpServerConfig$$SpringCGLIB$$0 - <tcpserver><info> TCP server started on port: 18196
2026-05-21 15:11:50.856 INFO  o.c.TcpClientConfig$$SpringCGLIB$$0 - <tcpclient><info> TCP client has been created for server: localhost:18196
2026-05-21 15:11:50.953 INFO  o.c.WebSocketServerConfig$$SpringCGLIB$$0 - <wsserver><info> Created WS server on endpoint: /ws
2026-05-21 15:11:52.045 INFO  o.c.TcpServerConfig$$SpringCGLIB$$0 - <tcpserver><info> Connection established: 127.0.0.1:54534:18196:dcbef806-a9c4-415e-a1ad-8817373e0769
2026-05-21 15:11:52.045 INFO  o.c.TcpServerConfig$$SpringCGLIB$$0 - <tcpclient><info> Connection established: 127.0.0.1:18196:54534:13753fa1-8b5c-482d-b601-d1f0a07c25d1
2026-05-21 15:11:52.047 INFO  o.c.CraneClientConnectedListener - <tcpsvr><info> CraneClientConnectedEvent detected
2026-05-21 15:11:52.105 INFO  o.c.controller.TcpMessageController - <tcpclient><send> LVS1UST1DA790021052026151152????????01???????001
2026-05-21 15:11:52.113 WARN  o.c.ApplicationReadyListener - <tcpsvr><info> Message Flow Automation Debug is ENABLED
2026-05-21 15:11:52.119 INFO  o.c.CraneClientConnectedListener - <tcpclient><send> DAYSTART message sent to Crane server
2026-05-21 15:11:52.143 INFO  o.c.TcpServerConfig$$SpringCGLIB$$0 - <tcpserver><recv> LVS1UST1DA790021052026151152????????01???????001
2026-05-21 15:11:52.174 WARN  o.c.m.IncomingMessageProcessor - MessageProcessor::handleError->StatusCode.STATUSUNKNOWN
2026-05-21 15:11:52.181 INFO  o.code_studio.ComPortSchedulerTask - <tcpserver><info> Barcode communication enabled. COM port open: COM3
2026-05-21 15:11:52.183 INFO  o.c.m.IncomingMessageProcessor - SENDER LVS1 | RECEIVER UST1 | MESSAGETYPE DAYSTART | ORDINAL 79 | ERRORCODE OK | SOURCE 21052026 | TARGET 151152 | REPORTPOINT RPUNKNOWN | LETYPE LEUNKNOWN | STATUSCODE AUTOMATIONENABLED | USERDATA null | RAWMESSAGE LVS1UST1DA790021052026151152????????01???????001
2026-05-21 15:11:55.205 INFO  o.c.controller.TcpMessageController - <tcpclient><send> UST1LVS111800021052026151152????????01???????001
2026-05-21 15:11:55.208 INFO  o.c.TcpClientConfig$$SpringCGLIB$$0 - <tcpclient><recv> LVS1UST1DA790021052026151152????????01???????001
2026-05-21 15:11:55.208 INFO  o.c.TcpServerConfig$$SpringCGLIB$$0 - <tcpserver><recv> UST1LVS111800021052026151152????????01???????001
2026-05-21 15:11:55.209 WARN  o.c.m.IncomingMessageProcessor - MessageProcessor::handleError->StatusCode.STATUSUNKNOWN
2026-05-21 15:11:55.210 INFO  o.c.m.IncomingMessageProcessor - SENDER UST1 | RECEIVER LVS1 | MESSAGETYPE DAYSTART | ORDINAL 80 | ERRORCODE OK | SOURCE 21052026 | TARGET 151155 | REPORTPOINT RPUNKNOWN | LETYPE LEUNKNOWN | STATUSCODE AUTOMATIONENABLED | USERDATA null | RAWMESSAGE UST1LVS111800021052026151152????????01???????001
2026-05-21 15:12:00.826 INFO  o.c.TcpClientConfig$$SpringCGLIB$$0 - <tcpclient><recv> LVS1UST1AA800021052026151152????????01???????001
2026-05-21 15:13:24.808 INFO  o.c.ApplicationCloseListener - <tcpserver><info> ApplicationContextClosedEvent detected
2026-05-21 15:13:24.903 INFO  org.code_studio.BarcodeConfig - <tcpserver><info> Barcode communication - COM port closed: COM3
2026-05-21 15:13:24.904 INFO  o.c.ApplicationCloseListener - <tcpserver><info> Waiting for 3000 msec to receive DAYEND confirmation from CRANE, and then close the TCP connection.
2026-05-21 15:13:27.917 INFO  o.c.TcpServerConfig$$SpringCGLIB$$0 - <tcpclient><info> Connection closed: 127.0.0.1:18196:54534:13753fa1-8b5c-482d-b601-d1f0a07c25d1
2026-05-21 15:13:27.922 INFO  o.c.TcpServerConfig$$SpringCGLIB$$0 - <tcpserver><info> Connection closed: 127.0.0.1:54534:18196:dcbef806-a9c4-415e-a1ad-8817373e0769
2026-05-21 15:13:43.465 INFO  o.code_studio.ComPortSchedulerTask - <tcpserver><info> Trying to open COM port for Barcode communication
2026-05-21 15:13:43.693 INFO  o.c.WebSocketServerConfig$$SpringCGLIB$$0 - <wsserver><info> Created WS channel: /app/topic
2026-05-21 15:13:43.978 INFO  o.c.TcpServerConfig$$SpringCGLIB$$0 - <tcpserver><info> TCP server started on port: 18196
2026-05-21 15:13:43.991 INFO  o.c.TcpClientConfig$$SpringCGLIB$$0 - <tcpclient><info> TCP client has been created for server: localhost:18196
2026-05-21 15:13:44.129 INFO  o.c.WebSocketServerConfig$$SpringCGLIB$$0 - <wsserver><info> Created WS server on endpoint: /ws
2026-05-21 15:13:44.780 INFO  o.code_studio.ComPortSchedulerTask - <tcpserver><info> Barcode communication enabled. COM port open: COM3
2026-05-21 15:13:45.635 INFO  o.c.TcpServerConfig$$SpringCGLIB$$0 - <tcpclient><info> Connection established: 127.0.0.1:18196:54690:c8325a05-f140-42fc-ba2b-9e9e71cf25b0
2026-05-21 15:13:45.636 INFO  o.c.TcpServerConfig$$SpringCGLIB$$0 - <tcpserver><info> Connection established: 127.0.0.1:54690:18196:1ebe8bcc-01f3-4886-94e7-da663e043089
2026-05-21 15:13:45.638 INFO  o.c.CraneClientConnectedListener - <tcpsvr><info> CraneClientConnectedEvent detected
2026-05-21 15:13:45.689 WARN  o.c.ApplicationReadyListener - <tcpsvr><info> Message Flow Automation Debug is ENABLED
2026-05-21 15:13:45.720 INFO  o.c.controller.TcpMessageController - <tcpclient><send> LVS1UST1DA810021052026151345????????01???????001
2026-05-21 15:13:45.736 INFO  o.c.CraneClientConnectedListener - <tcpclient><send> DAYSTART message sent to Crane server
2026-05-21 15:13:45.762 INFO  o.c.TcpServerConfig$$SpringCGLIB$$0 - <tcpserver><recv> LVS1UST1DA810021052026151345????????01???????001
2026-05-21 15:13:45.829 WARN  o.c.m.IncomingMessageProcessor - MessageProcessor::handleError->StatusCode.STATUSUNKNOWN
2026-05-21 15:13:45.834 INFO  o.c.m.IncomingMessageProcessor - SENDER LVS1 | RECEIVER UST1 | MESSAGETYPE DAYSTART | ORDINAL 81 | ERRORCODE OK | SOURCE 21052026 | TARGET 151345 | REPORTPOINT RPUNKNOWN | LETYPE LEUNKNOWN | STATUSCODE AUTOMATIONENABLED | USERDATA null | RAWMESSAGE LVS1UST1DA810021052026151345????????01???????001
2026-05-21 15:13:48.858 INFO  o.c.controller.TcpMessageController - <tcpclient><send> UST1LVS111820021052026151345????????01???????001
2026-05-21 15:13:48.862 INFO  o.c.TcpClientConfig$$SpringCGLIB$$0 - <tcpclient><recv> LVS1UST1DA810021052026151345????????01???????001
2026-05-21 15:13:48.864 INFO  o.c.TcpServerConfig$$SpringCGLIB$$0 - <tcpserver><recv> UST1LVS111820021052026151345????????01???????001
2026-05-21 15:13:48.867 WARN  o.c.m.IncomingMessageProcessor - MessageProcessor::handleError->StatusCode.STATUSUNKNOWN
2026-05-21 15:13:48.868 INFO  o.c.m.IncomingMessageProcessor - SENDER UST1 | RECEIVER LVS1 | MESSAGETYPE DAYSTART | ORDINAL 82 | ERRORCODE OK | SOURCE 21052026 | TARGET 151348 | REPORTPOINT RPUNKNOWN | LETYPE LEUNKNOWN | STATUSCODE AUTOMATIONENABLED | USERDATA null | RAWMESSAGE UST1LVS111820021052026151345????????01???????001
2026-05-21 15:13:48.871 INFO  o.c.TcpClientConfig$$SpringCGLIB$$0 - <tcpclient><recv> LVS1UST1AA820021052026151345????????01???????001
2026-05-21 15:16:55.836 INFO  o.c.ApplicationCloseListener - <tcpserver><info> ApplicationContextClosedEvent detected
2026-05-21 15:16:55.838 INFO  org.code_studio.BarcodeConfig - <tcpserver><info> Barcode communication - COM port closed: COM3
2026-05-21 15:16:55.838 INFO  o.c.ApplicationCloseListener - <tcpserver><info> Waiting for 3000 msec to receive DAYEND confirmation from CRANE, and then close the TCP connection.
2026-05-21 15:16:58.851 INFO  o.c.TcpServerConfig$$SpringCGLIB$$0 - <tcpclient><info> Connection closed: 127.0.0.1:18196:54690:c8325a05-f140-42fc-ba2b-9e9e71cf25b0
2026-05-21 15:16:58.856 INFO  o.c.TcpServerConfig$$SpringCGLIB$$0 - <tcpserver><info> Connection closed: 127.0.0.1:54690:18196:1ebe8bcc-01f3-4886-94e7-da663e043089
2026-05-21 15:17:10.901 INFO  o.code_studio.ComPortSchedulerTask - <tcpserver><info> Trying to open COM port for Barcode communication
2026-05-21 15:17:11.055 INFO  o.c.WebSocketServerConfig$$SpringCGLIB$$0 - <wsserver><info> Created WS channel: /app/topic
2026-05-21 15:17:11.278 INFO  o.c.TcpServerConfig$$SpringCGLIB$$0 - <tcpserver><info> TCP server started on port: 18196
2026-05-21 15:17:11.288 INFO  o.c.TcpClientConfig$$SpringCGLIB$$0 - <tcpclient><info> TCP client has been created for server: localhost:18196
2026-05-21 15:17:11.401 INFO  o.c.WebSocketServerConfig$$SpringCGLIB$$0 - <wsserver><info> Created WS server on endpoint: /ws
2026-05-21 15:17:12.136 INFO  o.code_studio.ComPortSchedulerTask - <tcpserver><info> Barcode communication enabled. COM port open: COM3
2026-05-21 15:17:12.605 INFO  o.c.TcpServerConfig$$SpringCGLIB$$0 - <tcpserver><info> Connection established: 127.0.0.1:54769:18196:30e99a52-998e-429e-9e5f-c3fd7484f13f
2026-05-21 15:17:12.606 INFO  o.c.CraneClientConnectedListener - <tcpsvr><info> CraneClientConnectedEvent detected
2026-05-21 15:17:12.607 INFO  o.c.TcpServerConfig$$SpringCGLIB$$0 - <tcpclient><info> Connection established: 127.0.0.1:18196:54769:f5c739f1-80d1-4601-b973-f12bd7143c7e
2026-05-21 15:17:12.670 WARN  o.c.ApplicationReadyListener - <tcpsvr><info> Message Flow Automation Debug is ENABLED
2026-05-21 15:17:12.675 INFO  o.c.controller.TcpMessageController - <tcpclient><send> LVS1UST1DA830021052026151712????????01???????001
2026-05-21 15:17:12.689 INFO  o.c.CraneClientConnectedListener - <tcpclient><send> DAYSTART message sent to Crane server
2026-05-21 15:17:12.710 INFO  o.c.TcpServerConfig$$SpringCGLIB$$0 - <tcpserver><recv> LVS1UST1DA830021052026151712????????01???????001
2026-05-21 15:17:12.754 WARN  o.c.m.IncomingMessageProcessor - MessageProcessor::handleError->StatusCode.STATUSUNKNOWN
2026-05-21 15:17:12.760 INFO  o.c.m.IncomingMessageProcessor - SENDER LVS1 | RECEIVER UST1 | MESSAGETYPE DAYSTART | ORDINAL 83 | ERRORCODE OK | SOURCE 21052026 | TARGET 151712 | REPORTPOINT RPUNKNOWN | LETYPE LEUNKNOWN | STATUSCODE AUTOMATIONENABLED | USERDATA null | RAWMESSAGE LVS1UST1DA830021052026151712????????01???????001
2026-05-21 15:17:15.781 INFO  o.c.controller.TcpMessageController - <tcpclient><send> UST1LVS111840021052026151712????????01???????001
2026-05-21 15:17:15.784 INFO  o.c.TcpClientConfig$$SpringCGLIB$$0 - <tcpclient><recv> LVS1UST1DA830021052026151712????????01???????001
2026-05-21 15:17:15.785 INFO  o.c.TcpServerConfig$$SpringCGLIB$$0 - <tcpserver><recv> UST1LVS111840021052026151712????????01???????001
2026-05-21 15:17:15.788 WARN  o.c.m.IncomingMessageProcessor - MessageProcessor::handleError->StatusCode.STATUSUNKNOWN
2026-05-21 15:17:15.788 INFO  o.c.m.IncomingMessageProcessor - SENDER UST1 | RECEIVER LVS1 | MESSAGETYPE DAYSTART | ORDINAL 84 | ERRORCODE OK | SOURCE 21052026 | TARGET 151715 | REPORTPOINT RPUNKNOWN | LETYPE LEUNKNOWN | STATUSCODE AUTOMATIONENABLED | USERDATA null | RAWMESSAGE UST1LVS111840021052026151712????????01???????001
2026-05-21 15:17:15.790 INFO  o.c.TcpClientConfig$$SpringCGLIB$$0 - <tcpclient><recv> LVS1UST1AA840021052026151712????????01???????001
2026-05-21 15:18:59.318 INFO  o.c.ApplicationCloseListener - <tcpserver><info> ApplicationContextClosedEvent detected
2026-05-21 15:18:59.319 INFO  org.code_studio.BarcodeConfig - <tcpserver><info> Barcode communication - COM port closed: COM3
2026-05-21 15:18:59.320 INFO  o.c.ApplicationCloseListener - <tcpserver><info> Waiting for 3000 msec to receive DAYEND confirmation from CRANE, and then close the TCP connection.
2026-05-21 15:19:02.335 INFO  o.c.TcpServerConfig$$SpringCGLIB$$0 - <tcpclient><info> Connection closed: 127.0.0.1:18196:54769:f5c739f1-80d1-4601-b973-f12bd7143c7e
2026-05-21 15:19:02.341 INFO  o.c.TcpServerConfig$$SpringCGLIB$$0 - <tcpserver><info> Connection closed: 127.0.0.1:54769:18196:30e99a52-998e-429e-9e5f-c3fd7484f13f
2026-05-21 15:19:38.927 INFO  o.code_studio.ComPortSchedulerTask - <tcpserver><info> Trying to open COM port for Barcode communication
2026-05-21 15:19:39.113 INFO  o.c.WebSocketServerConfig$$SpringCGLIB$$0 - <wsserver><info> Created WS channel: /app/topic
2026-05-21 15:19:39.327 INFO  o.c.TcpServerConfig$$SpringCGLIB$$0 - <tcpserver><info> TCP server started on port: 18196
2026-05-21 15:19:39.341 INFO  o.c.TcpClientConfig$$SpringCGLIB$$0 - <tcpclient><info> TCP client has been created for server: localhost:18196
2026-05-21 15:19:39.467 INFO  o.c.WebSocketServerConfig$$SpringCGLIB$$0 - <wsserver><info> Created WS server on endpoint: /ws
2026-05-21 15:19:40.683 INFO  o.code_studio.ComPortSchedulerTask - <tcpserver><info> Barcode communication enabled. COM port open: COM3
2026-05-21 15:19:41.472 INFO  o.c.TcpServerConfig$$SpringCGLIB$$0 - <tcpserver><info> Connection established: 127.0.0.1:54872:18196:56969e2f-2796-43ad-ad88-6eee81c83ca5
2026-05-21 15:19:41.474 INFO  o.c.CraneClientConnectedListener - <tcpsvr><info> CraneClientConnectedEvent detected
2026-05-21 15:19:41.480 INFO  o.c.TcpServerConfig$$SpringCGLIB$$0 - <tcpclient><info> Connection established: 127.0.0.1:18196:54872:18580a43-8251-4eab-8d5d-89cbbdecb041
2026-05-21 15:19:41.547 WARN  o.c.ApplicationReadyListener - <tcpsvr><info> Message Flow Automation Debug is ENABLED
2026-05-21 15:19:41.568 INFO  o.c.controller.TcpMessageController - <tcpclient><send> LVS1UST1DA850021052026151941????????01???????001
2026-05-21 15:19:41.583 INFO  o.c.CraneClientConnectedListener - <tcpclient><send> DAYSTART message sent to Crane server
2026-05-21 15:19:41.605 INFO  o.c.TcpServerConfig$$SpringCGLIB$$0 - <tcpserver><recv> LVS1UST1DA850021052026151941????????01???????001
2026-05-21 15:19:41.676 WARN  o.c.m.IncomingMessageProcessor - MessageProcessor::handleError->StatusCode.STATUSUNKNOWN
2026-05-21 15:19:41.683 INFO  o.c.m.IncomingMessageProcessor - SENDER LVS1 | RECEIVER UST1 | MESSAGETYPE DAYSTART | ORDINAL 85 | ERRORCODE OK | SOURCE 21052026 | TARGET 151941 | REPORTPOINT RPUNKNOWN | LETYPE LEUNKNOWN | STATUSCODE AUTOMATIONENABLED | USERDATA null | RAWMESSAGE LVS1UST1DA850021052026151941????????01???????001
2026-05-21 15:19:44.707 INFO  o.c.controller.TcpMessageController - <tcpclient><send> UST1LVS111860021052026151941????????01???????001
2026-05-21 15:19:44.710 INFO  o.c.TcpClientConfig$$SpringCGLIB$$0 - <tcpclient><recv> LVS1UST1DA850021052026151941????????01???????001
2026-05-21 15:19:44.710 INFO  o.c.TcpServerConfig$$SpringCGLIB$$0 - <tcpserver><recv> UST1LVS111860021052026151941????????01???????001
2026-05-21 15:19:44.712 WARN  o.c.m.IncomingMessageProcessor - MessageProcessor::handleError->StatusCode.STATUSUNKNOWN
2026-05-21 15:19:44.712 INFO  o.c.m.IncomingMessageProcessor - SENDER UST1 | RECEIVER LVS1 | MESSAGETYPE DAYSTART | ORDINAL 86 | ERRORCODE OK | SOURCE 21052026 | TARGET 151944 | REPORTPOINT RPUNKNOWN | LETYPE LEUNKNOWN | STATUSCODE AUTOMATIONENABLED | USERDATA null | RAWMESSAGE UST1LVS111860021052026151941????????01???????001
2026-05-21 15:19:44.714 INFO  o.c.TcpClientConfig$$SpringCGLIB$$0 - <tcpclient><recv> LVS1UST1AA860021052026151941????????01???????001
2026-05-21 15:23:30.686 INFO  o.c.ApplicationCloseListener - <tcpserver><info> ApplicationContextClosedEvent detected
2026-05-21 15:23:30.688 INFO  org.code_studio.BarcodeConfig - <tcpserver><info> Barcode communication - COM port closed: COM3
2026-05-21 15:23:30.689 INFO  o.c.ApplicationCloseListener - <tcpserver><info> Waiting for 3000 msec to receive DAYEND confirmation from CRANE, and then close the TCP connection.
2026-05-21 15:23:33.705 INFO  o.c.TcpServerConfig$$SpringCGLIB$$0 - <tcpclient><info> Connection closed: 127.0.0.1:18196:54872:18580a43-8251-4eab-8d5d-89cbbdecb041
2026-05-21 15:23:33.715 INFO  o.c.TcpServerConfig$$SpringCGLIB$$0 - <tcpserver><info> Connection closed: 127.0.0.1:54872:18196:56969e2f-2796-43ad-ad88-6eee81c83ca5
2026-05-21 15:23:46.645 INFO  o.code_studio.ComPortSchedulerTask - <tcpserver><info> Trying to open COM port for Barcode communication
2026-05-21 15:23:46.798 INFO  o.c.WebSocketServerConfig$$SpringCGLIB$$0 - <wsserver><info> Created WS channel: /app/topic
2026-05-21 15:23:46.976 INFO  o.c.TcpServerConfig$$SpringCGLIB$$0 - <tcpserver><info> TCP server started on port: 18196
2026-05-21 15:23:46.983 INFO  o.c.TcpClientConfig$$SpringCGLIB$$0 - <tcpclient><info> TCP client has been created for server: localhost:18196
2026-05-21 15:23:47.090 INFO  o.c.WebSocketServerConfig$$SpringCGLIB$$0 - <wsserver><info> Created WS server on endpoint: /ws
2026-05-21 15:23:47.640 INFO  o.code_studio.ComPortSchedulerTask - <tcpserver><info> Barcode communication enabled. COM port open: COM3
2026-05-21 15:23:48.146 INFO  o.c.TcpServerConfig$$SpringCGLIB$$0 - <tcpserver><info> Connection established: 127.0.0.1:55016:18196:a4aa68d3-f440-4f7a-82ce-8ac1287116b0
2026-05-21 15:23:48.146 INFO  o.c.TcpServerConfig$$SpringCGLIB$$0 - <tcpclient><info> Connection established: 127.0.0.1:18196:55016:7fd3ca58-53ec-475b-89a6-143eb6283260
2026-05-21 15:23:48.148 INFO  o.c.CraneClientConnectedListener - <tcpsvr><info> CraneClientConnectedEvent detected
2026-05-21 15:23:48.189 WARN  o.c.ApplicationReadyListener - <tcpsvr><info> Message Flow Automation Debug is ENABLED
2026-05-21 15:23:48.201 INFO  o.c.controller.TcpMessageController - <tcpclient><send> LVS1UST1DA870021052026152348????????01???????001
2026-05-21 15:23:48.215 INFO  o.c.CraneClientConnectedListener - <tcpclient><send> DAYSTART message sent to Crane server
2026-05-21 15:23:48.235 INFO  o.c.TcpServerConfig$$SpringCGLIB$$0 - <tcpserver><recv> LVS1UST1DA870021052026152348????????01???????001
2026-05-21 15:23:48.257 WARN  o.c.m.IncomingMessageProcessor - MessageProcessor::handleError->StatusCode.STATUSUNKNOWN
2026-05-21 15:23:48.262 INFO  o.c.m.IncomingMessageProcessor - SENDER LVS1 | RECEIVER UST1 | MESSAGETYPE DAYSTART | ORDINAL 87 | ERRORCODE OK | SOURCE 21052026 | TARGET 152348 | REPORTPOINT RPUNKNOWN | LETYPE LEUNKNOWN | STATUSCODE AUTOMATIONENABLED | USERDATA null | RAWMESSAGE LVS1UST1DA870021052026152348????????01???????001
2026-05-21 15:23:51.286 INFO  o.c.controller.TcpMessageController - <tcpclient><send> UST1LVS111880021052026152348????????01???????001
2026-05-21 15:23:51.291 INFO  o.c.TcpClientConfig$$SpringCGLIB$$0 - <tcpclient><recv> LVS1UST1DA870021052026152348????????01???????001
2026-05-21 15:23:51.292 INFO  o.c.TcpServerConfig$$SpringCGLIB$$0 - <tcpserver><recv> UST1LVS111880021052026152348????????01???????001
2026-05-21 15:23:51.293 WARN  o.c.m.IncomingMessageProcessor - MessageProcessor::handleError->StatusCode.STATUSUNKNOWN
2026-05-21 15:23:51.293 INFO  o.c.m.IncomingMessageProcessor - SENDER UST1 | RECEIVER LVS1 | MESSAGETYPE DAYSTART | ORDINAL 88 | ERRORCODE OK | SOURCE 21052026 | TARGET 152351 | REPORTPOINT RPUNKNOWN | LETYPE LEUNKNOWN | STATUSCODE AUTOMATIONENABLED | USERDATA null | RAWMESSAGE UST1LVS111880021052026152348????????01???????001
2026-05-21 15:23:51.295 INFO  o.c.TcpClientConfig$$SpringCGLIB$$0 - <tcpclient><recv> LVS1UST1AA880021052026152348????????01???????001
2026-05-21 15:31:36.151 INFO  o.c.ApplicationCloseListener - <tcpserver><info> ApplicationContextClosedEvent detected
2026-05-21 15:31:36.165 INFO  org.code_studio.BarcodeConfig - <tcpserver><info> Barcode communication - COM port closed: COM3
2026-05-21 15:31:36.166 INFO  o.c.ApplicationCloseListener - <tcpserver><info> Waiting for 3000 msec to receive DAYEND confirmation from CRANE, and then close the TCP connection.
2026-05-21 15:31:39.241 INFO  o.c.TcpServerConfig$$SpringCGLIB$$0 - <tcpclient><info> Connection closed: 127.0.0.1:18196:55016:7fd3ca58-53ec-475b-89a6-143eb6283260
2026-05-21 15:31:39.258 INFO  o.c.TcpServerConfig$$SpringCGLIB$$0 - <tcpserver><info> Connection closed: 127.0.0.1:55016:18196:a4aa68d3-f440-4f7a-82ce-8ac1287116b0
2026-05-21 15:32:00.546 INFO  o.code_studio.ComPortSchedulerTask - <tcpserver><info> Trying to open COM port for Barcode communication
2026-05-21 15:32:00.791 INFO  o.c.WebSocketServerConfig$$SpringCGLIB$$0 - <wsserver><info> Created WS channel: /app/topic
2026-05-21 15:32:01.083 INFO  o.c.TcpServerConfig$$SpringCGLIB$$0 - <tcpserver><info> TCP server started on port: 18196
2026-05-21 15:32:01.093 INFO  o.c.TcpClientConfig$$SpringCGLIB$$0 - <tcpclient><info> TCP client has been created for server: localhost:18196
2026-05-21 15:32:01.220 INFO  o.c.WebSocketServerConfig$$SpringCGLIB$$0 - <wsserver><info> Created WS server on endpoint: /ws
2026-05-21 15:32:01.726 INFO  o.code_studio.ComPortSchedulerTask - <tcpserver><info> Barcode communication enabled. COM port open: COM3
2026-05-21 15:32:02.624 INFO  o.c.TcpServerConfig$$SpringCGLIB$$0 - <tcpserver><info> Connection established: 127.0.0.1:55256:18196:7a46571e-920a-487c-972d-3ee966c4b6cc
2026-05-21 15:32:02.624 INFO  o.c.TcpServerConfig$$SpringCGLIB$$0 - <tcpclient><info> Connection established: 127.0.0.1:18196:55256:21d413e8-2dc3-4130-86b1-06a92e78a761
2026-05-21 15:32:02.625 INFO  o.c.CraneClientConnectedListener - <tcpsvr><info> CraneClientConnectedEvent detected
2026-05-21 15:32:02.689 WARN  o.c.ApplicationReadyListener - <tcpsvr><info> Message Flow Automation Debug is ENABLED
2026-05-21 15:32:02.704 INFO  o.c.controller.TcpMessageController - <tcpclient><send> LVS1UST1DA890021052026153202????????01???????001
2026-05-21 15:32:02.716 INFO  o.c.CraneClientConnectedListener - <tcpclient><send> DAYSTART message sent to Crane server
2026-05-21 15:32:02.735 INFO  o.c.TcpServerConfig$$SpringCGLIB$$0 - <tcpserver><recv> LVS1UST1DA890021052026153202????????01???????001
2026-05-21 15:32:02.761 WARN  o.c.m.IncomingMessageProcessor - MessageProcessor::handleError->StatusCode.STATUSUNKNOWN
2026-05-21 15:32:02.765 INFO  o.c.m.IncomingMessageProcessor - SENDER LVS1 | RECEIVER UST1 | MESSAGETYPE DAYSTART | ORDINAL 89 | ERRORCODE OK | SOURCE 21052026 | TARGET 153202 | REPORTPOINT RPUNKNOWN | LETYPE LEUNKNOWN | STATUSCODE AUTOMATIONENABLED | USERDATA null | RAWMESSAGE LVS1UST1DA890021052026153202????????01???????001
2026-05-21 15:32:05.791 INFO  o.c.controller.TcpMessageController - <tcpclient><send> UST1LVS111900021052026153202????????01???????001
2026-05-21 15:32:05.796 INFO  o.c.TcpClientConfig$$SpringCGLIB$$0 - <tcpclient><recv> LVS1UST1DA890021052026153202????????01???????001
2026-05-21 15:32:05.798 INFO  o.c.TcpServerConfig$$SpringCGLIB$$0 - <tcpserver><recv> UST1LVS111900021052026153202????????01???????001
2026-05-21 15:32:05.801 WARN  o.c.m.IncomingMessageProcessor - MessageProcessor::handleError->StatusCode.STATUSUNKNOWN
2026-05-21 15:32:05.801 INFO  o.c.m.IncomingMessageProcessor - SENDER UST1 | RECEIVER LVS1 | MESSAGETYPE DAYSTART | ORDINAL 90 | ERRORCODE OK | SOURCE 21052026 | TARGET 153205 | REPORTPOINT RPUNKNOWN | LETYPE LEUNKNOWN | STATUSCODE AUTOMATIONENABLED | USERDATA null | RAWMESSAGE UST1LVS111900021052026153202????????01???????001
2026-05-21 15:32:05.803 INFO  o.c.TcpClientConfig$$SpringCGLIB$$0 - <tcpclient><recv> LVS1UST1AA900021052026153202????????01???????001
2026-05-21 15:33:14.296 INFO  o.c.ApplicationCloseListener - <tcpserver><info> ApplicationContextClosedEvent detected
2026-05-21 15:33:14.298 INFO  org.code_studio.BarcodeConfig - <tcpserver><info> Barcode communication - COM port closed: COM3
2026-05-21 15:33:14.298 INFO  o.c.ApplicationCloseListener - <tcpserver><info> Waiting for 3000 msec to receive DAYEND confirmation from CRANE, and then close the TCP connection.
2026-05-21 15:33:17.557 INFO  o.c.TcpServerConfig$$SpringCGLIB$$0 - <tcpclient><info> Connection closed: 127.0.0.1:18196:55256:21d413e8-2dc3-4130-86b1-06a92e78a761
2026-05-21 15:33:17.561 INFO  o.c.TcpServerConfig$$SpringCGLIB$$0 - <tcpserver><info> Connection closed: 127.0.0.1:55256:18196:7a46571e-920a-487c-972d-3ee966c4b6cc
2026-05-21 15:33:56.913 INFO  o.code_studio.ComPortSchedulerTask - <tcpserver><info> Trying to open COM port for Barcode communication
2026-05-21 15:33:57.080 INFO  o.c.WebSocketServerConfig$$SpringCGLIB$$0 - <wsserver><info> Created WS channel: /app/topic
2026-05-21 15:33:57.492 INFO  o.c.TcpServerConfig$$SpringCGLIB$$0 - <tcpserver><info> TCP server started on port: 18196
2026-05-21 15:33:57.502 INFO  o.c.TcpClientConfig$$SpringCGLIB$$0 - <tcpclient><info> TCP client has been created for server: localhost:18196
2026-05-21 15:33:57.608 INFO  o.c.WebSocketServerConfig$$SpringCGLIB$$0 - <wsserver><info> Created WS server on endpoint: /ws
2026-05-21 15:33:58.743 INFO  o.c.TcpServerConfig$$SpringCGLIB$$0 - <tcpclient><info> Connection established: 127.0.0.1:18196:55335:01360c85-c088-4cbf-a5d7-371f5b29a758
2026-05-21 15:33:58.743 INFO  o.c.TcpServerConfig$$SpringCGLIB$$0 - <tcpserver><info> Connection established: 127.0.0.1:55335:18196:7008c8ce-7068-474e-ac38-adee623941d2
2026-05-21 15:33:58.744 INFO  o.c.CraneClientConnectedListener - <tcpsvr><info> CraneClientConnectedEvent detected
2026-05-21 15:33:58.799 INFO  o.c.controller.TcpMessageController - <tcpclient><send> LVS1UST1DA910021052026153358????????01???????001
2026-05-21 15:33:58.809 WARN  o.c.ApplicationReadyListener - <tcpsvr><info> Message Flow Automation Debug is ENABLED
2026-05-21 15:33:58.815 INFO  o.c.CraneClientConnectedListener - <tcpclient><send> DAYSTART message sent to Crane server
2026-05-21 15:33:58.831 INFO  o.c.TcpServerConfig$$SpringCGLIB$$0 - <tcpserver><recv> LVS1UST1DA910021052026153358????????01???????001
2026-05-21 15:33:58.848 WARN  o.c.m.IncomingMessageProcessor - MessageProcessor::handleError->StatusCode.STATUSUNKNOWN
2026-05-21 15:33:58.853 INFO  o.c.m.IncomingMessageProcessor - SENDER LVS1 | RECEIVER UST1 | MESSAGETYPE DAYSTART | ORDINAL 91 | ERRORCODE OK | SOURCE 21052026 | TARGET 153358 | REPORTPOINT RPUNKNOWN | LETYPE LEUNKNOWN | STATUSCODE AUTOMATIONENABLED | USERDATA null | RAWMESSAGE LVS1UST1DA910021052026153358????????01???????001
2026-05-21 15:33:59.594 INFO  o.code_studio.ComPortSchedulerTask - <tcpserver><info> Barcode communication enabled. COM port open: COM3
2026-05-21 15:34:01.869 INFO  o.c.controller.TcpMessageController - <tcpclient><send> UST1LVS111920021052026153358????????01???????001
2026-05-21 15:34:01.872 INFO  o.c.TcpClientConfig$$SpringCGLIB$$0 - <tcpclient><recv> LVS1UST1DA910021052026153358????????01???????001
2026-05-21 15:34:01.873 INFO  o.c.TcpServerConfig$$SpringCGLIB$$0 - <tcpserver><recv> UST1LVS111920021052026153358????????01???????001
2026-05-21 15:34:01.876 WARN  o.c.m.IncomingMessageProcessor - MessageProcessor::handleError->StatusCode.STATUSUNKNOWN
2026-05-21 15:34:01.876 INFO  o.c.m.IncomingMessageProcessor - SENDER UST1 | RECEIVER LVS1 | MESSAGETYPE DAYSTART | ORDINAL 92 | ERRORCODE OK | SOURCE 21052026 | TARGET 153401 | REPORTPOINT RPUNKNOWN | LETYPE LEUNKNOWN | STATUSCODE AUTOMATIONENABLED | USERDATA null | RAWMESSAGE UST1LVS111920021052026153358????????01???????001
2026-05-21 15:34:01.878 INFO  o.c.TcpClientConfig$$SpringCGLIB$$0 - <tcpclient><recv> LVS1UST1AA920021052026153358????????01???????001
2026-05-21 15:37:33.143 INFO  o.c.ApplicationCloseListener - <tcpserver><info> ApplicationContextClosedEvent detected
2026-05-21 15:37:33.147 INFO  org.code_studio.BarcodeConfig - <tcpserver><info> Barcode communication - COM port closed: COM3
2026-05-21 15:37:33.147 INFO  o.c.ApplicationCloseListener - <tcpserver><info> Waiting for 3000 msec to receive DAYEND confirmation from CRANE, and then close the TCP connection.
2026-05-21 15:37:36.169 INFO  o.c.TcpServerConfig$$SpringCGLIB$$0 - <tcpclient><info> Connection closed: 127.0.0.1:18196:55335:01360c85-c088-4cbf-a5d7-371f5b29a758
2026-05-21 15:37:36.174 INFO  o.c.TcpServerConfig$$SpringCGLIB$$0 - <tcpserver><info> Connection closed: 127.0.0.1:55335:18196:7008c8ce-7068-474e-ac38-adee623941d2
2026-05-21 15:37:36.173 ERROR o.s.i.i.t.c.TcpNetServerConnectionFactory - Error on ServerSocket; port = 18196
java.net.SocketException: Socket closed
	at java.base/sun.nio.ch.NioSocketImpl.endAccept(NioSocketImpl.java:676)
	at java.base/sun.nio.ch.NioSocketImpl.accept(NioSocketImpl.java:749)
	at java.base/java.net.ServerSocket.implAccept(ServerSocket.java:593)
	at java.base/java.net.ServerSocket.platformImplAccept(ServerSocket.java:560)
	at java.base/java.net.ServerSocket.implAccept(ServerSocket.java:536)
	at java.base/java.net.ServerSocket.implAccept(ServerSocket.java:482)
	at java.base/java.net.ServerSocket.accept(ServerSocket.java:441)
	at org.springframework.integration.ip.tcp.connection.TcpNetServerConnectionFactory.acceptConnectionAndExecute(TcpNetServerConnectionFactory.java:168)
	at org.springframework.integration.ip.tcp.connection.TcpNetServerConnectionFactory.run(TcpNetServerConnectionFactory.java:120)
	at java.base/java.util.concurrent.ThreadPoolExecutor.runWorker(ThreadPoolExecutor.java:1095)
	at java.base/java.util.concurrent.ThreadPoolExecutor$Worker.run(ThreadPoolExecutor.java:619)
	at java.base/java.lang.Thread.run(Thread.java:1447)
2026-05-21 15:37:52.531 INFO  o.code_studio.ComPortSchedulerTask - <tcpserver><info> Trying to open COM port for Barcode communication
2026-05-21 15:37:52.801 INFO  o.c.WebSocketServerConfig$$SpringCGLIB$$0 - <wsserver><info> Created WS channel: /app/topic
2026-05-21 15:37:53.201 INFO  o.c.TcpServerConfig$$SpringCGLIB$$0 - <tcpserver><info> TCP server started on port: 18196
2026-05-21 15:37:53.215 INFO  o.c.TcpClientConfig$$SpringCGLIB$$0 - <tcpclient><info> TCP client has been created for server: localhost:18196
2026-05-21 15:37:53.381 INFO  o.c.WebSocketServerConfig$$SpringCGLIB$$0 - <wsserver><info> Created WS server on endpoint: /ws
2026-05-21 15:37:53.846 INFO  o.code_studio.ComPortSchedulerTask - <tcpserver><info> Barcode communication enabled. COM port open: COM3
2026-05-21 15:37:55.819 ERROR o.s.i.i.t.c.ClientModeConnectionManager - Could not establish connection using bean 'tcpClient'; defined in: 'class path resource [org/code_studio/TcpClientConfig.class]'; from source: 'org.code_studio.TcpClientConfig.tcpClient()', host=localhost, port=18196
java.io.UncheckedIOException: java.net.ConnectException: Connection refused: getsockopt
	at org.springframework.integration.ip.tcp.connection.TcpNetClientConnectionFactory.buildNewConnection(TcpNetClientConnectionFactory.java:70)
	at org.springframework.integration.ip.tcp.connection.AbstractClientConnectionFactory.doObtain(AbstractClientConnectionFactory.java:182)
	at org.springframework.integration.ip.tcp.connection.AbstractClientConnectionFactory.obtainNewConnection(AbstractClientConnectionFactory.java:162)
	at org.springframework.integration.ip.tcp.connection.AbstractClientConnectionFactory.obtainConnection(AbstractClientConnectionFactory.java:130)
	at org.springframework.integration.ip.tcp.connection.AbstractClientConnectionFactory.getConnection(AbstractClientConnectionFactory.java:120)
	at org.springframework.integration.ip.tcp.connection.AbstractClientConnectionFactory.getConnection(AbstractClientConnectionFactory.java:42)
	at org.springframework.integration.ip.tcp.connection.ClientModeConnectionManager.run(ClientModeConnectionManager.java:65)
	at org.springframework.scheduling.support.DelegatingErrorHandlingRunnable.run(DelegatingErrorHandlingRunnable.java:54)
	at java.base/java.util.concurrent.Executors$RunnableAdapter.call(Executors.java:545)
	at java.base/java.util.concurrent.FutureTask.runAndReset(FutureTask.java:369)
	at java.base/java.util.concurrent.ScheduledThreadPoolExecutor$ScheduledFutureTask.run(ScheduledThreadPoolExecutor.java:310)
	at java.base/java.util.concurrent.ThreadPoolExecutor.runWorker(ThreadPoolExecutor.java:1095)
	at java.base/java.util.concurrent.ThreadPoolExecutor$Worker.run(ThreadPoolExecutor.java:619)
	at java.base/java.lang.Thread.run(Thread.java:1447)
Caused by: java.net.ConnectException: Connection refused: getsockopt
	at java.base/sun.nio.ch.Net.pollConnect(Native Method)
	at java.base/sun.nio.ch.Net.pollConnectNow(Net.java:628)
	at java.base/sun.nio.ch.NioSocketImpl.timedFinishConnect(NioSocketImpl.java:533)
	at java.base/sun.nio.ch.NioSocketImpl.connect(NioSocketImpl.java:583)
	at java.base/java.net.SocksSocketImpl.connect(SocksSocketImpl.java:282)
	at java.base/java.net.Socket.connect(Socket.java:665)
	at org.springframework.integration.ip.tcp.connection.TcpNetClientConnectionFactory.createSocket(TcpNetClientConnectionFactory.java:113)
	at org.springframework.integration.ip.tcp.connection.TcpNetClientConnectionFactory.buildNewConnection(TcpNetClientConnectionFactory.java:54)
	... 13 common frames omitted
2026-05-21 15:37:55.823 ERROR o.s.i.i.t.c.ClientModeConnectionManager - Could not establish connection using bean 'tcpClient'; defined in: 'class path resource [org/code_studio/TcpClientConfig.class]'; from source: 'org.code_studio.TcpClientConfig.tcpClient()', host=localhost, port=18196
java.io.UncheckedIOException: java.net.ConnectException: Connection refused: getsockopt
	at org.springframework.integration.ip.tcp.connection.TcpNetClientConnectionFactory.buildNewConnection(TcpNetClientConnectionFactory.java:70)
	at org.springframework.integration.ip.tcp.connection.AbstractClientConnectionFactory.doObtain(AbstractClientConnectionFactory.java:182)
	at org.springframework.integration.ip.tcp.connection.AbstractClientConnectionFactory.obtainNewConnection(AbstractClientConnectionFactory.java:162)
	at org.springframework.integration.ip.tcp.connection.AbstractClientConnectionFactory.obtainConnection(AbstractClientConnectionFactory.java:130)
	at org.springframework.integration.ip.tcp.connection.AbstractClientConnectionFactory.getConnection(AbstractClientConnectionFactory.java:120)
	at org.springframework.integration.ip.tcp.connection.AbstractClientConnectionFactory.getConnection(AbstractClientConnectionFactory.java:42)
	at org.springframework.integration.ip.tcp.connection.ClientModeConnectionManager.run(ClientModeConnectionManager.java:65)
	at org.springframework.scheduling.support.DelegatingErrorHandlingRunnable.run(DelegatingErrorHandlingRunnable.java:54)
	at java.base/java.util.concurrent.Executors$RunnableAdapter.call(Executors.java:545)
	at java.base/java.util.concurrent.FutureTask.runAndReset(FutureTask.java:369)
	at java.base/java.util.concurrent.ScheduledThreadPoolExecutor$ScheduledFutureTask.run(ScheduledThreadPoolExecutor.java:310)
	at java.base/java.util.concurrent.ThreadPoolExecutor.runWorker(ThreadPoolExecutor.java:1095)
	at java.base/java.util.concurrent.ThreadPoolExecutor$Worker.run(ThreadPoolExecutor.java:619)
	at java.base/java.lang.Thread.run(Thread.java:1447)
Caused by: java.net.ConnectException: Connection refused: getsockopt
	at java.base/sun.nio.ch.Net.pollConnect(Native Method)
	at java.base/sun.nio.ch.Net.pollConnectNow(Net.java:628)
	at java.base/sun.nio.ch.NioSocketImpl.timedFinishConnect(NioSocketImpl.java:533)
	at java.base/sun.nio.ch.NioSocketImpl.connect(NioSocketImpl.java:583)
	at java.base/java.net.SocksSocketImpl.connect(SocksSocketImpl.java:282)
	at java.base/java.net.Socket.connect(Socket.java:665)
	at org.springframework.integration.ip.tcp.connection.TcpNetClientConnectionFactory.createSocket(TcpNetClientConnectionFactory.java:113)
	at org.springframework.integration.ip.tcp.connection.TcpNetClientConnectionFactory.buildNewConnection(TcpNetClientConnectionFactory.java:54)
	... 13 common frames omitted
2026-05-21 15:37:55.978 WARN  o.c.ApplicationReadyListener - <tcpsvr><info> Message Flow Automation Debug is ENABLED
2026-05-21 15:38:55.798 INFO  o.c.TcpServerConfig$$SpringCGLIB$$0 - <tcpclient><info> Connection established: 127.0.0.1:18196:55596:897303c0-d4b6-4661-ad81-72d3dd28bc22
2026-05-21 15:38:55.798 INFO  o.c.TcpServerConfig$$SpringCGLIB$$0 - <tcpserver><info> Connection established: 127.0.0.1:55596:18196:4b2e759d-6672-4044-80a9-20b445ad46c7
2026-05-21 15:38:55.800 INFO  o.c.CraneClientConnectedListener - <tcpsvr><info> CraneClientConnectedEvent detected
2026-05-21 15:38:55.851 INFO  o.c.controller.TcpMessageController - <tcpclient><send> LVS1UST1DA930021052026153855????????01???????001
2026-05-21 15:38:55.864 INFO  o.c.CraneClientConnectedListener - <tcpclient><send> DAYSTART message sent to Crane server
2026-05-21 15:38:55.878 INFO  o.c.TcpServerConfig$$SpringCGLIB$$0 - <tcpserver><recv> LVS1UST1DA930021052026153855????????01???????001
2026-05-21 15:38:55.904 WARN  o.c.m.IncomingMessageProcessor - MessageProcessor::handleError->StatusCode.STATUSUNKNOWN
2026-05-21 15:38:55.908 INFO  o.c.m.IncomingMessageProcessor - SENDER LVS1 | RECEIVER UST1 | MESSAGETYPE DAYSTART | ORDINAL 93 | ERRORCODE OK | SOURCE 21052026 | TARGET 153855 | REPORTPOINT RPUNKNOWN | LETYPE LEUNKNOWN | STATUSCODE AUTOMATIONENABLED | USERDATA null | RAWMESSAGE LVS1UST1DA930021052026153855????????01???????001
2026-05-21 15:38:58.937 INFO  o.c.controller.TcpMessageController - <tcpclient><send> UST1LVS111940021052026153855????????01???????001
2026-05-21 15:38:58.941 INFO  o.c.TcpClientConfig$$SpringCGLIB$$0 - <tcpclient><recv> LVS1UST1DA930021052026153855????????01???????001
2026-05-21 15:38:58.942 INFO  o.c.TcpServerConfig$$SpringCGLIB$$0 - <tcpserver><recv> UST1LVS111940021052026153855????????01???????001
2026-05-21 15:38:58.943 WARN  o.c.m.IncomingMessageProcessor - MessageProcessor::handleError->StatusCode.STATUSUNKNOWN
2026-05-21 15:38:58.943 INFO  o.c.m.IncomingMessageProcessor - SENDER UST1 | RECEIVER LVS1 | MESSAGETYPE DAYSTART | ORDINAL 94 | ERRORCODE OK | SOURCE 21052026 | TARGET 153858 | REPORTPOINT RPUNKNOWN | LETYPE LEUNKNOWN | STATUSCODE AUTOMATIONENABLED | USERDATA null | RAWMESSAGE UST1LVS111940021052026153855????????01???????001
2026-05-21 15:38:58.944 INFO  o.c.TcpClientConfig$$SpringCGLIB$$0 - <tcpclient><recv> LVS1UST1AA940021052026153855????????01???????001
2026-05-21 15:41:02.624 INFO  o.c.ApplicationCloseListener - <tcpserver><info> ApplicationContextClosedEvent detected
2026-05-21 15:41:02.626 INFO  org.code_studio.BarcodeConfig - <tcpserver><info> Barcode communication - COM port closed: COM3
2026-05-21 15:41:02.626 INFO  o.c.ApplicationCloseListener - <tcpserver><info> Waiting for 3000 msec to receive DAYEND confirmation from CRANE, and then close the TCP connection.
2026-05-21 15:41:05.642 INFO  o.c.TcpServerConfig$$SpringCGLIB$$0 - <tcpclient><info> Connection closed: 127.0.0.1:18196:55596:897303c0-d4b6-4661-ad81-72d3dd28bc22
2026-05-21 15:41:05.648 INFO  o.c.TcpServerConfig$$SpringCGLIB$$0 - <tcpserver><info> Connection closed: 127.0.0.1:55596:18196:4b2e759d-6672-4044-80a9-20b445ad46c7
2026-05-21 15:41:37.822 INFO  o.code_studio.ComPortSchedulerTask - <tcpserver><info> Trying to open COM port for Barcode communication
2026-05-21 15:41:37.996 INFO  o.c.WebSocketServerConfig$$SpringCGLIB$$0 - <wsserver><info> Created WS channel: /app/topic
2026-05-21 15:41:38.212 INFO  o.c.TcpServerConfig$$SpringCGLIB$$0 - <tcpserver><info> TCP server started on port: 18196
2026-05-21 15:41:38.221 INFO  o.c.TcpClientConfig$$SpringCGLIB$$0 - <tcpclient><info> TCP client has been created for server: localhost:18196
2026-05-21 15:41:38.333 INFO  o.c.WebSocketServerConfig$$SpringCGLIB$$0 - <wsserver><info> Created WS server on endpoint: /ws
2026-05-21 15:41:39.130 INFO  o.code_studio.ComPortSchedulerTask - <tcpserver><info> Barcode communication enabled. COM port open: COM3
2026-05-21 15:41:39.894 INFO  o.c.TcpServerConfig$$SpringCGLIB$$0 - <tcpclient><info> Connection established: 127.0.0.1:18196:55678:19d383dc-7f36-44cd-8777-039029576e08
2026-05-21 15:41:39.895 INFO  o.c.TcpServerConfig$$SpringCGLIB$$0 - <tcpserver><info> Connection established: 127.0.0.1:55678:18196:94563f14-fbd0-4910-9098-523d9087565b
2026-05-21 15:41:39.896 INFO  o.c.CraneClientConnectedListener - <tcpsvr><info> CraneClientConnectedEvent detected
2026-05-21 15:41:39.959 WARN  o.c.ApplicationReadyListener - <tcpsvr><info> Message Flow Automation Debug is ENABLED
2026-05-21 15:41:40.004 INFO  o.c.controller.TcpMessageController - <tcpclient><send> LVS1UST1DA950021052026154140????????01???????001
2026-05-21 15:41:40.018 INFO  o.c.CraneClientConnectedListener - <tcpclient><send> DAYSTART message sent to Crane server
2026-05-21 15:41:40.060 INFO  o.c.TcpServerConfig$$SpringCGLIB$$0 - <tcpserver><recv> LVS1UST1DA950021052026154140????????01???????001
2026-05-21 15:41:40.136 WARN  o.c.m.IncomingMessageProcessor - MessageProcessor::handleError->StatusCode.STATUSUNKNOWN
2026-05-21 15:41:40.150 INFO  o.c.m.IncomingMessageProcessor - SENDER LVS1 | RECEIVER UST1 | MESSAGETYPE DAYSTART | ORDINAL 95 | ERRORCODE OK | SOURCE 21052026 | TARGET 154140 | REPORTPOINT RPUNKNOWN | LETYPE LEUNKNOWN | STATUSCODE AUTOMATIONENABLED | USERDATA null | RAWMESSAGE LVS1UST1DA950021052026154140????????01???????001
2026-05-21 15:41:43.675 INFO  o.c.controller.TcpMessageController - <tcpclient><send> UST1LVS111960021052026154140????????01???????001
2026-05-21 15:41:43.687 INFO  o.c.TcpClientConfig$$SpringCGLIB$$0 - <tcpclient><recv> LVS1UST1DA950021052026154140????????01???????001
2026-05-21 15:41:43.689 INFO  o.c.TcpServerConfig$$SpringCGLIB$$0 - <tcpserver><recv> UST1LVS111960021052026154140????????01???????001
2026-05-21 15:41:43.693 WARN  o.c.m.IncomingMessageProcessor - MessageProcessor::handleError->StatusCode.STATUSUNKNOWN
2026-05-21 15:41:43.693 INFO  o.c.m.IncomingMessageProcessor - SENDER UST1 | RECEIVER LVS1 | MESSAGETYPE DAYSTART | ORDINAL 96 | ERRORCODE OK | SOURCE 21052026 | TARGET 154143 | REPORTPOINT RPUNKNOWN | LETYPE LEUNKNOWN | STATUSCODE AUTOMATIONENABLED | USERDATA null | RAWMESSAGE UST1LVS111960021052026154140????????01???????001
2026-05-21 15:41:43.696 INFO  o.c.TcpClientConfig$$SpringCGLIB$$0 - <tcpclient><recv> LVS1UST1AA960021052026154140????????01???????001
2026-05-21 15:46:29.874 INFO  o.c.ApplicationCloseListener - <tcpserver><info> ApplicationContextClosedEvent detected
2026-05-21 15:46:29.884 INFO  org.code_studio.BarcodeConfig - <tcpserver><info> Barcode communication - COM port closed: COM3
2026-05-21 15:46:29.885 INFO  o.c.ApplicationCloseListener - <tcpserver><info> Waiting for 3000 msec to receive DAYEND confirmation from CRANE, and then close the TCP connection.
2026-05-21 15:46:32.982 INFO  o.c.TcpServerConfig$$SpringCGLIB$$0 - <tcpclient><info> Connection closed: 127.0.0.1:18196:55678:19d383dc-7f36-44cd-8777-039029576e08
2026-05-21 15:46:32.997 INFO  o.c.TcpServerConfig$$SpringCGLIB$$0 - <tcpserver><info> Connection closed: 127.0.0.1:55678:18196:94563f14-fbd0-4910-9098-523d9087565b
2026-05-21 15:46:47.268 INFO  o.code_studio.ComPortSchedulerTask - <tcpserver><info> Trying to open COM port for Barcode communication
2026-05-21 15:46:47.452 INFO  o.c.WebSocketServerConfig$$SpringCGLIB$$0 - <wsserver><info> Created WS channel: /app/topic
2026-05-21 15:46:47.667 INFO  o.c.TcpServerConfig$$SpringCGLIB$$0 - <tcpserver><info> TCP server started on port: 18196
2026-05-21 15:46:47.676 INFO  o.c.TcpClientConfig$$SpringCGLIB$$0 - <tcpclient><info> TCP client has been created for server: localhost:18196
2026-05-21 15:46:47.776 INFO  o.c.WebSocketServerConfig$$SpringCGLIB$$0 - <wsserver><info> Created WS server on endpoint: /ws
2026-05-21 15:46:48.785 INFO  o.code_studio.ComPortSchedulerTask - <tcpserver><info> Barcode communication enabled. COM port open: COM3
2026-05-21 15:46:49.006 INFO  o.c.TcpServerConfig$$SpringCGLIB$$0 - <tcpclient><info> Connection established: 127.0.0.1:18196:55861:aac7af6f-4683-4ed7-a7ef-d7265b95e4d3
2026-05-21 15:46:49.007 INFO  o.c.TcpServerConfig$$SpringCGLIB$$0 - <tcpserver><info> Connection established: 127.0.0.1:55861:18196:e360e60e-1778-472d-88fa-c9ba7419ee91
2026-05-21 15:46:49.010 INFO  o.c.CraneClientConnectedListener - <tcpsvr><info> CraneClientConnectedEvent detected
2026-05-21 15:46:49.084 WARN  o.c.ApplicationReadyListener - <tcpsvr><info> Message Flow Automation Debug is ENABLED
2026-05-21 15:46:49.101 INFO  o.c.controller.TcpMessageController - <tcpclient><send> LVS1UST1DA970021052026154649????????01???????001
2026-05-21 15:46:49.117 INFO  o.c.CraneClientConnectedListener - <tcpclient><send> DAYSTART message sent to Crane server
2026-05-21 15:46:49.144 INFO  o.c.TcpServerConfig$$SpringCGLIB$$0 - <tcpserver><recv> LVS1UST1DA970021052026154649????????01???????001
2026-05-21 15:46:49.185 WARN  o.c.m.IncomingMessageProcessor - MessageProcessor::handleError->StatusCode.STATUSUNKNOWN
2026-05-21 15:46:49.201 INFO  o.c.m.IncomingMessageProcessor - SENDER LVS1 | RECEIVER UST1 | MESSAGETYPE DAYSTART | ORDINAL 97 | ERRORCODE OK | SOURCE 21052026 | TARGET 154649 | REPORTPOINT RPUNKNOWN | LETYPE LEUNKNOWN | STATUSCODE AUTOMATIONENABLED | USERDATA null | RAWMESSAGE LVS1UST1DA970021052026154649????????01???????001
2026-05-21 15:46:52.271 INFO  o.c.controller.TcpMessageController - <tcpclient><send> UST1LVS111980021052026154649????????01???????001
2026-05-21 15:46:52.275 INFO  o.c.TcpServerConfig$$SpringCGLIB$$0 - <tcpserver><recv> UST1LVS111980021052026154649????????01???????001
2026-05-21 15:46:52.275 INFO  o.c.TcpClientConfig$$SpringCGLIB$$0 - <tcpclient><recv> LVS1UST1DA970021052026154649????????01???????001
2026-05-21 15:46:52.277 WARN  o.c.m.IncomingMessageProcessor - MessageProcessor::handleError->StatusCode.STATUSUNKNOWN
2026-05-21 15:46:52.278 INFO  o.c.m.IncomingMessageProcessor - SENDER UST1 | RECEIVER LVS1 | MESSAGETYPE DAYSTART | ORDINAL 98 | ERRORCODE OK | SOURCE 21052026 | TARGET 154652 | REPORTPOINT RPUNKNOWN | LETYPE LEUNKNOWN | STATUSCODE AUTOMATIONENABLED | USERDATA null | RAWMESSAGE UST1LVS111980021052026154649????????01???????001
2026-05-21 15:46:52.279 INFO  o.c.TcpClientConfig$$SpringCGLIB$$0 - <tcpclient><recv> LVS1UST1AA980021052026154649????????01???????001
2026-05-21 15:47:40.898 INFO  o.c.ApplicationCloseListener - <tcpserver><info> ApplicationContextClosedEvent detected
2026-05-21 15:47:40.901 INFO  org.code_studio.BarcodeConfig - <tcpserver><info> Barcode communication - COM port closed: COM3
2026-05-21 15:47:40.901 INFO  o.c.ApplicationCloseListener - <tcpserver><info> Waiting for 3000 msec to receive DAYEND confirmation from CRANE, and then close the TCP connection.
2026-05-21 15:47:43.913 INFO  o.c.TcpServerConfig$$SpringCGLIB$$0 - <tcpclient><info> Connection closed: 127.0.0.1:18196:55861:aac7af6f-4683-4ed7-a7ef-d7265b95e4d3
2026-05-21 15:47:43.920 INFO  o.c.TcpServerConfig$$SpringCGLIB$$0 - <tcpserver><info> Connection closed: 127.0.0.1:55861:18196:e360e60e-1778-472d-88fa-c9ba7419ee91
2026-05-21 15:48:55.804 INFO  o.code_studio.ComPortSchedulerTask - <tcpserver><info> Trying to open COM port for Barcode communication
2026-05-21 15:48:55.955 INFO  o.c.WebSocketServerConfig$$SpringCGLIB$$0 - <wsserver><info> Created WS channel: /app/topic
2026-05-21 15:48:56.142 INFO  o.c.TcpServerConfig$$SpringCGLIB$$0 - <tcpserver><info> TCP server started on port: 18196
2026-05-21 15:48:56.155 INFO  o.c.TcpClientConfig$$SpringCGLIB$$0 - <tcpclient><info> TCP client has been created for server: localhost:18196
2026-05-21 15:48:56.274 INFO  o.c.WebSocketServerConfig$$SpringCGLIB$$0 - <wsserver><info> Created WS server on endpoint: /ws
2026-05-21 15:48:56.875 INFO  o.code_studio.ComPortSchedulerTask - <tcpserver><info> Barcode communication enabled. COM port open: COM3
2026-05-21 15:48:57.585 INFO  o.c.TcpServerConfig$$SpringCGLIB$$0 - <tcpclient><info> Connection established: 127.0.0.1:18196:55937:98ae33e0-46e5-45d3-a166-86338426346c
2026-05-21 15:48:57.586 INFO  o.c.TcpServerConfig$$SpringCGLIB$$0 - <tcpserver><info> Connection established: 127.0.0.1:55937:18196:40f4803b-b155-4de7-a27f-58716f628779
2026-05-21 15:48:57.588 INFO  o.c.CraneClientConnectedListener - <tcpsvr><info> CraneClientConnectedEvent detected
2026-05-21 15:48:57.653 INFO  o.c.controller.TcpMessageController - <tcpclient><send> LVS1UST1DA990021052026154857????????01???????001
2026-05-21 15:48:57.653 WARN  o.c.ApplicationReadyListener - <tcpsvr><info> Message Flow Automation Debug is ENABLED
2026-05-21 15:48:57.669 INFO  o.c.CraneClientConnectedListener - <tcpclient><send> DAYSTART message sent to Crane server
2026-05-21 15:48:57.694 INFO  o.c.TcpServerConfig$$SpringCGLIB$$0 - <tcpserver><recv> LVS1UST1DA990021052026154857????????01???????001
2026-05-21 15:48:57.724 WARN  o.c.m.IncomingMessageProcessor - MessageProcessor::handleError->StatusCode.STATUSUNKNOWN
2026-05-21 15:48:57.730 INFO  o.c.m.IncomingMessageProcessor - SENDER LVS1 | RECEIVER UST1 | MESSAGETYPE DAYSTART | ORDINAL 99 | ERRORCODE OK | SOURCE 21052026 | TARGET 154857 | REPORTPOINT RPUNKNOWN | LETYPE LEUNKNOWN | STATUSCODE AUTOMATIONENABLED | USERDATA null | RAWMESSAGE LVS1UST1DA990021052026154857????????01???????001
2026-05-21 15:49:00.777 INFO  o.c.controller.TcpMessageController - <tcpclient><send> UST1LVS111010021052026154857????????01???????001
2026-05-21 15:49:00.782 INFO  o.c.TcpClientConfig$$SpringCGLIB$$0 - <tcpclient><recv> LVS1UST1DA990021052026154857????????01???????001
2026-05-21 15:49:00.784 INFO  o.c.TcpServerConfig$$SpringCGLIB$$0 - <tcpserver><recv> UST1LVS111010021052026154857????????01???????001
2026-05-21 15:49:00.787 WARN  o.c.m.IncomingMessageProcessor - MessageProcessor::handleError->StatusCode.STATUSUNKNOWN
2026-05-21 15:49:00.788 INFO  o.c.m.IncomingMessageProcessor - SENDER UST1 | RECEIVER LVS1 | MESSAGETYPE DAYSTART | ORDINAL 1 | ERRORCODE OK | SOURCE 21052026 | TARGET 154900 | REPORTPOINT RPUNKNOWN | LETYPE LEUNKNOWN | STATUSCODE AUTOMATIONENABLED | USERDATA null | RAWMESSAGE UST1LVS111010021052026154857????????01???????001
2026-05-21 15:49:00.791 INFO  o.c.TcpClientConfig$$SpringCGLIB$$0 - <tcpclient><recv> LVS1UST1AA010021052026154857????????01???????001
2026-05-21 15:50:22.812 INFO  o.c.ApplicationCloseListener - <tcpserver><info> ApplicationContextClosedEvent detected
2026-05-21 15:50:22.814 INFO  org.code_studio.BarcodeConfig - <tcpserver><info> Barcode communication - COM port closed: COM3
2026-05-21 15:50:22.814 INFO  o.c.ApplicationCloseListener - <tcpserver><info> Waiting for 3000 msec to receive DAYEND confirmation from CRANE, and then close the TCP connection.
2026-05-21 15:50:25.838 INFO  o.c.TcpServerConfig$$SpringCGLIB$$0 - <tcpclient><info> Connection closed: 127.0.0.1:18196:55937:98ae33e0-46e5-45d3-a166-86338426346c
2026-05-21 15:50:25.842 INFO  o.c.TcpServerConfig$$SpringCGLIB$$0 - <tcpserver><info> Connection closed: 127.0.0.1:55937:18196:40f4803b-b155-4de7-a27f-58716f628779
2026-05-21 15:50:46.337 INFO  o.code_studio.ComPortSchedulerTask - <tcpserver><info> Trying to open COM port for Barcode communication
2026-05-21 15:50:46.519 INFO  o.c.WebSocketServerConfig$$SpringCGLIB$$0 - <wsserver><info> Created WS channel: /app/topic
2026-05-21 15:50:46.779 INFO  o.c.TcpServerConfig$$SpringCGLIB$$0 - <tcpserver><info> TCP server started on port: 18196
2026-05-21 15:50:46.801 INFO  o.c.TcpClientConfig$$SpringCGLIB$$0 - <tcpclient><info> TCP client has been created for server: localhost:18196
2026-05-21 15:50:46.833 INFO  o.code_studio.ComPortSchedulerTask - <tcpserver><info> Barcode communication enabled. COM port open: COM3
2026-05-21 15:50:46.938 INFO  o.c.WebSocketServerConfig$$SpringCGLIB$$0 - <wsserver><info> Created WS server on endpoint: /ws
2026-05-21 15:50:48.488 INFO  o.c.TcpServerConfig$$SpringCGLIB$$0 - <tcpserver><info> Connection established: 127.0.0.1:56043:18196:6c8ffdb3-7f27-49df-a615-c625cd04c9b6
2026-05-21 15:50:48.494 INFO  o.c.CraneClientConnectedListener - <tcpsvr><info> CraneClientConnectedEvent detected
2026-05-21 15:50:48.503 INFO  o.c.TcpServerConfig$$SpringCGLIB$$0 - <tcpclient><info> Connection established: 127.0.0.1:18196:56043:a3f52108-31d4-4a78-9a03-ff64c127f821
2026-05-21 15:50:48.557 WARN  o.c.ApplicationReadyListener - <tcpsvr><info> Message Flow Automation Debug is ENABLED
2026-05-21 15:50:48.592 INFO  o.c.controller.TcpMessageController - <tcpclient><send> LVS1UST1DA020021052026155048????????01???????001
2026-05-21 15:50:48.608 INFO  o.c.CraneClientConnectedListener - <tcpclient><send> DAYSTART message sent to Crane server
2026-05-21 15:50:48.632 INFO  o.c.TcpServerConfig$$SpringCGLIB$$0 - <tcpserver><recv> LVS1UST1DA020021052026155048????????01???????001
2026-05-21 15:50:48.660 WARN  o.c.m.IncomingMessageProcessor - MessageProcessor::handleError->StatusCode.STATUSUNKNOWN
2026-05-21 15:50:48.666 INFO  o.c.m.IncomingMessageProcessor - SENDER LVS1 | RECEIVER UST1 | MESSAGETYPE DAYSTART | ORDINAL 2 | ERRORCODE OK | SOURCE 21052026 | TARGET 155048 | REPORTPOINT RPUNKNOWN | LETYPE LEUNKNOWN | STATUSCODE AUTOMATIONENABLED | USERDATA null | RAWMESSAGE LVS1UST1DA020021052026155048????????01???????001
2026-05-21 15:50:51.702 INFO  o.c.controller.TcpMessageController - <tcpclient><send> UST1LVS111030021052026155048????????01???????001
2026-05-21 15:50:51.706 INFO  o.c.TcpClientConfig$$SpringCGLIB$$0 - <tcpclient><recv> LVS1UST1DA020021052026155048????????01???????001
2026-05-21 15:50:51.706 INFO  o.c.TcpServerConfig$$SpringCGLIB$$0 - <tcpserver><recv> UST1LVS111030021052026155048????????01???????001
2026-05-21 15:50:51.707 WARN  o.c.m.IncomingMessageProcessor - MessageProcessor::handleError->StatusCode.STATUSUNKNOWN
2026-05-21 15:50:51.708 INFO  o.c.m.IncomingMessageProcessor - SENDER UST1 | RECEIVER LVS1 | MESSAGETYPE DAYSTART | ORDINAL 3 | ERRORCODE OK | SOURCE 21052026 | TARGET 155051 | REPORTPOINT RPUNKNOWN | LETYPE LEUNKNOWN | STATUSCODE AUTOMATIONENABLED | USERDATA null | RAWMESSAGE UST1LVS111030021052026155048????????01???????001
2026-05-21 15:50:51.710 INFO  o.c.TcpClientConfig$$SpringCGLIB$$0 - <tcpclient><recv> LVS1UST1AA030021052026155048????????01???????001
2026-05-21 15:54:52.788 INFO  o.c.ApplicationCloseListener - <tcpserver><info> ApplicationContextClosedEvent detected
2026-05-21 15:54:52.804 INFO  org.code_studio.BarcodeConfig - <tcpserver><info> Barcode communication - COM port closed: COM3
2026-05-21 15:54:52.805 INFO  o.c.ApplicationCloseListener - <tcpserver><info> Waiting for 3000 msec to receive DAYEND confirmation from CRANE, and then close the TCP connection.
2026-05-21 15:54:56.003 INFO  o.c.TcpServerConfig$$SpringCGLIB$$0 - <tcpclient><info> Connection closed: 127.0.0.1:18196:56043:a3f52108-31d4-4a78-9a03-ff64c127f821
2026-05-21 15:54:56.017 INFO  o.c.TcpServerConfig$$SpringCGLIB$$0 - <tcpserver><info> Connection closed: 127.0.0.1:56043:18196:6c8ffdb3-7f27-49df-a615-c625cd04c9b6
2026-05-21 15:55:17.879 INFO  o.code_studio.ComPortSchedulerTask - <tcpserver><info> Trying to open COM port for Barcode communication
2026-05-21 15:55:18.229 INFO  o.c.WebSocketServerConfig$$SpringCGLIB$$0 - <wsserver><info> Created WS channel: /app/topic
2026-05-21 15:55:18.618 INFO  o.c.TcpServerConfig$$SpringCGLIB$$0 - <tcpserver><info> TCP server started on port: 18196
2026-05-21 15:55:18.627 INFO  o.c.TcpClientConfig$$SpringCGLIB$$0 - <tcpclient><info> TCP client has been created for server: localhost:18196
2026-05-21 15:55:18.730 INFO  o.c.WebSocketServerConfig$$SpringCGLIB$$0 - <wsserver><info> Created WS server on endpoint: /ws
2026-05-21 15:55:19.947 INFO  o.c.TcpServerConfig$$SpringCGLIB$$0 - <tcpclient><info> Connection established: 127.0.0.1:18196:56200:80d04d3c-0ba1-4045-bcde-f8b46dd558ef
2026-05-21 15:55:19.947 INFO  o.c.TcpServerConfig$$SpringCGLIB$$0 - <tcpserver><info> Connection established: 127.0.0.1:56200:18196:1a20206c-fe29-428e-b662-141d9a054edd
2026-05-21 15:55:19.950 INFO  o.c.CraneClientConnectedListener - <tcpsvr><info> CraneClientConnectedEvent detected
2026-05-21 15:55:19.996 WARN  o.c.ApplicationReadyListener - <tcpsvr><info> Message Flow Automation Debug is ENABLED
2026-05-21 15:55:20.008 INFO  o.c.controller.TcpMessageController - <tcpclient><send> LVS1UST1DA040021052026155520????????01???????001
2026-05-21 15:55:20.019 INFO  o.c.CraneClientConnectedListener - <tcpclient><send> DAYSTART message sent to Crane server
2026-05-21 15:55:20.070 INFO  o.c.TcpServerConfig$$SpringCGLIB$$0 - <tcpserver><recv> LVS1UST1DA040021052026155520????????01???????001
2026-05-21 15:55:20.093 WARN  o.c.m.IncomingMessageProcessor - MessageProcessor::handleError->StatusCode.STATUSUNKNOWN
2026-05-21 15:55:20.097 INFO  o.c.m.IncomingMessageProcessor - SENDER LVS1 | RECEIVER UST1 | MESSAGETYPE DAYSTART | ORDINAL 4 | ERRORCODE OK | SOURCE 21052026 | TARGET 155520 | REPORTPOINT RPUNKNOWN | LETYPE LEUNKNOWN | STATUSCODE AUTOMATIONENABLED | USERDATA null | RAWMESSAGE LVS1UST1DA040021052026155520????????01???????001
2026-05-21 15:55:21.046 INFO  o.code_studio.ComPortSchedulerTask - <tcpserver><info> Barcode communication enabled. COM port open: COM3
2026-05-21 15:55:23.123 INFO  o.c.controller.TcpMessageController - <tcpclient><send> UST1LVS111050021052026155520????????01???????001
2026-05-21 15:55:23.126 INFO  o.c.TcpClientConfig$$SpringCGLIB$$0 - <tcpclient><recv> LVS1UST1DA040021052026155520????????01???????001
2026-05-21 15:55:23.129 INFO  o.c.TcpServerConfig$$SpringCGLIB$$0 - <tcpserver><recv> UST1LVS111050021052026155520????????01???????001
2026-05-21 15:55:23.131 WARN  o.c.m.IncomingMessageProcessor - MessageProcessor::handleError->StatusCode.STATUSUNKNOWN
2026-05-21 15:55:23.132 INFO  o.c.m.IncomingMessageProcessor - SENDER UST1 | RECEIVER LVS1 | MESSAGETYPE DAYSTART | ORDINAL 5 | ERRORCODE OK | SOURCE 21052026 | TARGET 155523 | REPORTPOINT RPUNKNOWN | LETYPE LEUNKNOWN | STATUSCODE AUTOMATIONENABLED | USERDATA null | RAWMESSAGE UST1LVS111050021052026155520????????01???????001
2026-05-21 15:55:23.134 INFO  o.c.TcpClientConfig$$SpringCGLIB$$0 - <tcpclient><recv> LVS1UST1AA050021052026155520????????01???????001
2026-05-21 15:58:15.272 INFO  o.c.ApplicationCloseListener - <tcpserver><info> ApplicationContextClosedEvent detected
2026-05-21 15:58:15.283 INFO  org.code_studio.BarcodeConfig - <tcpserver><info> Barcode communication - COM port closed: COM3
2026-05-21 15:58:15.284 INFO  o.c.ApplicationCloseListener - <tcpserver><info> Waiting for 3000 msec to receive DAYEND confirmation from CRANE, and then close the TCP connection.
2026-05-21 15:58:18.309 INFO  o.c.TcpServerConfig$$SpringCGLIB$$0 - <tcpclient><info> Connection closed: 127.0.0.1:18196:56200:80d04d3c-0ba1-4045-bcde-f8b46dd558ef
2026-05-21 15:58:18.360 INFO  o.c.TcpServerConfig$$SpringCGLIB$$0 - <tcpserver><info> Connection closed: 127.0.0.1:56200:18196:1a20206c-fe29-428e-b662-141d9a054edd
2026-05-21 15:58:32.879 INFO  o.code_studio.ComPortSchedulerTask - <tcpserver><info> Trying to open COM port for Barcode communication
2026-05-21 15:58:33.212 INFO  o.c.WebSocketServerConfig$$SpringCGLIB$$0 - <wsserver><info> Created WS channel: /app/topic
2026-05-21 15:58:33.456 INFO  o.c.TcpServerConfig$$SpringCGLIB$$0 - <tcpserver><info> TCP server started on port: 18196
2026-05-21 15:58:33.467 INFO  o.c.TcpClientConfig$$SpringCGLIB$$0 - <tcpclient><info> TCP client has been created for server: localhost:18196
2026-05-21 15:58:33.606 INFO  o.c.WebSocketServerConfig$$SpringCGLIB$$0 - <wsserver><info> Created WS server on endpoint: /ws
2026-05-21 15:58:35.262 INFO  o.c.TcpServerConfig$$SpringCGLIB$$0 - <tcpclient><info> Connection established: 127.0.0.1:18196:56314:81bcdbfa-d0f9-42b4-8500-e75775319e84
2026-05-21 15:58:35.262 INFO  o.c.TcpServerConfig$$SpringCGLIB$$0 - <tcpserver><info> Connection established: 127.0.0.1:56314:18196:ff0e73f7-b87b-428b-ab21-a2c2b777f7b2
2026-05-21 15:58:35.264 INFO  o.c.CraneClientConnectedListener - <tcpsvr><info> CraneClientConnectedEvent detected
2026-05-21 15:58:35.318 WARN  o.c.ApplicationReadyListener - <tcpsvr><info> Message Flow Automation Debug is ENABLED
2026-05-21 15:58:35.341 INFO  o.c.controller.TcpMessageController - <tcpclient><send> LVS1UST1DA060021052026155835????????01???????001
2026-05-21 15:58:35.359 INFO  o.code_studio.ComPortSchedulerTask - <tcpserver><info> Barcode communication enabled. COM port open: COM3
2026-05-21 15:58:35.361 INFO  o.c.CraneClientConnectedListener - <tcpclient><send> DAYSTART message sent to Crane server
2026-05-21 15:58:35.411 INFO  o.c.TcpServerConfig$$SpringCGLIB$$0 - <tcpserver><recv> LVS1UST1DA060021052026155835????????01???????001
2026-05-21 15:58:35.450 WARN  o.c.m.IncomingMessageProcessor - MessageProcessor::handleError->StatusCode.STATUSUNKNOWN
2026-05-21 15:58:35.454 INFO  o.c.m.IncomingMessageProcessor - SENDER LVS1 | RECEIVER UST1 | MESSAGETYPE DAYSTART | ORDINAL 6 | ERRORCODE OK | SOURCE 21052026 | TARGET 155835 | REPORTPOINT RPUNKNOWN | LETYPE LEUNKNOWN | STATUSCODE AUTOMATIONENABLED | USERDATA null | RAWMESSAGE LVS1UST1DA060021052026155835????????01???????001
2026-05-21 15:58:38.476 INFO  o.c.controller.TcpMessageController - <tcpclient><send> UST1LVS111070021052026155835????????01???????001
2026-05-21 15:58:38.479 INFO  o.c.TcpClientConfig$$SpringCGLIB$$0 - <tcpclient><recv> LVS1UST1DA060021052026155835????????01???????001
2026-05-21 15:58:38.484 INFO  o.c.TcpServerConfig$$SpringCGLIB$$0 - <tcpserver><recv> UST1LVS111070021052026155835????????01???????001
2026-05-21 15:58:38.485 WARN  o.c.m.IncomingMessageProcessor - MessageProcessor::handleError->StatusCode.STATUSUNKNOWN
2026-05-21 15:58:38.486 INFO  o.c.m.IncomingMessageProcessor - SENDER UST1 | RECEIVER LVS1 | MESSAGETYPE DAYSTART | ORDINAL 7 | ERRORCODE OK | SOURCE 21052026 | TARGET 155838 | REPORTPOINT RPUNKNOWN | LETYPE LEUNKNOWN | STATUSCODE AUTOMATIONENABLED | USERDATA null | RAWMESSAGE UST1LVS111070021052026155835????????01???????001
2026-05-21 15:58:38.488 INFO  o.c.TcpClientConfig$$SpringCGLIB$$0 - <tcpclient><recv> LVS1UST1AA070021052026155835????????01???????001
2026-05-21 16:09:33.040 INFO  o.c.ApplicationCloseListener - <tcpserver><info> ApplicationContextClosedEvent detected
2026-05-21 16:09:33.060 INFO  org.code_studio.BarcodeConfig - <tcpserver><info> Barcode communication - COM port closed: COM3
2026-05-21 16:09:33.062 INFO  o.c.ApplicationCloseListener - <tcpserver><info> Waiting for 3000 msec to receive DAYEND confirmation from CRANE, and then close the TCP connection.
2026-05-21 16:09:36.145 INFO  o.c.TcpServerConfig$$SpringCGLIB$$0 - <tcpclient><info> Connection closed: 127.0.0.1:18196:56314:81bcdbfa-d0f9-42b4-8500-e75775319e84
2026-05-21 16:09:36.169 INFO  o.c.TcpServerConfig$$SpringCGLIB$$0 - <tcpserver><info> Connection closed: 127.0.0.1:56314:18196:ff0e73f7-b87b-428b-ab21-a2c2b777f7b2
2026-05-21 16:09:58.125 INFO  o.code_studio.ComPortSchedulerTask - <tcpserver><info> Trying to open COM port for Barcode communication
2026-05-21 16:09:58.294 INFO  o.c.WebSocketServerConfig$$SpringCGLIB$$0 - <wsserver><info> Created WS channel: /app/topic
2026-05-21 16:09:58.496 INFO  o.c.TcpServerConfig$$SpringCGLIB$$0 - <tcpserver><info> TCP server started on port: 18196
2026-05-21 16:09:58.506 INFO  o.c.TcpClientConfig$$SpringCGLIB$$0 - <tcpclient><info> TCP client has been created for server: localhost:18196
2026-05-21 16:09:58.601 INFO  o.c.WebSocketServerConfig$$SpringCGLIB$$0 - <wsserver><info> Created WS server on endpoint: /ws
2026-05-21 16:09:58.821 INFO  o.code_studio.ComPortSchedulerTask - <tcpserver><info> Barcode communication enabled. COM port open: COM3
2026-05-21 16:09:59.992 INFO  o.c.TcpServerConfig$$SpringCGLIB$$0 - <tcpclient><info> Connection established: 127.0.0.1:18196:56556:8dd70bc2-f505-404c-b819-7ecbce0836fa
2026-05-21 16:09:59.992 INFO  o.c.TcpServerConfig$$SpringCGLIB$$0 - <tcpserver><info> Connection established: 127.0.0.1:56556:18196:9ad46161-377a-4d4f-8e36-efbfaeb5a4ed
2026-05-21 16:09:59.994 INFO  o.c.CraneClientConnectedListener - <tcpsvr><info> CraneClientConnectedEvent detected
2026-05-21 16:10:00.067 WARN  o.c.ApplicationReadyListener - <tcpsvr><info> Message Flow Automation Debug is ENABLED
2026-05-21 16:10:00.083 INFO  o.c.controller.TcpMessageController - <tcpclient><send> LVS1UST1DA080021052026161000????????01???????001
2026-05-21 16:10:00.094 INFO  o.c.CraneClientConnectedListener - <tcpclient><send> DAYSTART message sent to Crane server
2026-05-21 16:10:00.135 INFO  o.c.TcpServerConfig$$SpringCGLIB$$0 - <tcpserver><recv> LVS1UST1DA080021052026161000????????01???????001
2026-05-21 16:10:00.159 WARN  o.c.m.IncomingMessageProcessor - MessageProcessor::handleError->StatusCode.STATUSUNKNOWN
2026-05-21 16:10:00.173 INFO  o.c.m.IncomingMessageProcessor - SENDER LVS1 | RECEIVER UST1 | MESSAGETYPE DAYSTART | ORDINAL 8 | ERRORCODE OK | SOURCE 21052026 | TARGET 161000 | REPORTPOINT RPUNKNOWN | LETYPE LEUNKNOWN | STATUSCODE AUTOMATIONENABLED | USERDATA null | RAWMESSAGE LVS1UST1DA080021052026161000????????01???????001
2026-05-21 16:10:03.193 INFO  o.c.controller.TcpMessageController - <tcpclient><send> UST1LVS111090021052026161000????????01???????001
2026-05-21 16:10:03.196 INFO  o.c.TcpServerConfig$$SpringCGLIB$$0 - <tcpserver><recv> UST1LVS111090021052026161000????????01???????001
2026-05-21 16:10:03.196 INFO  o.c.TcpClientConfig$$SpringCGLIB$$0 - <tcpclient><recv> LVS1UST1DA080021052026161000????????01???????001
2026-05-21 16:10:03.199 WARN  o.c.m.IncomingMessageProcessor - MessageProcessor::handleError->StatusCode.STATUSUNKNOWN
2026-05-21 16:10:03.199 INFO  o.c.m.IncomingMessageProcessor - SENDER UST1 | RECEIVER LVS1 | MESSAGETYPE DAYSTART | ORDINAL 9 | ERRORCODE OK | SOURCE 21052026 | TARGET 161003 | REPORTPOINT RPUNKNOWN | LETYPE LEUNKNOWN | STATUSCODE AUTOMATIONENABLED | USERDATA null | RAWMESSAGE UST1LVS111090021052026161000????????01???????001
2026-05-21 16:10:03.200 INFO  o.c.TcpClientConfig$$SpringCGLIB$$0 - <tcpclient><recv> LVS1UST1AA090021052026161000????????01???????001
2026-05-21 16:17:25.221 INFO  o.c.ApplicationCloseListener - <tcpserver><info> ApplicationContextClosedEvent detected
2026-05-21 16:17:25.250 INFO  org.code_studio.BarcodeConfig - <tcpserver><info> Barcode communication - COM port closed: COM3
2026-05-21 16:17:25.252 INFO  o.c.ApplicationCloseListener - <tcpserver><info> Waiting for 3000 msec to receive DAYEND confirmation from CRANE, and then close the TCP connection.
2026-05-21 16:17:28.378 INFO  o.c.TcpServerConfig$$SpringCGLIB$$0 - <tcpclient><info> Connection closed: 127.0.0.1:18196:56556:8dd70bc2-f505-404c-b819-7ecbce0836fa
2026-05-21 16:17:28.404 INFO  o.c.TcpServerConfig$$SpringCGLIB$$0 - <tcpserver><info> Connection closed: 127.0.0.1:56556:18196:9ad46161-377a-4d4f-8e36-efbfaeb5a4ed
2026-05-21 16:19:09.261 INFO  o.code_studio.ComPortSchedulerTask - <tcpserver><info> Trying to open COM port for Barcode communication
2026-05-21 16:19:09.471 INFO  o.c.WebSocketServerConfig$$SpringCGLIB$$0 - <wsserver><info> Created WS channel: /app/topic
2026-05-21 16:19:09.717 INFO  o.c.TcpServerConfig$$SpringCGLIB$$0 - <tcpserver><info> TCP server started on port: 18196
2026-05-21 16:19:09.728 INFO  o.c.TcpClientConfig$$SpringCGLIB$$0 - <tcpclient><info> TCP client has been created for server: localhost:18196
2026-05-21 16:19:09.832 INFO  o.c.WebSocketServerConfig$$SpringCGLIB$$0 - <wsserver><info> Created WS server on endpoint: /ws
2026-05-21 16:19:10.992 INFO  o.c.TcpServerConfig$$SpringCGLIB$$0 - <tcpserver><info> Connection established: 127.0.0.1:57223:18196:2b89c0ae-3c29-43e9-91d0-246929b57ca3
2026-05-21 16:19:10.994 INFO  o.c.CraneClientConnectedListener - <tcpsvr><info> CraneClientConnectedEvent detected
2026-05-21 16:19:10.995 INFO  o.c.TcpServerConfig$$SpringCGLIB$$0 - <tcpclient><info> Connection established: 127.0.0.1:18196:57223:6d30d126-2c06-4a80-b94e-3e1e94aad96d
2026-05-21 16:19:11.044 WARN  o.c.ApplicationReadyListener - <tcpsvr><info> Message Flow Automation Debug is ENABLED
2026-05-21 16:19:11.057 INFO  o.c.controller.TcpMessageController - <tcpclient><send> LVS1UST1DA100021052026161911????????01???????001
2026-05-21 16:19:11.067 INFO  o.c.CraneClientConnectedListener - <tcpclient><send> DAYSTART message sent to Crane server
2026-05-21 16:19:11.087 INFO  o.c.TcpServerConfig$$SpringCGLIB$$0 - <tcpserver><recv> LVS1UST1DA100021052026161911????????01???????001
2026-05-21 16:19:11.110 WARN  o.c.m.IncomingMessageProcessor - MessageProcessor::handleError->StatusCode.STATUSUNKNOWN
2026-05-21 16:19:11.133 INFO  o.c.m.IncomingMessageProcessor - SENDER LVS1 | RECEIVER UST1 | MESSAGETYPE DAYSTART | ORDINAL 10 | ERRORCODE OK | SOURCE 21052026 | TARGET 161911 | REPORTPOINT RPUNKNOWN | LETYPE LEUNKNOWN | STATUSCODE AUTOMATIONENABLED | USERDATA null | RAWMESSAGE LVS1UST1DA100021052026161911????????01???????001
2026-05-21 16:19:13.197 INFO  o.code_studio.ComPortSchedulerTask - <tcpserver><info> Barcode communication enabled. COM port open: COM3
2026-05-21 16:19:14.154 INFO  o.c.controller.TcpMessageController - <tcpclient><send> UST1LVS111110021052026161911????????01???????001
2026-05-21 16:19:14.158 INFO  o.c.TcpClientConfig$$SpringCGLIB$$0 - <tcpclient><recv> LVS1UST1DA100021052026161911????????01???????001
2026-05-21 16:19:14.159 INFO  o.c.TcpServerConfig$$SpringCGLIB$$0 - <tcpserver><recv> UST1LVS111110021052026161911????????01???????001
2026-05-21 16:19:14.163 WARN  o.c.m.IncomingMessageProcessor - MessageProcessor::handleError->StatusCode.STATUSUNKNOWN
2026-05-21 16:19:14.163 INFO  o.c.m.IncomingMessageProcessor - SENDER UST1 | RECEIVER LVS1 | MESSAGETYPE DAYSTART | ORDINAL 11 | ERRORCODE OK | SOURCE 21052026 | TARGET 161914 | REPORTPOINT RPUNKNOWN | LETYPE LEUNKNOWN | STATUSCODE AUTOMATIONENABLED | USERDATA null | RAWMESSAGE UST1LVS111110021052026161911????????01???????001
2026-05-21 16:19:14.165 INFO  o.c.TcpClientConfig$$SpringCGLIB$$0 - <tcpclient><recv> LVS1UST1AA110021052026161911????????01???????001
2026-05-21 16:20:55.179 INFO  o.c.ApplicationCloseListener - <tcpserver><info> ApplicationContextClosedEvent detected
2026-05-21 16:20:55.181 INFO  org.code_studio.BarcodeConfig - <tcpserver><info> Barcode communication - COM port closed: COM3
2026-05-21 16:20:55.182 INFO  o.c.ApplicationCloseListener - <tcpserver><info> Waiting for 3000 msec to receive DAYEND confirmation from CRANE, and then close the TCP connection.
2026-05-21 16:20:58.196 INFO  o.c.TcpServerConfig$$SpringCGLIB$$0 - <tcpclient><info> Connection closed: 127.0.0.1:18196:57223:6d30d126-2c06-4a80-b94e-3e1e94aad96d
2026-05-21 16:20:58.200 INFO  o.c.TcpServerConfig$$SpringCGLIB$$0 - <tcpserver><info> Connection closed: 127.0.0.1:57223:18196:2b89c0ae-3c29-43e9-91d0-246929b57ca3
2026-05-21 16:21:16.952 INFO  o.code_studio.ComPortSchedulerTask - <tcpserver><info> Trying to open COM port for Barcode communication
2026-05-21 16:21:17.110 INFO  o.c.WebSocketServerConfig$$SpringCGLIB$$0 - <wsserver><info> Created WS channel: /app/topic
2026-05-21 16:21:17.277 INFO  o.c.TcpServerConfig$$SpringCGLIB$$0 - <tcpserver><info> TCP server started on port: 18196
2026-05-21 16:21:17.286 INFO  o.c.TcpClientConfig$$SpringCGLIB$$0 - <tcpclient><info> TCP client has been created for server: localhost:18196
2026-05-21 16:21:17.385 INFO  o.c.WebSocketServerConfig$$SpringCGLIB$$0 - <wsserver><info> Created WS server on endpoint: /ws
2026-05-21 16:21:18.308 INFO  o.c.TcpServerConfig$$SpringCGLIB$$0 - <tcpserver><info> Connection established: 127.0.0.1:57336:18196:eefb5215-1f34-478b-8f04-dce2aa8b9019
2026-05-21 16:21:18.312 INFO  o.c.CraneClientConnectedListener - <tcpsvr><info> CraneClientConnectedEvent detected
2026-05-21 16:21:18.318 INFO  o.c.TcpServerConfig$$SpringCGLIB$$0 - <tcpclient><info> Connection established: 127.0.0.1:18196:57336:3b366260-35a1-44ed-90d3-a0ceb3cd96f2
2026-05-21 16:21:18.358 WARN  o.c.ApplicationReadyListener - <tcpsvr><info> Message Flow Automation Debug is ENABLED
2026-05-21 16:21:18.375 INFO  o.c.controller.TcpMessageController - <tcpclient><send> LVS1UST1DA120021052026162118????????01???????001
2026-05-21 16:21:18.386 INFO  o.c.CraneClientConnectedListener - <tcpclient><send> DAYSTART message sent to Crane server
2026-05-21 16:21:18.403 INFO  o.c.TcpServerConfig$$SpringCGLIB$$0 - <tcpserver><recv> LVS1UST1DA120021052026162118????????01???????001
2026-05-21 16:21:18.426 WARN  o.c.m.IncomingMessageProcessor - MessageProcessor::handleError->StatusCode.STATUSUNKNOWN
2026-05-21 16:21:18.433 INFO  o.c.m.IncomingMessageProcessor - SENDER LVS1 | RECEIVER UST1 | MESSAGETYPE DAYSTART | ORDINAL 12 | ERRORCODE OK | SOURCE 21052026 | TARGET 162118 | REPORTPOINT RPUNKNOWN | LETYPE LEUNKNOWN | STATUSCODE AUTOMATIONENABLED | USERDATA null | RAWMESSAGE LVS1UST1DA120021052026162118????????01???????001
2026-05-21 16:21:19.901 INFO  o.code_studio.ComPortSchedulerTask - <tcpserver><info> Barcode communication enabled. COM port open: COM3
2026-05-21 16:21:21.452 INFO  o.c.controller.TcpMessageController - <tcpclient><send> UST1LVS111130021052026162118????????01???????001
2026-05-21 16:21:21.455 INFO  o.c.TcpClientConfig$$SpringCGLIB$$0 - <tcpclient><recv> LVS1UST1DA120021052026162118????????01???????001
2026-05-21 16:21:21.457 INFO  o.c.TcpServerConfig$$SpringCGLIB$$0 - <tcpserver><recv> UST1LVS111130021052026162118????????01???????001
2026-05-21 16:21:21.459 WARN  o.c.m.IncomingMessageProcessor - MessageProcessor::handleError->StatusCode.STATUSUNKNOWN
2026-05-21 16:21:21.460 INFO  o.c.m.IncomingMessageProcessor - SENDER UST1 | RECEIVER LVS1 | MESSAGETYPE DAYSTART | ORDINAL 13 | ERRORCODE OK | SOURCE 21052026 | TARGET 162121 | REPORTPOINT RPUNKNOWN | LETYPE LEUNKNOWN | STATUSCODE AUTOMATIONENABLED | USERDATA null | RAWMESSAGE UST1LVS111130021052026162118????????01???????001
2026-05-21 16:21:21.462 INFO  o.c.TcpClientConfig$$SpringCGLIB$$0 - <tcpclient><recv> LVS1UST1AA130021052026162118????????01???????001
2026-05-21 16:22:41.970 INFO  o.c.ApplicationCloseListener - <tcpserver><info> ApplicationContextClosedEvent detected
2026-05-21 16:22:41.973 INFO  org.code_studio.BarcodeConfig - <tcpserver><info> Barcode communication - COM port closed: COM3
2026-05-21 16:22:41.973 INFO  o.c.ApplicationCloseListener - <tcpserver><info> Waiting for 3000 msec to receive DAYEND confirmation from CRANE, and then close the TCP connection.
2026-05-21 16:22:45.030 INFO  o.c.TcpServerConfig$$SpringCGLIB$$0 - <tcpclient><info> Connection closed: 127.0.0.1:18196:57336:3b366260-35a1-44ed-90d3-a0ceb3cd96f2
2026-05-21 16:22:45.040 INFO  o.c.TcpServerConfig$$SpringCGLIB$$0 - <tcpserver><info> Connection closed: 127.0.0.1:57336:18196:eefb5215-1f34-478b-8f04-dce2aa8b9019
2026-05-21 16:23:18.379 INFO  o.code_studio.ComPortSchedulerTask - <tcpserver><info> Trying to open COM port for Barcode communication
2026-05-21 16:23:18.527 INFO  o.c.WebSocketServerConfig$$SpringCGLIB$$0 - <wsserver><info> Created WS channel: /app/topic
2026-05-21 16:23:18.711 INFO  o.c.TcpServerConfig$$SpringCGLIB$$0 - <tcpserver><info> TCP server started on port: 18196
2026-05-21 16:23:18.724 INFO  o.c.TcpClientConfig$$SpringCGLIB$$0 - <tcpclient><info> TCP client has been created for server: localhost:18196
2026-05-21 16:23:18.841 INFO  o.c.WebSocketServerConfig$$SpringCGLIB$$0 - <wsserver><info> Created WS server on endpoint: /ws
2026-05-21 16:23:18.884 INFO  o.code_studio.ComPortSchedulerTask - <tcpserver><info> Barcode communication enabled. COM port open: COM3
2026-05-21 16:23:20.049 INFO  o.c.TcpServerConfig$$SpringCGLIB$$0 - <tcpserver><info> Connection established: 127.0.0.1:57477:18196:a6fd30f1-ad0a-4a19-b339-5a7a90ae0075
2026-05-21 16:23:20.056 INFO  o.c.CraneClientConnectedListener - <tcpsvr><info> CraneClientConnectedEvent detected
2026-05-21 16:23:20.057 INFO  o.c.TcpServerConfig$$SpringCGLIB$$0 - <tcpclient><info> Connection established: 127.0.0.1:18196:57477:b4deb100-61ad-4ed5-8f6b-cbdc0f84b5d2
2026-05-21 16:23:20.101 WARN  o.c.ApplicationReadyListener - <tcpsvr><info> Message Flow Automation Debug is ENABLED
2026-05-21 16:23:20.147 INFO  o.c.controller.TcpMessageController - <tcpclient><send> LVS1UST1DA140021052026162320????????01???????001
2026-05-21 16:23:20.168 INFO  o.c.CraneClientConnectedListener - <tcpclient><send> DAYSTART message sent to Crane server
2026-05-21 16:23:20.192 INFO  o.c.TcpServerConfig$$SpringCGLIB$$0 - <tcpserver><recv> LVS1UST1DA140021052026162320????????01???????001
2026-05-21 16:23:20.249 WARN  o.c.m.IncomingMessageProcessor - MessageProcessor::handleError->StatusCode.STATUSUNKNOWN
2026-05-21 16:23:20.253 INFO  o.c.m.IncomingMessageProcessor - SENDER LVS1 | RECEIVER UST1 | MESSAGETYPE DAYSTART | ORDINAL 14 | ERRORCODE OK | SOURCE 21052026 | TARGET 162320 | REPORTPOINT RPUNKNOWN | LETYPE LEUNKNOWN | STATUSCODE AUTOMATIONENABLED | USERDATA null | RAWMESSAGE LVS1UST1DA140021052026162320????????01???????001
2026-05-21 16:23:23.274 INFO  o.c.controller.TcpMessageController - <tcpclient><send> UST1LVS111150021052026162320????????01???????001
2026-05-21 16:23:23.277 INFO  o.c.TcpClientConfig$$SpringCGLIB$$0 - <tcpclient><recv> LVS1UST1DA140021052026162320????????01???????001
2026-05-21 16:23:23.279 INFO  o.c.TcpServerConfig$$SpringCGLIB$$0 - <tcpserver><recv> UST1LVS111150021052026162320????????01???????001
2026-05-21 16:23:23.281 WARN  o.c.m.IncomingMessageProcessor - MessageProcessor::handleError->StatusCode.STATUSUNKNOWN
2026-05-21 16:23:23.281 INFO  o.c.m.IncomingMessageProcessor - SENDER UST1 | RECEIVER LVS1 | MESSAGETYPE DAYSTART | ORDINAL 15 | ERRORCODE OK | SOURCE 21052026 | TARGET 162323 | REPORTPOINT RPUNKNOWN | LETYPE LEUNKNOWN | STATUSCODE AUTOMATIONENABLED | USERDATA null | RAWMESSAGE UST1LVS111150021052026162320????????01???????001
2026-05-21 16:23:23.283 INFO  o.c.TcpClientConfig$$SpringCGLIB$$0 - <tcpclient><recv> LVS1UST1AA150021052026162320????????01???????001
2026-05-21 16:28:09.318 INFO  o.c.ApplicationCloseListener - <tcpserver><info> ApplicationContextClosedEvent detected
2026-05-21 16:28:09.341 INFO  org.code_studio.BarcodeConfig - <tcpserver><info> Barcode communication - COM port closed: COM3
2026-05-21 16:28:09.342 INFO  o.c.ApplicationCloseListener - <tcpserver><info> Waiting for 3000 msec to receive DAYEND confirmation from CRANE, and then close the TCP connection.
2026-05-21 16:28:12.447 INFO  o.c.TcpServerConfig$$SpringCGLIB$$0 - <tcpclient><info> Connection closed: 127.0.0.1:18196:57477:b4deb100-61ad-4ed5-8f6b-cbdc0f84b5d2
2026-05-21 16:28:12.462 INFO  o.c.TcpServerConfig$$SpringCGLIB$$0 - <tcpserver><info> Connection closed: 127.0.0.1:57477:18196:a6fd30f1-ad0a-4a19-b339-5a7a90ae0075
2026-05-21 16:28:29.380 INFO  o.code_studio.ComPortSchedulerTask - <tcpserver><info> Trying to open COM port for Barcode communication
2026-05-21 16:28:29.574 INFO  o.c.WebSocketServerConfig$$SpringCGLIB$$0 - <wsserver><info> Created WS channel: /app/topic
2026-05-21 16:28:29.840 INFO  o.c.TcpServerConfig$$SpringCGLIB$$0 - <tcpserver><info> TCP server started on port: 18196
2026-05-21 16:28:29.851 INFO  o.c.TcpClientConfig$$SpringCGLIB$$0 - <tcpclient><info> TCP client has been created for server: localhost:18196
2026-05-21 16:28:29.971 INFO  o.c.WebSocketServerConfig$$SpringCGLIB$$0 - <wsserver><info> Created WS server on endpoint: /ws
2026-05-21 16:28:31.179 INFO  o.code_studio.ComPortSchedulerTask - <tcpserver><info> Barcode communication enabled. COM port open: COM3
2026-05-21 16:28:31.643 INFO  o.c.TcpServerConfig$$SpringCGLIB$$0 - <tcpserver><info> Connection established: 127.0.0.1:57666:18196:218a353b-6b86-4239-a0bf-c738360ded63
2026-05-21 16:28:31.645 INFO  o.c.CraneClientConnectedListener - <tcpsvr><info> CraneClientConnectedEvent detected
2026-05-21 16:28:31.647 INFO  o.c.TcpServerConfig$$SpringCGLIB$$0 - <tcpclient><info> Connection established: 127.0.0.1:18196:57666:0b64b73e-cc92-4956-afe6-fda75a1ca831
2026-05-21 16:28:31.722 WARN  o.c.ApplicationReadyListener - <tcpsvr><info> Message Flow Automation Debug is ENABLED
2026-05-21 16:28:31.748 INFO  o.c.controller.TcpMessageController - <tcpclient><send> LVS1UST1DA160021052026162831????????01???????001
2026-05-21 16:28:31.762 INFO  o.c.CraneClientConnectedListener - <tcpclient><send> DAYSTART message sent to Crane server
2026-05-21 16:28:31.795 INFO  o.c.TcpServerConfig$$SpringCGLIB$$0 - <tcpserver><recv> LVS1UST1DA160021052026162831????????01???????001
2026-05-21 16:28:31.824 WARN  o.c.m.IncomingMessageProcessor - MessageProcessor::handleError->StatusCode.STATUSUNKNOWN
2026-05-21 16:28:31.828 INFO  o.c.m.IncomingMessageProcessor - SENDER LVS1 | RECEIVER UST1 | MESSAGETYPE DAYSTART | ORDINAL 16 | ERRORCODE OK | SOURCE 21052026 | TARGET 162831 | REPORTPOINT RPUNKNOWN | LETYPE LEUNKNOWN | STATUSCODE AUTOMATIONENABLED | USERDATA null | RAWMESSAGE LVS1UST1DA160021052026162831????????01???????001
2026-05-21 16:28:34.871 INFO  o.c.controller.TcpMessageController - <tcpclient><send> UST1LVS111170021052026162831????????01???????001
2026-05-21 16:28:34.874 INFO  o.c.TcpClientConfig$$SpringCGLIB$$0 - <tcpclient><recv> LVS1UST1DA160021052026162831????????01???????001
2026-05-21 16:28:34.874 INFO  o.c.TcpServerConfig$$SpringCGLIB$$0 - <tcpserver><recv> UST1LVS111170021052026162831????????01???????001
2026-05-21 16:28:34.875 WARN  o.c.m.IncomingMessageProcessor - MessageProcessor::handleError->StatusCode.STATUSUNKNOWN
2026-05-21 16:28:34.876 INFO  o.c.m.IncomingMessageProcessor - SENDER UST1 | RECEIVER LVS1 | MESSAGETYPE DAYSTART | ORDINAL 17 | ERRORCODE OK | SOURCE 21052026 | TARGET 162834 | REPORTPOINT RPUNKNOWN | LETYPE LEUNKNOWN | STATUSCODE AUTOMATIONENABLED | USERDATA null | RAWMESSAGE UST1LVS111170021052026162831????????01???????001
2026-05-21 16:28:34.878 INFO  o.c.TcpClientConfig$$SpringCGLIB$$0 - <tcpclient><recv> LVS1UST1AA170021052026162831????????01???????001
2026-05-21 16:31:37.098 INFO  o.c.ApplicationCloseListener - <tcpserver><info> ApplicationContextClosedEvent detected
2026-05-21 16:31:37.101 INFO  org.code_studio.BarcodeConfig - <tcpserver><info> Barcode communication - COM port closed: COM3
2026-05-21 16:31:37.102 INFO  o.c.ApplicationCloseListener - <tcpserver><info> Waiting for 3000 msec to receive DAYEND confirmation from CRANE, and then close the TCP connection.
2026-05-21 16:31:40.159 INFO  o.c.TcpServerConfig$$SpringCGLIB$$0 - <tcpclient><info> Connection closed: 127.0.0.1:18196:57666:0b64b73e-cc92-4956-afe6-fda75a1ca831
2026-05-21 16:31:40.179 INFO  o.c.TcpServerConfig$$SpringCGLIB$$0 - <tcpserver><info> Connection closed: 127.0.0.1:57666:18196:218a353b-6b86-4239-a0bf-c738360ded63
2026-05-21 16:31:56.514 INFO  o.code_studio.ComPortSchedulerTask - <tcpserver><info> Trying to open COM port for Barcode communication
2026-05-21 16:31:56.714 INFO  o.c.WebSocketServerConfig$$SpringCGLIB$$0 - <wsserver><info> Created WS channel: /app/topic
2026-05-21 16:31:57.020 INFO  o.c.TcpServerConfig$$SpringCGLIB$$0 - <tcpserver><info> TCP server started on port: 18196
2026-05-21 16:31:57.030 INFO  o.c.TcpClientConfig$$SpringCGLIB$$0 - <tcpclient><info> TCP client has been created for server: localhost:18196
2026-05-21 16:31:57.167 INFO  o.c.WebSocketServerConfig$$SpringCGLIB$$0 - <wsserver><info> Created WS server on endpoint: /ws
2026-05-21 16:31:57.296 INFO  o.code_studio.ComPortSchedulerTask - <tcpserver><info> Barcode communication enabled. COM port open: COM3
2026-05-21 16:31:58.824 INFO  o.c.TcpServerConfig$$SpringCGLIB$$0 - <tcpserver><info> Connection established: 127.0.0.1:57867:18196:d2bd7d39-f7eb-44ad-b35b-3236f9cb5e7b
2026-05-21 16:31:58.827 INFO  o.c.CraneClientConnectedListener - <tcpsvr><info> CraneClientConnectedEvent detected
2026-05-21 16:31:58.831 INFO  o.c.TcpServerConfig$$SpringCGLIB$$0 - <tcpclient><info> Connection established: 127.0.0.1:18196:57867:1b7bbba0-1c80-4582-8127-303fae538efc
2026-05-21 16:31:58.877 WARN  o.c.ApplicationReadyListener - <tcpsvr><info> Message Flow Automation Debug is ENABLED
2026-05-21 16:31:58.896 INFO  o.c.controller.TcpMessageController - <tcpclient><send> LVS1UST1DA180021052026163158????????01???????001
2026-05-21 16:31:58.913 INFO  o.c.CraneClientConnectedListener - <tcpclient><send> DAYSTART message sent to Crane server
2026-05-21 16:31:58.938 INFO  o.c.TcpServerConfig$$SpringCGLIB$$0 - <tcpserver><recv> LVS1UST1DA180021052026163158????????01???????001
2026-05-21 16:31:58.995 WARN  o.c.m.IncomingMessageProcessor - MessageProcessor::handleError->StatusCode.STATUSUNKNOWN
2026-05-21 16:31:59.002 INFO  o.c.m.IncomingMessageProcessor - SENDER LVS1 | RECEIVER UST1 | MESSAGETYPE DAYSTART | ORDINAL 18 | ERRORCODE OK | SOURCE 21052026 | TARGET 163158 | REPORTPOINT RPUNKNOWN | LETYPE LEUNKNOWN | STATUSCODE AUTOMATIONENABLED | USERDATA null | RAWMESSAGE LVS1UST1DA180021052026163158????????01???????001
2026-05-21 16:32:02.033 INFO  o.c.controller.TcpMessageController - <tcpclient><send> UST1LVS111190021052026163158????????01???????001
2026-05-21 16:32:02.038 INFO  o.c.TcpClientConfig$$SpringCGLIB$$0 - <tcpclient><recv> LVS1UST1DA180021052026163158????????01???????001
2026-05-21 16:32:02.039 INFO  o.c.TcpServerConfig$$SpringCGLIB$$0 - <tcpserver><recv> UST1LVS111190021052026163158????????01???????001
2026-05-21 16:32:02.039 WARN  o.c.m.IncomingMessageProcessor - MessageProcessor::handleError->StatusCode.STATUSUNKNOWN
2026-05-21 16:32:02.040 INFO  o.c.m.IncomingMessageProcessor - SENDER UST1 | RECEIVER LVS1 | MESSAGETYPE DAYSTART | ORDINAL 19 | ERRORCODE OK | SOURCE 21052026 | TARGET 163202 | REPORTPOINT RPUNKNOWN | LETYPE LEUNKNOWN | STATUSCODE AUTOMATIONENABLED | USERDATA null | RAWMESSAGE UST1LVS111190021052026163158????????01???????001
2026-05-21 16:32:02.042 INFO  o.c.TcpClientConfig$$SpringCGLIB$$0 - <tcpclient><recv> LVS1UST1AA190021052026163158????????01???????001
2026-05-21 16:33:41.127 INFO  o.c.ApplicationCloseListener - <tcpserver><info> ApplicationContextClosedEvent detected
2026-05-21 16:33:41.134 INFO  org.code_studio.BarcodeConfig - <tcpserver><info> Barcode communication - COM port closed: COM3
2026-05-21 16:33:41.135 INFO  o.c.ApplicationCloseListener - <tcpserver><info> Waiting for 3000 msec to receive DAYEND confirmation from CRANE, and then close the TCP connection.
2026-05-21 16:33:44.156 INFO  o.c.TcpServerConfig$$SpringCGLIB$$0 - <tcpclient><info> Connection closed: 127.0.0.1:18196:57867:1b7bbba0-1c80-4582-8127-303fae538efc
2026-05-21 16:33:44.159 INFO  o.c.TcpServerConfig$$SpringCGLIB$$0 - <tcpserver><info> Connection closed: 127.0.0.1:57867:18196:d2bd7d39-f7eb-44ad-b35b-3236f9cb5e7b
2026-05-21 16:33:54.464 INFO  o.code_studio.ComPortSchedulerTask - <tcpserver><info> Trying to open COM port for Barcode communication
2026-05-21 16:33:54.670 INFO  o.c.WebSocketServerConfig$$SpringCGLIB$$0 - <wsserver><info> Created WS channel: /app/topic
2026-05-21 16:33:54.877 INFO  o.c.TcpServerConfig$$SpringCGLIB$$0 - <tcpserver><info> TCP server started on port: 18196
2026-05-21 16:33:54.887 INFO  o.c.TcpClientConfig$$SpringCGLIB$$0 - <tcpclient><info> TCP client has been created for server: localhost:18196
2026-05-21 16:33:55.003 INFO  o.code_studio.ComPortSchedulerTask - <tcpserver><info> Barcode communication enabled. COM port open: COM3
2026-05-21 16:33:55.047 INFO  o.c.WebSocketServerConfig$$SpringCGLIB$$0 - <wsserver><info> Created WS server on endpoint: /ws
2026-05-21 16:33:56.808 INFO  o.c.TcpServerConfig$$SpringCGLIB$$0 - <tcpserver><info> Connection established: 127.0.0.1:57971:18196:05334101-a76b-42f0-a3f6-dd7743842daf
2026-05-21 16:33:56.811 INFO  o.c.CraneClientConnectedListener - <tcpsvr><info> CraneClientConnectedEvent detected
2026-05-21 16:33:56.816 INFO  o.c.TcpServerConfig$$SpringCGLIB$$0 - <tcpclient><info> Connection established: 127.0.0.1:18196:57971:cb0bb9ce-e314-4bc6-96fd-fab629650f60
2026-05-21 16:33:56.879 WARN  o.c.ApplicationReadyListener - <tcpsvr><info> Message Flow Automation Debug is ENABLED
2026-05-21 16:33:56.944 INFO  o.c.controller.TcpMessageController - <tcpclient><send> LVS1UST1DA200021052026163356????????01???????001
2026-05-21 16:33:56.970 INFO  o.c.CraneClientConnectedListener - <tcpclient><send> DAYSTART message sent to Crane server
2026-05-21 16:33:56.995 INFO  o.c.TcpServerConfig$$SpringCGLIB$$0 - <tcpserver><recv> LVS1UST1DA200021052026163356????????01???????001
2026-05-21 16:33:57.077 WARN  o.c.m.IncomingMessageProcessor - MessageProcessor::handleError->StatusCode.STATUSUNKNOWN
2026-05-21 16:33:57.083 INFO  o.c.m.IncomingMessageProcessor - SENDER LVS1 | RECEIVER UST1 | MESSAGETYPE DAYSTART | ORDINAL 20 | ERRORCODE OK | SOURCE 21052026 | TARGET 163357 | REPORTPOINT RPUNKNOWN | LETYPE LEUNKNOWN | STATUSCODE AUTOMATIONENABLED | USERDATA null | RAWMESSAGE LVS1UST1DA200021052026163356????????01???????001
2026-05-21 16:34:00.123 INFO  o.c.controller.TcpMessageController - <tcpclient><send> UST1LVS111210021052026163357????????01???????001
2026-05-21 16:34:00.126 INFO  o.c.TcpClientConfig$$SpringCGLIB$$0 - <tcpclient><recv> LVS1UST1DA200021052026163356????????01???????001
2026-05-21 16:34:00.127 INFO  o.c.TcpServerConfig$$SpringCGLIB$$0 - <tcpserver><recv> UST1LVS111210021052026163357????????01???????001
2026-05-21 16:34:00.129 WARN  o.c.m.IncomingMessageProcessor - MessageProcessor::handleError->StatusCode.STATUSUNKNOWN
2026-05-21 16:34:00.129 INFO  o.c.m.IncomingMessageProcessor - SENDER UST1 | RECEIVER LVS1 | MESSAGETYPE DAYSTART | ORDINAL 21 | ERRORCODE OK | SOURCE 21052026 | TARGET 163400 | REPORTPOINT RPUNKNOWN | LETYPE LEUNKNOWN | STATUSCODE AUTOMATIONENABLED | USERDATA null | RAWMESSAGE UST1LVS111210021052026163357????????01???????001
2026-05-21 16:34:00.131 INFO  o.c.TcpClientConfig$$SpringCGLIB$$0 - <tcpclient><recv> LVS1UST1AA210021052026163357????????01???????001
2026-05-21 20:49:59.520 INFO  o.code_studio.ComPortSchedulerTask - <tcpserver><info> Trying to open COM port for Barcode communication
2026-05-21 20:49:59.527 ERROR o.code_studio.ComPortSchedulerTask - <tcpserver><err> Barcode communication - Unable to open COM port: COM3. Barcode functionality will be DISABLED until COM port gets connected
2026-05-21 20:49:59.793 INFO  o.c.WebSocketServerConfig$$SpringCGLIB$$0 - <wsserver><info> Created WS channel: /app/topic
2026-05-21 20:50:00.192 INFO  o.c.TcpServerConfig$$SpringCGLIB$$0 - <tcpserver><info> TCP server started on port: 18196
2026-05-21 20:50:00.214 INFO  o.c.TcpClientConfig$$SpringCGLIB$$0 - <tcpclient><info> TCP client has been created for server: localhost:18196
2026-05-21 20:50:00.557 INFO  o.c.WebSocketServerConfig$$SpringCGLIB$$0 - <wsserver><info> Created WS server on endpoint: /ws
2026-05-21 20:50:02.666 ERROR o.s.i.i.t.c.TcpNetServerConnectionFactory - Error on ServerSocket; port = 18196
java.net.BindException: Address already in use: bind
	at java.base/sun.nio.ch.Net.bind0(Native Method)
	at java.base/sun.nio.ch.Net.bind(Net.java:511)
	at java.base/sun.nio.ch.Net.bind(Net.java:500)
	at java.base/sun.nio.ch.NioSocketImpl.bind(NioSocketImpl.java:630)
	at java.base/java.net.ServerSocket.bind(ServerSocket.java:326)
	at java.base/java.net.ServerSocket.<init>(ServerSocket.java:222)
	at java.base/java.net.ServerSocket.<init>(ServerSocket.java:178)
	at java.base/javax.net.DefaultServerSocketFactory.createServerSocket(ServerSocketFactory.java:200)
	at org.springframework.integration.ip.tcp.connection.TcpNetServerConnectionFactory.createServerSocket(TcpNetServerConnectionFactory.java:226)
	at org.springframework.integration.ip.tcp.connection.TcpNetServerConnectionFactory.setupServerSocket(TcpNetServerConnectionFactory.java:143)
	at org.springframework.integration.ip.tcp.connection.TcpNetServerConnectionFactory.run(TcpNetServerConnectionFactory.java:118)
	at java.base/java.util.concurrent.ThreadPoolExecutor.runWorker(ThreadPoolExecutor.java:1095)
	at java.base/java.util.concurrent.ThreadPoolExecutor$Worker.run(ThreadPoolExecutor.java:619)
	at java.base/java.lang.Thread.run(Thread.java:1447)
2026-05-21 20:50:02.718 INFO  o.c.TcpServerConfig$$SpringCGLIB$$0 - <tcpclient><info> Connection closed: 127.0.0.1:18196:64239:051ab0ea-a1de-4431-8353-30186706d23b
2026-05-21 20:50:02.727 INFO  o.c.TcpServerConfig$$SpringCGLIB$$0 - <tcpclient><info> Connection established: 127.0.0.1:18196:64239:051ab0ea-a1de-4431-8353-30186706d23b
2026-05-21 20:50:02.970 ERROR o.s.b.d.LoggingFailureAnalysisReporter - 

***************************
APPLICATION FAILED TO START
***************************

Description:

Web server failed to start. Port 33378 was already in use.

Action:

Identify and stop the process that's listening on port 33378 or configure this application to listen on another port.

2026-05-21 20:52:08.199 INFO  o.code_studio.ComPortSchedulerTask - <tcpserver><info> Trying to open COM port for Barcode communication
2026-05-21 20:52:08.462 INFO  o.c.WebSocketServerConfig$$SpringCGLIB$$0 - <wsserver><info> Created WS channel: /app/topic
2026-05-21 20:52:08.810 INFO  o.c.TcpServerConfig$$SpringCGLIB$$0 - <tcpserver><info> TCP server started on port: 18196
2026-05-21 20:52:08.821 INFO  o.c.TcpClientConfig$$SpringCGLIB$$0 - <tcpclient><info> TCP client has been created for server: localhost:18196
2026-05-21 20:52:09.026 INFO  o.c.WebSocketServerConfig$$SpringCGLIB$$0 - <wsserver><info> Created WS server on endpoint: /ws
2026-05-21 20:52:10.453 INFO  o.c.TcpServerConfig$$SpringCGLIB$$0 - <tcpclient><info> Connection established: 127.0.0.1:18196:64334:0c7d2642-8c28-421a-8614-da6cfbffa5ad
2026-05-21 20:52:10.457 INFO  o.c.TcpServerConfig$$SpringCGLIB$$0 - <tcpserver><info> Connection established: 127.0.0.1:64334:18196:2cf14f04-a1a8-4bf2-b259-529d06c25486
2026-05-21 20:52:10.459 INFO  o.c.CraneClientConnectedListener - <tcpsvr><info> CraneClientConnectedEvent detected
2026-05-21 20:52:10.516 INFO  o.c.controller.TcpMessageController - <tcpclient><send> LVS1UST1DA220021052026205210????????01???????001
2026-05-21 20:52:10.524 WARN  o.c.ApplicationReadyListener - <tcpsvr><info> Message Flow Automation Debug is ENABLED
2026-05-21 20:52:10.532 INFO  o.c.CraneClientConnectedListener - <tcpclient><send> DAYSTART message sent to Crane server
2026-05-21 20:52:10.559 INFO  o.c.TcpServerConfig$$SpringCGLIB$$0 - <tcpserver><recv> LVS1UST1DA220021052026205210????????01???????001
2026-05-21 20:52:10.572 INFO  o.code_studio.ComPortSchedulerTask - <tcpserver><info> Barcode communication enabled. COM port open: COM3
2026-05-21 20:52:10.596 WARN  o.c.m.IncomingMessageProcessor - MessageProcessor::handleError->StatusCode.STATUSUNKNOWN
2026-05-21 20:52:10.602 INFO  o.c.m.IncomingMessageProcessor - SENDER LVS1 | RECEIVER UST1 | MESSAGETYPE DAYSTART | ORDINAL 22 | ERRORCODE OK | SOURCE 21052026 | TARGET 205210 | REPORTPOINT RPUNKNOWN | LETYPE LEUNKNOWN | STATUSCODE AUTOMATIONENABLED | USERDATA null | RAWMESSAGE LVS1UST1DA220021052026205210????????01???????001
2026-05-21 20:52:13.626 INFO  o.c.controller.TcpMessageController - <tcpclient><send> UST1LVS111230021052026205210????????01???????001
2026-05-21 20:52:13.633 INFO  o.c.TcpClientConfig$$SpringCGLIB$$0 - <tcpclient><recv> LVS1UST1DA220021052026205210????????01???????001
2026-05-21 20:52:13.636 INFO  o.c.TcpServerConfig$$SpringCGLIB$$0 - <tcpserver><recv> UST1LVS111230021052026205210????????01???????001
2026-05-21 20:52:13.637 WARN  o.c.m.IncomingMessageProcessor - MessageProcessor::handleError->StatusCode.STATUSUNKNOWN
2026-05-21 20:52:13.639 INFO  o.c.m.IncomingMessageProcessor - SENDER UST1 | RECEIVER LVS1 | MESSAGETYPE DAYSTART | ORDINAL 23 | ERRORCODE OK | SOURCE 21052026 | TARGET 205213 | REPORTPOINT RPUNKNOWN | LETYPE LEUNKNOWN | STATUSCODE AUTOMATIONENABLED | USERDATA null | RAWMESSAGE UST1LVS111230021052026205210????????01???????001
2026-05-21 20:52:13.641 INFO  o.c.TcpClientConfig$$SpringCGLIB$$0 - <tcpclient><recv> LVS1UST1AA230021052026205210????????01???????001
2026-05-21 21:03:00.950 INFO  o.c.ApplicationCloseListener - <tcpserver><info> ApplicationContextClosedEvent detected
2026-05-21 21:03:00.951 INFO  org.code_studio.BarcodeConfig - <tcpserver><info> Barcode communication - COM port closed: COM3
2026-05-21 21:03:00.951 INFO  o.c.ApplicationCloseListener - <tcpserver><info> Waiting for 3000 msec to receive DAYEND confirmation from CRANE, and then close the TCP connection.
2026-05-21 21:03:03.983 INFO  o.c.TcpServerConfig$$SpringCGLIB$$0 - <tcpclient><info> Connection closed: 127.0.0.1:18196:64334:0c7d2642-8c28-421a-8614-da6cfbffa5ad
2026-05-21 21:03:03.996 INFO  o.c.TcpServerConfig$$SpringCGLIB$$0 - <tcpserver><info> Connection closed: 127.0.0.1:64334:18196:2cf14f04-a1a8-4bf2-b259-529d06c25486
2026-05-21 21:05:37.299 INFO  o.code_studio.ComPortSchedulerTask - <tcpserver><info> Trying to open COM port for Barcode communication
2026-05-21 21:05:37.440 INFO  o.c.WebSocketServerConfig$$SpringCGLIB$$0 - <wsserver><info> Created WS channel: /app/topic
2026-05-21 21:05:37.626 INFO  o.c.TcpServerConfig$$SpringCGLIB$$0 - <tcpserver><info> TCP server started on port: 18196
2026-05-21 21:05:37.635 INFO  o.c.TcpClientConfig$$SpringCGLIB$$0 - <tcpclient><info> TCP client has been created for server: localhost:18196
2026-05-21 21:05:37.733 INFO  o.c.WebSocketServerConfig$$SpringCGLIB$$0 - <wsserver><info> Created WS server on endpoint: /ws
2026-05-21 21:05:38.605 INFO  o.c.TcpServerConfig$$SpringCGLIB$$0 - <tcpclient><info> Connection established: 127.0.0.1:18196:64493:2f3fd5d9-39fd-4c65-a37d-2837fb402c24
2026-05-21 21:05:38.605 INFO  o.c.TcpServerConfig$$SpringCGLIB$$0 - <tcpserver><info> Connection established: 127.0.0.1:64493:18196:94468c5f-2ffa-420d-88c2-665171fbe381
2026-05-21 21:05:38.606 INFO  o.c.CraneClientConnectedListener - <tcpsvr><info> CraneClientConnectedEvent detected
2026-05-21 21:05:38.651 WARN  o.c.ApplicationReadyListener - <tcpsvr><info> Message Flow Automation Debug is ENABLED
2026-05-21 21:05:38.651 INFO  o.c.controller.TcpMessageController - <tcpclient><send> LVS1UST1DA240021052026210538????????01???????001
2026-05-21 21:05:38.664 INFO  o.c.CraneClientConnectedListener - <tcpclient><send> DAYSTART message sent to Crane server
2026-05-21 21:05:38.675 INFO  o.c.TcpServerConfig$$SpringCGLIB$$0 - <tcpserver><recv> LVS1UST1DA240021052026210538????????01???????001
2026-05-21 21:05:38.688 WARN  o.c.m.IncomingMessageProcessor - MessageProcessor::handleError->StatusCode.STATUSUNKNOWN
2026-05-21 21:05:38.693 INFO  o.c.m.IncomingMessageProcessor - SENDER LVS1 | RECEIVER UST1 | MESSAGETYPE DAYSTART | ORDINAL 24 | ERRORCODE OK | SOURCE 21052026 | TARGET 210538 | REPORTPOINT RPUNKNOWN | LETYPE LEUNKNOWN | STATUSCODE AUTOMATIONENABLED | USERDATA null | RAWMESSAGE LVS1UST1DA240021052026210538????????01???????001
2026-05-21 21:05:39.539 INFO  o.code_studio.ComPortSchedulerTask - <tcpserver><info> Barcode communication enabled. COM port open: COM3
2026-05-21 21:05:41.744 INFO  o.c.controller.TcpMessageController - <tcpclient><send> UST1LVS111250021052026210538????????01???????001
2026-05-21 21:05:41.747 INFO  o.c.TcpClientConfig$$SpringCGLIB$$0 - <tcpclient><recv> LVS1UST1DA240021052026210538????????01???????001
2026-05-21 21:05:41.748 INFO  o.c.TcpServerConfig$$SpringCGLIB$$0 - <tcpserver><recv> UST1LVS111250021052026210538????????01???????001
2026-05-21 21:05:41.749 WARN  o.c.m.IncomingMessageProcessor - MessageProcessor::handleError->StatusCode.STATUSUNKNOWN
2026-05-21 21:05:41.749 INFO  o.c.m.IncomingMessageProcessor - SENDER UST1 | RECEIVER LVS1 | MESSAGETYPE DAYSTART | ORDINAL 25 | ERRORCODE OK | SOURCE 21052026 | TARGET 210541 | REPORTPOINT RPUNKNOWN | LETYPE LEUNKNOWN | STATUSCODE AUTOMATIONENABLED | USERDATA null | RAWMESSAGE UST1LVS111250021052026210538????????01???????001
2026-05-21 21:05:41.750 INFO  o.c.TcpClientConfig$$SpringCGLIB$$0 - <tcpclient><recv> LVS1UST1AA250021052026210538????????01???????001
2026-05-21 21:12:30.665 INFO  o.c.ApplicationCloseListener - <tcpserver><info> ApplicationContextClosedEvent detected
2026-05-21 21:12:30.667 INFO  org.code_studio.BarcodeConfig - <tcpserver><info> Barcode communication - COM port closed: COM3
2026-05-21 21:12:30.668 INFO  o.c.ApplicationCloseListener - <tcpserver><info> Waiting for 3000 msec to receive DAYEND confirmation from CRANE, and then close the TCP connection.
2026-05-21 21:12:33.686 INFO  o.c.TcpServerConfig$$SpringCGLIB$$0 - <tcpclient><info> Connection closed: 127.0.0.1:18196:64493:2f3fd5d9-39fd-4c65-a37d-2837fb402c24
2026-05-21 21:12:33.690 INFO  o.c.TcpServerConfig$$SpringCGLIB$$0 - <tcpserver><info> Connection closed: 127.0.0.1:64493:18196:94468c5f-2ffa-420d-88c2-665171fbe381
2026-05-21 21:12:42.124 INFO  o.code_studio.ComPortSchedulerTask - <tcpserver><info> Trying to open COM port for Barcode communication
2026-05-21 21:12:42.252 INFO  o.c.WebSocketServerConfig$$SpringCGLIB$$0 - <wsserver><info> Created WS channel: /app/topic
2026-05-21 21:12:42.404 INFO  o.c.TcpServerConfig$$SpringCGLIB$$0 - <tcpserver><info> TCP server started on port: 18196
2026-05-21 21:12:42.412 INFO  o.c.TcpClientConfig$$SpringCGLIB$$0 - <tcpclient><info> TCP client has been created for server: localhost:18196
2026-05-21 21:12:42.505 INFO  o.c.WebSocketServerConfig$$SpringCGLIB$$0 - <wsserver><info> Created WS server on endpoint: /ws
2026-05-21 21:12:43.458 INFO  o.code_studio.ComPortSchedulerTask - <tcpserver><info> Barcode communication enabled. COM port open: COM3
2026-05-21 21:12:43.631 INFO  o.c.TcpServerConfig$$SpringCGLIB$$0 - <tcpclient><info> Connection established: 127.0.0.1:18196:64641:f919ce36-80fe-4ad1-8f6c-36f376f64be5
2026-05-21 21:12:43.631 INFO  o.c.TcpServerConfig$$SpringCGLIB$$0 - <tcpserver><info> Connection established: 127.0.0.1:64641:18196:56131d9d-fcb1-4ca2-bb6f-2ad9412ca548
2026-05-21 21:12:43.632 INFO  o.c.CraneClientConnectedListener - <tcpsvr><info> CraneClientConnectedEvent detected
2026-05-21 21:12:43.671 WARN  o.c.ApplicationReadyListener - <tcpsvr><info> Message Flow Automation Debug is ENABLED
2026-05-21 21:12:43.684 INFO  o.c.controller.TcpMessageController - <tcpclient><send> LVS1UST1DA260021052026211243????????01???????001
2026-05-21 21:12:43.697 INFO  o.c.CraneClientConnectedListener - <tcpclient><send> DAYSTART message sent to Crane server
2026-05-21 21:12:43.712 INFO  o.c.TcpServerConfig$$SpringCGLIB$$0 - <tcpserver><recv> LVS1UST1DA260021052026211243????????01???????001
2026-05-21 21:12:43.734 WARN  o.c.m.IncomingMessageProcessor - MessageProcessor::handleError->StatusCode.STATUSUNKNOWN
2026-05-21 21:12:43.738 INFO  o.c.m.IncomingMessageProcessor - SENDER LVS1 | RECEIVER UST1 | MESSAGETYPE DAYSTART | ORDINAL 26 | ERRORCODE OK | SOURCE 21052026 | TARGET 211243 | REPORTPOINT RPUNKNOWN | LETYPE LEUNKNOWN | STATUSCODE AUTOMATIONENABLED | USERDATA null | RAWMESSAGE LVS1UST1DA260021052026211243????????01???????001
2026-05-21 21:12:46.761 INFO  o.c.controller.TcpMessageController - <tcpclient><send> UST1LVS111270021052026211243????????01???????001
2026-05-21 21:12:46.764 INFO  o.c.TcpClientConfig$$SpringCGLIB$$0 - <tcpclient><recv> LVS1UST1DA260021052026211243????????01???????001
2026-05-21 21:12:46.765 INFO  o.c.TcpServerConfig$$SpringCGLIB$$0 - <tcpserver><recv> UST1LVS111270021052026211243????????01???????001
2026-05-21 21:12:46.766 WARN  o.c.m.IncomingMessageProcessor - MessageProcessor::handleError->StatusCode.STATUSUNKNOWN
2026-05-21 21:12:46.767 INFO  o.c.m.IncomingMessageProcessor - SENDER UST1 | RECEIVER LVS1 | MESSAGETYPE DAYSTART | ORDINAL 27 | ERRORCODE OK | SOURCE 21052026 | TARGET 211246 | REPORTPOINT RPUNKNOWN | LETYPE LEUNKNOWN | STATUSCODE AUTOMATIONENABLED | USERDATA null | RAWMESSAGE UST1LVS111270021052026211243????????01???????001
2026-05-21 21:12:46.768 INFO  o.c.TcpClientConfig$$SpringCGLIB$$0 - <tcpclient><recv> LVS1UST1AA270021052026211243????????01???????001
2026-05-21 21:17:35.910 INFO  o.c.ApplicationCloseListener - <tcpserver><info> ApplicationContextClosedEvent detected
2026-05-21 21:17:35.912 INFO  org.code_studio.BarcodeConfig - <tcpserver><info> Barcode communication - COM port closed: COM3
2026-05-21 21:17:35.913 INFO  o.c.ApplicationCloseListener - <tcpserver><info> Waiting for 3000 msec to receive DAYEND confirmation from CRANE, and then close the TCP connection.
2026-05-21 21:17:38.929 INFO  o.c.TcpServerConfig$$SpringCGLIB$$0 - <tcpclient><info> Connection closed: 127.0.0.1:18196:64641:f919ce36-80fe-4ad1-8f6c-36f376f64be5
2026-05-21 21:17:38.933 INFO  o.c.TcpServerConfig$$SpringCGLIB$$0 - <tcpserver><info> Connection closed: 127.0.0.1:64641:18196:56131d9d-fcb1-4ca2-bb6f-2ad9412ca548
2026-05-21 21:17:49.714 INFO  o.code_studio.ComPortSchedulerTask - <tcpserver><info> Trying to open COM port for Barcode communication
2026-05-21 21:17:49.875 INFO  o.c.WebSocketServerConfig$$SpringCGLIB$$0 - <wsserver><info> Created WS channel: /app/topic
2026-05-21 21:17:50.049 INFO  o.c.TcpServerConfig$$SpringCGLIB$$0 - <tcpserver><info> TCP server started on port: 18196
2026-05-21 21:17:50.056 INFO  o.c.TcpClientConfig$$SpringCGLIB$$0 - <tcpclient><info> TCP client has been created for server: localhost:18196
2026-05-21 21:17:50.133 INFO  o.c.WebSocketServerConfig$$SpringCGLIB$$0 - <wsserver><info> Created WS server on endpoint: /ws
2026-05-21 21:17:50.379 INFO  o.code_studio.ComPortSchedulerTask - <tcpserver><info> Barcode communication enabled. COM port open: COM3
2026-05-21 21:17:51.013 INFO  o.c.TcpServerConfig$$SpringCGLIB$$0 - <tcpserver><info> Connection established: 127.0.0.1:64702:18196:98a938e2-1b0f-4e82-a09a-8c16b5cc7ac9
2026-05-21 21:17:51.013 INFO  o.c.TcpServerConfig$$SpringCGLIB$$0 - <tcpclient><info> Connection established: 127.0.0.1:18196:64702:c0de63e1-3daf-4fa8-9c9a-086da79fe0a4
2026-05-21 21:17:51.014 INFO  o.c.CraneClientConnectedListener - <tcpsvr><info> CraneClientConnectedEvent detected
2026-05-21 21:17:51.062 WARN  o.c.ApplicationReadyListener - <tcpsvr><info> Message Flow Automation Debug is ENABLED
2026-05-21 21:17:51.064 INFO  o.c.controller.TcpMessageController - <tcpclient><send> LVS1UST1DA280021052026211751????????01???????001
2026-05-21 21:17:51.074 INFO  o.c.CraneClientConnectedListener - <tcpclient><send> DAYSTART message sent to Crane server
2026-05-21 21:17:51.087 INFO  o.c.TcpServerConfig$$SpringCGLIB$$0 - <tcpserver><recv> LVS1UST1DA280021052026211751????????01???????001
2026-05-21 21:17:51.109 WARN  o.c.m.IncomingMessageProcessor - MessageProcessor::handleError->StatusCode.STATUSUNKNOWN
2026-05-21 21:17:51.120 INFO  o.c.m.IncomingMessageProcessor - SENDER LVS1 | RECEIVER UST1 | MESSAGETYPE DAYSTART | ORDINAL 28 | ERRORCODE OK | SOURCE 21052026 | TARGET 211751 | REPORTPOINT RPUNKNOWN | LETYPE LEUNKNOWN | STATUSCODE AUTOMATIONENABLED | USERDATA null | RAWMESSAGE LVS1UST1DA280021052026211751????????01???????001
2026-05-21 21:17:54.157 INFO  o.c.controller.TcpMessageController - <tcpclient><send> UST1LVS111290021052026211751????????01???????001
2026-05-21 21:17:54.161 INFO  o.c.TcpClientConfig$$SpringCGLIB$$0 - <tcpclient><recv> LVS1UST1DA280021052026211751????????01???????001
2026-05-21 21:17:54.161 INFO  o.c.TcpServerConfig$$SpringCGLIB$$0 - <tcpserver><recv> UST1LVS111290021052026211751????????01???????001
2026-05-21 21:17:54.163 WARN  o.c.m.IncomingMessageProcessor - MessageProcessor::handleError->StatusCode.STATUSUNKNOWN
2026-05-21 21:17:54.164 INFO  o.c.m.IncomingMessageProcessor - SENDER UST1 | RECEIVER LVS1 | MESSAGETYPE DAYSTART | ORDINAL 29 | ERRORCODE OK | SOURCE 21052026 | TARGET 211754 | REPORTPOINT RPUNKNOWN | LETYPE LEUNKNOWN | STATUSCODE AUTOMATIONENABLED | USERDATA null | RAWMESSAGE UST1LVS111290021052026211751????????01???????001
2026-05-21 21:17:54.166 INFO  o.c.TcpClientConfig$$SpringCGLIB$$0 - <tcpclient><recv> LVS1UST1AA290021052026211751????????01???????001
2026-05-21 21:23:37.558 INFO  o.c.ApplicationCloseListener - <tcpserver><info> ApplicationContextClosedEvent detected
2026-05-21 21:23:37.559 INFO  org.code_studio.BarcodeConfig - <tcpserver><info> Barcode communication - COM port closed: COM3
2026-05-21 21:23:37.560 INFO  o.c.ApplicationCloseListener - <tcpserver><info> Waiting for 3000 msec to receive DAYEND confirmation from CRANE, and then close the TCP connection.
2026-05-21 21:23:40.585 INFO  o.c.TcpServerConfig$$SpringCGLIB$$0 - <tcpclient><info> Connection closed: 127.0.0.1:18196:64702:c0de63e1-3daf-4fa8-9c9a-086da79fe0a4
2026-05-21 21:23:40.589 INFO  o.c.TcpServerConfig$$SpringCGLIB$$0 - <tcpserver><info> Connection closed: 127.0.0.1:64702:18196:98a938e2-1b0f-4e82-a09a-8c16b5cc7ac9
2026-05-21 21:23:50.006 INFO  o.code_studio.ComPortSchedulerTask - <tcpserver><info> Trying to open COM port for Barcode communication
2026-05-21 21:23:50.143 INFO  o.c.WebSocketServerConfig$$SpringCGLIB$$0 - <wsserver><info> Created WS channel: /app/topic
2026-05-21 21:23:50.341 INFO  o.c.TcpServerConfig$$SpringCGLIB$$0 - <tcpserver><info> TCP server started on port: 18196
2026-05-21 21:23:50.347 INFO  o.c.TcpClientConfig$$SpringCGLIB$$0 - <tcpclient><info> TCP client has been created for server: localhost:18196
2026-05-21 21:23:50.419 INFO  o.c.WebSocketServerConfig$$SpringCGLIB$$0 - <wsserver><info> Created WS server on endpoint: /ws
2026-05-21 21:23:51.514 INFO  o.c.TcpServerConfig$$SpringCGLIB$$0 - <tcpserver><info> Connection established: 127.0.0.1:64802:18196:4670384c-3658-4484-8546-d9f9b5361446
2026-05-21 21:23:51.514 INFO  o.c.TcpServerConfig$$SpringCGLIB$$0 - <tcpclient><info> Connection established: 127.0.0.1:18196:64802:fad8b638-b060-436a-9bf9-7b9cbbfe199c
2026-05-21 21:23:51.518 INFO  o.c.CraneClientConnectedListener - <tcpsvr><info> CraneClientConnectedEvent detected
2026-05-21 21:23:51.560 WARN  o.c.ApplicationReadyListener - <tcpsvr><info> Message Flow Automation Debug is ENABLED
2026-05-21 21:23:51.567 INFO  o.c.controller.TcpMessageController - <tcpclient><send> LVS1UST1DA300021052026212351????????01???????001
2026-05-21 21:23:51.578 INFO  o.c.CraneClientConnectedListener - <tcpclient><send> DAYSTART message sent to Crane server
2026-05-21 21:23:51.598 INFO  o.c.TcpServerConfig$$SpringCGLIB$$0 - <tcpserver><recv> LVS1UST1DA300021052026212351????????01???????001
2026-05-21 21:23:51.644 WARN  o.c.m.IncomingMessageProcessor - MessageProcessor::handleError->StatusCode.STATUSUNKNOWN
2026-05-21 21:23:51.651 INFO  o.c.m.IncomingMessageProcessor - SENDER LVS1 | RECEIVER UST1 | MESSAGETYPE DAYSTART | ORDINAL 30 | ERRORCODE OK | SOURCE 21052026 | TARGET 212351 | REPORTPOINT RPUNKNOWN | LETYPE LEUNKNOWN | STATUSCODE AUTOMATIONENABLED | USERDATA null | RAWMESSAGE LVS1UST1DA300021052026212351????????01???????001
2026-05-21 21:23:52.655 INFO  o.code_studio.ComPortSchedulerTask - <tcpserver><info> Barcode communication enabled. COM port open: COM3
2026-05-21 21:23:54.668 INFO  o.c.controller.TcpMessageController - <tcpclient><send> UST1LVS111310021052026212351????????01???????001
2026-05-21 21:23:54.671 INFO  o.c.TcpClientConfig$$SpringCGLIB$$0 - <tcpclient><recv> LVS1UST1DA300021052026212351????????01???????001
2026-05-21 21:23:54.673 INFO  o.c.TcpServerConfig$$SpringCGLIB$$0 - <tcpserver><recv> UST1LVS111310021052026212351????????01???????001
2026-05-21 21:23:54.675 WARN  o.c.m.IncomingMessageProcessor - MessageProcessor::handleError->StatusCode.STATUSUNKNOWN
2026-05-21 21:23:54.675 INFO  o.c.m.IncomingMessageProcessor - SENDER UST1 | RECEIVER LVS1 | MESSAGETYPE DAYSTART | ORDINAL 31 | ERRORCODE OK | SOURCE 21052026 | TARGET 212354 | REPORTPOINT RPUNKNOWN | LETYPE LEUNKNOWN | STATUSCODE AUTOMATIONENABLED | USERDATA null | RAWMESSAGE UST1LVS111310021052026212351????????01???????001
2026-05-21 21:23:54.677 INFO  o.c.TcpClientConfig$$SpringCGLIB$$0 - <tcpclient><recv> LVS1UST1AA310021052026212351????????01???????001
2026-05-21 21:29:51.210 INFO  o.c.ApplicationCloseListener - <tcpserver><info> ApplicationContextClosedEvent detected
2026-05-21 21:29:51.212 INFO  org.code_studio.BarcodeConfig - <tcpserver><info> Barcode communication - COM port closed: COM3
2026-05-21 21:29:51.212 INFO  o.c.ApplicationCloseListener - <tcpserver><info> Waiting for 3000 msec to receive DAYEND confirmation from CRANE, and then close the TCP connection.
2026-05-21 21:29:54.229 INFO  o.c.TcpServerConfig$$SpringCGLIB$$0 - <tcpclient><info> Connection closed: 127.0.0.1:18196:64802:fad8b638-b060-436a-9bf9-7b9cbbfe199c
2026-05-21 21:29:54.234 INFO  o.c.TcpServerConfig$$SpringCGLIB$$0 - <tcpserver><info> Connection closed: 127.0.0.1:64802:18196:4670384c-3658-4484-8546-d9f9b5361446
2026-05-21 21:30:21.742 INFO  o.code_studio.ComPortSchedulerTask - <tcpserver><info> Trying to open COM port for Barcode communication
2026-05-21 21:30:21.901 INFO  o.c.WebSocketServerConfig$$SpringCGLIB$$0 - <wsserver><info> Created WS channel: /app/topic
2026-05-21 21:30:22.062 INFO  o.c.TcpServerConfig$$SpringCGLIB$$0 - <tcpserver><info> TCP server started on port: 18196
2026-05-21 21:30:22.069 INFO  o.c.TcpClientConfig$$SpringCGLIB$$0 - <tcpclient><info> TCP client has been created for server: localhost:18196
2026-05-21 21:30:22.165 INFO  o.c.WebSocketServerConfig$$SpringCGLIB$$0 - <wsserver><info> Created WS server on endpoint: /ws
2026-05-21 21:30:23.050 INFO  o.code_studio.ComPortSchedulerTask - <tcpserver><info> Barcode communication enabled. COM port open: COM3
2026-05-21 21:30:23.261 INFO  o.c.TcpServerConfig$$SpringCGLIB$$0 - <tcpserver><info> Connection established: 127.0.0.1:64962:18196:2704be6a-7b6c-4bb6-993d-73de901dab32
2026-05-21 21:30:23.264 INFO  o.c.CraneClientConnectedListener - <tcpsvr><info> CraneClientConnectedEvent detected
2026-05-21 21:30:23.267 INFO  o.c.TcpServerConfig$$SpringCGLIB$$0 - <tcpclient><info> Connection established: 127.0.0.1:18196:64962:9a3b7acb-9889-4985-a019-c528deee5daf
2026-05-21 21:30:23.313 WARN  o.c.ApplicationReadyListener - <tcpsvr><info> Message Flow Automation Debug is ENABLED
2026-05-21 21:30:23.320 INFO  o.c.controller.TcpMessageController - <tcpclient><send> LVS1UST1DA320021052026213023????????01???????001
2026-05-21 21:30:23.337 INFO  o.c.CraneClientConnectedListener - <tcpclient><send> DAYSTART message sent to Crane server
2026-05-21 21:30:23.359 INFO  o.c.TcpServerConfig$$SpringCGLIB$$0 - <tcpserver><recv> LVS1UST1DA320021052026213023????????01???????001
2026-05-21 21:30:23.382 WARN  o.c.m.IncomingMessageProcessor - MessageProcessor::handleError->StatusCode.STATUSUNKNOWN
2026-05-21 21:30:23.394 INFO  o.c.m.IncomingMessageProcessor - SENDER LVS1 | RECEIVER UST1 | MESSAGETYPE DAYSTART | ORDINAL 32 | ERRORCODE OK | SOURCE 21052026 | TARGET 213023 | REPORTPOINT RPUNKNOWN | LETYPE LEUNKNOWN | STATUSCODE AUTOMATIONENABLED | USERDATA null | RAWMESSAGE LVS1UST1DA320021052026213023????????01???????001
2026-05-21 21:30:26.414 INFO  o.c.controller.TcpMessageController - <tcpclient><send> UST1LVS111330021052026213023????????01???????001
2026-05-21 21:30:26.417 INFO  o.c.TcpClientConfig$$SpringCGLIB$$0 - <tcpclient><recv> LVS1UST1DA320021052026213023????????01???????001
2026-05-21 21:30:26.417 INFO  o.c.TcpServerConfig$$SpringCGLIB$$0 - <tcpserver><recv> UST1LVS111330021052026213023????????01???????001
2026-05-21 21:30:26.418 WARN  o.c.m.IncomingMessageProcessor - MessageProcessor::handleError->StatusCode.STATUSUNKNOWN
2026-05-21 21:30:26.419 INFO  o.c.m.IncomingMessageProcessor - SENDER UST1 | RECEIVER LVS1 | MESSAGETYPE DAYSTART | ORDINAL 33 | ERRORCODE OK | SOURCE 21052026 | TARGET 213026 | REPORTPOINT RPUNKNOWN | LETYPE LEUNKNOWN | STATUSCODE AUTOMATIONENABLED | USERDATA null | RAWMESSAGE UST1LVS111330021052026213023????????01???????001
2026-05-21 21:30:26.420 INFO  o.c.TcpClientConfig$$SpringCGLIB$$0 - <tcpclient><recv> LVS1UST1AA330021052026213023????????01???????001
2026-05-21 21:39:17.404 INFO  o.c.ApplicationCloseListener - <tcpserver><info> ApplicationContextClosedEvent detected
2026-05-21 21:39:17.406 INFO  org.code_studio.BarcodeConfig - <tcpserver><info> Barcode communication - COM port closed: COM3
2026-05-21 21:39:17.406 INFO  o.c.ApplicationCloseListener - <tcpserver><info> Waiting for 3000 msec to receive DAYEND confirmation from CRANE, and then close the TCP connection.
2026-05-21 21:39:20.419 INFO  o.c.TcpServerConfig$$SpringCGLIB$$0 - <tcpclient><info> Connection closed: 127.0.0.1:18196:64962:9a3b7acb-9889-4985-a019-c528deee5daf
2026-05-21 21:39:20.431 INFO  o.c.TcpServerConfig$$SpringCGLIB$$0 - <tcpserver><info> Connection closed: 127.0.0.1:64962:18196:2704be6a-7b6c-4bb6-993d-73de901dab32
2026-05-21 21:39:24.402 INFO  o.code_studio.ComPortSchedulerTask - <tcpserver><info> Trying to open COM port for Barcode communication
2026-05-21 21:39:24.552 INFO  o.c.WebSocketServerConfig$$SpringCGLIB$$0 - <wsserver><info> Created WS channel: /app/topic
2026-05-21 21:39:24.694 INFO  o.c.TcpServerConfig$$SpringCGLIB$$0 - <tcpserver><info> TCP server started on port: 18196
2026-05-21 21:39:24.701 INFO  o.c.TcpClientConfig$$SpringCGLIB$$0 - <tcpclient><info> TCP client has been created for server: localhost:18196
2026-05-21 21:39:24.772 INFO  o.c.WebSocketServerConfig$$SpringCGLIB$$0 - <wsserver><info> Created WS server on endpoint: /ws
2026-05-21 21:39:25.662 INFO  o.c.TcpServerConfig$$SpringCGLIB$$0 - <tcpclient><info> Connection established: 127.0.0.1:18196:65024:32f16f89-b1b3-4eb5-840b-b5d4ab9f79fa
2026-05-21 21:39:25.662 INFO  o.c.TcpServerConfig$$SpringCGLIB$$0 - <tcpserver><info> Connection established: 127.0.0.1:65024:18196:154468e2-3e04-46f1-b002-b6d71f500e1a
2026-05-21 21:39:25.663 INFO  o.c.CraneClientConnectedListener - <tcpsvr><info> CraneClientConnectedEvent detected
2026-05-21 21:39:25.704 WARN  o.c.ApplicationReadyListener - <tcpsvr><info> Message Flow Automation Debug is ENABLED
2026-05-21 21:39:25.705 INFO  o.c.controller.TcpMessageController - <tcpclient><send> LVS1UST1DA340021052026213925????????01???????001
2026-05-21 21:39:25.716 INFO  o.c.CraneClientConnectedListener - <tcpclient><send> DAYSTART message sent to Crane server
2026-05-21 21:39:25.732 INFO  o.c.TcpServerConfig$$SpringCGLIB$$0 - <tcpserver><recv> LVS1UST1DA340021052026213925????????01???????001
2026-05-21 21:39:25.747 WARN  o.c.m.IncomingMessageProcessor - MessageProcessor::handleError->StatusCode.STATUSUNKNOWN
2026-05-21 21:39:25.751 INFO  o.c.m.IncomingMessageProcessor - SENDER LVS1 | RECEIVER UST1 | MESSAGETYPE DAYSTART | ORDINAL 34 | ERRORCODE OK | SOURCE 21052026 | TARGET 213925 | REPORTPOINT RPUNKNOWN | LETYPE LEUNKNOWN | STATUSCODE AUTOMATIONENABLED | USERDATA null | RAWMESSAGE LVS1UST1DA340021052026213925????????01???????001
2026-05-21 21:39:25.774 INFO  o.code_studio.ComPortSchedulerTask - <tcpserver><info> Barcode communication enabled. COM port open: COM3
2026-05-21 21:39:28.774 INFO  o.c.controller.TcpMessageController - <tcpclient><send> UST1LVS111350021052026213925????????01???????001
2026-05-21 21:39:28.781 INFO  o.c.TcpClientConfig$$SpringCGLIB$$0 - <tcpclient><recv> LVS1UST1DA340021052026213925????????01???????001
2026-05-21 21:39:28.784 INFO  o.c.TcpServerConfig$$SpringCGLIB$$0 - <tcpserver><recv> UST1LVS111350021052026213925????????01???????001
2026-05-21 21:39:28.790 WARN  o.c.m.IncomingMessageProcessor - MessageProcessor::handleError->StatusCode.STATUSUNKNOWN
2026-05-21 21:39:28.792 INFO  o.c.m.IncomingMessageProcessor - SENDER UST1 | RECEIVER LVS1 | MESSAGETYPE DAYSTART | ORDINAL 35 | ERRORCODE OK | SOURCE 21052026 | TARGET 213928 | REPORTPOINT RPUNKNOWN | LETYPE LEUNKNOWN | STATUSCODE AUTOMATIONENABLED | USERDATA null | RAWMESSAGE UST1LVS111350021052026213925????????01???????001
2026-05-21 21:39:28.798 INFO  o.c.TcpClientConfig$$SpringCGLIB$$0 - <tcpclient><recv> LVS1UST1AA350021052026213925????????01???????001
2026-05-21 21:42:29.279 INFO  o.c.ApplicationCloseListener - <tcpserver><info> ApplicationContextClosedEvent detected
2026-05-21 21:42:29.280 INFO  org.code_studio.BarcodeConfig - <tcpserver><info> Barcode communication - COM port closed: COM3
2026-05-21 21:42:29.280 INFO  o.c.ApplicationCloseListener - <tcpserver><info> Waiting for 3000 msec to receive DAYEND confirmation from CRANE, and then close the TCP connection.
2026-05-21 21:42:32.306 INFO  o.c.TcpServerConfig$$SpringCGLIB$$0 - <tcpclient><info> Connection closed: 127.0.0.1:18196:65024:32f16f89-b1b3-4eb5-840b-b5d4ab9f79fa
2026-05-21 21:42:32.318 INFO  o.c.TcpServerConfig$$SpringCGLIB$$0 - <tcpserver><info> Connection closed: 127.0.0.1:65024:18196:154468e2-3e04-46f1-b002-b6d71f500e1a
2026-05-21 21:42:38.734 INFO  o.code_studio.ComPortSchedulerTask - <tcpserver><info> Trying to open COM port for Barcode communication
2026-05-21 21:42:38.855 INFO  o.c.WebSocketServerConfig$$SpringCGLIB$$0 - <wsserver><info> Created WS channel: /app/topic
2026-05-21 21:42:38.992 INFO  o.c.TcpServerConfig$$SpringCGLIB$$0 - <tcpserver><info> TCP server started on port: 18196
2026-05-21 21:42:39.002 INFO  o.c.TcpClientConfig$$SpringCGLIB$$0 - <tcpclient><info> TCP client has been created for server: localhost:18196
2026-05-21 21:42:39.083 INFO  o.c.WebSocketServerConfig$$SpringCGLIB$$0 - <wsserver><info> Created WS server on endpoint: /ws
2026-05-21 21:42:39.811 INFO  o.c.TcpServerConfig$$SpringCGLIB$$0 - <tcpclient><info> Connection established: 127.0.0.1:18196:65056:c1762741-2bee-41fd-8a81-fd783034025c
2026-05-21 21:42:39.811 INFO  o.c.TcpServerConfig$$SpringCGLIB$$0 - <tcpserver><info> Connection established: 127.0.0.1:65056:18196:b3214900-5bab-41fd-8575-269cf4126db5
2026-05-21 21:42:39.813 INFO  o.c.CraneClientConnectedListener - <tcpsvr><info> CraneClientConnectedEvent detected
2026-05-21 21:42:39.853 WARN  o.c.ApplicationReadyListener - <tcpsvr><info> Message Flow Automation Debug is ENABLED
2026-05-21 21:42:39.856 INFO  o.c.controller.TcpMessageController - <tcpclient><send> LVS1UST1DA360021052026214239????????01???????001
2026-05-21 21:42:39.868 INFO  o.c.CraneClientConnectedListener - <tcpclient><send> DAYSTART message sent to Crane server
2026-05-21 21:42:39.881 INFO  o.c.TcpServerConfig$$SpringCGLIB$$0 - <tcpserver><recv> LVS1UST1DA360021052026214239????????01???????001
2026-05-21 21:42:39.897 WARN  o.c.m.IncomingMessageProcessor - MessageProcessor::handleError->StatusCode.STATUSUNKNOWN
2026-05-21 21:42:39.900 INFO  o.c.m.IncomingMessageProcessor - SENDER LVS1 | RECEIVER UST1 | MESSAGETYPE DAYSTART | ORDINAL 36 | ERRORCODE OK | SOURCE 21052026 | TARGET 214239 | REPORTPOINT RPUNKNOWN | LETYPE LEUNKNOWN | STATUSCODE AUTOMATIONENABLED | USERDATA null | RAWMESSAGE LVS1UST1DA360021052026214239????????01???????001
2026-05-21 21:42:40.391 INFO  o.code_studio.ComPortSchedulerTask - <tcpserver><info> Barcode communication enabled. COM port open: COM3
2026-05-21 21:42:42.912 INFO  o.c.controller.TcpMessageController - <tcpclient><send> UST1LVS111370021052026214239????????01???????001
2026-05-21 21:42:42.916 INFO  o.c.TcpClientConfig$$SpringCGLIB$$0 - <tcpclient><recv> LVS1UST1DA360021052026214239????????01???????001
2026-05-21 21:42:42.916 INFO  o.c.TcpServerConfig$$SpringCGLIB$$0 - <tcpserver><recv> UST1LVS111370021052026214239????????01???????001
2026-05-21 21:42:42.917 WARN  o.c.m.IncomingMessageProcessor - MessageProcessor::handleError->StatusCode.STATUSUNKNOWN
2026-05-21 21:42:42.918 INFO  o.c.m.IncomingMessageProcessor - SENDER UST1 | RECEIVER LVS1 | MESSAGETYPE DAYSTART | ORDINAL 37 | ERRORCODE OK | SOURCE 21052026 | TARGET 214242 | REPORTPOINT RPUNKNOWN | LETYPE LEUNKNOWN | STATUSCODE AUTOMATIONENABLED | USERDATA null | RAWMESSAGE UST1LVS111370021052026214239????????01???????001
2026-05-21 21:42:42.920 INFO  o.c.TcpClientConfig$$SpringCGLIB$$0 - <tcpclient><recv> LVS1UST1AA370021052026214239????????01???????001
2026-05-21 22:19:21.685 INFO  o.c.ApplicationCloseListener - <tcpserver><info> ApplicationContextClosedEvent detected
2026-05-21 22:19:21.767 INFO  org.code_studio.BarcodeConfig - <tcpserver><info> Barcode communication - COM port closed: COM3
2026-05-21 22:19:21.770 INFO  o.c.ApplicationCloseListener - <tcpserver><info> Waiting for 3000 msec to receive DAYEND confirmation from CRANE, and then close the TCP connection.
2026-05-21 22:19:25.516 INFO  o.c.TcpServerConfig$$SpringCGLIB$$0 - <tcpclient><info> Connection closed: 127.0.0.1:18196:65056:c1762741-2bee-41fd-8a81-fd783034025c
2026-05-21 22:19:25.838 INFO  o.c.TcpServerConfig$$SpringCGLIB$$0 - <tcpserver><info> Connection closed: 127.0.0.1:65056:18196:b3214900-5bab-41fd-8575-269cf4126db5
2026-05-21 22:19:47.981 INFO  o.code_studio.ComPortSchedulerTask - <tcpserver><info> Trying to open COM port for Barcode communication
2026-05-21 22:19:48.117 INFO  o.c.WebSocketServerConfig$$SpringCGLIB$$0 - <wsserver><info> Created WS channel: /app/topic
2026-05-21 22:19:48.337 INFO  o.c.TcpServerConfig$$SpringCGLIB$$0 - <tcpserver><info> TCP server started on port: 18196
2026-05-21 22:19:48.344 INFO  o.c.TcpClientConfig$$SpringCGLIB$$0 - <tcpclient><info> TCP client has been created for server: localhost:18196
2026-05-21 22:19:48.426 INFO  o.c.WebSocketServerConfig$$SpringCGLIB$$0 - <wsserver><info> Created WS server on endpoint: /ws
2026-05-21 22:19:48.846 INFO  o.code_studio.ComPortSchedulerTask - <tcpserver><info> Barcode communication enabled. COM port open: COM3
2026-05-21 22:19:49.465 INFO  o.c.TcpServerConfig$$SpringCGLIB$$0 - <tcpserver><info> Connection established: 127.0.0.1:65475:18196:43464bdb-61b2-40b1-a15b-e2c332a0659c
2026-05-21 22:19:49.465 INFO  o.c.TcpServerConfig$$SpringCGLIB$$0 - <tcpclient><info> Connection established: 127.0.0.1:18196:65475:8257729d-f162-49c9-b027-a0f1283ec056
2026-05-21 22:19:49.466 INFO  o.c.CraneClientConnectedListener - <tcpsvr><info> CraneClientConnectedEvent detected
2026-05-21 22:19:49.515 INFO  o.c.controller.TcpMessageController - <tcpclient><send> LVS1UST1DA380021052026221949????????01???????001
2026-05-21 22:19:49.531 INFO  o.c.CraneClientConnectedListener - <tcpclient><send> DAYSTART message sent to Crane server
2026-05-21 22:19:49.532 WARN  o.c.ApplicationReadyListener - <tcpsvr><info> Message Flow Automation Debug is ENABLED
2026-05-21 22:19:49.555 INFO  o.c.TcpServerConfig$$SpringCGLIB$$0 - <tcpserver><recv> LVS1UST1DA380021052026221949????????01???????001
2026-05-21 22:19:49.590 WARN  o.c.m.IncomingMessageProcessor - MessageProcessor::handleError->StatusCode.STATUSUNKNOWN
2026-05-21 22:19:49.597 INFO  o.c.m.IncomingMessageProcessor - SENDER LVS1 | RECEIVER UST1 | MESSAGETYPE DAYSTART | ORDINAL 38 | ERRORCODE OK | SOURCE 21052026 | TARGET 221949 | REPORTPOINT RPUNKNOWN | LETYPE LEUNKNOWN | STATUSCODE AUTOMATIONENABLED | USERDATA null | RAWMESSAGE LVS1UST1DA380021052026221949????????01???????001
2026-05-21 22:19:52.622 INFO  o.c.controller.TcpMessageController - <tcpclient><send> UST1LVS111390021052026221949????????01???????001
2026-05-21 22:19:52.627 INFO  o.c.TcpClientConfig$$SpringCGLIB$$0 - <tcpclient><recv> LVS1UST1DA380021052026221949????????01???????001
2026-05-21 22:19:52.631 INFO  o.c.TcpServerConfig$$SpringCGLIB$$0 - <tcpserver><recv> UST1LVS111390021052026221949????????01???????001
2026-05-21 22:19:52.641 WARN  o.c.m.IncomingMessageProcessor - MessageProcessor::handleError->StatusCode.STATUSUNKNOWN
2026-05-21 22:19:52.643 INFO  o.c.m.IncomingMessageProcessor - SENDER UST1 | RECEIVER LVS1 | MESSAGETYPE DAYSTART | ORDINAL 39 | ERRORCODE OK | SOURCE 21052026 | TARGET 221952 | REPORTPOINT RPUNKNOWN | LETYPE LEUNKNOWN | STATUSCODE AUTOMATIONENABLED | USERDATA null | RAWMESSAGE UST1LVS111390021052026221949????????01???????001
2026-05-21 22:19:52.647 INFO  o.c.TcpClientConfig$$SpringCGLIB$$0 - <tcpclient><recv> LVS1UST1AA390021052026221949????????01???????001
2026-05-21 22:20:53.224 INFO  o.c.ApplicationCloseListener - <tcpserver><info> ApplicationContextClosedEvent detected
2026-05-21 22:20:53.225 INFO  org.code_studio.BarcodeConfig - <tcpserver><info> Barcode communication - COM port closed: COM3
2026-05-21 22:20:53.225 INFO  o.c.ApplicationCloseListener - <tcpserver><info> Waiting for 3000 msec to receive DAYEND confirmation from CRANE, and then close the TCP connection.
2026-05-21 22:20:56.238 INFO  o.c.TcpServerConfig$$SpringCGLIB$$0 - <tcpclient><info> Connection closed: 127.0.0.1:18196:65475:8257729d-f162-49c9-b027-a0f1283ec056
2026-05-21 22:20:56.241 INFO  o.c.TcpServerConfig$$SpringCGLIB$$0 - <tcpserver><info> Connection closed: 127.0.0.1:65475:18196:43464bdb-61b2-40b1-a15b-e2c332a0659c
2026-05-21 22:21:04.899 INFO  o.code_studio.ComPortSchedulerTask - <tcpserver><info> Trying to open COM port for Barcode communication
2026-05-21 22:21:05.031 INFO  o.c.WebSocketServerConfig$$SpringCGLIB$$0 - <wsserver><info> Created WS channel: /app/topic
2026-05-21 22:21:05.189 INFO  o.c.TcpServerConfig$$SpringCGLIB$$0 - <tcpserver><info> TCP server started on port: 18196
2026-05-21 22:21:05.198 INFO  o.c.TcpClientConfig$$SpringCGLIB$$0 - <tcpclient><info> TCP client has been created for server: localhost:18196
2026-05-21 22:21:05.278 INFO  o.c.WebSocketServerConfig$$SpringCGLIB$$0 - <wsserver><info> Created WS server on endpoint: /ws
2026-05-21 22:21:05.647 INFO  o.code_studio.ComPortSchedulerTask - <tcpserver><info> Barcode communication enabled. COM port open: COM3
2026-05-21 22:21:06.239 INFO  o.c.TcpServerConfig$$SpringCGLIB$$0 - <tcpclient><info> Connection established: 127.0.0.1:18196:49160:2b2a61b2-844b-4a10-97a6-9bc2386fc9f0
2026-05-21 22:21:06.244 INFO  o.c.TcpServerConfig$$SpringCGLIB$$0 - <tcpserver><info> Connection established: 127.0.0.1:49160:18196:b6875301-f0bc-46bc-9b44-fdee6ce82fed
2026-05-21 22:21:06.246 INFO  o.c.CraneClientConnectedListener - <tcpsvr><info> CraneClientConnectedEvent detected
2026-05-21 22:21:06.286 WARN  o.c.ApplicationReadyListener - <tcpsvr><info> Message Flow Automation Debug is ENABLED
2026-05-21 22:21:06.288 INFO  o.c.controller.TcpMessageController - <tcpclient><send> LVS1UST1DA400021052026222106????????01???????001
2026-05-21 22:21:06.305 INFO  o.c.CraneClientConnectedListener - <tcpclient><send> DAYSTART message sent to Crane server
2026-05-21 22:21:06.327 INFO  o.c.TcpServerConfig$$SpringCGLIB$$0 - <tcpserver><recv> LVS1UST1DA400021052026222106????????01???????001
2026-05-21 22:21:06.349 WARN  o.c.m.IncomingMessageProcessor - MessageProcessor::handleError->StatusCode.STATUSUNKNOWN
2026-05-21 22:21:06.354 INFO  o.c.m.IncomingMessageProcessor - SENDER LVS1 | RECEIVER UST1 | MESSAGETYPE DAYSTART | ORDINAL 40 | ERRORCODE OK | SOURCE 21052026 | TARGET 222106 | REPORTPOINT RPUNKNOWN | LETYPE LEUNKNOWN | STATUSCODE AUTOMATIONENABLED | USERDATA null | RAWMESSAGE LVS1UST1DA400021052026222106????????01???????001
2026-05-21 22:21:09.373 INFO  o.c.controller.TcpMessageController - <tcpclient><send> UST1LVS111410021052026222106????????01???????001
2026-05-21 22:21:09.375 INFO  o.c.TcpServerConfig$$SpringCGLIB$$0 - <tcpserver><recv> UST1LVS111410021052026222106????????01???????001
2026-05-21 22:21:09.375 INFO  o.c.TcpClientConfig$$SpringCGLIB$$0 - <tcpclient><recv> LVS1UST1DA400021052026222106????????01???????001
2026-05-21 22:21:09.376 WARN  o.c.m.IncomingMessageProcessor - MessageProcessor::handleError->StatusCode.STATUSUNKNOWN
2026-05-21 22:21:09.377 INFO  o.c.m.IncomingMessageProcessor - SENDER UST1 | RECEIVER LVS1 | MESSAGETYPE DAYSTART | ORDINAL 41 | ERRORCODE OK | SOURCE 21052026 | TARGET 222109 | REPORTPOINT RPUNKNOWN | LETYPE LEUNKNOWN | STATUSCODE AUTOMATIONENABLED | USERDATA null | RAWMESSAGE UST1LVS111410021052026222106????????01???????001
2026-05-21 22:21:09.379 INFO  o.c.TcpClientConfig$$SpringCGLIB$$0 - <tcpclient><recv> LVS1UST1AA410021052026222106????????01???????001
2026-05-21 22:28:18.528 INFO  o.c.ApplicationCloseListener - <tcpserver><info> ApplicationContextClosedEvent detected
2026-05-21 22:28:18.529 INFO  org.code_studio.BarcodeConfig - <tcpserver><info> Barcode communication - COM port closed: COM3
2026-05-21 22:28:18.530 INFO  o.c.ApplicationCloseListener - <tcpserver><info> Waiting for 3000 msec to receive DAYEND confirmation from CRANE, and then close the TCP connection.
2026-05-21 22:28:21.550 INFO  o.c.TcpServerConfig$$SpringCGLIB$$0 - <tcpclient><info> Connection closed: 127.0.0.1:18196:49160:2b2a61b2-844b-4a10-97a6-9bc2386fc9f0
2026-05-21 22:28:21.556 INFO  o.c.TcpServerConfig$$SpringCGLIB$$0 - <tcpserver><info> Connection closed: 127.0.0.1:49160:18196:b6875301-f0bc-46bc-9b44-fdee6ce82fed
2026-05-21 22:28:44.813 INFO  o.code_studio.ComPortSchedulerTask - <tcpserver><info> Trying to open COM port for Barcode communication
2026-05-21 22:28:45.077 INFO  o.c.WebSocketServerConfig$$SpringCGLIB$$0 - <wsserver><info> Created WS channel: /app/topic
2026-05-21 22:28:45.251 INFO  o.c.TcpServerConfig$$SpringCGLIB$$0 - <tcpserver><info> TCP server started on port: 18196
2026-05-21 22:28:45.261 INFO  o.c.TcpClientConfig$$SpringCGLIB$$0 - <tcpclient><info> TCP client has been created for server: localhost:18196
2026-05-21 22:28:45.368 INFO  o.c.WebSocketServerConfig$$SpringCGLIB$$0 - <wsserver><info> Created WS server on endpoint: /ws
2026-05-21 22:28:46.193 INFO  o.c.TcpServerConfig$$SpringCGLIB$$0 - <tcpclient><info> Connection established: 127.0.0.1:18196:49341:88c887b5-f38c-4aac-aae0-bc420771a185
2026-05-21 22:28:46.193 INFO  o.c.TcpServerConfig$$SpringCGLIB$$0 - <tcpserver><info> Connection established: 127.0.0.1:49341:18196:66c30c16-b350-4833-aa02-022c45622f69
2026-05-21 22:28:46.195 INFO  o.c.CraneClientConnectedListener - <tcpsvr><info> CraneClientConnectedEvent detected
2026-05-21 22:28:46.240 WARN  o.c.ApplicationReadyListener - <tcpsvr><info> Message Flow Automation Debug is ENABLED
2026-05-21 22:28:46.252 INFO  o.c.controller.TcpMessageController - <tcpclient><send> LVS1UST1DA420021052026222846????????01???????001
2026-05-21 22:28:46.271 INFO  o.c.CraneClientConnectedListener - <tcpclient><send> DAYSTART message sent to Crane server
2026-05-21 22:28:46.295 INFO  o.c.TcpServerConfig$$SpringCGLIB$$0 - <tcpserver><recv> LVS1UST1DA420021052026222846????????01???????001
2026-05-21 22:28:46.332 WARN  o.c.m.IncomingMessageProcessor - MessageProcessor::handleError->StatusCode.STATUSUNKNOWN
2026-05-21 22:28:46.343 INFO  o.c.m.IncomingMessageProcessor - SENDER LVS1 | RECEIVER UST1 | MESSAGETYPE DAYSTART | ORDINAL 42 | ERRORCODE OK | SOURCE 21052026 | TARGET 222846 | REPORTPOINT RPUNKNOWN | LETYPE LEUNKNOWN | STATUSCODE AUTOMATIONENABLED | USERDATA null | RAWMESSAGE LVS1UST1DA420021052026222846????????01???????001
2026-05-21 22:28:46.444 INFO  o.code_studio.ComPortSchedulerTask - <tcpserver><info> Barcode communication enabled. COM port open: COM3
2026-05-21 22:28:49.377 INFO  o.c.controller.TcpMessageController - <tcpclient><send> UST1LVS111430021052026222846????????01???????001
2026-05-21 22:28:49.392 INFO  o.c.TcpClientConfig$$SpringCGLIB$$0 - <tcpclient><recv> LVS1UST1DA420021052026222846????????01???????001
2026-05-21 22:28:49.394 INFO  o.c.TcpServerConfig$$SpringCGLIB$$0 - <tcpserver><recv> UST1LVS111430021052026222846????????01???????001
2026-05-21 22:28:49.400 WARN  o.c.m.IncomingMessageProcessor - MessageProcessor::handleError->StatusCode.STATUSUNKNOWN
2026-05-21 22:28:49.402 INFO  o.c.m.IncomingMessageProcessor - SENDER UST1 | RECEIVER LVS1 | MESSAGETYPE DAYSTART | ORDINAL 43 | ERRORCODE OK | SOURCE 21052026 | TARGET 222849 | REPORTPOINT RPUNKNOWN | LETYPE LEUNKNOWN | STATUSCODE AUTOMATIONENABLED | USERDATA null | RAWMESSAGE UST1LVS111430021052026222846????????01???????001
2026-05-21 22:28:49.406 INFO  o.c.TcpClientConfig$$SpringCGLIB$$0 - <tcpclient><recv> LVS1UST1AA430021052026222846????????01???????001
2026-05-21 22:31:54.524 INFO  o.c.ApplicationCloseListener - <tcpserver><info> ApplicationContextClosedEvent detected
2026-05-21 22:31:54.526 INFO  org.code_studio.BarcodeConfig - <tcpserver><info> Barcode communication - COM port closed: COM3
2026-05-21 22:31:54.527 INFO  o.c.ApplicationCloseListener - <tcpserver><info> Waiting for 3000 msec to receive DAYEND confirmation from CRANE, and then close the TCP connection.
2026-05-21 22:31:57.544 INFO  o.c.TcpServerConfig$$SpringCGLIB$$0 - <tcpclient><info> Connection closed: 127.0.0.1:18196:49341:88c887b5-f38c-4aac-aae0-bc420771a185
2026-05-21 22:31:57.549 INFO  o.c.TcpServerConfig$$SpringCGLIB$$0 - <tcpserver><info> Connection closed: 127.0.0.1:49341:18196:66c30c16-b350-4833-aa02-022c45622f69
2026-05-21 22:32:08.339 INFO  o.code_studio.ComPortSchedulerTask - <tcpserver><info> Trying to open COM port for Barcode communication
2026-05-21 22:32:08.470 INFO  o.c.WebSocketServerConfig$$SpringCGLIB$$0 - <wsserver><info> Created WS channel: /app/topic
2026-05-21 22:32:08.623 INFO  o.c.TcpServerConfig$$SpringCGLIB$$0 - <tcpserver><info> TCP server started on port: 18196
2026-05-21 22:32:08.631 INFO  o.c.TcpClientConfig$$SpringCGLIB$$0 - <tcpclient><info> TCP client has been created for server: localhost:18196
2026-05-21 22:32:08.699 INFO  o.c.WebSocketServerConfig$$SpringCGLIB$$0 - <wsserver><info> Created WS server on endpoint: /ws
2026-05-21 22:32:09.498 INFO  o.c.TcpServerConfig$$SpringCGLIB$$0 - <tcpserver><info> Connection established: 127.0.0.1:49383:18196:e481030c-542f-436b-bae4-ca4cf0eb2bd3
2026-05-21 22:32:09.498 INFO  o.c.TcpServerConfig$$SpringCGLIB$$0 - <tcpclient><info> Connection established: 127.0.0.1:18196:49383:4c95843d-7cbf-47e2-9ff1-22d4862767a6
2026-05-21 22:32:09.501 INFO  o.c.CraneClientConnectedListener - <tcpsvr><info> CraneClientConnectedEvent detected
2026-05-21 22:32:09.538 WARN  o.c.ApplicationReadyListener - <tcpsvr><info> Message Flow Automation Debug is ENABLED
2026-05-21 22:32:09.541 INFO  o.c.controller.TcpMessageController - <tcpclient><send> LVS1UST1DA440021052026223209????????01???????001
2026-05-21 22:32:09.552 INFO  o.c.CraneClientConnectedListener - <tcpclient><send> DAYSTART message sent to Crane server
2026-05-21 22:32:09.566 INFO  o.c.TcpServerConfig$$SpringCGLIB$$0 - <tcpserver><recv> LVS1UST1DA440021052026223209????????01???????001
2026-05-21 22:32:09.580 WARN  o.c.m.IncomingMessageProcessor - MessageProcessor::handleError->StatusCode.STATUSUNKNOWN
2026-05-21 22:32:09.583 INFO  o.c.m.IncomingMessageProcessor - SENDER LVS1 | RECEIVER UST1 | MESSAGETYPE DAYSTART | ORDINAL 44 | ERRORCODE OK | SOURCE 21052026 | TARGET 223209 | REPORTPOINT RPUNKNOWN | LETYPE LEUNKNOWN | STATUSCODE AUTOMATIONENABLED | USERDATA null | RAWMESSAGE LVS1UST1DA440021052026223209????????01???????001
2026-05-21 22:32:10.232 INFO  o.code_studio.ComPortSchedulerTask - <tcpserver><info> Barcode communication enabled. COM port open: COM3
2026-05-21 22:32:12.596 INFO  o.c.controller.TcpMessageController - <tcpclient><send> UST1LVS111450021052026223209????????01???????001
2026-05-21 22:32:12.599 INFO  o.c.TcpClientConfig$$SpringCGLIB$$0 - <tcpclient><recv> LVS1UST1DA440021052026223209????????01???????001
2026-05-21 22:32:12.599 INFO  o.c.TcpServerConfig$$SpringCGLIB$$0 - <tcpserver><recv> UST1LVS111450021052026223209????????01???????001
2026-05-21 22:32:12.600 WARN  o.c.m.IncomingMessageProcessor - MessageProcessor::handleError->StatusCode.STATUSUNKNOWN
2026-05-21 22:32:12.601 INFO  o.c.m.IncomingMessageProcessor - SENDER UST1 | RECEIVER LVS1 | MESSAGETYPE DAYSTART | ORDINAL 45 | ERRORCODE OK | SOURCE 21052026 | TARGET 223212 | REPORTPOINT RPUNKNOWN | LETYPE LEUNKNOWN | STATUSCODE AUTOMATIONENABLED | USERDATA null | RAWMESSAGE UST1LVS111450021052026223209????????01???????001
2026-05-21 22:32:12.602 INFO  o.c.TcpClientConfig$$SpringCGLIB$$0 - <tcpclient><recv> LVS1UST1AA450021052026223209????????01???????001
2026-05-21 22:34:16.328 INFO  o.c.ApplicationCloseListener - <tcpserver><info> ApplicationContextClosedEvent detected
2026-05-21 22:34:16.331 INFO  org.code_studio.BarcodeConfig - <tcpserver><info> Barcode communication - COM port closed: COM3
2026-05-21 22:34:16.332 INFO  o.c.ApplicationCloseListener - <tcpserver><info> Waiting for 3000 msec to receive DAYEND confirmation from CRANE, and then close the TCP connection.
2026-05-21 22:34:19.354 INFO  o.c.TcpServerConfig$$SpringCGLIB$$0 - <tcpclient><info> Connection closed: 127.0.0.1:18196:49383:4c95843d-7cbf-47e2-9ff1-22d4862767a6
2026-05-21 22:34:19.384 INFO  o.c.TcpServerConfig$$SpringCGLIB$$0 - <tcpserver><info> Connection closed: 127.0.0.1:49383:18196:e481030c-542f-436b-bae4-ca4cf0eb2bd3
2026-05-21 22:34:33.706 INFO  o.code_studio.ComPortSchedulerTask - <tcpserver><info> Trying to open COM port for Barcode communication
2026-05-21 22:34:33.833 INFO  o.c.WebSocketServerConfig$$SpringCGLIB$$0 - <wsserver><info> Created WS channel: /app/topic
2026-05-21 22:34:33.972 INFO  o.c.TcpServerConfig$$SpringCGLIB$$0 - <tcpserver><info> TCP server started on port: 18196
2026-05-21 22:34:33.979 INFO  o.c.TcpClientConfig$$SpringCGLIB$$0 - <tcpclient><info> TCP client has been created for server: localhost:18196
2026-05-21 22:34:34.065 INFO  o.c.WebSocketServerConfig$$SpringCGLIB$$0 - <wsserver><info> Created WS server on endpoint: /ws
2026-05-21 22:34:34.614 INFO  o.code_studio.ComPortSchedulerTask - <tcpserver><info> Barcode communication enabled. COM port open: COM3
2026-05-21 22:34:35.192 INFO  o.c.TcpServerConfig$$SpringCGLIB$$0 - <tcpclient><info> Connection established: 127.0.0.1:18196:49436:702b01a4-4d7c-419d-9524-bdc8ff1aedce
2026-05-21 22:34:35.192 INFO  o.c.TcpServerConfig$$SpringCGLIB$$0 - <tcpserver><info> Connection established: 127.0.0.1:49436:18196:2f38a13b-e6f0-4287-af33-da56f160ab84
2026-05-21 22:34:35.193 INFO  o.c.CraneClientConnectedListener - <tcpsvr><info> CraneClientConnectedEvent detected
2026-05-21 22:34:35.237 WARN  o.c.ApplicationReadyListener - <tcpsvr><info> Message Flow Automation Debug is ENABLED
2026-05-21 22:34:35.239 INFO  o.c.controller.TcpMessageController - <tcpclient><send> LVS1UST1DA460021052026223435????????01???????001
2026-05-21 22:34:35.255 INFO  o.c.CraneClientConnectedListener - <tcpclient><send> DAYSTART message sent to Crane server
2026-05-21 22:34:35.325 INFO  o.c.TcpServerConfig$$SpringCGLIB$$0 - <tcpserver><recv> LVS1UST1DA460021052026223435????????01???????001
2026-05-21 22:34:35.353 WARN  o.c.m.IncomingMessageProcessor - MessageProcessor::handleError->StatusCode.STATUSUNKNOWN
2026-05-21 22:34:35.358 INFO  o.c.m.IncomingMessageProcessor - SENDER LVS1 | RECEIVER UST1 | MESSAGETYPE DAYSTART | ORDINAL 46 | ERRORCODE OK | SOURCE 21052026 | TARGET 223435 | REPORTPOINT RPUNKNOWN | LETYPE LEUNKNOWN | STATUSCODE AUTOMATIONENABLED | USERDATA null | RAWMESSAGE LVS1UST1DA460021052026223435????????01???????001
2026-05-21 22:34:38.378 INFO  o.c.controller.TcpMessageController - <tcpclient><send> UST1LVS111470021052026223435????????01???????001
2026-05-21 22:34:38.380 INFO  o.c.TcpClientConfig$$SpringCGLIB$$0 - <tcpclient><recv> LVS1UST1DA460021052026223435????????01???????001
2026-05-21 22:34:38.380 INFO  o.c.TcpServerConfig$$SpringCGLIB$$0 - <tcpserver><recv> UST1LVS111470021052026223435????????01???????001
2026-05-21 22:34:38.381 WARN  o.c.m.IncomingMessageProcessor - MessageProcessor::handleError->StatusCode.STATUSUNKNOWN
2026-05-21 22:34:38.382 INFO  o.c.m.IncomingMessageProcessor - SENDER UST1 | RECEIVER LVS1 | MESSAGETYPE DAYSTART | ORDINAL 47 | ERRORCODE OK | SOURCE 21052026 | TARGET 223438 | REPORTPOINT RPUNKNOWN | LETYPE LEUNKNOWN | STATUSCODE AUTOMATIONENABLED | USERDATA null | RAWMESSAGE UST1LVS111470021052026223435????????01???????001
2026-05-21 22:34:38.383 INFO  o.c.TcpClientConfig$$SpringCGLIB$$0 - <tcpclient><recv> LVS1UST1AA470021052026223435????????01???????001
2026-05-21 22:39:42.117 INFO  o.c.ApplicationCloseListener - <tcpserver><info> ApplicationContextClosedEvent detected
2026-05-21 22:39:42.118 INFO  org.code_studio.BarcodeConfig - <tcpserver><info> Barcode communication - COM port closed: COM3
2026-05-21 22:39:42.118 INFO  o.c.ApplicationCloseListener - <tcpserver><info> Waiting for 3000 msec to receive DAYEND confirmation from CRANE, and then close the TCP connection.
2026-05-21 22:39:45.135 INFO  o.c.TcpServerConfig$$SpringCGLIB$$0 - <tcpclient><info> Connection closed: 127.0.0.1:18196:49436:702b01a4-4d7c-419d-9524-bdc8ff1aedce
2026-05-21 22:39:45.140 INFO  o.c.TcpServerConfig$$SpringCGLIB$$0 - <tcpserver><info> Connection closed: 127.0.0.1:49436:18196:2f38a13b-e6f0-4287-af33-da56f160ab84
2026-05-21 22:39:57.865 INFO  o.code_studio.ComPortSchedulerTask - <tcpserver><info> Trying to open COM port for Barcode communication
2026-05-21 22:39:57.984 INFO  o.c.WebSocketServerConfig$$SpringCGLIB$$0 - <wsserver><info> Created WS channel: /app/topic
2026-05-21 22:39:58.150 INFO  o.c.TcpServerConfig$$SpringCGLIB$$0 - <tcpserver><info> TCP server started on port: 18196
2026-05-21 22:39:58.160 INFO  o.c.TcpClientConfig$$SpringCGLIB$$0 - <tcpclient><info> TCP client has been created for server: localhost:18196
2026-05-21 22:39:58.291 INFO  o.c.WebSocketServerConfig$$SpringCGLIB$$0 - <wsserver><info> Created WS server on endpoint: /ws
2026-05-21 22:39:58.416 INFO  o.code_studio.ComPortSchedulerTask - <tcpserver><info> Barcode communication enabled. COM port open: COM3
2026-05-21 22:39:59.426 INFO  o.c.TcpServerConfig$$SpringCGLIB$$0 - <tcpserver><info> Connection established: 127.0.0.1:49770:18196:2922308e-9b1e-46cb-9976-bc0a1bd17722
2026-05-21 22:39:59.431 INFO  o.c.CraneClientConnectedListener - <tcpsvr><info> CraneClientConnectedEvent detected
2026-05-21 22:39:59.447 INFO  o.c.TcpServerConfig$$SpringCGLIB$$0 - <tcpclient><info> Connection established: 127.0.0.1:18196:49770:8aa8d5dd-eb4b-4681-bedb-9bb8541f2a89
2026-05-21 22:39:59.479 WARN  o.c.ApplicationReadyListener - <tcpsvr><info> Message Flow Automation Debug is ENABLED
2026-05-21 22:39:59.482 INFO  o.c.controller.TcpMessageController - <tcpclient><send> LVS1UST1DA480021052026223959????????01???????001
2026-05-21 22:39:59.498 INFO  o.c.CraneClientConnectedListener - <tcpclient><send> DAYSTART message sent to Crane server
2026-05-21 22:39:59.522 INFO  o.c.TcpServerConfig$$SpringCGLIB$$0 - <tcpserver><recv> LVS1UST1DA480021052026223959????????01???????001
2026-05-21 22:39:59.552 WARN  o.c.m.IncomingMessageProcessor - MessageProcessor::handleError->StatusCode.STATUSUNKNOWN
2026-05-21 22:39:59.559 INFO  o.c.m.IncomingMessageProcessor - SENDER LVS1 | RECEIVER UST1 | MESSAGETYPE DAYSTART | ORDINAL 48 | ERRORCODE OK | SOURCE 21052026 | TARGET 223959 | REPORTPOINT RPUNKNOWN | LETYPE LEUNKNOWN | STATUSCODE AUTOMATIONENABLED | USERDATA null | RAWMESSAGE LVS1UST1DA480021052026223959????????01???????001
2026-05-21 22:40:02.586 INFO  o.c.controller.TcpMessageController - <tcpclient><send> UST1LVS111490021052026223959????????01???????001
2026-05-21 22:40:02.595 INFO  o.c.TcpClientConfig$$SpringCGLIB$$0 - <tcpclient><recv> LVS1UST1DA480021052026223959????????01???????001
2026-05-21 22:40:02.597 INFO  o.c.TcpServerConfig$$SpringCGLIB$$0 - <tcpserver><recv> UST1LVS111490021052026223959????????01???????001
2026-05-21 22:40:02.599 WARN  o.c.m.IncomingMessageProcessor - MessageProcessor::handleError->StatusCode.STATUSUNKNOWN
2026-05-21 22:40:02.601 INFO  o.c.m.IncomingMessageProcessor - SENDER UST1 | RECEIVER LVS1 | MESSAGETYPE DAYSTART | ORDINAL 49 | ERRORCODE OK | SOURCE 21052026 | TARGET 224002 | REPORTPOINT RPUNKNOWN | LETYPE LEUNKNOWN | STATUSCODE AUTOMATIONENABLED | USERDATA null | RAWMESSAGE UST1LVS111490021052026223959????????01???????001
2026-05-21 22:40:02.604 INFO  o.c.TcpClientConfig$$SpringCGLIB$$0 - <tcpclient><recv> LVS1UST1AA490021052026223959????????01???????001
2026-05-21 22:43:43.634 INFO  o.c.ApplicationCloseListener - <tcpserver><info> ApplicationContextClosedEvent detected
2026-05-21 22:43:43.636 INFO  org.code_studio.BarcodeConfig - <tcpserver><info> Barcode communication - COM port closed: COM3
2026-05-21 22:43:43.637 INFO  o.c.ApplicationCloseListener - <tcpserver><info> Waiting for 3000 msec to receive DAYEND confirmation from CRANE, and then close the TCP connection.
2026-05-21 22:43:46.653 INFO  o.c.TcpServerConfig$$SpringCGLIB$$0 - <tcpclient><info> Connection closed: 127.0.0.1:18196:49770:8aa8d5dd-eb4b-4681-bedb-9bb8541f2a89
2026-05-21 22:43:46.655 INFO  o.c.TcpServerConfig$$SpringCGLIB$$0 - <tcpserver><info> Connection closed: 127.0.0.1:49770:18196:2922308e-9b1e-46cb-9976-bc0a1bd17722
2026-05-21 22:44:06.332 INFO  o.code_studio.ComPortSchedulerTask - <tcpserver><info> Trying to open COM port for Barcode communication
2026-05-21 22:44:06.533 INFO  o.c.WebSocketServerConfig$$SpringCGLIB$$0 - <wsserver><info> Created WS channel: /app/topic
2026-05-21 22:44:06.808 INFO  o.c.TcpServerConfig$$SpringCGLIB$$0 - <tcpserver><info> TCP server started on port: 18196
2026-05-21 22:44:06.820 INFO  o.c.TcpClientConfig$$SpringCGLIB$$0 - <tcpclient><info> TCP client has been created for server: localhost:18196
2026-05-21 22:44:06.935 INFO  o.c.WebSocketServerConfig$$SpringCGLIB$$0 - <wsserver><info> Created WS server on endpoint: /ws
2026-05-21 22:44:08.096 INFO  o.c.TcpServerConfig$$SpringCGLIB$$0 - <tcpserver><info> Connection established: 127.0.0.1:49830:18196:9bfd19d1-7fd9-4c51-a00b-79278415f84a
2026-05-21 22:44:08.096 INFO  o.c.TcpServerConfig$$SpringCGLIB$$0 - <tcpclient><info> Connection established: 127.0.0.1:18196:49830:c5be8ff5-9d3f-4c34-93f8-3b45b7b636ca
2026-05-21 22:44:08.097 INFO  o.c.CraneClientConnectedListener - <tcpsvr><info> CraneClientConnectedEvent detected
2026-05-21 22:44:08.104 INFO  o.code_studio.ComPortSchedulerTask - <tcpserver><info> Barcode communication enabled. COM port open: COM3
2026-05-21 22:44:08.151 WARN  o.c.ApplicationReadyListener - <tcpsvr><info> Message Flow Automation Debug is ENABLED
2026-05-21 22:44:08.153 INFO  o.c.controller.TcpMessageController - <tcpclient><send> LVS1UST1DA500021052026224408????????01???????001
2026-05-21 22:44:08.168 INFO  o.c.CraneClientConnectedListener - <tcpclient><send> DAYSTART message sent to Crane server
2026-05-21 22:44:08.195 INFO  o.c.TcpServerConfig$$SpringCGLIB$$0 - <tcpserver><recv> LVS1UST1DA500021052026224408????????01???????001
2026-05-21 22:44:08.218 WARN  o.c.m.IncomingMessageProcessor - MessageProcessor::handleError->StatusCode.STATUSUNKNOWN
2026-05-21 22:44:08.227 INFO  o.c.m.IncomingMessageProcessor - SENDER LVS1 | RECEIVER UST1 | MESSAGETYPE DAYSTART | ORDINAL 50 | ERRORCODE OK | SOURCE 21052026 | TARGET 224408 | REPORTPOINT RPUNKNOWN | LETYPE LEUNKNOWN | STATUSCODE AUTOMATIONENABLED | USERDATA null | RAWMESSAGE LVS1UST1DA500021052026224408????????01???????001
2026-05-21 22:44:11.255 INFO  o.c.controller.TcpMessageController - <tcpclient><send> UST1LVS111510021052026224408????????01???????001
2026-05-21 22:44:11.259 INFO  o.c.TcpClientConfig$$SpringCGLIB$$0 - <tcpclient><recv> LVS1UST1DA500021052026224408????????01???????001
2026-05-21 22:44:11.261 INFO  o.c.TcpServerConfig$$SpringCGLIB$$0 - <tcpserver><recv> UST1LVS111510021052026224408????????01???????001
2026-05-21 22:44:11.263 WARN  o.c.m.IncomingMessageProcessor - MessageProcessor::handleError->StatusCode.STATUSUNKNOWN
2026-05-21 22:44:11.264 INFO  o.c.m.IncomingMessageProcessor - SENDER UST1 | RECEIVER LVS1 | MESSAGETYPE DAYSTART | ORDINAL 51 | ERRORCODE OK | SOURCE 21052026 | TARGET 224411 | REPORTPOINT RPUNKNOWN | LETYPE LEUNKNOWN | STATUSCODE AUTOMATIONENABLED | USERDATA null | RAWMESSAGE UST1LVS111510021052026224408????????01???????001
2026-05-21 22:44:11.266 INFO  o.c.TcpClientConfig$$SpringCGLIB$$0 - <tcpclient><recv> LVS1UST1AA510021052026224408????????01???????001
2026-05-21 22:45:56.874 INFO  o.c.ApplicationCloseListener - <tcpserver><info> ApplicationContextClosedEvent detected
2026-05-21 22:45:56.877 INFO  org.code_studio.BarcodeConfig - <tcpserver><info> Barcode communication - COM port closed: COM3
2026-05-21 22:45:56.878 INFO  o.c.ApplicationCloseListener - <tcpserver><info> Waiting for 3000 msec to receive DAYEND confirmation from CRANE, and then close the TCP connection.
2026-05-21 22:45:59.903 INFO  o.c.TcpServerConfig$$SpringCGLIB$$0 - <tcpclient><info> Connection closed: 127.0.0.1:18196:49830:c5be8ff5-9d3f-4c34-93f8-3b45b7b636ca
2026-05-21 22:45:59.912 INFO  o.c.TcpServerConfig$$SpringCGLIB$$0 - <tcpserver><info> Connection closed: 127.0.0.1:49830:18196:9bfd19d1-7fd9-4c51-a00b-79278415f84a
2026-05-21 22:46:06.710 INFO  o.code_studio.ComPortSchedulerTask - <tcpserver><info> Trying to open COM port for Barcode communication
2026-05-21 22:46:06.846 INFO  o.c.WebSocketServerConfig$$SpringCGLIB$$0 - <wsserver><info> Created WS channel: /app/topic
2026-05-21 22:46:07.013 INFO  o.c.TcpServerConfig$$SpringCGLIB$$0 - <tcpserver><info> TCP server started on port: 18196
2026-05-21 22:46:07.020 INFO  o.c.TcpClientConfig$$SpringCGLIB$$0 - <tcpclient><info> TCP client has been created for server: localhost:18196
2026-05-21 22:46:07.095 INFO  o.c.WebSocketServerConfig$$SpringCGLIB$$0 - <wsserver><info> Created WS server on endpoint: /ws
2026-05-21 22:46:07.924 INFO  o.c.TcpServerConfig$$SpringCGLIB$$0 - <tcpserver><info> Connection established: 127.0.0.1:49871:18196:8374d65d-187b-4855-90f0-cedd503818f8
2026-05-21 22:46:07.924 INFO  o.c.TcpServerConfig$$SpringCGLIB$$0 - <tcpclient><info> Connection established: 127.0.0.1:18196:49871:0dc92166-2261-48d1-8f02-74a727fd7ea7
2026-05-21 22:46:07.925 INFO  o.c.CraneClientConnectedListener - <tcpsvr><info> CraneClientConnectedEvent detected
2026-05-21 22:46:07.968 WARN  o.c.ApplicationReadyListener - <tcpsvr><info> Message Flow Automation Debug is ENABLED
2026-05-21 22:46:07.970 INFO  o.c.controller.TcpMessageController - <tcpclient><send> LVS1UST1DA520021052026224607????????01???????001
2026-05-21 22:46:07.982 INFO  o.c.CraneClientConnectedListener - <tcpclient><send> DAYSTART message sent to Crane server
2026-05-21 22:46:07.994 INFO  o.c.TcpServerConfig$$SpringCGLIB$$0 - <tcpserver><recv> LVS1UST1DA520021052026224607????????01???????001
2026-05-21 22:46:08.010 WARN  o.c.m.IncomingMessageProcessor - MessageProcessor::handleError->StatusCode.STATUSUNKNOWN
2026-05-21 22:46:08.013 INFO  o.c.m.IncomingMessageProcessor - SENDER LVS1 | RECEIVER UST1 | MESSAGETYPE DAYSTART | ORDINAL 52 | ERRORCODE OK | SOURCE 21052026 | TARGET 224608 | REPORTPOINT RPUNKNOWN | LETYPE LEUNKNOWN | STATUSCODE AUTOMATIONENABLED | USERDATA null | RAWMESSAGE LVS1UST1DA520021052026224607????????01???????001
2026-05-21 22:46:08.393 INFO  o.code_studio.ComPortSchedulerTask - <tcpserver><info> Barcode communication enabled. COM port open: COM3
2026-05-21 22:46:11.031 INFO  o.c.controller.TcpMessageController - <tcpclient><send> UST1LVS111530021052026224608????????01???????001
2026-05-21 22:46:11.036 INFO  o.c.TcpClientConfig$$SpringCGLIB$$0 - <tcpclient><recv> LVS1UST1DA520021052026224607????????01???????001
2026-05-21 22:46:11.037 INFO  o.c.TcpServerConfig$$SpringCGLIB$$0 - <tcpserver><recv> UST1LVS111530021052026224608????????01???????001
2026-05-21 22:46:11.038 WARN  o.c.m.IncomingMessageProcessor - MessageProcessor::handleError->StatusCode.STATUSUNKNOWN
2026-05-21 22:46:11.038 INFO  o.c.m.IncomingMessageProcessor - SENDER UST1 | RECEIVER LVS1 | MESSAGETYPE DAYSTART | ORDINAL 53 | ERRORCODE OK | SOURCE 21052026 | TARGET 224611 | REPORTPOINT RPUNKNOWN | LETYPE LEUNKNOWN | STATUSCODE AUTOMATIONENABLED | USERDATA null | RAWMESSAGE UST1LVS111530021052026224608????????01???????001
2026-05-21 22:46:11.040 INFO  o.c.TcpClientConfig$$SpringCGLIB$$0 - <tcpclient><recv> LVS1UST1AA530021052026224608????????01???????001
2026-05-21 22:49:59.446 INFO  o.c.ApplicationCloseListener - <tcpserver><info> ApplicationContextClosedEvent detected
2026-05-21 22:49:59.448 INFO  org.code_studio.BarcodeConfig - <tcpserver><info> Barcode communication - COM port closed: COM3
2026-05-21 22:49:59.449 INFO  o.c.ApplicationCloseListener - <tcpserver><info> Waiting for 3000 msec to receive DAYEND confirmation from CRANE, and then close the TCP connection.
2026-05-21 22:50:02.466 INFO  o.c.TcpServerConfig$$SpringCGLIB$$0 - <tcpclient><info> Connection closed: 127.0.0.1:18196:49871:0dc92166-2261-48d1-8f02-74a727fd7ea7
2026-05-21 22:50:02.471 INFO  o.c.TcpServerConfig$$SpringCGLIB$$0 - <tcpserver><info> Connection closed: 127.0.0.1:49871:18196:8374d65d-187b-4855-90f0-cedd503818f8
2026-05-21 22:50:12.330 INFO  o.code_studio.ComPortSchedulerTask - <tcpserver><info> Trying to open COM port for Barcode communication
2026-05-21 22:50:12.473 INFO  o.c.WebSocketServerConfig$$SpringCGLIB$$0 - <wsserver><info> Created WS channel: /app/topic
2026-05-21 22:50:12.677 INFO  o.c.TcpServerConfig$$SpringCGLIB$$0 - <tcpserver><info> TCP server started on port: 18196
2026-05-21 22:50:12.688 INFO  o.c.TcpClientConfig$$SpringCGLIB$$0 - <tcpclient><info> TCP client has been created for server: localhost:18196
2026-05-21 22:50:12.845 INFO  o.c.WebSocketServerConfig$$SpringCGLIB$$0 - <wsserver><info> Created WS server on endpoint: /ws
2026-05-21 22:50:12.925 INFO  o.code_studio.ComPortSchedulerTask - <tcpserver><info> Barcode communication enabled. COM port open: COM3
2026-05-21 22:50:14.134 INFO  o.c.TcpServerConfig$$SpringCGLIB$$0 - <tcpclient><info> Connection established: 127.0.0.1:18196:50090:af66ae93-a54e-4501-b686-7e33208e46da
2026-05-21 22:50:14.134 INFO  o.c.TcpServerConfig$$SpringCGLIB$$0 - <tcpserver><info> Connection established: 127.0.0.1:50090:18196:9f51efe4-f296-4fc2-9d0b-6e13f5765b91
2026-05-21 22:50:14.135 INFO  o.c.CraneClientConnectedListener - <tcpsvr><info> CraneClientConnectedEvent detected
2026-05-21 22:50:14.186 WARN  o.c.ApplicationReadyListener - <tcpsvr><info> Message Flow Automation Debug is ENABLED
2026-05-21 22:50:14.191 INFO  o.c.controller.TcpMessageController - <tcpclient><send> LVS1UST1DA540021052026225014????????01???????001
2026-05-21 22:50:14.206 INFO  o.c.CraneClientConnectedListener - <tcpclient><send> DAYSTART message sent to Crane server
2026-05-21 22:50:14.224 INFO  o.c.TcpServerConfig$$SpringCGLIB$$0 - <tcpserver><recv> LVS1UST1DA540021052026225014????????01???????001
2026-05-21 22:50:14.247 WARN  o.c.m.IncomingMessageProcessor - MessageProcessor::handleError->StatusCode.STATUSUNKNOWN
2026-05-21 22:50:14.252 INFO  o.c.m.IncomingMessageProcessor - SENDER LVS1 | RECEIVER UST1 | MESSAGETYPE DAYSTART | ORDINAL 54 | ERRORCODE OK | SOURCE 21052026 | TARGET 225014 | REPORTPOINT RPUNKNOWN | LETYPE LEUNKNOWN | STATUSCODE AUTOMATIONENABLED | USERDATA null | RAWMESSAGE LVS1UST1DA540021052026225014????????01???????001
2026-05-21 22:50:17.275 INFO  o.c.controller.TcpMessageController - <tcpclient><send> UST1LVS111550021052026225014????????01???????001
2026-05-21 22:50:17.282 INFO  o.c.TcpClientConfig$$SpringCGLIB$$0 - <tcpclient><recv> LVS1UST1DA540021052026225014????????01???????001
2026-05-21 22:50:17.283 INFO  o.c.TcpServerConfig$$SpringCGLIB$$0 - <tcpserver><recv> UST1LVS111550021052026225014????????01???????001
2026-05-21 22:50:17.288 WARN  o.c.m.IncomingMessageProcessor - MessageProcessor::handleError->StatusCode.STATUSUNKNOWN
2026-05-21 22:50:17.289 INFO  o.c.m.IncomingMessageProcessor - SENDER UST1 | RECEIVER LVS1 | MESSAGETYPE DAYSTART | ORDINAL 55 | ERRORCODE OK | SOURCE 21052026 | TARGET 225017 | REPORTPOINT RPUNKNOWN | LETYPE LEUNKNOWN | STATUSCODE AUTOMATIONENABLED | USERDATA null | RAWMESSAGE UST1LVS111550021052026225014????????01???????001
2026-05-21 22:50:17.294 INFO  o.c.TcpClientConfig$$SpringCGLIB$$0 - <tcpclient><recv> LVS1UST1AA550021052026225014????????01???????001
2026-05-21 22:52:44.148 INFO  o.c.ApplicationCloseListener - <tcpserver><info> ApplicationContextClosedEvent detected
2026-05-21 22:52:44.149 INFO  org.code_studio.BarcodeConfig - <tcpserver><info> Barcode communication - COM port closed: COM3
2026-05-21 22:52:44.150 INFO  o.c.ApplicationCloseListener - <tcpserver><info> Waiting for 3000 msec to receive DAYEND confirmation from CRANE, and then close the TCP connection.
2026-05-21 22:52:47.163 INFO  o.c.TcpServerConfig$$SpringCGLIB$$0 - <tcpclient><info> Connection closed: 127.0.0.1:18196:50090:af66ae93-a54e-4501-b686-7e33208e46da
2026-05-21 22:52:47.168 INFO  o.c.TcpServerConfig$$SpringCGLIB$$0 - <tcpserver><info> Connection closed: 127.0.0.1:50090:18196:9f51efe4-f296-4fc2-9d0b-6e13f5765b91
2026-05-21 22:52:58.672 INFO  o.code_studio.ComPortSchedulerTask - <tcpserver><info> Trying to open COM port for Barcode communication
2026-05-21 22:52:58.819 INFO  o.c.WebSocketServerConfig$$SpringCGLIB$$0 - <wsserver><info> Created WS channel: /app/topic
2026-05-21 22:52:59.010 INFO  o.c.TcpServerConfig$$SpringCGLIB$$0 - <tcpserver><info> TCP server started on port: 18196
2026-05-21 22:52:59.023 INFO  o.c.TcpClientConfig$$SpringCGLIB$$0 - <tcpclient><info> TCP client has been created for server: localhost:18196
2026-05-21 22:52:59.185 INFO  o.c.WebSocketServerConfig$$SpringCGLIB$$0 - <wsserver><info> Created WS server on endpoint: /ws
2026-05-21 22:52:59.276 INFO  o.code_studio.ComPortSchedulerTask - <tcpserver><info> Barcode communication enabled. COM port open: COM3
2026-05-21 22:53:00.483 INFO  o.c.TcpServerConfig$$SpringCGLIB$$0 - <tcpserver><info> Connection established: 127.0.0.1:50162:18196:737fb2a7-a20e-45ed-8943-5be1e7fbead5
2026-05-21 22:53:00.486 INFO  o.c.CraneClientConnectedListener - <tcpsvr><info> CraneClientConnectedEvent detected
2026-05-21 22:53:00.488 INFO  o.c.TcpServerConfig$$SpringCGLIB$$0 - <tcpclient><info> Connection established: 127.0.0.1:18196:50162:4fce42e4-316e-4060-9e9f-565267064f55
2026-05-21 22:53:00.568 INFO  o.c.controller.TcpMessageController - <tcpclient><send> LVS1UST1DA560021052026225300????????01???????001
2026-05-21 22:53:00.586 INFO  o.c.CraneClientConnectedListener - <tcpclient><send> DAYSTART message sent to Crane server
2026-05-21 22:53:00.600 WARN  o.c.ApplicationReadyListener - <tcpsvr><info> Message Flow Automation Debug is ENABLED
2026-05-21 22:53:00.621 INFO  o.c.TcpServerConfig$$SpringCGLIB$$0 - <tcpserver><recv> LVS1UST1DA560021052026225300????????01???????001
2026-05-21 22:53:00.648 WARN  o.c.m.IncomingMessageProcessor - MessageProcessor::handleError->StatusCode.STATUSUNKNOWN
2026-05-21 22:53:00.652 INFO  o.c.m.IncomingMessageProcessor - SENDER LVS1 | RECEIVER UST1 | MESSAGETYPE DAYSTART | ORDINAL 56 | ERRORCODE OK | SOURCE 21052026 | TARGET 225300 | REPORTPOINT RPUNKNOWN | LETYPE LEUNKNOWN | STATUSCODE AUTOMATIONENABLED | USERDATA null | RAWMESSAGE LVS1UST1DA560021052026225300????????01???????001
2026-05-21 22:53:03.674 INFO  o.c.controller.TcpMessageController - <tcpclient><send> UST1LVS111570021052026225300????????01???????001
2026-05-21 22:53:03.677 INFO  o.c.TcpClientConfig$$SpringCGLIB$$0 - <tcpclient><recv> LVS1UST1DA560021052026225300????????01???????001
2026-05-21 22:53:03.677 INFO  o.c.TcpServerConfig$$SpringCGLIB$$0 - <tcpserver><recv> UST1LVS111570021052026225300????????01???????001
2026-05-21 22:53:03.678 WARN  o.c.m.IncomingMessageProcessor - MessageProcessor::handleError->StatusCode.STATUSUNKNOWN
2026-05-21 22:53:03.678 INFO  o.c.m.IncomingMessageProcessor - SENDER UST1 | RECEIVER LVS1 | MESSAGETYPE DAYSTART | ORDINAL 57 | ERRORCODE OK | SOURCE 21052026 | TARGET 225303 | REPORTPOINT RPUNKNOWN | LETYPE LEUNKNOWN | STATUSCODE AUTOMATIONENABLED | USERDATA null | RAWMESSAGE UST1LVS111570021052026225300????????01???????001
2026-05-21 22:53:03.680 INFO  o.c.TcpClientConfig$$SpringCGLIB$$0 - <tcpclient><recv> LVS1UST1AA570021052026225300????????01???????001
2026-05-21 22:58:54.917 INFO  o.c.ApplicationCloseListener - <tcpserver><info> ApplicationContextClosedEvent detected
2026-05-21 22:58:54.918 INFO  org.code_studio.BarcodeConfig - <tcpserver><info> Barcode communication - COM port closed: COM3
2026-05-21 22:58:54.918 INFO  o.c.ApplicationCloseListener - <tcpserver><info> Waiting for 3000 msec to receive DAYEND confirmation from CRANE, and then close the TCP connection.
2026-05-21 22:58:57.936 INFO  o.c.TcpServerConfig$$SpringCGLIB$$0 - <tcpclient><info> Connection closed: 127.0.0.1:18196:50162:4fce42e4-316e-4060-9e9f-565267064f55
2026-05-21 22:58:57.944 INFO  o.c.TcpServerConfig$$SpringCGLIB$$0 - <tcpserver><info> Connection closed: 127.0.0.1:50162:18196:737fb2a7-a20e-45ed-8943-5be1e7fbead5
2026-05-21 22:59:19.114 INFO  o.code_studio.ComPortSchedulerTask - <tcpserver><info> Trying to open COM port for Barcode communication
2026-05-21 22:59:19.290 INFO  o.c.WebSocketServerConfig$$SpringCGLIB$$0 - <wsserver><info> Created WS channel: /app/topic
2026-05-21 22:59:19.519 INFO  o.c.TcpServerConfig$$SpringCGLIB$$0 - <tcpserver><info> TCP server started on port: 18196
2026-05-21 22:59:19.538 INFO  o.c.TcpClientConfig$$SpringCGLIB$$0 - <tcpclient><info> TCP client has been created for server: localhost:18196
2026-05-21 22:59:19.826 INFO  o.c.WebSocketServerConfig$$SpringCGLIB$$0 - <wsserver><info> Created WS server on endpoint: /ws
2026-05-21 22:59:20.675 INFO  o.code_studio.ComPortSchedulerTask - <tcpserver><info> Barcode communication enabled. COM port open: COM3
2026-05-21 22:59:20.956 INFO  o.c.TcpServerConfig$$SpringCGLIB$$0 - <tcpserver><info> Connection established: 127.0.0.1:50322:18196:5dcf08d5-7155-41ac-85ac-b36d796f1fd6
2026-05-21 22:59:20.956 INFO  o.c.TcpServerConfig$$SpringCGLIB$$0 - <tcpclient><info> Connection established: 127.0.0.1:18196:50322:0612f564-12d4-49b3-a42f-cd1c61e7b46b
2026-05-21 22:59:20.958 INFO  o.c.CraneClientConnectedListener - <tcpsvr><info> CraneClientConnectedEvent detected
2026-05-21 22:59:21.020 INFO  o.c.controller.TcpMessageController - <tcpclient><send> LVS1UST1DA580021052026225921????????01???????001
2026-05-21 22:59:21.036 INFO  o.c.CraneClientConnectedListener - <tcpclient><send> DAYSTART message sent to Crane server
2026-05-21 22:59:21.038 WARN  o.c.ApplicationReadyListener - <tcpsvr><info> Message Flow Automation Debug is ENABLED
2026-05-21 22:59:21.059 INFO  o.c.TcpServerConfig$$SpringCGLIB$$0 - <tcpserver><recv> LVS1UST1DA580021052026225921????????01???????001
2026-05-21 22:59:21.087 WARN  o.c.m.IncomingMessageProcessor - MessageProcessor::handleError->StatusCode.STATUSUNKNOWN
2026-05-21 22:59:21.092 INFO  o.c.m.IncomingMessageProcessor - SENDER LVS1 | RECEIVER UST1 | MESSAGETYPE DAYSTART | ORDINAL 58 | ERRORCODE OK | SOURCE 21052026 | TARGET 225921 | REPORTPOINT RPUNKNOWN | LETYPE LEUNKNOWN | STATUSCODE AUTOMATIONENABLED | USERDATA null | RAWMESSAGE LVS1UST1DA580021052026225921????????01???????001
2026-05-21 22:59:24.145 INFO  o.c.controller.TcpMessageController - <tcpclient><send> UST1LVS111590021052026225921????????01???????001
2026-05-21 22:59:24.149 INFO  o.c.TcpClientConfig$$SpringCGLIB$$0 - <tcpclient><recv> LVS1UST1DA580021052026225921????????01???????001
2026-05-21 22:59:24.149 INFO  o.c.TcpServerConfig$$SpringCGLIB$$0 - <tcpserver><recv> UST1LVS111590021052026225921????????01???????001
2026-05-21 22:59:24.150 WARN  o.c.m.IncomingMessageProcessor - MessageProcessor::handleError->StatusCode.STATUSUNKNOWN
2026-05-21 22:59:24.150 INFO  o.c.m.IncomingMessageProcessor - SENDER UST1 | RECEIVER LVS1 | MESSAGETYPE DAYSTART | ORDINAL 59 | ERRORCODE OK | SOURCE 21052026 | TARGET 225924 | REPORTPOINT RPUNKNOWN | LETYPE LEUNKNOWN | STATUSCODE AUTOMATIONENABLED | USERDATA null | RAWMESSAGE UST1LVS111590021052026225921????????01???????001
2026-05-21 22:59:24.152 INFO  o.c.TcpClientConfig$$SpringCGLIB$$0 - <tcpclient><recv> LVS1UST1AA590021052026225921????????01???????001
2026-05-21 23:00:11.303 INFO  o.c.ApplicationCloseListener - <tcpserver><info> ApplicationContextClosedEvent detected
2026-05-21 23:00:11.304 INFO  org.code_studio.BarcodeConfig - <tcpserver><info> Barcode communication - COM port closed: COM3
2026-05-21 23:00:11.305 INFO  o.c.ApplicationCloseListener - <tcpserver><info> Waiting for 3000 msec to receive DAYEND confirmation from CRANE, and then close the TCP connection.
2026-05-21 23:00:14.315 INFO  o.c.TcpServerConfig$$SpringCGLIB$$0 - <tcpclient><info> Connection closed: 127.0.0.1:18196:50322:0612f564-12d4-49b3-a42f-cd1c61e7b46b
2026-05-21 23:00:14.318 INFO  o.c.TcpServerConfig$$SpringCGLIB$$0 - <tcpserver><info> Connection closed: 127.0.0.1:50322:18196:5dcf08d5-7155-41ac-85ac-b36d796f1fd6
2026-05-21 23:03:22.021 INFO  o.code_studio.ComPortSchedulerTask - <tcpserver><info> Trying to open COM port for Barcode communication
2026-05-21 23:03:22.168 INFO  o.c.WebSocketServerConfig$$SpringCGLIB$$0 - <wsserver><info> Created WS channel: /app/topic
2026-05-21 23:03:22.341 INFO  o.c.TcpServerConfig$$SpringCGLIB$$0 - <tcpserver><info> TCP server started on port: 18196
2026-05-21 23:03:22.347 INFO  o.c.TcpClientConfig$$SpringCGLIB$$0 - <tcpclient><info> TCP client has been created for server: localhost:18196
2026-05-21 23:03:22.426 INFO  o.c.WebSocketServerConfig$$SpringCGLIB$$0 - <wsserver><info> Created WS server on endpoint: /ws
2026-05-21 23:03:22.666 INFO  o.code_studio.ComPortSchedulerTask - <tcpserver><info> Barcode communication enabled. COM port open: COM3
2026-05-21 23:03:23.590 INFO  o.c.TcpServerConfig$$SpringCGLIB$$0 - <tcpserver><info> Connection established: 127.0.0.1:50388:18196:5312a574-b62b-489f-bda9-b80d94415dbe
2026-05-21 23:03:23.592 INFO  o.c.CraneClientConnectedListener - <tcpsvr><info> CraneClientConnectedEvent detected
2026-05-21 23:03:23.596 INFO  o.c.TcpServerConfig$$SpringCGLIB$$0 - <tcpclient><info> Connection established: 127.0.0.1:18196:50388:e19adbda-b5f4-4d34-99ec-efd5a8fb12aa
2026-05-21 23:03:23.648 WARN  o.c.ApplicationReadyListener - <tcpsvr><info> Message Flow Automation Debug is ENABLED
2026-05-21 23:03:23.672 INFO  o.c.controller.TcpMessageController - <tcpclient><send> LVS1UST1DA600021052026230323????????01???????001
2026-05-21 23:03:23.689 INFO  o.c.CraneClientConnectedListener - <tcpclient><send> DAYSTART message sent to Crane server
2026-05-21 23:03:23.710 INFO  o.c.TcpServerConfig$$SpringCGLIB$$0 - <tcpserver><recv> LVS1UST1DA600021052026230323????????01???????001
2026-05-21 23:03:23.729 WARN  o.c.m.IncomingMessageProcessor - MessageProcessor::handleError->StatusCode.STATUSUNKNOWN
2026-05-21 23:03:23.733 INFO  o.c.m.IncomingMessageProcessor - SENDER LVS1 | RECEIVER UST1 | MESSAGETYPE DAYSTART | ORDINAL 60 | ERRORCODE OK | SOURCE 21052026 | TARGET 230323 | REPORTPOINT RPUNKNOWN | LETYPE LEUNKNOWN | STATUSCODE AUTOMATIONENABLED | USERDATA null | RAWMESSAGE LVS1UST1DA600021052026230323????????01???????001
2026-05-21 23:03:26.754 INFO  o.c.controller.TcpMessageController - <tcpclient><send> UST1LVS111610021052026230323????????01???????001
2026-05-21 23:03:26.761 INFO  o.c.TcpClientConfig$$SpringCGLIB$$0 - <tcpclient><recv> LVS1UST1DA600021052026230323????????01???????001
2026-05-21 23:03:26.762 INFO  o.c.TcpServerConfig$$SpringCGLIB$$0 - <tcpserver><recv> UST1LVS111610021052026230323????????01???????001
2026-05-21 23:03:26.766 WARN  o.c.m.IncomingMessageProcessor - MessageProcessor::handleError->StatusCode.STATUSUNKNOWN
2026-05-21 23:03:26.767 INFO  o.c.m.IncomingMessageProcessor - SENDER UST1 | RECEIVER LVS1 | MESSAGETYPE DAYSTART | ORDINAL 61 | ERRORCODE OK | SOURCE 21052026 | TARGET 230326 | REPORTPOINT RPUNKNOWN | LETYPE LEUNKNOWN | STATUSCODE AUTOMATIONENABLED | USERDATA null | RAWMESSAGE UST1LVS111610021052026230323????????01???????001
2026-05-21 23:03:26.771 INFO  o.c.TcpClientConfig$$SpringCGLIB$$0 - <tcpclient><recv> LVS1UST1AA610021052026230323????????01???????001
2026-05-21 23:09:48.208 INFO  o.c.ApplicationCloseListener - <tcpserver><info> ApplicationContextClosedEvent detected
2026-05-21 23:09:48.212 INFO  org.code_studio.BarcodeConfig - <tcpserver><info> Barcode communication - COM port closed: COM3
2026-05-21 23:09:48.213 INFO  o.c.ApplicationCloseListener - <tcpserver><info> Waiting for 3000 msec to receive DAYEND confirmation from CRANE, and then close the TCP connection.
2026-05-21 23:09:51.237 INFO  o.c.TcpServerConfig$$SpringCGLIB$$0 - <tcpclient><info> Connection closed: 127.0.0.1:18196:50388:e19adbda-b5f4-4d34-99ec-efd5a8fb12aa
2026-05-21 23:09:51.247 INFO  o.c.TcpServerConfig$$SpringCGLIB$$0 - <tcpserver><info> Connection closed: 127.0.0.1:50388:18196:5312a574-b62b-489f-bda9-b80d94415dbe
2026-05-21 23:10:06.228 INFO  o.code_studio.ComPortSchedulerTask - <tcpserver><info> Trying to open COM port for Barcode communication
2026-05-21 23:10:06.355 INFO  o.c.WebSocketServerConfig$$SpringCGLIB$$0 - <wsserver><info> Created WS channel: /app/topic
2026-05-21 23:10:06.514 INFO  o.c.TcpServerConfig$$SpringCGLIB$$0 - <tcpserver><info> TCP server started on port: 18196
2026-05-21 23:10:06.522 INFO  o.c.TcpClientConfig$$SpringCGLIB$$0 - <tcpclient><info> TCP client has been created for server: localhost:18196
2026-05-21 23:10:06.599 INFO  o.c.WebSocketServerConfig$$SpringCGLIB$$0 - <wsserver><info> Created WS server on endpoint: /ws
2026-05-21 23:10:07.095 INFO  o.code_studio.ComPortSchedulerTask - <tcpserver><info> Barcode communication enabled. COM port open: COM3
2026-05-21 23:10:07.611 INFO  o.c.TcpServerConfig$$SpringCGLIB$$0 - <tcpclient><info> Connection established: 127.0.0.1:18196:50585:821e8cad-29d1-4fc8-9431-762991393311
2026-05-21 23:10:07.611 INFO  o.c.TcpServerConfig$$SpringCGLIB$$0 - <tcpserver><info> Connection established: 127.0.0.1:50585:18196:51487e5d-6659-47b1-98ad-2ea6c22d9d0b
2026-05-21 23:10:07.612 INFO  o.c.CraneClientConnectedListener - <tcpsvr><info> CraneClientConnectedEvent detected
2026-05-21 23:10:07.668 INFO  o.c.controller.TcpMessageController - <tcpclient><send> LVS1UST1DA620021052026231007????????01???????001
2026-05-21 23:10:07.672 WARN  o.c.ApplicationReadyListener - <tcpsvr><info> Message Flow Automation Debug is ENABLED
2026-05-21 23:10:07.684 INFO  o.c.CraneClientConnectedListener - <tcpclient><send> DAYSTART message sent to Crane server
2026-05-21 23:10:07.711 INFO  o.c.TcpServerConfig$$SpringCGLIB$$0 - <tcpserver><recv> LVS1UST1DA620021052026231007????????01???????001
2026-05-21 23:10:07.749 WARN  o.c.m.IncomingMessageProcessor - MessageProcessor::handleError->StatusCode.STATUSUNKNOWN
2026-05-21 23:10:07.776 INFO  o.c.m.IncomingMessageProcessor - SENDER LVS1 | RECEIVER UST1 | MESSAGETYPE DAYSTART | ORDINAL 62 | ERRORCODE OK | SOURCE 21052026 | TARGET 231007 | REPORTPOINT RPUNKNOWN | LETYPE LEUNKNOWN | STATUSCODE AUTOMATIONENABLED | USERDATA null | RAWMESSAGE LVS1UST1DA620021052026231007????????01???????001
2026-05-21 23:10:10.802 INFO  o.c.controller.TcpMessageController - <tcpclient><send> UST1LVS111630021052026231007????????01???????001
2026-05-21 23:10:10.804 INFO  o.c.TcpServerConfig$$SpringCGLIB$$0 - <tcpserver><recv> UST1LVS111630021052026231007????????01???????001
2026-05-21 23:10:10.804 INFO  o.c.TcpClientConfig$$SpringCGLIB$$0 - <tcpclient><recv> LVS1UST1DA620021052026231007????????01???????001
2026-05-21 23:10:10.805 WARN  o.c.m.IncomingMessageProcessor - MessageProcessor::handleError->StatusCode.STATUSUNKNOWN
2026-05-21 23:10:10.806 INFO  o.c.m.IncomingMessageProcessor - SENDER UST1 | RECEIVER LVS1 | MESSAGETYPE DAYSTART | ORDINAL 63 | ERRORCODE OK | SOURCE 21052026 | TARGET 231010 | REPORTPOINT RPUNKNOWN | LETYPE LEUNKNOWN | STATUSCODE AUTOMATIONENABLED | USERDATA null | RAWMESSAGE UST1LVS111630021052026231007????????01???????001
2026-05-21 23:10:10.807 INFO  o.c.TcpClientConfig$$SpringCGLIB$$0 - <tcpclient><recv> LVS1UST1AA630021052026231007????????01???????001
2026-05-21 23:13:25.318 INFO  o.c.ApplicationCloseListener - <tcpserver><info> ApplicationContextClosedEvent detected
2026-05-21 23:13:25.320 INFO  org.code_studio.BarcodeConfig - <tcpserver><info> Barcode communication - COM port closed: COM3
2026-05-21 23:13:25.321 INFO  o.c.ApplicationCloseListener - <tcpserver><info> Waiting for 3000 msec to receive DAYEND confirmation from CRANE, and then close the TCP connection.
2026-05-21 23:13:28.344 INFO  o.c.TcpServerConfig$$SpringCGLIB$$0 - <tcpclient><info> Connection closed: 127.0.0.1:18196:50585:821e8cad-29d1-4fc8-9431-762991393311
2026-05-21 23:13:28.352 INFO  o.c.TcpServerConfig$$SpringCGLIB$$0 - <tcpserver><info> Connection closed: 127.0.0.1:50585:18196:51487e5d-6659-47b1-98ad-2ea6c22d9d0b
2026-05-21 23:13:37.224 INFO  o.code_studio.ComPortSchedulerTask - <tcpserver><info> Trying to open COM port for Barcode communication
2026-05-21 23:13:37.362 INFO  o.c.WebSocketServerConfig$$SpringCGLIB$$0 - <wsserver><info> Created WS channel: /app/topic
2026-05-21 23:13:37.506 INFO  o.c.TcpServerConfig$$SpringCGLIB$$0 - <tcpserver><info> TCP server started on port: 18196
2026-05-21 23:13:37.512 INFO  o.c.TcpClientConfig$$SpringCGLIB$$0 - <tcpclient><info> TCP client has been created for server: localhost:18196
2026-05-21 23:13:37.588 INFO  o.c.WebSocketServerConfig$$SpringCGLIB$$0 - <wsserver><info> Created WS server on endpoint: /ws
2026-05-21 23:13:38.365 INFO  o.code_studio.ComPortSchedulerTask - <tcpserver><info> Barcode communication enabled. COM port open: COM3
2026-05-21 23:13:38.587 INFO  o.c.TcpServerConfig$$SpringCGLIB$$0 - <tcpclient><info> Connection established: 127.0.0.1:18196:50630:94323d3e-2c95-4255-af9c-6eaec6e998c5
2026-05-21 23:13:38.587 INFO  o.c.TcpServerConfig$$SpringCGLIB$$0 - <tcpserver><info> Connection established: 127.0.0.1:50630:18196:bbdb9aec-ba95-4e9d-a5ba-41de644fdb57
2026-05-21 23:13:38.588 INFO  o.c.CraneClientConnectedListener - <tcpsvr><info> CraneClientConnectedEvent detected
2026-05-21 23:13:38.635 INFO  o.c.controller.TcpMessageController - <tcpclient><send> LVS1UST1DA640021052026231338????????01???????001
2026-05-21 23:13:38.636 WARN  o.c.ApplicationReadyListener - <tcpsvr><info> Message Flow Automation Debug is ENABLED
2026-05-21 23:13:38.651 INFO  o.c.CraneClientConnectedListener - <tcpclient><send> DAYSTART message sent to Crane server
2026-05-21 23:13:38.673 INFO  o.c.TcpServerConfig$$SpringCGLIB$$0 - <tcpserver><recv> LVS1UST1DA640021052026231338????????01???????001
2026-05-21 23:13:38.692 WARN  o.c.m.IncomingMessageProcessor - MessageProcessor::handleError->StatusCode.STATUSUNKNOWN
2026-05-21 23:13:38.697 INFO  o.c.m.IncomingMessageProcessor - SENDER LVS1 | RECEIVER UST1 | MESSAGETYPE DAYSTART | ORDINAL 64 | ERRORCODE OK | SOURCE 21052026 | TARGET 231338 | REPORTPOINT RPUNKNOWN | LETYPE LEUNKNOWN | STATUSCODE AUTOMATIONENABLED | USERDATA null | RAWMESSAGE LVS1UST1DA640021052026231338????????01???????001
2026-05-21 23:13:41.722 INFO  o.c.controller.TcpMessageController - <tcpclient><send> UST1LVS111650021052026231338????????01???????001
2026-05-21 23:13:41.725 INFO  o.c.TcpClientConfig$$SpringCGLIB$$0 - <tcpclient><recv> LVS1UST1DA640021052026231338????????01???????001
2026-05-21 23:13:41.733 INFO  o.c.TcpServerConfig$$SpringCGLIB$$0 - <tcpserver><recv> UST1LVS111650021052026231338????????01???????001
2026-05-21 23:13:41.736 WARN  o.c.m.IncomingMessageProcessor - MessageProcessor::handleError->StatusCode.STATUSUNKNOWN
2026-05-21 23:13:41.736 INFO  o.c.m.IncomingMessageProcessor - SENDER UST1 | RECEIVER LVS1 | MESSAGETYPE DAYSTART | ORDINAL 65 | ERRORCODE OK | SOURCE 21052026 | TARGET 231341 | REPORTPOINT RPUNKNOWN | LETYPE LEUNKNOWN | STATUSCODE AUTOMATIONENABLED | USERDATA null | RAWMESSAGE UST1LVS111650021052026231338????????01???????001
2026-05-21 23:13:41.738 INFO  o.c.TcpClientConfig$$SpringCGLIB$$0 - <tcpclient><recv> LVS1UST1AA650021052026231338????????01???????001
2026-05-21 23:15:58.999 INFO  o.c.ApplicationCloseListener - <tcpserver><info> ApplicationContextClosedEvent detected
2026-05-21 23:15:59.000 INFO  org.code_studio.BarcodeConfig - <tcpserver><info> Barcode communication - COM port closed: COM3
2026-05-21 23:15:59.001 INFO  o.c.ApplicationCloseListener - <tcpserver><info> Waiting for 3000 msec to receive DAYEND confirmation from CRANE, and then close the TCP connection.
2026-05-21 23:16:02.016 INFO  o.c.TcpServerConfig$$SpringCGLIB$$0 - <tcpclient><info> Connection closed: 127.0.0.1:18196:50630:94323d3e-2c95-4255-af9c-6eaec6e998c5
2026-05-21 23:16:02.019 INFO  o.c.TcpServerConfig$$SpringCGLIB$$0 - <tcpserver><info> Connection closed: 127.0.0.1:50630:18196:bbdb9aec-ba95-4e9d-a5ba-41de644fdb57
2026-05-21 23:16:15.305 INFO  o.code_studio.ComPortSchedulerTask - <tcpserver><info> Trying to open COM port for Barcode communication
2026-05-21 23:16:15.456 INFO  o.c.WebSocketServerConfig$$SpringCGLIB$$0 - <wsserver><info> Created WS channel: /app/topic
2026-05-21 23:16:15.782 INFO  o.c.TcpServerConfig$$SpringCGLIB$$0 - <tcpserver><info> TCP server started on port: 18196
2026-05-21 23:16:15.820 INFO  o.c.TcpClientConfig$$SpringCGLIB$$0 - <tcpclient><info> TCP client has been created for server: localhost:18196
2026-05-21 23:16:15.959 INFO  o.c.WebSocketServerConfig$$SpringCGLIB$$0 - <wsserver><info> Created WS server on endpoint: /ws
2026-05-21 23:16:16.912 INFO  o.c.TcpServerConfig$$SpringCGLIB$$0 - <tcpclient><info> Connection established: 127.0.0.1:18196:50686:97cb214d-1176-49e0-a6fb-cf46602f9e7c
2026-05-21 23:16:16.912 INFO  o.c.TcpServerConfig$$SpringCGLIB$$0 - <tcpserver><info> Connection established: 127.0.0.1:50686:18196:8a8ef6d9-8a13-47b2-a1f9-91b37a632e74
2026-05-21 23:16:16.914 INFO  o.c.CraneClientConnectedListener - <tcpsvr><info> CraneClientConnectedEvent detected
2026-05-21 23:16:16.956 WARN  o.c.ApplicationReadyListener - <tcpsvr><info> Message Flow Automation Debug is ENABLED
2026-05-21 23:16:16.968 INFO  o.c.controller.TcpMessageController - <tcpclient><send> LVS1UST1DA660021052026231616????????01???????001
2026-05-21 23:16:16.982 INFO  o.c.CraneClientConnectedListener - <tcpclient><send> DAYSTART message sent to Crane server
2026-05-21 23:16:17.000 INFO  o.c.TcpServerConfig$$SpringCGLIB$$0 - <tcpserver><recv> LVS1UST1DA660021052026231616????????01???????001
2026-05-21 23:16:17.017 WARN  o.c.m.IncomingMessageProcessor - MessageProcessor::handleError->StatusCode.STATUSUNKNOWN
2026-05-21 23:16:17.022 INFO  o.c.m.IncomingMessageProcessor - SENDER LVS1 | RECEIVER UST1 | MESSAGETYPE DAYSTART | ORDINAL 66 | ERRORCODE OK | SOURCE 21052026 | TARGET 231617 | REPORTPOINT RPUNKNOWN | LETYPE LEUNKNOWN | STATUSCODE AUTOMATIONENABLED | USERDATA null | RAWMESSAGE LVS1UST1DA660021052026231616????????01???????001
2026-05-21 23:16:17.044 INFO  o.code_studio.ComPortSchedulerTask - <tcpserver><info> Barcode communication enabled. COM port open: COM3
2026-05-21 23:16:20.155 INFO  o.c.controller.TcpMessageController - <tcpclient><send> UST1LVS111670021052026231617????????01???????001
2026-05-21 23:16:20.158 INFO  o.c.TcpClientConfig$$SpringCGLIB$$0 - <tcpclient><recv> LVS1UST1DA660021052026231616????????01???????001
2026-05-21 23:16:20.159 INFO  o.c.TcpServerConfig$$SpringCGLIB$$0 - <tcpserver><recv> UST1LVS111670021052026231617????????01???????001
2026-05-21 23:16:20.161 WARN  o.c.m.IncomingMessageProcessor - MessageProcessor::handleError->StatusCode.STATUSUNKNOWN
2026-05-21 23:16:20.162 INFO  o.c.m.IncomingMessageProcessor - SENDER UST1 | RECEIVER LVS1 | MESSAGETYPE DAYSTART | ORDINAL 67 | ERRORCODE OK | SOURCE 21052026 | TARGET 231620 | REPORTPOINT RPUNKNOWN | LETYPE LEUNKNOWN | STATUSCODE AUTOMATIONENABLED | USERDATA null | RAWMESSAGE UST1LVS111670021052026231617????????01???????001
2026-05-21 23:16:20.163 INFO  o.c.TcpClientConfig$$SpringCGLIB$$0 - <tcpclient><recv> LVS1UST1AA670021052026231617????????01???????001
2026-05-21 23:19:39.188 INFO  o.c.ApplicationCloseListener - <tcpserver><info> ApplicationContextClosedEvent detected
2026-05-21 23:19:39.189 INFO  org.code_studio.BarcodeConfig - <tcpserver><info> Barcode communication - COM port closed: COM3
2026-05-21 23:19:39.189 INFO  o.c.ApplicationCloseListener - <tcpserver><info> Waiting for 3000 msec to receive DAYEND confirmation from CRANE, and then close the TCP connection.
2026-05-21 23:19:42.221 INFO  o.c.TcpServerConfig$$SpringCGLIB$$0 - <tcpclient><info> Connection closed: 127.0.0.1:18196:50686:97cb214d-1176-49e0-a6fb-cf46602f9e7c
2026-05-21 23:19:42.239 INFO  o.c.TcpServerConfig$$SpringCGLIB$$0 - <tcpserver><info> Connection closed: 127.0.0.1:50686:18196:8a8ef6d9-8a13-47b2-a1f9-91b37a632e74
2026-05-21 23:19:55.085 INFO  o.code_studio.ComPortSchedulerTask - <tcpserver><info> Trying to open COM port for Barcode communication
2026-05-21 23:19:55.238 INFO  o.c.WebSocketServerConfig$$SpringCGLIB$$0 - <wsserver><info> Created WS channel: /app/topic
2026-05-21 23:19:55.393 INFO  o.c.TcpServerConfig$$SpringCGLIB$$0 - <tcpserver><info> TCP server started on port: 18196
2026-05-21 23:19:55.401 INFO  o.c.TcpClientConfig$$SpringCGLIB$$0 - <tcpclient><info> TCP client has been created for server: localhost:18196
2026-05-21 23:19:55.487 INFO  o.c.WebSocketServerConfig$$SpringCGLIB$$0 - <wsserver><info> Created WS server on endpoint: /ws
2026-05-21 23:19:55.946 INFO  o.code_studio.ComPortSchedulerTask - <tcpserver><info> Barcode communication enabled. COM port open: COM3
2026-05-21 23:19:56.417 INFO  o.c.TcpServerConfig$$SpringCGLIB$$0 - <tcpclient><info> Connection established: 127.0.0.1:18196:50799:ff29f2a0-31f6-498e-a79e-b68e5284edcf
2026-05-21 23:19:56.418 INFO  o.c.TcpServerConfig$$SpringCGLIB$$0 - <tcpserver><info> Connection established: 127.0.0.1:50799:18196:1ab86436-869e-4fc9-a026-dc19a6c938bc
2026-05-21 23:19:56.419 INFO  o.c.CraneClientConnectedListener - <tcpsvr><info> CraneClientConnectedEvent detected
2026-05-21 23:19:56.464 WARN  o.c.ApplicationReadyListener - <tcpsvr><info> Message Flow Automation Debug is ENABLED
2026-05-21 23:19:56.470 INFO  o.c.controller.TcpMessageController - <tcpclient><send> LVS1UST1DA680021052026231956????????01???????001
2026-05-21 23:19:56.484 INFO  o.c.CraneClientConnectedListener - <tcpclient><send> DAYSTART message sent to Crane server
2026-05-21 23:19:56.501 INFO  o.c.TcpServerConfig$$SpringCGLIB$$0 - <tcpserver><recv> LVS1UST1DA680021052026231956????????01???????001
2026-05-21 23:19:56.521 WARN  o.c.m.IncomingMessageProcessor - MessageProcessor::handleError->StatusCode.STATUSUNKNOWN
2026-05-21 23:19:56.526 INFO  o.c.m.IncomingMessageProcessor - SENDER LVS1 | RECEIVER UST1 | MESSAGETYPE DAYSTART | ORDINAL 68 | ERRORCODE OK | SOURCE 21052026 | TARGET 231956 | REPORTPOINT RPUNKNOWN | LETYPE LEUNKNOWN | STATUSCODE AUTOMATIONENABLED | USERDATA null | RAWMESSAGE LVS1UST1DA680021052026231956????????01???????001
2026-05-21 23:19:59.548 INFO  o.c.controller.TcpMessageController - <tcpclient><send> UST1LVS111690021052026231956????????01???????001
2026-05-21 23:19:59.555 INFO  o.c.TcpClientConfig$$SpringCGLIB$$0 - <tcpclient><recv> LVS1UST1DA680021052026231956????????01???????001
2026-05-21 23:19:59.555 INFO  o.c.TcpServerConfig$$SpringCGLIB$$0 - <tcpserver><recv> UST1LVS111690021052026231956????????01???????001
2026-05-21 23:19:59.558 WARN  o.c.m.IncomingMessageProcessor - MessageProcessor::handleError->StatusCode.STATUSUNKNOWN
2026-05-21 23:19:59.560 INFO  o.c.m.IncomingMessageProcessor - SENDER UST1 | RECEIVER LVS1 | MESSAGETYPE DAYSTART | ORDINAL 69 | ERRORCODE OK | SOURCE 21052026 | TARGET 231959 | REPORTPOINT RPUNKNOWN | LETYPE LEUNKNOWN | STATUSCODE AUTOMATIONENABLED | USERDATA null | RAWMESSAGE UST1LVS111690021052026231956????????01???????001
2026-05-21 23:19:59.564 INFO  o.c.TcpClientConfig$$SpringCGLIB$$0 - <tcpclient><recv> LVS1UST1AA690021052026231956????????01???????001
2026-05-21 23:23:10.621 INFO  o.c.ApplicationCloseListener - <tcpserver><info> ApplicationContextClosedEvent detected
2026-05-21 23:23:10.623 INFO  org.code_studio.BarcodeConfig - <tcpserver><info> Barcode communication - COM port closed: COM3
2026-05-21 23:23:10.623 INFO  o.c.ApplicationCloseListener - <tcpserver><info> Waiting for 3000 msec to receive DAYEND confirmation from CRANE, and then close the TCP connection.
2026-05-21 23:23:13.634 INFO  o.c.TcpServerConfig$$SpringCGLIB$$0 - <tcpclient><info> Connection closed: 127.0.0.1:18196:50799:ff29f2a0-31f6-498e-a79e-b68e5284edcf
2026-05-21 23:23:13.636 INFO  o.c.TcpServerConfig$$SpringCGLIB$$0 - <tcpserver><info> Connection closed: 127.0.0.1:50799:18196:1ab86436-869e-4fc9-a026-dc19a6c938bc
2026-05-21 23:23:27.001 INFO  o.code_studio.ComPortSchedulerTask - <tcpserver><info> Trying to open COM port for Barcode communication
2026-05-21 23:23:27.200 INFO  o.c.WebSocketServerConfig$$SpringCGLIB$$0 - <wsserver><info> Created WS channel: /app/topic
2026-05-21 23:23:27.400 INFO  o.c.TcpServerConfig$$SpringCGLIB$$0 - <tcpserver><info> TCP server started on port: 18196
2026-05-21 23:23:27.410 INFO  o.c.TcpClientConfig$$SpringCGLIB$$0 - <tcpclient><info> TCP client has been created for server: localhost:18196
2026-05-21 23:23:27.500 INFO  o.c.WebSocketServerConfig$$SpringCGLIB$$0 - <wsserver><info> Created WS server on endpoint: /ws
2026-05-21 23:23:28.590 INFO  o.c.TcpServerConfig$$SpringCGLIB$$0 - <tcpclient><info> Connection established: 127.0.0.1:18196:50930:661386a0-ded0-4233-a3d8-e72b79c5010f
2026-05-21 23:23:28.590 INFO  o.c.TcpServerConfig$$SpringCGLIB$$0 - <tcpserver><info> Connection established: 127.0.0.1:50930:18196:035f451c-58ed-4299-a98b-d9a70de01046
2026-05-21 23:23:28.591 INFO  o.c.CraneClientConnectedListener - <tcpsvr><info> CraneClientConnectedEvent detected
2026-05-21 23:23:28.632 WARN  o.c.ApplicationReadyListener - <tcpsvr><info> Message Flow Automation Debug is ENABLED
2026-05-21 23:23:28.637 INFO  o.c.controller.TcpMessageController - <tcpclient><send> LVS1UST1DA700021052026232328????????01???????001
2026-05-21 23:23:28.648 INFO  o.c.CraneClientConnectedListener - <tcpclient><send> DAYSTART message sent to Crane server
2026-05-21 23:23:28.660 INFO  o.c.TcpServerConfig$$SpringCGLIB$$0 - <tcpserver><recv> LVS1UST1DA700021052026232328????????01???????001
2026-05-21 23:23:28.673 WARN  o.c.m.IncomingMessageProcessor - MessageProcessor::handleError->StatusCode.STATUSUNKNOWN
2026-05-21 23:23:28.676 INFO  o.c.m.IncomingMessageProcessor - SENDER LVS1 | RECEIVER UST1 | MESSAGETYPE DAYSTART | ORDINAL 70 | ERRORCODE OK | SOURCE 21052026 | TARGET 232328 | REPORTPOINT RPUNKNOWN | LETYPE LEUNKNOWN | STATUSCODE AUTOMATIONENABLED | USERDATA null | RAWMESSAGE LVS1UST1DA700021052026232328????????01???????001
2026-05-21 23:23:29.807 INFO  o.code_studio.ComPortSchedulerTask - <tcpserver><info> Barcode communication enabled. COM port open: COM3
2026-05-21 23:23:31.691 INFO  o.c.controller.TcpMessageController - <tcpclient><send> UST1LVS111710021052026232328????????01???????001
2026-05-21 23:23:31.695 INFO  o.c.TcpClientConfig$$SpringCGLIB$$0 - <tcpclient><recv> LVS1UST1DA700021052026232328????????01???????001
2026-05-21 23:23:31.696 INFO  o.c.TcpServerConfig$$SpringCGLIB$$0 - <tcpserver><recv> UST1LVS111710021052026232328????????01???????001
2026-05-21 23:23:31.698 WARN  o.c.m.IncomingMessageProcessor - MessageProcessor::handleError->StatusCode.STATUSUNKNOWN
2026-05-21 23:23:31.698 INFO  o.c.m.IncomingMessageProcessor - SENDER UST1 | RECEIVER LVS1 | MESSAGETYPE DAYSTART | ORDINAL 71 | ERRORCODE OK | SOURCE 21052026 | TARGET 232331 | REPORTPOINT RPUNKNOWN | LETYPE LEUNKNOWN | STATUSCODE AUTOMATIONENABLED | USERDATA null | RAWMESSAGE UST1LVS111710021052026232328????????01???????001
2026-05-21 23:23:31.700 INFO  o.c.TcpClientConfig$$SpringCGLIB$$0 - <tcpclient><recv> LVS1UST1AA710021052026232328????????01???????001
