2026-05-20 01:22:05.222 INFO  o.c.ApplicationCloseListener - <tcpserver><info> ApplicationContextClosedEvent detected
2026-05-20 01:22:05.387 INFO  org.code_studio.BarcodeConfig - <tcpserver><info> Barcode communication - COM port closed: COM3
2026-05-20 01:22:05.388 INFO  o.c.ApplicationCloseListener - <tcpserver><info> Waiting for 3000 msec to receive DAYEND confirmation from CRANE, and then close the TCP connection.
2026-05-20 01:22:08.644 INFO  o.c.TcpServerConfig$$SpringCGLIB$$0 - <tcpclient><info> Connection closed: 127.0.0.1:18196:55952:5482ac74-af4b-4cca-b6d5-3961f5fbdf41
2026-05-20 01:22:08.671 INFO  o.c.TcpServerConfig$$SpringCGLIB$$0 - <tcpserver><info> Connection closed: 127.0.0.1:55952:18196:446904a0-f6f0-472f-a306-7b41333fb93e
2026-05-20 01:22:23.389 INFO  o.code_studio.ComPortSchedulerTask - <tcpserver><info> Trying to open COM port for Barcode communication
2026-05-20 01:22:23.620 INFO  o.c.WebSocketServerConfig$$SpringCGLIB$$0 - <wsserver><info> Created WS channel: /app/topic
2026-05-20 01:22:23.895 INFO  o.c.TcpServerConfig$$SpringCGLIB$$0 - <tcpserver><info> TCP server started on port: 18196
2026-05-20 01:22:23.908 INFO  o.c.TcpClientConfig$$SpringCGLIB$$0 - <tcpclient><info> TCP client has been created for server: localhost:18196
2026-05-20 01:22:24.049 INFO  o.c.WebSocketServerConfig$$SpringCGLIB$$0 - <wsserver><info> Created WS server on endpoint: /ws
2026-05-20 01:22:24.679 INFO  o.code_studio.ComPortSchedulerTask - <tcpserver><info> Barcode communication enabled. COM port open: COM3
2026-05-20 01:22:25.518 INFO  o.c.TcpServerConfig$$SpringCGLIB$$0 - <tcpserver><info> Connection established: 127.0.0.1:57963:18196:220d99cd-0e79-4b05-8ecb-bb6985cb3945
2026-05-20 01:22:25.518 INFO  o.c.TcpServerConfig$$SpringCGLIB$$0 - <tcpclient><info> Connection established: 127.0.0.1:18196:57963:4ce21859-4499-4c2e-80b4-9597edc1b680
2026-05-20 01:22:25.520 INFO  o.c.CraneClientConnectedListener - <tcpsvr><info> CraneClientConnectedEvent detected
2026-05-20 01:22:25.573 WARN  o.c.ApplicationReadyListener - <tcpsvr><info> Message Flow Automation Debug is ENABLED
2026-05-20 01:22:25.609 INFO  o.c.controller.TcpMessageController - <tcpclient><send> LVS1UST1DA310020052026012225????????01???????001
2026-05-20 01:22:25.631 INFO  o.c.CraneClientConnectedListener - <tcpclient><send> DAYSTART message sent to Crane server
2026-05-20 01:22:25.655 INFO  o.c.TcpServerConfig$$SpringCGLIB$$0 - <tcpserver><recv> LVS1UST1DA310020052026012225????????01???????001
2026-05-20 01:22:25.683 WARN  o.c.m.IncomingMessageProcessor - MessageProcessor::handleError->StatusCode.STATUSUNKNOWN
2026-05-20 01:22:25.689 INFO  o.c.m.IncomingMessageProcessor - SENDER LVS1 | RECEIVER UST1 | MESSAGETYPE DAYSTART | ORDINAL 31 | ERRORCODE OK | SOURCE 20052026 | TARGET 012225 | REPORTPOINT RPUNKNOWN | LETYPE LEUNKNOWN | STATUSCODE AUTOMATIONENABLED | USERDATA null | RAWMESSAGE LVS1UST1DA310020052026012225????????01???????001
2026-05-20 01:22:29.290 INFO  o.c.controller.TcpMessageController - <tcpclient><send> UST1LVS111320020052026012225????????01???????001
2026-05-20 01:22:29.310 INFO  o.c.TcpClientConfig$$SpringCGLIB$$0 - <tcpclient><recv> LVS1UST1DA310020052026012225????????01???????001
2026-05-20 01:22:29.313 INFO  o.c.TcpServerConfig$$SpringCGLIB$$0 - <tcpserver><recv> UST1LVS111320020052026012225????????01???????001
2026-05-20 01:22:29.318 WARN  o.c.m.IncomingMessageProcessor - MessageProcessor::handleError->StatusCode.STATUSUNKNOWN
2026-05-20 01:22:29.324 INFO  o.c.m.IncomingMessageProcessor - SENDER UST1 | RECEIVER LVS1 | MESSAGETYPE DAYSTART | ORDINAL 32 | ERRORCODE OK | SOURCE 20052026 | TARGET 012229 | REPORTPOINT RPUNKNOWN | LETYPE LEUNKNOWN | STATUSCODE AUTOMATIONENABLED | USERDATA null | RAWMESSAGE UST1LVS111320020052026012225????????01???????001
2026-05-20 01:22:29.326 INFO  o.c.TcpClientConfig$$SpringCGLIB$$0 - <tcpclient><recv> LVS1UST1AA320020052026012225????????01???????001
2026-05-20 01:24:12.358 INFO  o.c.ApplicationCloseListener - <tcpserver><info> ApplicationContextClosedEvent detected
2026-05-20 01:24:12.359 INFO  org.code_studio.BarcodeConfig - <tcpserver><info> Barcode communication - COM port closed: COM3
2026-05-20 01:24:12.359 INFO  o.c.ApplicationCloseListener - <tcpserver><info> Waiting for 3000 msec to receive DAYEND confirmation from CRANE, and then close the TCP connection.
2026-05-20 01:24:15.376 INFO  o.c.TcpServerConfig$$SpringCGLIB$$0 - <tcpclient><info> Connection closed: 127.0.0.1:18196:57963:4ce21859-4499-4c2e-80b4-9597edc1b680
2026-05-20 01:24:15.429 INFO  o.c.TcpServerConfig$$SpringCGLIB$$0 - <tcpserver><info> Connection closed: 127.0.0.1:57963:18196:220d99cd-0e79-4b05-8ecb-bb6985cb3945
2026-05-20 01:25:08.132 INFO  o.code_studio.ComPortSchedulerTask - <tcpserver><info> Trying to open COM port for Barcode communication
2026-05-20 01:25:08.298 INFO  o.c.WebSocketServerConfig$$SpringCGLIB$$0 - <wsserver><info> Created WS channel: /app/topic
2026-05-20 01:25:08.499 INFO  o.c.TcpServerConfig$$SpringCGLIB$$0 - <tcpserver><info> TCP server started on port: 18196
2026-05-20 01:25:08.506 INFO  o.c.TcpClientConfig$$SpringCGLIB$$0 - <tcpclient><info> TCP client has been created for server: localhost:18196
2026-05-20 01:25:08.611 INFO  o.c.WebSocketServerConfig$$SpringCGLIB$$0 - <wsserver><info> Created WS server on endpoint: /ws
2026-05-20 01:25:09.770 INFO  o.code_studio.ComPortSchedulerTask - <tcpserver><info> Barcode communication enabled. COM port open: COM3
2026-05-20 01:25:09.914 INFO  o.c.TcpServerConfig$$SpringCGLIB$$0 - <tcpserver><info> Connection established: 127.0.0.1:58115:18196:c27e1c61-66cb-45cf-b0a3-43d122138e1d
2026-05-20 01:25:09.917 INFO  o.c.CraneClientConnectedListener - <tcpsvr><info> CraneClientConnectedEvent detected
2026-05-20 01:25:09.925 INFO  o.c.TcpServerConfig$$SpringCGLIB$$0 - <tcpclient><info> Connection established: 127.0.0.1:18196:58115:5922c05b-b06b-4c79-9334-151ac2c61a6b
2026-05-20 01:25:09.933 WARN  o.c.ApplicationReadyListener - <tcpsvr><info> Message Flow Automation Debug is ENABLED
2026-05-20 01:25:10.001 INFO  o.c.controller.TcpMessageController - <tcpclient><send> LVS1UST1DA330020052026012510????????01???????001
2026-05-20 01:25:10.013 INFO  o.c.CraneClientConnectedListener - <tcpclient><send> DAYSTART message sent to Crane server
2026-05-20 01:25:10.033 INFO  o.c.TcpServerConfig$$SpringCGLIB$$0 - <tcpserver><recv> LVS1UST1DA330020052026012510????????01???????001
2026-05-20 01:25:10.061 WARN  o.c.m.IncomingMessageProcessor - MessageProcessor::handleError->StatusCode.STATUSUNKNOWN
2026-05-20 01:25:10.067 INFO  o.c.m.IncomingMessageProcessor - SENDER LVS1 | RECEIVER UST1 | MESSAGETYPE DAYSTART | ORDINAL 33 | ERRORCODE OK | SOURCE 20052026 | TARGET 012510 | REPORTPOINT RPUNKNOWN | LETYPE LEUNKNOWN | STATUSCODE AUTOMATIONENABLED | USERDATA null | RAWMESSAGE LVS1UST1DA330020052026012510????????01???????001
2026-05-20 01:25:13.098 INFO  o.c.controller.TcpMessageController - <tcpclient><send> UST1LVS111340020052026012510????????01???????001
2026-05-20 01:25:13.100 INFO  o.c.TcpClientConfig$$SpringCGLIB$$0 - <tcpclient><recv> LVS1UST1DA330020052026012510????????01???????001
2026-05-20 01:25:13.101 INFO  o.c.TcpServerConfig$$SpringCGLIB$$0 - <tcpserver><recv> UST1LVS111340020052026012510????????01???????001
2026-05-20 01:25:13.102 WARN  o.c.m.IncomingMessageProcessor - MessageProcessor::handleError->StatusCode.STATUSUNKNOWN
2026-05-20 01:25:13.103 INFO  o.c.m.IncomingMessageProcessor - SENDER UST1 | RECEIVER LVS1 | MESSAGETYPE DAYSTART | ORDINAL 34 | ERRORCODE OK | SOURCE 20052026 | TARGET 012513 | REPORTPOINT RPUNKNOWN | LETYPE LEUNKNOWN | STATUSCODE AUTOMATIONENABLED | USERDATA null | RAWMESSAGE UST1LVS111340020052026012510????????01???????001
2026-05-20 01:25:13.105 INFO  o.c.TcpClientConfig$$SpringCGLIB$$0 - <tcpclient><recv> LVS1UST1AA340020052026012510????????01???????001
2026-05-20 01:27:34.458 INFO  o.c.ApplicationCloseListener - <tcpserver><info> ApplicationContextClosedEvent detected
2026-05-20 01:27:34.463 INFO  org.code_studio.BarcodeConfig - <tcpserver><info> Barcode communication - COM port closed: COM3
2026-05-20 01:27:34.464 INFO  o.c.ApplicationCloseListener - <tcpserver><info> Waiting for 3000 msec to receive DAYEND confirmation from CRANE, and then close the TCP connection.
2026-05-20 01:27:37.505 INFO  o.c.TcpServerConfig$$SpringCGLIB$$0 - <tcpclient><info> Connection closed: 127.0.0.1:18196:58115:5922c05b-b06b-4c79-9334-151ac2c61a6b
2026-05-20 01:27:37.509 INFO  o.c.TcpServerConfig$$SpringCGLIB$$0 - <tcpserver><info> Connection closed: 127.0.0.1:58115:18196:c27e1c61-66cb-45cf-b0a3-43d122138e1d
2026-05-20 01:28:16.309 INFO  o.code_studio.ComPortSchedulerTask - <tcpserver><info> Trying to open COM port for Barcode communication
2026-05-20 01:28:16.684 INFO  o.c.WebSocketServerConfig$$SpringCGLIB$$0 - <wsserver><info> Created WS channel: /app/topic
2026-05-20 01:28:16.947 INFO  o.c.TcpServerConfig$$SpringCGLIB$$0 - <tcpserver><info> TCP server started on port: 18196
2026-05-20 01:28:16.959 INFO  o.c.TcpClientConfig$$SpringCGLIB$$0 - <tcpclient><info> TCP client has been created for server: localhost:18196
2026-05-20 01:28:17.089 INFO  o.c.WebSocketServerConfig$$SpringCGLIB$$0 - <wsserver><info> Created WS server on endpoint: /ws
2026-05-20 01:28:17.865 INFO  o.code_studio.ComPortSchedulerTask - <tcpserver><info> Barcode communication enabled. COM port open: COM3
2026-05-20 01:28:18.449 INFO  o.c.TcpServerConfig$$SpringCGLIB$$0 - <tcpserver><info> Connection established: 127.0.0.1:58535:18196:d8fb54cb-bd82-4374-b6e0-e79e5aa14656
2026-05-20 01:28:18.449 INFO  o.c.TcpServerConfig$$SpringCGLIB$$0 - <tcpclient><info> Connection established: 127.0.0.1:18196:58535:0edde7e3-c808-41f4-8d87-07d8233e6a3d
2026-05-20 01:28:18.452 INFO  o.c.CraneClientConnectedListener - <tcpsvr><info> CraneClientConnectedEvent detected
2026-05-20 01:28:18.516 INFO  o.c.controller.TcpMessageController - <tcpclient><send> LVS1UST1DA350020052026012818????????01???????001
2026-05-20 01:28:18.519 WARN  o.c.ApplicationReadyListener - <tcpsvr><info> Message Flow Automation Debug is ENABLED
2026-05-20 01:28:18.532 INFO  o.c.CraneClientConnectedListener - <tcpclient><send> DAYSTART message sent to Crane server
2026-05-20 01:28:18.561 INFO  o.c.TcpServerConfig$$SpringCGLIB$$0 - <tcpserver><recv> LVS1UST1DA350020052026012818????????01???????001
2026-05-20 01:28:18.624 WARN  o.c.m.IncomingMessageProcessor - MessageProcessor::handleError->StatusCode.STATUSUNKNOWN
2026-05-20 01:28:18.629 INFO  o.c.m.IncomingMessageProcessor - SENDER LVS1 | RECEIVER UST1 | MESSAGETYPE DAYSTART | ORDINAL 35 | ERRORCODE OK | SOURCE 20052026 | TARGET 012818 | REPORTPOINT RPUNKNOWN | LETYPE LEUNKNOWN | STATUSCODE AUTOMATIONENABLED | USERDATA null | RAWMESSAGE LVS1UST1DA350020052026012818????????01???????001
2026-05-20 01:28:21.650 INFO  o.c.controller.TcpMessageController - <tcpclient><send> UST1LVS111360020052026012818????????01???????001
2026-05-20 01:28:21.653 INFO  o.c.TcpClientConfig$$SpringCGLIB$$0 - <tcpclient><recv> LVS1UST1DA350020052026012818????????01???????001
2026-05-20 01:28:21.654 INFO  o.c.TcpServerConfig$$SpringCGLIB$$0 - <tcpserver><recv> UST1LVS111360020052026012818????????01???????001
2026-05-20 01:28:21.654 WARN  o.c.m.IncomingMessageProcessor - MessageProcessor::handleError->StatusCode.STATUSUNKNOWN
2026-05-20 01:28:21.655 INFO  o.c.m.IncomingMessageProcessor - SENDER UST1 | RECEIVER LVS1 | MESSAGETYPE DAYSTART | ORDINAL 36 | ERRORCODE OK | SOURCE 20052026 | TARGET 012821 | REPORTPOINT RPUNKNOWN | LETYPE LEUNKNOWN | STATUSCODE AUTOMATIONENABLED | USERDATA null | RAWMESSAGE UST1LVS111360020052026012818????????01???????001
2026-05-20 01:28:21.656 INFO  o.c.TcpClientConfig$$SpringCGLIB$$0 - <tcpclient><recv> LVS1UST1AA360020052026012818????????01???????001
2026-05-20 01:35:23.128 INFO  o.c.ApplicationCloseListener - <tcpserver><info> ApplicationContextClosedEvent detected
2026-05-20 01:35:23.155 INFO  org.code_studio.BarcodeConfig - <tcpserver><info> Barcode communication - COM port closed: COM3
2026-05-20 01:35:23.160 INFO  o.c.ApplicationCloseListener - <tcpserver><info> Waiting for 3000 msec to receive DAYEND confirmation from CRANE, and then close the TCP connection.
2026-05-20 01:35:26.237 INFO  o.c.TcpServerConfig$$SpringCGLIB$$0 - <tcpclient><info> Connection closed: 127.0.0.1:18196:58535:0edde7e3-c808-41f4-8d87-07d8233e6a3d
2026-05-20 01:35:26.253 INFO  o.c.TcpServerConfig$$SpringCGLIB$$0 - <tcpserver><info> Connection closed: 127.0.0.1:58535:18196:d8fb54cb-bd82-4374-b6e0-e79e5aa14656
2026-05-20 01:36:14.720 INFO  o.code_studio.ComPortSchedulerTask - <tcpserver><info> Trying to open COM port for Barcode communication
2026-05-20 01:36:14.928 INFO  o.c.WebSocketServerConfig$$SpringCGLIB$$0 - <wsserver><info> Created WS channel: /app/topic
2026-05-20 01:36:15.200 INFO  o.c.TcpServerConfig$$SpringCGLIB$$0 - <tcpserver><info> TCP server started on port: 18196
2026-05-20 01:36:15.210 INFO  o.c.TcpClientConfig$$SpringCGLIB$$0 - <tcpclient><info> TCP client has been created for server: localhost:18196
2026-05-20 01:36:15.369 INFO  o.c.WebSocketServerConfig$$SpringCGLIB$$0 - <wsserver><info> Created WS server on endpoint: /ws
2026-05-20 01:36:16.554 INFO  o.code_studio.ComPortSchedulerTask - <tcpserver><info> Barcode communication enabled. COM port open: COM3
2026-05-20 01:36:17.047 INFO  o.c.TcpServerConfig$$SpringCGLIB$$0 - <tcpserver><info> Connection established: 127.0.0.1:59219:18196:5c8cbece-e4be-4f18-a374-e823f8353329
2026-05-20 01:36:17.047 INFO  o.c.TcpServerConfig$$SpringCGLIB$$0 - <tcpclient><info> Connection established: 127.0.0.1:18196:59219:6d6cdfb7-21a1-43a3-99ff-42c3f26a8b45
2026-05-20 01:36:17.050 INFO  o.c.CraneClientConnectedListener - <tcpsvr><info> CraneClientConnectedEvent detected
2026-05-20 01:36:17.110 WARN  o.c.ApplicationReadyListener - <tcpsvr><info> Message Flow Automation Debug is ENABLED
2026-05-20 01:36:17.116 INFO  o.c.controller.TcpMessageController - <tcpclient><send> LVS1UST1DA370020052026013617????????01???????001
2026-05-20 01:36:17.131 INFO  o.c.CraneClientConnectedListener - <tcpclient><send> DAYSTART message sent to Crane server
2026-05-20 01:36:17.156 INFO  o.c.TcpServerConfig$$SpringCGLIB$$0 - <tcpserver><recv> LVS1UST1DA370020052026013617????????01???????001
2026-05-20 01:36:17.192 WARN  o.c.m.IncomingMessageProcessor - MessageProcessor::handleError->StatusCode.STATUSUNKNOWN
2026-05-20 01:36:17.198 INFO  o.c.m.IncomingMessageProcessor - SENDER LVS1 | RECEIVER UST1 | MESSAGETYPE DAYSTART | ORDINAL 37 | ERRORCODE OK | SOURCE 20052026 | TARGET 013617 | REPORTPOINT RPUNKNOWN | LETYPE LEUNKNOWN | STATUSCODE AUTOMATIONENABLED | USERDATA null | RAWMESSAGE LVS1UST1DA370020052026013617????????01???????001
2026-05-20 01:36:20.223 INFO  o.c.controller.TcpMessageController - <tcpclient><send> UST1LVS111380020052026013617????????01???????001
2026-05-20 01:36:20.227 INFO  o.c.TcpClientConfig$$SpringCGLIB$$0 - <tcpclient><recv> LVS1UST1DA370020052026013617????????01???????001
2026-05-20 01:36:20.228 INFO  o.c.TcpServerConfig$$SpringCGLIB$$0 - <tcpserver><recv> UST1LVS111380020052026013617????????01???????001
2026-05-20 01:36:20.229 WARN  o.c.m.IncomingMessageProcessor - MessageProcessor::handleError->StatusCode.STATUSUNKNOWN
2026-05-20 01:36:20.230 INFO  o.c.m.IncomingMessageProcessor - SENDER UST1 | RECEIVER LVS1 | MESSAGETYPE DAYSTART | ORDINAL 38 | ERRORCODE OK | SOURCE 20052026 | TARGET 013620 | REPORTPOINT RPUNKNOWN | LETYPE LEUNKNOWN | STATUSCODE AUTOMATIONENABLED | USERDATA null | RAWMESSAGE UST1LVS111380020052026013617????????01???????001
2026-05-20 01:36:20.231 INFO  o.c.TcpClientConfig$$SpringCGLIB$$0 - <tcpclient><recv> LVS1UST1AA380020052026013617????????01???????001
2026-05-20 01:37:36.931 INFO  o.c.ApplicationCloseListener - <tcpserver><info> ApplicationContextClosedEvent detected
2026-05-20 01:37:36.933 INFO  org.code_studio.BarcodeConfig - <tcpserver><info> Barcode communication - COM port closed: COM3
2026-05-20 01:37:36.934 INFO  o.c.ApplicationCloseListener - <tcpserver><info> Waiting for 3000 msec to receive DAYEND confirmation from CRANE, and then close the TCP connection.
2026-05-20 01:37:39.946 INFO  o.c.TcpServerConfig$$SpringCGLIB$$0 - <tcpclient><info> Connection closed: 127.0.0.1:18196:59219:6d6cdfb7-21a1-43a3-99ff-42c3f26a8b45
2026-05-20 01:37:39.953 INFO  o.c.TcpServerConfig$$SpringCGLIB$$0 - <tcpserver><info> Connection closed: 127.0.0.1:59219:18196:5c8cbece-e4be-4f18-a374-e823f8353329
2026-05-20 01:38:14.924 INFO  o.code_studio.ComPortSchedulerTask - <tcpserver><info> Trying to open COM port for Barcode communication
2026-05-20 01:38:15.085 INFO  o.c.WebSocketServerConfig$$SpringCGLIB$$0 - <wsserver><info> Created WS channel: /app/topic
2026-05-20 01:38:15.292 INFO  o.c.TcpServerConfig$$SpringCGLIB$$0 - <tcpserver><info> TCP server started on port: 18196
2026-05-20 01:38:15.302 INFO  o.c.TcpClientConfig$$SpringCGLIB$$0 - <tcpclient><info> TCP client has been created for server: localhost:18196
2026-05-20 01:38:15.487 INFO  o.c.WebSocketServerConfig$$SpringCGLIB$$0 - <wsserver><info> Created WS server on endpoint: /ws
2026-05-20 01:38:15.579 INFO  o.code_studio.ComPortSchedulerTask - <tcpserver><info> Barcode communication enabled. COM port open: COM3
2026-05-20 01:38:17.222 INFO  o.c.TcpServerConfig$$SpringCGLIB$$0 - <tcpserver><info> Connection established: 127.0.0.1:59398:18196:b9bea4ec-5505-4f07-88e0-58e742407f3b
2026-05-20 01:38:17.223 INFO  o.c.TcpServerConfig$$SpringCGLIB$$0 - <tcpclient><info> Connection established: 127.0.0.1:18196:59398:87357220-c84c-4e89-b0e4-316f5540a7d0
2026-05-20 01:38:17.224 INFO  o.c.CraneClientConnectedListener - <tcpsvr><info> CraneClientConnectedEvent detected
2026-05-20 01:38:17.303 WARN  o.c.ApplicationReadyListener - <tcpsvr><info> Message Flow Automation Debug is ENABLED
2026-05-20 01:38:17.376 INFO  o.c.controller.TcpMessageController - <tcpclient><send> LVS1UST1DA390020052026013817????????01???????001
2026-05-20 01:38:17.393 INFO  o.c.CraneClientConnectedListener - <tcpclient><send> DAYSTART message sent to Crane server
2026-05-20 01:38:17.420 INFO  o.c.TcpServerConfig$$SpringCGLIB$$0 - <tcpserver><recv> LVS1UST1DA390020052026013817????????01???????001
2026-05-20 01:38:17.450 WARN  o.c.m.IncomingMessageProcessor - MessageProcessor::handleError->StatusCode.STATUSUNKNOWN
2026-05-20 01:38:17.454 INFO  o.c.m.IncomingMessageProcessor - SENDER LVS1 | RECEIVER UST1 | MESSAGETYPE DAYSTART | ORDINAL 39 | ERRORCODE OK | SOURCE 20052026 | TARGET 013817 | REPORTPOINT RPUNKNOWN | LETYPE LEUNKNOWN | STATUSCODE AUTOMATIONENABLED | USERDATA null | RAWMESSAGE LVS1UST1DA390020052026013817????????01???????001
2026-05-20 01:38:20.481 INFO  o.c.controller.TcpMessageController - <tcpclient><send> UST1LVS111400020052026013817????????01???????001
2026-05-20 01:38:20.484 INFO  o.c.TcpClientConfig$$SpringCGLIB$$0 - <tcpclient><recv> LVS1UST1DA390020052026013817????????01???????001
2026-05-20 01:38:20.484 INFO  o.c.TcpServerConfig$$SpringCGLIB$$0 - <tcpserver><recv> UST1LVS111400020052026013817????????01???????001
2026-05-20 01:38:20.485 WARN  o.c.m.IncomingMessageProcessor - MessageProcessor::handleError->StatusCode.STATUSUNKNOWN
2026-05-20 01:38:20.485 INFO  o.c.m.IncomingMessageProcessor - SENDER UST1 | RECEIVER LVS1 | MESSAGETYPE DAYSTART | ORDINAL 40 | ERRORCODE OK | SOURCE 20052026 | TARGET 013820 | REPORTPOINT RPUNKNOWN | LETYPE LEUNKNOWN | STATUSCODE AUTOMATIONENABLED | USERDATA null | RAWMESSAGE UST1LVS111400020052026013817????????01???????001
2026-05-20 01:38:20.487 INFO  o.c.TcpClientConfig$$SpringCGLIB$$0 - <tcpclient><recv> LVS1UST1AA400020052026013817????????01???????001
2026-05-20 09:59:32.989 INFO  o.c.ApplicationCloseListener - <tcpserver><info> ApplicationContextClosedEvent detected
2026-05-20 09:59:33.060 INFO  org.code_studio.BarcodeConfig - <tcpserver><info> Barcode communication - COM port closed: COM3
2026-05-20 09:59:33.064 INFO  o.c.ApplicationCloseListener - <tcpserver><info> Waiting for 3000 msec to receive DAYEND confirmation from CRANE, and then close the TCP connection.
2026-05-20 09:59:36.420 INFO  o.c.TcpServerConfig$$SpringCGLIB$$0 - <tcpclient><info> Connection closed: 127.0.0.1:18196:59398:87357220-c84c-4e89-b0e4-316f5540a7d0
2026-05-20 09:59:36.476 INFO  o.c.TcpServerConfig$$SpringCGLIB$$0 - <tcpserver><info> Connection closed: 127.0.0.1:59398:18196:b9bea4ec-5505-4f07-88e0-58e742407f3b
2026-05-20 10:00:01.163 INFO  o.code_studio.ComPortSchedulerTask - <tcpserver><info> Trying to open COM port for Barcode communication
2026-05-20 10:00:01.415 INFO  o.c.WebSocketServerConfig$$SpringCGLIB$$0 - <wsserver><info> Created WS channel: /app/topic
2026-05-20 10:00:01.901 INFO  o.c.TcpServerConfig$$SpringCGLIB$$0 - <tcpserver><info> TCP server started on port: 18196
2026-05-20 10:00:01.912 INFO  o.c.TcpClientConfig$$SpringCGLIB$$0 - <tcpclient><info> TCP client has been created for server: localhost:18196
2026-05-20 10:00:02.111 INFO  o.c.WebSocketServerConfig$$SpringCGLIB$$0 - <wsserver><info> Created WS server on endpoint: /ws
2026-05-20 10:00:03.000 INFO  o.code_studio.ComPortSchedulerTask - <tcpserver><info> Barcode communication enabled. COM port open: COM3
2026-05-20 10:00:04.119 INFO  o.c.TcpServerConfig$$SpringCGLIB$$0 - <tcpclient><info> Connection established: 127.0.0.1:18196:57602:db4f683f-4b56-450b-8cb2-b31152c2a02e
2026-05-20 10:00:04.126 INFO  o.c.TcpServerConfig$$SpringCGLIB$$0 - <tcpserver><info> Connection established: 127.0.0.1:57602:18196:362a18f8-bd1e-4a3f-8a21-dc48b5fffbd7
2026-05-20 10:00:04.126 INFO  o.c.CraneClientConnectedListener - <tcpsvr><info> CraneClientConnectedEvent detected
2026-05-20 10:00:04.211 WARN  o.c.ApplicationReadyListener - <tcpsvr><info> Message Flow Automation Debug is ENABLED
2026-05-20 10:00:04.273 INFO  o.c.controller.TcpMessageController - <tcpclient><send> LVS1UST1DA410020052026100004????????01???????001
2026-05-20 10:00:04.286 INFO  o.c.CraneClientConnectedListener - <tcpclient><send> DAYSTART message sent to Crane server
2026-05-20 10:00:04.317 INFO  o.c.TcpServerConfig$$SpringCGLIB$$0 - <tcpserver><recv> LVS1UST1DA410020052026100004????????01???????001
2026-05-20 10:00:04.345 WARN  o.c.m.IncomingMessageProcessor - MessageProcessor::handleError->StatusCode.STATUSUNKNOWN
2026-05-20 10:00:04.349 INFO  o.c.m.IncomingMessageProcessor - SENDER LVS1 | RECEIVER UST1 | MESSAGETYPE DAYSTART | ORDINAL 41 | ERRORCODE OK | SOURCE 20052026 | TARGET 100004 | REPORTPOINT RPUNKNOWN | LETYPE LEUNKNOWN | STATUSCODE AUTOMATIONENABLED | USERDATA null | RAWMESSAGE LVS1UST1DA410020052026100004????????01???????001
2026-05-20 10:00:07.429 INFO  o.c.controller.TcpMessageController - <tcpclient><send> UST1LVS111420020052026100004????????01???????001
2026-05-20 10:00:07.434 INFO  o.c.TcpClientConfig$$SpringCGLIB$$0 - <tcpclient><recv> LVS1UST1DA410020052026100004????????01???????001
2026-05-20 10:00:07.437 INFO  o.c.TcpServerConfig$$SpringCGLIB$$0 - <tcpserver><recv> UST1LVS111420020052026100004????????01???????001
2026-05-20 10:00:07.441 WARN  o.c.m.IncomingMessageProcessor - MessageProcessor::handleError->StatusCode.STATUSUNKNOWN
2026-05-20 10:00:07.443 INFO  o.c.m.IncomingMessageProcessor - SENDER UST1 | RECEIVER LVS1 | MESSAGETYPE DAYSTART | ORDINAL 42 | ERRORCODE OK | SOURCE 20052026 | TARGET 100007 | REPORTPOINT RPUNKNOWN | LETYPE LEUNKNOWN | STATUSCODE AUTOMATIONENABLED | USERDATA null | RAWMESSAGE UST1LVS111420020052026100004????????01???????001
2026-05-20 10:00:07.446 INFO  o.c.TcpClientConfig$$SpringCGLIB$$0 - <tcpclient><recv> LVS1UST1AA420020052026100004????????01???????001
2026-05-20 10:02:43.373 INFO  o.c.ApplicationCloseListener - <tcpserver><info> ApplicationContextClosedEvent detected
2026-05-20 10:02:43.381 INFO  org.code_studio.BarcodeConfig - <tcpserver><info> Barcode communication - COM port closed: COM3
2026-05-20 10:02:43.382 INFO  o.c.ApplicationCloseListener - <tcpserver><info> Waiting for 3000 msec to receive DAYEND confirmation from CRANE, and then close the TCP connection.
2026-05-20 10:02:46.401 INFO  o.c.TcpServerConfig$$SpringCGLIB$$0 - <tcpclient><info> Connection closed: 127.0.0.1:18196:57602:db4f683f-4b56-450b-8cb2-b31152c2a02e
2026-05-20 10:02:46.405 INFO  o.c.TcpServerConfig$$SpringCGLIB$$0 - <tcpserver><info> Connection closed: 127.0.0.1:57602:18196:362a18f8-bd1e-4a3f-8a21-dc48b5fffbd7
2026-05-20 10:03:03.611 INFO  o.code_studio.ComPortSchedulerTask - <tcpserver><info> Trying to open COM port for Barcode communication
2026-05-20 10:03:03.796 INFO  o.c.WebSocketServerConfig$$SpringCGLIB$$0 - <wsserver><info> Created WS channel: /app/topic
2026-05-20 10:03:04.054 INFO  o.c.TcpServerConfig$$SpringCGLIB$$0 - <tcpserver><info> TCP server started on port: 18196
2026-05-20 10:03:04.066 INFO  o.c.TcpClientConfig$$SpringCGLIB$$0 - <tcpclient><info> TCP client has been created for server: localhost:18196
2026-05-20 10:03:04.181 INFO  o.c.WebSocketServerConfig$$SpringCGLIB$$0 - <wsserver><info> Created WS server on endpoint: /ws
2026-05-20 10:03:05.593 INFO  o.c.TcpServerConfig$$SpringCGLIB$$0 - <tcpclient><info> Connection established: 127.0.0.1:18196:57728:4d1a3622-5eba-47d2-ad1c-001ecf391f9e
2026-05-20 10:03:05.600 INFO  o.c.TcpServerConfig$$SpringCGLIB$$0 - <tcpserver><info> Connection established: 127.0.0.1:57728:18196:1b1593f3-18d7-4bd2-adf3-5eea9133cda7
2026-05-20 10:03:05.601 INFO  o.c.CraneClientConnectedListener - <tcpsvr><info> CraneClientConnectedEvent detected
2026-05-20 10:03:05.652 WARN  o.c.ApplicationReadyListener - <tcpsvr><info> Message Flow Automation Debug is ENABLED
2026-05-20 10:03:05.712 INFO  o.c.controller.TcpMessageController - <tcpclient><send> LVS1UST1DA430020052026100305????????01???????001
2026-05-20 10:03:05.727 INFO  o.c.CraneClientConnectedListener - <tcpclient><send> DAYSTART message sent to Crane server
2026-05-20 10:03:05.767 INFO  o.c.TcpServerConfig$$SpringCGLIB$$0 - <tcpserver><recv> LVS1UST1DA430020052026100305????????01???????001
2026-05-20 10:03:05.815 INFO  o.code_studio.ComPortSchedulerTask - <tcpserver><info> Barcode communication enabled. COM port open: COM3
2026-05-20 10:03:05.819 WARN  o.c.m.IncomingMessageProcessor - MessageProcessor::handleError->StatusCode.STATUSUNKNOWN
2026-05-20 10:03:05.824 INFO  o.c.m.IncomingMessageProcessor - SENDER LVS1 | RECEIVER UST1 | MESSAGETYPE DAYSTART | ORDINAL 43 | ERRORCODE OK | SOURCE 20052026 | TARGET 100305 | REPORTPOINT RPUNKNOWN | LETYPE LEUNKNOWN | STATUSCODE AUTOMATIONENABLED | USERDATA null | RAWMESSAGE LVS1UST1DA430020052026100305????????01???????001
2026-05-20 10:03:08.849 INFO  o.c.controller.TcpMessageController - <tcpclient><send> UST1LVS111440020052026100305????????01???????001
2026-05-20 10:03:08.852 INFO  o.c.TcpClientConfig$$SpringCGLIB$$0 - <tcpclient><recv> LVS1UST1DA430020052026100305????????01???????001
2026-05-20 10:03:08.853 INFO  o.c.TcpServerConfig$$SpringCGLIB$$0 - <tcpserver><recv> UST1LVS111440020052026100305????????01???????001
2026-05-20 10:03:08.854 WARN  o.c.m.IncomingMessageProcessor - MessageProcessor::handleError->StatusCode.STATUSUNKNOWN
2026-05-20 10:03:08.855 INFO  o.c.m.IncomingMessageProcessor - SENDER UST1 | RECEIVER LVS1 | MESSAGETYPE DAYSTART | ORDINAL 44 | ERRORCODE OK | SOURCE 20052026 | TARGET 100308 | REPORTPOINT RPUNKNOWN | LETYPE LEUNKNOWN | STATUSCODE AUTOMATIONENABLED | USERDATA null | RAWMESSAGE UST1LVS111440020052026100305????????01???????001
2026-05-20 10:03:08.857 INFO  o.c.TcpClientConfig$$SpringCGLIB$$0 - <tcpclient><recv> LVS1UST1AA440020052026100305????????01???????001
2026-05-20 10:09:05.097 INFO  o.c.ApplicationCloseListener - <tcpserver><info> ApplicationContextClosedEvent detected
2026-05-20 10:09:05.098 INFO  org.code_studio.BarcodeConfig - <tcpserver><info> Barcode communication - COM port closed: COM3
2026-05-20 10:09:05.099 INFO  o.c.ApplicationCloseListener - <tcpserver><info> Waiting for 3000 msec to receive DAYEND confirmation from CRANE, and then close the TCP connection.
2026-05-20 10:09:08.122 INFO  o.c.TcpServerConfig$$SpringCGLIB$$0 - <tcpclient><info> Connection closed: 127.0.0.1:18196:57728:4d1a3622-5eba-47d2-ad1c-001ecf391f9e
2026-05-20 10:09:08.135 INFO  o.c.TcpServerConfig$$SpringCGLIB$$0 - <tcpserver><info> Connection closed: 127.0.0.1:57728:18196:1b1593f3-18d7-4bd2-adf3-5eea9133cda7
2026-05-20 10:09:20.041 INFO  o.code_studio.ComPortSchedulerTask - <tcpserver><info> Trying to open COM port for Barcode communication
2026-05-20 10:09:20.194 INFO  o.c.WebSocketServerConfig$$SpringCGLIB$$0 - <wsserver><info> Created WS channel: /app/topic
2026-05-20 10:09:20.402 INFO  o.c.TcpServerConfig$$SpringCGLIB$$0 - <tcpserver><info> TCP server started on port: 18196
2026-05-20 10:09:20.422 INFO  o.c.TcpClientConfig$$SpringCGLIB$$0 - <tcpclient><info> TCP client has been created for server: localhost:18196
2026-05-20 10:09:20.522 INFO  o.c.WebSocketServerConfig$$SpringCGLIB$$0 - <wsserver><info> Created WS server on endpoint: /ws
2026-05-20 10:09:20.815 INFO  o.code_studio.ComPortSchedulerTask - <tcpserver><info> Barcode communication enabled. COM port open: COM3
2026-05-20 10:09:21.714 INFO  o.c.TcpServerConfig$$SpringCGLIB$$0 - <tcpserver><info> Connection established: 127.0.0.1:57893:18196:0ed06f56-ad41-4d42-8f97-64706e4e092c
2026-05-20 10:09:21.719 INFO  o.c.TcpServerConfig$$SpringCGLIB$$0 - <tcpclient><info> Connection established: 127.0.0.1:18196:57893:4c2b5cb0-e45d-4c6f-ad42-5a1297cbe570
2026-05-20 10:09:21.719 INFO  o.c.CraneClientConnectedListener - <tcpsvr><info> CraneClientConnectedEvent detected
2026-05-20 10:09:21.757 WARN  o.c.ApplicationReadyListener - <tcpsvr><info> Message Flow Automation Debug is ENABLED
2026-05-20 10:09:21.800 INFO  o.c.controller.TcpMessageController - <tcpclient><send> LVS1UST1DA450020052026100921????????01???????001
2026-05-20 10:09:21.827 INFO  o.c.CraneClientConnectedListener - <tcpclient><send> DAYSTART message sent to Crane server
2026-05-20 10:09:21.862 INFO  o.c.TcpServerConfig$$SpringCGLIB$$0 - <tcpserver><recv> LVS1UST1DA450020052026100921????????01???????001
2026-05-20 10:09:21.961 WARN  o.c.m.IncomingMessageProcessor - MessageProcessor::handleError->StatusCode.STATUSUNKNOWN
2026-05-20 10:09:21.971 INFO  o.c.m.IncomingMessageProcessor - SENDER LVS1 | RECEIVER UST1 | MESSAGETYPE DAYSTART | ORDINAL 45 | ERRORCODE OK | SOURCE 20052026 | TARGET 100921 | REPORTPOINT RPUNKNOWN | LETYPE LEUNKNOWN | STATUSCODE AUTOMATIONENABLED | USERDATA null | RAWMESSAGE LVS1UST1DA450020052026100921????????01???????001
2026-05-20 10:09:24.996 INFO  o.c.controller.TcpMessageController - <tcpclient><send> UST1LVS111460020052026100921????????01???????001
2026-05-20 10:09:25.000 INFO  o.c.TcpClientConfig$$SpringCGLIB$$0 - <tcpclient><recv> LVS1UST1DA450020052026100921????????01???????001
2026-05-20 10:09:25.001 INFO  o.c.TcpServerConfig$$SpringCGLIB$$0 - <tcpserver><recv> UST1LVS111460020052026100921????????01???????001
2026-05-20 10:09:25.002 WARN  o.c.m.IncomingMessageProcessor - MessageProcessor::handleError->StatusCode.STATUSUNKNOWN
2026-05-20 10:09:25.002 INFO  o.c.m.IncomingMessageProcessor - SENDER UST1 | RECEIVER LVS1 | MESSAGETYPE DAYSTART | ORDINAL 46 | ERRORCODE OK | SOURCE 20052026 | TARGET 100925 | REPORTPOINT RPUNKNOWN | LETYPE LEUNKNOWN | STATUSCODE AUTOMATIONENABLED | USERDATA null | RAWMESSAGE UST1LVS111460020052026100921????????01???????001
2026-05-20 10:09:25.004 INFO  o.c.TcpClientConfig$$SpringCGLIB$$0 - <tcpclient><recv> LVS1UST1AA460020052026100921????????01???????001
2026-05-20 10:12:51.850 INFO  o.c.ApplicationCloseListener - <tcpserver><info> ApplicationContextClosedEvent detected
2026-05-20 10:12:51.852 INFO  org.code_studio.BarcodeConfig - <tcpserver><info> Barcode communication - COM port closed: COM3
2026-05-20 10:12:51.853 INFO  o.c.ApplicationCloseListener - <tcpserver><info> Waiting for 3000 msec to receive DAYEND confirmation from CRANE, and then close the TCP connection.
2026-05-20 10:12:54.864 INFO  o.c.TcpServerConfig$$SpringCGLIB$$0 - <tcpclient><info> Connection closed: 127.0.0.1:18196:57893:4c2b5cb0-e45d-4c6f-ad42-5a1297cbe570
2026-05-20 10:12:54.870 INFO  o.c.TcpServerConfig$$SpringCGLIB$$0 - <tcpserver><info> Connection closed: 127.0.0.1:57893:18196:0ed06f56-ad41-4d42-8f97-64706e4e092c
2026-05-20 10:13:28.352 INFO  o.code_studio.ComPortSchedulerTask - <tcpserver><info> Trying to open COM port for Barcode communication
2026-05-20 10:13:28.511 INFO  o.c.WebSocketServerConfig$$SpringCGLIB$$0 - <wsserver><info> Created WS channel: /app/topic
2026-05-20 10:13:28.697 INFO  o.c.TcpServerConfig$$SpringCGLIB$$0 - <tcpserver><info> TCP server started on port: 18196
2026-05-20 10:13:28.706 INFO  o.c.TcpClientConfig$$SpringCGLIB$$0 - <tcpclient><info> TCP client has been created for server: localhost:18196
2026-05-20 10:13:28.793 INFO  o.c.WebSocketServerConfig$$SpringCGLIB$$0 - <wsserver><info> Created WS server on endpoint: /ws
2026-05-20 10:13:29.156 INFO  o.code_studio.ComPortSchedulerTask - <tcpserver><info> Barcode communication enabled. COM port open: COM3
2026-05-20 10:13:30.050 INFO  o.c.TcpServerConfig$$SpringCGLIB$$0 - <tcpserver><info> Connection established: 127.0.0.1:58036:18196:fa1b4a56-93fc-4a41-ab62-6032c064f004
2026-05-20 10:13:30.053 INFO  o.c.CraneClientConnectedListener - <tcpsvr><info> CraneClientConnectedEvent detected
2026-05-20 10:13:30.050 INFO  o.c.TcpServerConfig$$SpringCGLIB$$0 - <tcpclient><info> Connection established: 127.0.0.1:18196:58036:dd1de712-bde6-40ef-848d-eb1141c2ebc7
2026-05-20 10:13:30.099 WARN  o.c.ApplicationReadyListener - <tcpsvr><info> Message Flow Automation Debug is ENABLED
2026-05-20 10:13:30.116 INFO  o.c.controller.TcpMessageController - <tcpclient><send> LVS1UST1DA470020052026101330????????01???????001
2026-05-20 10:13:30.131 INFO  o.c.CraneClientConnectedListener - <tcpclient><send> DAYSTART message sent to Crane server
2026-05-20 10:13:30.156 INFO  o.c.TcpServerConfig$$SpringCGLIB$$0 - <tcpserver><recv> LVS1UST1DA470020052026101330????????01???????001
2026-05-20 10:13:30.182 WARN  o.c.m.IncomingMessageProcessor - MessageProcessor::handleError->StatusCode.STATUSUNKNOWN
2026-05-20 10:13:30.187 INFO  o.c.m.IncomingMessageProcessor - SENDER LVS1 | RECEIVER UST1 | MESSAGETYPE DAYSTART | ORDINAL 47 | ERRORCODE OK | SOURCE 20052026 | TARGET 101330 | REPORTPOINT RPUNKNOWN | LETYPE LEUNKNOWN | STATUSCODE AUTOMATIONENABLED | USERDATA null | RAWMESSAGE LVS1UST1DA470020052026101330????????01???????001
2026-05-20 10:13:33.209 INFO  o.c.controller.TcpMessageController - <tcpclient><send> UST1LVS111480020052026101330????????01???????001
2026-05-20 10:13:33.214 INFO  o.c.TcpClientConfig$$SpringCGLIB$$0 - <tcpclient><recv> LVS1UST1DA470020052026101330????????01???????001
2026-05-20 10:13:33.214 INFO  o.c.TcpServerConfig$$SpringCGLIB$$0 - <tcpserver><recv> UST1LVS111480020052026101330????????01???????001
2026-05-20 10:13:33.217 WARN  o.c.m.IncomingMessageProcessor - MessageProcessor::handleError->StatusCode.STATUSUNKNOWN
2026-05-20 10:13:33.218 INFO  o.c.m.IncomingMessageProcessor - SENDER UST1 | RECEIVER LVS1 | MESSAGETYPE DAYSTART | ORDINAL 48 | ERRORCODE OK | SOURCE 20052026 | TARGET 101333 | REPORTPOINT RPUNKNOWN | LETYPE LEUNKNOWN | STATUSCODE AUTOMATIONENABLED | USERDATA null | RAWMESSAGE UST1LVS111480020052026101330????????01???????001
2026-05-20 10:13:33.220 INFO  o.c.TcpClientConfig$$SpringCGLIB$$0 - <tcpclient><recv> LVS1UST1AA480020052026101330????????01???????001
2026-05-20 10:15:02.292 INFO  o.c.ApplicationCloseListener - <tcpserver><info> ApplicationContextClosedEvent detected
2026-05-20 10:15:02.293 INFO  org.code_studio.BarcodeConfig - <tcpserver><info> Barcode communication - COM port closed: COM3
2026-05-20 10:15:02.294 INFO  o.c.ApplicationCloseListener - <tcpserver><info> Waiting for 3000 msec to receive DAYEND confirmation from CRANE, and then close the TCP connection.
2026-05-20 10:15:05.309 INFO  o.c.TcpServerConfig$$SpringCGLIB$$0 - <tcpclient><info> Connection closed: 127.0.0.1:18196:58036:dd1de712-bde6-40ef-848d-eb1141c2ebc7
2026-05-20 10:15:05.317 INFO  o.c.TcpServerConfig$$SpringCGLIB$$0 - <tcpserver><info> Connection closed: 127.0.0.1:58036:18196:fa1b4a56-93fc-4a41-ab62-6032c064f004
2026-05-20 10:15:16.145 INFO  o.code_studio.ComPortSchedulerTask - <tcpserver><info> Trying to open COM port for Barcode communication
2026-05-20 10:15:16.310 INFO  o.c.WebSocketServerConfig$$SpringCGLIB$$0 - <wsserver><info> Created WS channel: /app/topic
2026-05-20 10:15:16.564 INFO  o.c.TcpServerConfig$$SpringCGLIB$$0 - <tcpserver><info> TCP server started on port: 18196
2026-05-20 10:15:16.577 INFO  o.c.TcpClientConfig$$SpringCGLIB$$0 - <tcpclient><info> TCP client has been created for server: localhost:18196
2026-05-20 10:15:16.647 INFO  o.code_studio.ComPortSchedulerTask - <tcpserver><info> Barcode communication enabled. COM port open: COM3
2026-05-20 10:15:16.710 INFO  o.c.WebSocketServerConfig$$SpringCGLIB$$0 - <wsserver><info> Created WS server on endpoint: /ws
2026-05-20 10:15:17.913 INFO  o.c.TcpServerConfig$$SpringCGLIB$$0 - <tcpserver><info> Connection established: 127.0.0.1:58145:18196:608ea3ec-1947-4a98-abf6-c3b193b55e32
2026-05-20 10:15:17.917 INFO  o.c.CraneClientConnectedListener - <tcpsvr><info> CraneClientConnectedEvent detected
2026-05-20 10:15:17.920 INFO  o.c.TcpServerConfig$$SpringCGLIB$$0 - <tcpclient><info> Connection established: 127.0.0.1:18196:58145:f24d6aac-f0e6-441b-9a46-f92561b406de
2026-05-20 10:15:17.966 WARN  o.c.ApplicationReadyListener - <tcpsvr><info> Message Flow Automation Debug is ENABLED
2026-05-20 10:15:18.014 INFO  o.c.controller.TcpMessageController - <tcpclient><send> LVS1UST1DA490020052026101518????????01???????001
2026-05-20 10:15:18.030 INFO  o.c.CraneClientConnectedListener - <tcpclient><send> DAYSTART message sent to Crane server
2026-05-20 10:15:18.054 INFO  o.c.TcpServerConfig$$SpringCGLIB$$0 - <tcpserver><recv> LVS1UST1DA490020052026101518????????01???????001
2026-05-20 10:15:18.100 WARN  o.c.m.IncomingMessageProcessor - MessageProcessor::handleError->StatusCode.STATUSUNKNOWN
2026-05-20 10:15:18.108 INFO  o.c.m.IncomingMessageProcessor - SENDER LVS1 | RECEIVER UST1 | MESSAGETYPE DAYSTART | ORDINAL 49 | ERRORCODE OK | SOURCE 20052026 | TARGET 101518 | REPORTPOINT RPUNKNOWN | LETYPE LEUNKNOWN | STATUSCODE AUTOMATIONENABLED | USERDATA null | RAWMESSAGE LVS1UST1DA490020052026101518????????01???????001
2026-05-20 10:15:21.128 INFO  o.c.controller.TcpMessageController - <tcpclient><send> UST1LVS111500020052026101518????????01???????001
2026-05-20 10:15:21.130 INFO  o.c.TcpClientConfig$$SpringCGLIB$$0 - <tcpclient><recv> LVS1UST1DA490020052026101518????????01???????001
2026-05-20 10:15:21.131 INFO  o.c.TcpServerConfig$$SpringCGLIB$$0 - <tcpserver><recv> UST1LVS111500020052026101518????????01???????001
2026-05-20 10:15:21.133 WARN  o.c.m.IncomingMessageProcessor - MessageProcessor::handleError->StatusCode.STATUSUNKNOWN
2026-05-20 10:15:21.134 INFO  o.c.m.IncomingMessageProcessor - SENDER UST1 | RECEIVER LVS1 | MESSAGETYPE DAYSTART | ORDINAL 50 | ERRORCODE OK | SOURCE 20052026 | TARGET 101521 | REPORTPOINT RPUNKNOWN | LETYPE LEUNKNOWN | STATUSCODE AUTOMATIONENABLED | USERDATA null | RAWMESSAGE UST1LVS111500020052026101518????????01???????001
2026-05-20 10:15:21.135 INFO  o.c.TcpClientConfig$$SpringCGLIB$$0 - <tcpclient><recv> LVS1UST1AA500020052026101518????????01???????001
2026-05-20 10:16:22.382 INFO  o.c.ApplicationCloseListener - <tcpserver><info> ApplicationContextClosedEvent detected
2026-05-20 10:16:22.384 INFO  org.code_studio.BarcodeConfig - <tcpserver><info> Barcode communication - COM port closed: COM3
2026-05-20 10:16:22.385 INFO  o.c.ApplicationCloseListener - <tcpserver><info> Waiting for 3000 msec to receive DAYEND confirmation from CRANE, and then close the TCP connection.
2026-05-20 10:16:25.397 INFO  o.c.TcpServerConfig$$SpringCGLIB$$0 - <tcpclient><info> Connection closed: 127.0.0.1:18196:58145:f24d6aac-f0e6-441b-9a46-f92561b406de
2026-05-20 10:16:25.403 INFO  o.c.TcpServerConfig$$SpringCGLIB$$0 - <tcpserver><info> Connection closed: 127.0.0.1:58145:18196:608ea3ec-1947-4a98-abf6-c3b193b55e32
2026-05-20 10:16:44.367 INFO  o.code_studio.ComPortSchedulerTask - <tcpserver><info> Trying to open COM port for Barcode communication
2026-05-20 10:16:44.544 INFO  o.c.WebSocketServerConfig$$SpringCGLIB$$0 - <wsserver><info> Created WS channel: /app/topic
2026-05-20 10:16:44.985 INFO  o.c.TcpServerConfig$$SpringCGLIB$$0 - <tcpserver><info> TCP server started on port: 18196
2026-05-20 10:16:45.037 INFO  o.code_studio.ComPortSchedulerTask - <tcpserver><info> Barcode communication enabled. COM port open: COM3
2026-05-20 10:16:45.041 INFO  o.c.TcpClientConfig$$SpringCGLIB$$0 - <tcpclient><info> TCP client has been created for server: localhost:18196
2026-05-20 10:16:45.176 INFO  o.c.WebSocketServerConfig$$SpringCGLIB$$0 - <wsserver><info> Created WS server on endpoint: /ws
2026-05-20 10:16:46.825 INFO  o.c.TcpServerConfig$$SpringCGLIB$$0 - <tcpclient><info> Connection established: 127.0.0.1:18196:58254:05f009a8-5e09-4789-8bd6-37c21aff1cc9
2026-05-20 10:16:46.825 INFO  o.c.TcpServerConfig$$SpringCGLIB$$0 - <tcpserver><info> Connection established: 127.0.0.1:58254:18196:37a69b6f-a59d-4ab8-974f-b77d3a535dd1
2026-05-20 10:16:46.828 INFO  o.c.CraneClientConnectedListener - <tcpsvr><info> CraneClientConnectedEvent detected
2026-05-20 10:16:46.881 WARN  o.c.ApplicationReadyListener - <tcpsvr><info> Message Flow Automation Debug is ENABLED
2026-05-20 10:16:46.888 INFO  o.c.controller.TcpMessageController - <tcpclient><send> LVS1UST1DA510020052026101646????????01???????001
2026-05-20 10:16:46.904 INFO  o.c.CraneClientConnectedListener - <tcpclient><send> DAYSTART message sent to Crane server
2026-05-20 10:16:46.932 INFO  o.c.TcpServerConfig$$SpringCGLIB$$0 - <tcpserver><recv> LVS1UST1DA510020052026101646????????01???????001
2026-05-20 10:16:46.962 WARN  o.c.m.IncomingMessageProcessor - MessageProcessor::handleError->StatusCode.STATUSUNKNOWN
2026-05-20 10:16:46.975 INFO  o.c.m.IncomingMessageProcessor - SENDER LVS1 | RECEIVER UST1 | MESSAGETYPE DAYSTART | ORDINAL 51 | ERRORCODE OK | SOURCE 20052026 | TARGET 101646 | REPORTPOINT RPUNKNOWN | LETYPE LEUNKNOWN | STATUSCODE AUTOMATIONENABLED | USERDATA null | RAWMESSAGE LVS1UST1DA510020052026101646????????01???????001
2026-05-20 10:16:50.003 INFO  o.c.controller.TcpMessageController - <tcpclient><send> UST1LVS111520020052026101646????????01???????001
2026-05-20 10:16:50.006 INFO  o.c.TcpClientConfig$$SpringCGLIB$$0 - <tcpclient><recv> LVS1UST1DA510020052026101646????????01???????001
2026-05-20 10:16:50.006 INFO  o.c.TcpServerConfig$$SpringCGLIB$$0 - <tcpserver><recv> UST1LVS111520020052026101646????????01???????001
2026-05-20 10:16:50.009 WARN  o.c.m.IncomingMessageProcessor - MessageProcessor::handleError->StatusCode.STATUSUNKNOWN
2026-05-20 10:16:50.009 INFO  o.c.m.IncomingMessageProcessor - SENDER UST1 | RECEIVER LVS1 | MESSAGETYPE DAYSTART | ORDINAL 52 | ERRORCODE OK | SOURCE 20052026 | TARGET 101650 | REPORTPOINT RPUNKNOWN | LETYPE LEUNKNOWN | STATUSCODE AUTOMATIONENABLED | USERDATA null | RAWMESSAGE UST1LVS111520020052026101646????????01???????001
2026-05-20 10:16:50.011 INFO  o.c.TcpClientConfig$$SpringCGLIB$$0 - <tcpclient><recv> LVS1UST1AA520020052026101646????????01???????001
2026-05-20 10:18:23.118 INFO  o.c.ApplicationCloseListener - <tcpserver><info> ApplicationContextClosedEvent detected
2026-05-20 10:18:23.119 INFO  org.code_studio.BarcodeConfig - <tcpserver><info> Barcode communication - COM port closed: COM3
2026-05-20 10:18:23.120 INFO  o.c.ApplicationCloseListener - <tcpserver><info> Waiting for 3000 msec to receive DAYEND confirmation from CRANE, and then close the TCP connection.
2026-05-20 10:18:26.134 INFO  o.c.TcpServerConfig$$SpringCGLIB$$0 - <tcpclient><info> Connection closed: 127.0.0.1:18196:58254:05f009a8-5e09-4789-8bd6-37c21aff1cc9
2026-05-20 10:18:26.139 INFO  o.c.TcpServerConfig$$SpringCGLIB$$0 - <tcpserver><info> Connection closed: 127.0.0.1:58254:18196:37a69b6f-a59d-4ab8-974f-b77d3a535dd1
2026-05-20 10:18:35.838 INFO  o.code_studio.ComPortSchedulerTask - <tcpserver><info> Trying to open COM port for Barcode communication
2026-05-20 10:18:35.985 INFO  o.c.WebSocketServerConfig$$SpringCGLIB$$0 - <wsserver><info> Created WS channel: /app/topic
2026-05-20 10:18:36.202 INFO  o.c.TcpServerConfig$$SpringCGLIB$$0 - <tcpserver><info> TCP server started on port: 18196
2026-05-20 10:18:36.216 INFO  o.c.TcpClientConfig$$SpringCGLIB$$0 - <tcpclient><info> TCP client has been created for server: localhost:18196
2026-05-20 10:18:36.379 INFO  o.c.WebSocketServerConfig$$SpringCGLIB$$0 - <wsserver><info> Created WS server on endpoint: /ws
2026-05-20 10:18:36.382 INFO  o.code_studio.ComPortSchedulerTask - <tcpserver><info> Barcode communication enabled. COM port open: COM3
2026-05-20 10:18:37.815 INFO  o.c.TcpServerConfig$$SpringCGLIB$$0 - <tcpclient><info> Connection established: 127.0.0.1:18196:58318:28e46675-b721-4f72-87a8-3f0ba4098a7c
2026-05-20 10:18:37.815 INFO  o.c.TcpServerConfig$$SpringCGLIB$$0 - <tcpserver><info> Connection established: 127.0.0.1:58318:18196:3c8dfa49-f78c-4495-9d96-5f2be7240383
2026-05-20 10:18:37.822 INFO  o.c.CraneClientConnectedListener - <tcpsvr><info> CraneClientConnectedEvent detected
2026-05-20 10:18:37.869 WARN  o.c.ApplicationReadyListener - <tcpsvr><info> Message Flow Automation Debug is ENABLED
2026-05-20 10:18:37.926 INFO  o.c.controller.TcpMessageController - <tcpclient><send> LVS1UST1DA530020052026101837????????01???????001
2026-05-20 10:18:37.941 INFO  o.c.CraneClientConnectedListener - <tcpclient><send> DAYSTART message sent to Crane server
2026-05-20 10:18:37.964 INFO  o.c.TcpServerConfig$$SpringCGLIB$$0 - <tcpserver><recv> LVS1UST1DA530020052026101837????????01???????001
2026-05-20 10:18:37.988 WARN  o.c.m.IncomingMessageProcessor - MessageProcessor::handleError->StatusCode.STATUSUNKNOWN
2026-05-20 10:18:37.993 INFO  o.c.m.IncomingMessageProcessor - SENDER LVS1 | RECEIVER UST1 | MESSAGETYPE DAYSTART | ORDINAL 53 | ERRORCODE OK | SOURCE 20052026 | TARGET 101837 | REPORTPOINT RPUNKNOWN | LETYPE LEUNKNOWN | STATUSCODE AUTOMATIONENABLED | USERDATA null | RAWMESSAGE LVS1UST1DA530020052026101837????????01???????001
2026-05-20 10:18:41.013 INFO  o.c.controller.TcpMessageController - <tcpclient><send> UST1LVS111540020052026101837????????01???????001
2026-05-20 10:18:41.015 INFO  o.c.TcpClientConfig$$SpringCGLIB$$0 - <tcpclient><recv> LVS1UST1DA530020052026101837????????01???????001
2026-05-20 10:18:41.016 INFO  o.c.TcpServerConfig$$SpringCGLIB$$0 - <tcpserver><recv> UST1LVS111540020052026101837????????01???????001
2026-05-20 10:18:41.017 WARN  o.c.m.IncomingMessageProcessor - MessageProcessor::handleError->StatusCode.STATUSUNKNOWN
2026-05-20 10:18:41.017 INFO  o.c.m.IncomingMessageProcessor - SENDER UST1 | RECEIVER LVS1 | MESSAGETYPE DAYSTART | ORDINAL 54 | ERRORCODE OK | SOURCE 20052026 | TARGET 101841 | REPORTPOINT RPUNKNOWN | LETYPE LEUNKNOWN | STATUSCODE AUTOMATIONENABLED | USERDATA null | RAWMESSAGE UST1LVS111540020052026101837????????01???????001
2026-05-20 10:18:41.018 INFO  o.c.TcpClientConfig$$SpringCGLIB$$0 - <tcpclient><recv> LVS1UST1AA540020052026101837????????01???????001
2026-05-20 10:20:24.083 INFO  o.c.ApplicationCloseListener - <tcpserver><info> ApplicationContextClosedEvent detected
2026-05-20 10:20:24.085 INFO  org.code_studio.BarcodeConfig - <tcpserver><info> Barcode communication - COM port closed: COM3
2026-05-20 10:20:24.085 INFO  o.c.ApplicationCloseListener - <tcpserver><info> Waiting for 3000 msec to receive DAYEND confirmation from CRANE, and then close the TCP connection.
2026-05-20 10:20:27.099 INFO  o.c.TcpServerConfig$$SpringCGLIB$$0 - <tcpclient><info> Connection closed: 127.0.0.1:18196:58318:28e46675-b721-4f72-87a8-3f0ba4098a7c
2026-05-20 10:20:27.103 INFO  o.c.TcpServerConfig$$SpringCGLIB$$0 - <tcpserver><info> Connection closed: 127.0.0.1:58318:18196:3c8dfa49-f78c-4495-9d96-5f2be7240383
2026-05-20 10:20:36.451 INFO  o.code_studio.ComPortSchedulerTask - <tcpserver><info> Trying to open COM port for Barcode communication
2026-05-20 10:20:36.597 INFO  o.c.WebSocketServerConfig$$SpringCGLIB$$0 - <wsserver><info> Created WS channel: /app/topic
2026-05-20 10:20:36.827 INFO  o.c.TcpServerConfig$$SpringCGLIB$$0 - <tcpserver><info> TCP server started on port: 18196
2026-05-20 10:20:36.836 INFO  o.c.TcpClientConfig$$SpringCGLIB$$0 - <tcpclient><info> TCP client has been created for server: localhost:18196
2026-05-20 10:20:36.927 INFO  o.c.WebSocketServerConfig$$SpringCGLIB$$0 - <wsserver><info> Created WS server on endpoint: /ws
2026-05-20 10:20:37.978 INFO  o.code_studio.ComPortSchedulerTask - <tcpserver><info> Barcode communication enabled. COM port open: COM3
2026-05-20 10:20:38.005 INFO  o.c.TcpServerConfig$$SpringCGLIB$$0 - <tcpserver><info> Connection established: 127.0.0.1:58418:18196:47ca9274-c0b6-4e00-8ea6-84d9f3ed1e5a
2026-05-20 10:20:38.007 INFO  o.c.TcpServerConfig$$SpringCGLIB$$0 - <tcpclient><info> Connection established: 127.0.0.1:18196:58418:cc58f1df-185b-43ff-a2a4-cbe76c60e5b6
2026-05-20 10:20:38.007 INFO  o.c.CraneClientConnectedListener - <tcpsvr><info> CraneClientConnectedEvent detected
2026-05-20 10:20:38.050 WARN  o.c.ApplicationReadyListener - <tcpsvr><info> Message Flow Automation Debug is ENABLED
2026-05-20 10:20:38.072 INFO  o.c.controller.TcpMessageController - <tcpclient><send> LVS1UST1DA550020052026102038????????01???????001
2026-05-20 10:20:38.087 INFO  o.c.CraneClientConnectedListener - <tcpclient><send> DAYSTART message sent to Crane server
2026-05-20 10:20:38.110 INFO  o.c.TcpServerConfig$$SpringCGLIB$$0 - <tcpserver><recv> LVS1UST1DA550020052026102038????????01???????001
2026-05-20 10:20:38.132 WARN  o.c.m.IncomingMessageProcessor - MessageProcessor::handleError->StatusCode.STATUSUNKNOWN
2026-05-20 10:20:38.136 INFO  o.c.m.IncomingMessageProcessor - SENDER LVS1 | RECEIVER UST1 | MESSAGETYPE DAYSTART | ORDINAL 55 | ERRORCODE OK | SOURCE 20052026 | TARGET 102038 | REPORTPOINT RPUNKNOWN | LETYPE LEUNKNOWN | STATUSCODE AUTOMATIONENABLED | USERDATA null | RAWMESSAGE LVS1UST1DA550020052026102038????????01???????001
2026-05-20 10:20:41.250 INFO  o.c.controller.TcpMessageController - <tcpclient><send> UST1LVS111560020052026102038????????01???????001
2026-05-20 10:20:41.253 INFO  o.c.TcpClientConfig$$SpringCGLIB$$0 - <tcpclient><recv> LVS1UST1DA550020052026102038????????01???????001
2026-05-20 10:20:41.255 INFO  o.c.TcpServerConfig$$SpringCGLIB$$0 - <tcpserver><recv> UST1LVS111560020052026102038????????01???????001
2026-05-20 10:20:41.257 WARN  o.c.m.IncomingMessageProcessor - MessageProcessor::handleError->StatusCode.STATUSUNKNOWN
2026-05-20 10:20:41.258 INFO  o.c.m.IncomingMessageProcessor - SENDER UST1 | RECEIVER LVS1 | MESSAGETYPE DAYSTART | ORDINAL 56 | ERRORCODE OK | SOURCE 20052026 | TARGET 102041 | REPORTPOINT RPUNKNOWN | LETYPE LEUNKNOWN | STATUSCODE AUTOMATIONENABLED | USERDATA null | RAWMESSAGE UST1LVS111560020052026102038????????01???????001
2026-05-20 10:20:41.259 INFO  o.c.TcpClientConfig$$SpringCGLIB$$0 - <tcpclient><recv> LVS1UST1AA560020052026102038????????01???????001
2026-05-20 10:21:50.889 INFO  o.c.ApplicationCloseListener - <tcpserver><info> ApplicationContextClosedEvent detected
2026-05-20 10:21:50.891 INFO  org.code_studio.BarcodeConfig - <tcpserver><info> Barcode communication - COM port closed: COM3
2026-05-20 10:21:50.892 INFO  o.c.ApplicationCloseListener - <tcpserver><info> Waiting for 3000 msec to receive DAYEND confirmation from CRANE, and then close the TCP connection.
2026-05-20 10:21:53.902 INFO  o.c.TcpServerConfig$$SpringCGLIB$$0 - <tcpclient><info> Connection closed: 127.0.0.1:18196:58418:cc58f1df-185b-43ff-a2a4-cbe76c60e5b6
2026-05-20 10:21:53.907 INFO  o.c.TcpServerConfig$$SpringCGLIB$$0 - <tcpserver><info> Connection closed: 127.0.0.1:58418:18196:47ca9274-c0b6-4e00-8ea6-84d9f3ed1e5a
2026-05-20 10:24:21.178 INFO  o.code_studio.ComPortSchedulerTask - <tcpserver><info> Trying to open COM port for Barcode communication
2026-05-20 10:24:21.356 INFO  o.c.WebSocketServerConfig$$SpringCGLIB$$0 - <wsserver><info> Created WS channel: /app/topic
2026-05-20 10:24:21.527 INFO  o.c.TcpServerConfig$$SpringCGLIB$$0 - <tcpserver><info> TCP server started on port: 18196
2026-05-20 10:24:21.534 INFO  o.c.TcpClientConfig$$SpringCGLIB$$0 - <tcpclient><info> TCP client has been created for server: localhost:18196
2026-05-20 10:24:21.621 INFO  o.c.WebSocketServerConfig$$SpringCGLIB$$0 - <wsserver><info> Created WS server on endpoint: /ws
2026-05-20 10:24:21.992 INFO  o.code_studio.ComPortSchedulerTask - <tcpserver><info> Barcode communication enabled. COM port open: COM3
2026-05-20 10:24:22.951 INFO  o.c.TcpServerConfig$$SpringCGLIB$$0 - <tcpserver><info> Connection established: 127.0.0.1:58581:18196:ea02f260-aad9-4404-abaf-2f77e2d3e2d0
2026-05-20 10:24:22.954 INFO  o.c.CraneClientConnectedListener - <tcpsvr><info> CraneClientConnectedEvent detected
2026-05-20 10:24:22.955 INFO  o.c.TcpServerConfig$$SpringCGLIB$$0 - <tcpclient><info> Connection established: 127.0.0.1:18196:58581:517a53dc-7d04-40c9-a31e-3fa10f2a4493
2026-05-20 10:24:22.995 WARN  o.c.ApplicationReadyListener - <tcpsvr><info> Message Flow Automation Debug is ENABLED
2026-05-20 10:24:23.011 INFO  o.c.controller.TcpMessageController - <tcpclient><send> LVS1UST1DA570020052026102423????????01???????001
2026-05-20 10:24:23.025 INFO  o.c.CraneClientConnectedListener - <tcpclient><send> DAYSTART message sent to Crane server
2026-05-20 10:24:23.048 INFO  o.c.TcpServerConfig$$SpringCGLIB$$0 - <tcpserver><recv> LVS1UST1DA570020052026102423????????01???????001
2026-05-20 10:24:23.071 WARN  o.c.m.IncomingMessageProcessor - MessageProcessor::handleError->StatusCode.STATUSUNKNOWN
2026-05-20 10:24:23.076 INFO  o.c.m.IncomingMessageProcessor - SENDER LVS1 | RECEIVER UST1 | MESSAGETYPE DAYSTART | ORDINAL 57 | ERRORCODE OK | SOURCE 20052026 | TARGET 102423 | REPORTPOINT RPUNKNOWN | LETYPE LEUNKNOWN | STATUSCODE AUTOMATIONENABLED | USERDATA null | RAWMESSAGE LVS1UST1DA570020052026102423????????01???????001
2026-05-20 10:24:26.109 INFO  o.c.controller.TcpMessageController - <tcpclient><send> UST1LVS111580020052026102423????????01???????001
2026-05-20 10:24:26.114 INFO  o.c.TcpClientConfig$$SpringCGLIB$$0 - <tcpclient><recv> LVS1UST1DA570020052026102423????????01???????001
2026-05-20 10:24:26.116 INFO  o.c.TcpServerConfig$$SpringCGLIB$$0 - <tcpserver><recv> UST1LVS111580020052026102423????????01???????001
2026-05-20 10:24:26.117 WARN  o.c.m.IncomingMessageProcessor - MessageProcessor::handleError->StatusCode.STATUSUNKNOWN
2026-05-20 10:24:26.117 INFO  o.c.m.IncomingMessageProcessor - SENDER UST1 | RECEIVER LVS1 | MESSAGETYPE DAYSTART | ORDINAL 58 | ERRORCODE OK | SOURCE 20052026 | TARGET 102426 | REPORTPOINT RPUNKNOWN | LETYPE LEUNKNOWN | STATUSCODE AUTOMATIONENABLED | USERDATA null | RAWMESSAGE UST1LVS111580020052026102423????????01???????001
2026-05-20 10:24:26.119 INFO  o.c.TcpClientConfig$$SpringCGLIB$$0 - <tcpclient><recv> LVS1UST1AA580020052026102423????????01???????001
2026-05-20 10:26:48.898 INFO  o.c.ApplicationCloseListener - <tcpserver><info> ApplicationContextClosedEvent detected
2026-05-20 10:26:48.912 INFO  org.code_studio.BarcodeConfig - <tcpserver><info> Barcode communication - COM port closed: COM3
2026-05-20 10:26:48.912 INFO  o.c.ApplicationCloseListener - <tcpserver><info> Waiting for 3000 msec to receive DAYEND confirmation from CRANE, and then close the TCP connection.
2026-05-20 10:26:51.933 INFO  o.c.TcpServerConfig$$SpringCGLIB$$0 - <tcpclient><info> Connection closed: 127.0.0.1:18196:58581:517a53dc-7d04-40c9-a31e-3fa10f2a4493
2026-05-20 10:26:51.935 INFO  o.c.TcpServerConfig$$SpringCGLIB$$0 - <tcpserver><info> Connection closed: 127.0.0.1:58581:18196:ea02f260-aad9-4404-abaf-2f77e2d3e2d0
2026-05-20 10:27:05.733 INFO  o.code_studio.ComPortSchedulerTask - <tcpserver><info> Trying to open COM port for Barcode communication
2026-05-20 10:27:05.937 INFO  o.c.WebSocketServerConfig$$SpringCGLIB$$0 - <wsserver><info> Created WS channel: /app/topic
2026-05-20 10:27:06.203 INFO  o.c.TcpServerConfig$$SpringCGLIB$$0 - <tcpserver><info> TCP server started on port: 18196
2026-05-20 10:27:06.214 INFO  o.c.TcpClientConfig$$SpringCGLIB$$0 - <tcpclient><info> TCP client has been created for server: localhost:18196
2026-05-20 10:27:06.371 INFO  o.c.WebSocketServerConfig$$SpringCGLIB$$0 - <wsserver><info> Created WS server on endpoint: /ws
2026-05-20 10:27:07.088 INFO  o.code_studio.ComPortSchedulerTask - <tcpserver><info> Barcode communication enabled. COM port open: COM3
2026-05-20 10:27:07.883 INFO  o.c.TcpServerConfig$$SpringCGLIB$$0 - <tcpclient><info> Connection established: 127.0.0.1:18196:60182:4147caf7-a99e-4f10-ba59-508aecdde510
2026-05-20 10:27:07.883 INFO  o.c.TcpServerConfig$$SpringCGLIB$$0 - <tcpserver><info> Connection established: 127.0.0.1:60182:18196:85344941-b9e4-4e75-b722-ce264e85e776
2026-05-20 10:27:07.888 INFO  o.c.CraneClientConnectedListener - <tcpsvr><info> CraneClientConnectedEvent detected
2026-05-20 10:27:07.953 WARN  o.c.ApplicationReadyListener - <tcpsvr><info> Message Flow Automation Debug is ENABLED
2026-05-20 10:27:08.035 INFO  o.c.controller.TcpMessageController - <tcpclient><send> LVS1UST1DA590020052026102708????????01???????001
2026-05-20 10:27:08.062 INFO  o.c.CraneClientConnectedListener - <tcpclient><send> DAYSTART message sent to Crane server
2026-05-20 10:27:08.099 INFO  o.c.TcpServerConfig$$SpringCGLIB$$0 - <tcpserver><recv> LVS1UST1DA590020052026102708????????01???????001
2026-05-20 10:27:08.128 WARN  o.c.m.IncomingMessageProcessor - MessageProcessor::handleError->StatusCode.STATUSUNKNOWN
2026-05-20 10:27:08.134 INFO  o.c.m.IncomingMessageProcessor - SENDER LVS1 | RECEIVER UST1 | MESSAGETYPE DAYSTART | ORDINAL 59 | ERRORCODE OK | SOURCE 20052026 | TARGET 102708 | REPORTPOINT RPUNKNOWN | LETYPE LEUNKNOWN | STATUSCODE AUTOMATIONENABLED | USERDATA null | RAWMESSAGE LVS1UST1DA590020052026102708????????01???????001
2026-05-20 10:27:11.178 INFO  o.c.controller.TcpMessageController - <tcpclient><send> UST1LVS111600020052026102708????????01???????001
2026-05-20 10:27:11.182 INFO  o.c.TcpClientConfig$$SpringCGLIB$$0 - <tcpclient><recv> LVS1UST1DA590020052026102708????????01???????001
2026-05-20 10:27:11.184 INFO  o.c.TcpServerConfig$$SpringCGLIB$$0 - <tcpserver><recv> UST1LVS111600020052026102708????????01???????001
2026-05-20 10:27:11.193 WARN  o.c.m.IncomingMessageProcessor - MessageProcessor::handleError->StatusCode.STATUSUNKNOWN
2026-05-20 10:27:11.195 INFO  o.c.m.IncomingMessageProcessor - SENDER UST1 | RECEIVER LVS1 | MESSAGETYPE DAYSTART | ORDINAL 60 | ERRORCODE OK | SOURCE 20052026 | TARGET 102711 | REPORTPOINT RPUNKNOWN | LETYPE LEUNKNOWN | STATUSCODE AUTOMATIONENABLED | USERDATA null | RAWMESSAGE UST1LVS111600020052026102708????????01???????001
2026-05-20 10:27:11.197 INFO  o.c.TcpClientConfig$$SpringCGLIB$$0 - <tcpclient><recv> LVS1UST1AA600020052026102708????????01???????001
2026-05-20 10:28:22.137 INFO  o.c.ApplicationCloseListener - <tcpserver><info> ApplicationContextClosedEvent detected
2026-05-20 10:28:22.139 INFO  org.code_studio.BarcodeConfig - <tcpserver><info> Barcode communication - COM port closed: COM3
2026-05-20 10:28:22.139 INFO  o.c.ApplicationCloseListener - <tcpserver><info> Waiting for 3000 msec to receive DAYEND confirmation from CRANE, and then close the TCP connection.
2026-05-20 10:28:25.149 INFO  o.c.TcpServerConfig$$SpringCGLIB$$0 - <tcpclient><info> Connection closed: 127.0.0.1:18196:60182:4147caf7-a99e-4f10-ba59-508aecdde510
2026-05-20 10:28:25.154 INFO  o.c.TcpServerConfig$$SpringCGLIB$$0 - <tcpserver><info> Connection closed: 127.0.0.1:60182:18196:85344941-b9e4-4e75-b722-ce264e85e776
2026-05-20 10:33:49.859 INFO  o.code_studio.ComPortSchedulerTask - <tcpserver><info> Trying to open COM port for Barcode communication
2026-05-20 10:33:50.046 INFO  o.c.WebSocketServerConfig$$SpringCGLIB$$0 - <wsserver><info> Created WS channel: /app/topic
2026-05-20 10:33:50.254 INFO  o.c.TcpServerConfig$$SpringCGLIB$$0 - <tcpserver><info> TCP server started on port: 18196
2026-05-20 10:33:50.265 INFO  o.c.TcpClientConfig$$SpringCGLIB$$0 - <tcpclient><info> TCP client has been created for server: localhost:18196
2026-05-20 10:33:50.374 INFO  o.c.WebSocketServerConfig$$SpringCGLIB$$0 - <wsserver><info> Created WS server on endpoint: /ws
2026-05-20 10:33:51.590 INFO  o.code_studio.ComPortSchedulerTask - <tcpserver><info> Barcode communication enabled. COM port open: COM3
2026-05-20 10:33:51.644 INFO  o.c.TcpServerConfig$$SpringCGLIB$$0 - <tcpclient><info> Connection established: 127.0.0.1:18196:60462:c734b94c-3cb6-4716-95da-18a4c1d0209c
2026-05-20 10:33:51.644 INFO  o.c.TcpServerConfig$$SpringCGLIB$$0 - <tcpserver><info> Connection established: 127.0.0.1:60462:18196:5ee637d8-dcf7-40f4-96d7-533179249ea0
2026-05-20 10:33:51.646 INFO  o.c.CraneClientConnectedListener - <tcpsvr><info> CraneClientConnectedEvent detected
2026-05-20 10:33:51.719 WARN  o.c.ApplicationReadyListener - <tcpsvr><info> Message Flow Automation Debug is ENABLED
2026-05-20 10:33:51.753 INFO  o.c.controller.TcpMessageController - <tcpclient><send> LVS1UST1DA610020052026103351????????01???????001
2026-05-20 10:33:51.767 INFO  o.c.CraneClientConnectedListener - <tcpclient><send> DAYSTART message sent to Crane server
2026-05-20 10:33:51.794 INFO  o.c.TcpServerConfig$$SpringCGLIB$$0 - <tcpserver><recv> LVS1UST1DA610020052026103351????????01???????001
2026-05-20 10:33:51.819 WARN  o.c.m.IncomingMessageProcessor - MessageProcessor::handleError->StatusCode.STATUSUNKNOWN
2026-05-20 10:33:51.826 INFO  o.c.m.IncomingMessageProcessor - SENDER LVS1 | RECEIVER UST1 | MESSAGETYPE DAYSTART | ORDINAL 61 | ERRORCODE OK | SOURCE 20052026 | TARGET 103351 | REPORTPOINT RPUNKNOWN | LETYPE LEUNKNOWN | STATUSCODE AUTOMATIONENABLED | USERDATA null | RAWMESSAGE LVS1UST1DA610020052026103351????????01???????001
2026-05-20 10:33:54.853 INFO  o.c.controller.TcpMessageController - <tcpclient><send> UST1LVS111620020052026103351????????01???????001
2026-05-20 10:33:54.856 INFO  o.c.TcpClientConfig$$SpringCGLIB$$0 - <tcpclient><recv> LVS1UST1DA610020052026103351????????01???????001
2026-05-20 10:33:54.858 INFO  o.c.TcpServerConfig$$SpringCGLIB$$0 - <tcpserver><recv> UST1LVS111620020052026103351????????01???????001
2026-05-20 10:33:54.860 WARN  o.c.m.IncomingMessageProcessor - MessageProcessor::handleError->StatusCode.STATUSUNKNOWN
2026-05-20 10:33:54.860 INFO  o.c.m.IncomingMessageProcessor - SENDER UST1 | RECEIVER LVS1 | MESSAGETYPE DAYSTART | ORDINAL 62 | ERRORCODE OK | SOURCE 20052026 | TARGET 103354 | REPORTPOINT RPUNKNOWN | LETYPE LEUNKNOWN | STATUSCODE AUTOMATIONENABLED | USERDATA null | RAWMESSAGE UST1LVS111620020052026103351????????01???????001
2026-05-20 10:33:54.862 INFO  o.c.TcpClientConfig$$SpringCGLIB$$0 - <tcpclient><recv> LVS1UST1AA620020052026103351????????01???????001
2026-05-20 10:36:54.462 INFO  o.c.ApplicationCloseListener - <tcpserver><info> ApplicationContextClosedEvent detected
2026-05-20 10:36:54.471 INFO  org.code_studio.BarcodeConfig - <tcpserver><info> Barcode communication - COM port closed: COM3
2026-05-20 10:36:54.471 INFO  o.c.ApplicationCloseListener - <tcpserver><info> Waiting for 3000 msec to receive DAYEND confirmation from CRANE, and then close the TCP connection.
2026-05-20 10:36:57.510 INFO  o.c.TcpServerConfig$$SpringCGLIB$$0 - <tcpclient><info> Connection closed: 127.0.0.1:18196:60462:c734b94c-3cb6-4716-95da-18a4c1d0209c
2026-05-20 10:36:57.524 INFO  o.c.TcpServerConfig$$SpringCGLIB$$0 - <tcpserver><info> Connection closed: 127.0.0.1:60462:18196:5ee637d8-dcf7-40f4-96d7-533179249ea0
2026-05-20 10:37:11.051 INFO  o.code_studio.ComPortSchedulerTask - <tcpserver><info> Trying to open COM port for Barcode communication
2026-05-20 10:37:11.412 INFO  o.c.WebSocketServerConfig$$SpringCGLIB$$0 - <wsserver><info> Created WS channel: /app/topic
2026-05-20 10:37:11.854 INFO  o.c.TcpServerConfig$$SpringCGLIB$$0 - <tcpserver><info> TCP server started on port: 18196
2026-05-20 10:37:11.898 INFO  o.c.TcpClientConfig$$SpringCGLIB$$0 - <tcpclient><info> TCP client has been created for server: localhost:18196
2026-05-20 10:37:12.191 INFO  o.c.WebSocketServerConfig$$SpringCGLIB$$0 - <wsserver><info> Created WS server on endpoint: /ws
2026-05-20 10:37:12.593 INFO  o.code_studio.ComPortSchedulerTask - <tcpserver><info> Barcode communication enabled. COM port open: COM3
2026-05-20 10:37:15.151 INFO  o.c.TcpServerConfig$$SpringCGLIB$$0 - <tcpclient><info> Connection established: 127.0.0.1:18196:53811:123a6a39-e3c5-4357-ac8b-a959447da813
2026-05-20 10:37:15.152 INFO  o.c.TcpServerConfig$$SpringCGLIB$$0 - <tcpserver><info> Connection established: 127.0.0.1:53811:18196:e142ffe7-f57b-4e31-ad26-b9a0c05e830b
2026-05-20 10:37:15.153 INFO  o.c.CraneClientConnectedListener - <tcpsvr><info> CraneClientConnectedEvent detected
2026-05-20 10:37:15.212 WARN  o.c.ApplicationReadyListener - <tcpsvr><info> Message Flow Automation Debug is ENABLED
2026-05-20 10:37:15.216 INFO  o.c.controller.TcpMessageController - <tcpclient><send> LVS1UST1DA630020052026103715????????01???????001
2026-05-20 10:37:15.232 INFO  o.c.CraneClientConnectedListener - <tcpclient><send> DAYSTART message sent to Crane server
2026-05-20 10:37:15.257 INFO  o.c.TcpServerConfig$$SpringCGLIB$$0 - <tcpserver><recv> LVS1UST1DA630020052026103715????????01???????001
2026-05-20 10:37:15.318 WARN  o.c.m.IncomingMessageProcessor - MessageProcessor::handleError->StatusCode.STATUSUNKNOWN
2026-05-20 10:37:15.322 INFO  o.c.m.IncomingMessageProcessor - SENDER LVS1 | RECEIVER UST1 | MESSAGETYPE DAYSTART | ORDINAL 63 | ERRORCODE OK | SOURCE 20052026 | TARGET 103715 | REPORTPOINT RPUNKNOWN | LETYPE LEUNKNOWN | STATUSCODE AUTOMATIONENABLED | USERDATA null | RAWMESSAGE LVS1UST1DA630020052026103715????????01???????001
2026-05-20 10:37:18.444 INFO  o.c.controller.TcpMessageController - <tcpclient><send> UST1LVS111640020052026103715????????01???????001
2026-05-20 10:37:18.448 INFO  o.c.TcpClientConfig$$SpringCGLIB$$0 - <tcpclient><recv> LVS1UST1DA630020052026103715????????01???????001
2026-05-20 10:37:18.450 INFO  o.c.TcpServerConfig$$SpringCGLIB$$0 - <tcpserver><recv> UST1LVS111640020052026103715????????01???????001
2026-05-20 10:37:18.452 WARN  o.c.m.IncomingMessageProcessor - MessageProcessor::handleError->StatusCode.STATUSUNKNOWN
2026-05-20 10:37:18.453 INFO  o.c.m.IncomingMessageProcessor - SENDER UST1 | RECEIVER LVS1 | MESSAGETYPE DAYSTART | ORDINAL 64 | ERRORCODE OK | SOURCE 20052026 | TARGET 103718 | REPORTPOINT RPUNKNOWN | LETYPE LEUNKNOWN | STATUSCODE AUTOMATIONENABLED | USERDATA null | RAWMESSAGE UST1LVS111640020052026103715????????01???????001
2026-05-20 10:37:18.456 INFO  o.c.TcpClientConfig$$SpringCGLIB$$0 - <tcpclient><recv> LVS1UST1AA640020052026103715????????01???????001
2026-05-20 10:38:07.850 INFO  o.c.ApplicationCloseListener - <tcpserver><info> ApplicationContextClosedEvent detected
2026-05-20 10:38:07.852 INFO  org.code_studio.BarcodeConfig - <tcpserver><info> Barcode communication - COM port closed: COM3
2026-05-20 10:38:07.852 INFO  o.c.ApplicationCloseListener - <tcpserver><info> Waiting for 3000 msec to receive DAYEND confirmation from CRANE, and then close the TCP connection.
2026-05-20 10:38:10.864 INFO  o.c.TcpServerConfig$$SpringCGLIB$$0 - <tcpclient><info> Connection closed: 127.0.0.1:18196:53811:123a6a39-e3c5-4357-ac8b-a959447da813
2026-05-20 10:38:10.869 INFO  o.c.TcpServerConfig$$SpringCGLIB$$0 - <tcpserver><info> Connection closed: 127.0.0.1:53811:18196:e142ffe7-f57b-4e31-ad26-b9a0c05e830b
2026-05-20 10:38:21.524 INFO  o.code_studio.ComPortSchedulerTask - <tcpserver><info> Trying to open COM port for Barcode communication
2026-05-20 10:38:21.735 INFO  o.c.WebSocketServerConfig$$SpringCGLIB$$0 - <wsserver><info> Created WS channel: /app/topic
2026-05-20 10:38:21.976 INFO  o.c.TcpServerConfig$$SpringCGLIB$$0 - <tcpserver><info> TCP server started on port: 18196
2026-05-20 10:38:21.988 INFO  o.c.TcpClientConfig$$SpringCGLIB$$0 - <tcpclient><info> TCP client has been created for server: localhost:18196
2026-05-20 10:38:22.119 INFO  o.c.WebSocketServerConfig$$SpringCGLIB$$0 - <wsserver><info> Created WS server on endpoint: /ws
2026-05-20 10:38:22.948 INFO  o.code_studio.ComPortSchedulerTask - <tcpserver><info> Barcode communication enabled. COM port open: COM3
2026-05-20 10:38:23.617 INFO  o.c.TcpServerConfig$$SpringCGLIB$$0 - <tcpserver><info> Connection established: 127.0.0.1:53883:18196:cec85f7b-3205-48ef-935f-05ee55d782c0
2026-05-20 10:38:23.617 INFO  o.c.TcpServerConfig$$SpringCGLIB$$0 - <tcpclient><info> Connection established: 127.0.0.1:18196:53883:4077aaea-0b90-4eab-834d-0811f33ada89
2026-05-20 10:38:23.619 INFO  o.c.CraneClientConnectedListener - <tcpsvr><info> CraneClientConnectedEvent detected
2026-05-20 10:38:23.685 WARN  o.c.ApplicationReadyListener - <tcpsvr><info> Message Flow Automation Debug is ENABLED
2026-05-20 10:38:23.717 INFO  o.c.controller.TcpMessageController - <tcpclient><send> LVS1UST1DA650020052026103823????????01???????001
2026-05-20 10:38:23.731 INFO  o.c.CraneClientConnectedListener - <tcpclient><send> DAYSTART message sent to Crane server
2026-05-20 10:38:23.797 INFO  o.c.TcpServerConfig$$SpringCGLIB$$0 - <tcpserver><recv> LVS1UST1DA650020052026103823????????01???????001
2026-05-20 10:38:23.845 WARN  o.c.m.IncomingMessageProcessor - MessageProcessor::handleError->StatusCode.STATUSUNKNOWN
2026-05-20 10:38:23.849 INFO  o.c.m.IncomingMessageProcessor - SENDER LVS1 | RECEIVER UST1 | MESSAGETYPE DAYSTART | ORDINAL 65 | ERRORCODE OK | SOURCE 20052026 | TARGET 103823 | REPORTPOINT RPUNKNOWN | LETYPE LEUNKNOWN | STATUSCODE AUTOMATIONENABLED | USERDATA null | RAWMESSAGE LVS1UST1DA650020052026103823????????01???????001
2026-05-20 10:38:26.921 INFO  o.c.controller.TcpMessageController - <tcpclient><send> UST1LVS111660020052026103823????????01???????001
2026-05-20 10:38:26.925 INFO  o.c.TcpClientConfig$$SpringCGLIB$$0 - <tcpclient><recv> LVS1UST1DA650020052026103823????????01???????001
2026-05-20 10:38:26.926 INFO  o.c.TcpServerConfig$$SpringCGLIB$$0 - <tcpserver><recv> UST1LVS111660020052026103823????????01???????001
2026-05-20 10:38:26.927 WARN  o.c.m.IncomingMessageProcessor - MessageProcessor::handleError->StatusCode.STATUSUNKNOWN
2026-05-20 10:38:26.927 INFO  o.c.m.IncomingMessageProcessor - SENDER UST1 | RECEIVER LVS1 | MESSAGETYPE DAYSTART | ORDINAL 66 | ERRORCODE OK | SOURCE 20052026 | TARGET 103826 | REPORTPOINT RPUNKNOWN | LETYPE LEUNKNOWN | STATUSCODE AUTOMATIONENABLED | USERDATA null | RAWMESSAGE UST1LVS111660020052026103823????????01???????001
2026-05-20 10:38:26.928 INFO  o.c.TcpClientConfig$$SpringCGLIB$$0 - <tcpclient><recv> LVS1UST1AA660020052026103823????????01???????001
2026-05-20 10:39:42.876 INFO  o.c.ApplicationCloseListener - <tcpserver><info> ApplicationContextClosedEvent detected
2026-05-20 10:39:42.883 INFO  org.code_studio.BarcodeConfig - <tcpserver><info> Barcode communication - COM port closed: COM3
2026-05-20 10:39:42.884 INFO  o.c.ApplicationCloseListener - <tcpserver><info> Waiting for 3000 msec to receive DAYEND confirmation from CRANE, and then close the TCP connection.
2026-05-20 10:39:45.900 INFO  o.c.TcpServerConfig$$SpringCGLIB$$0 - <tcpclient><info> Connection closed: 127.0.0.1:18196:53883:4077aaea-0b90-4eab-834d-0811f33ada89
2026-05-20 10:39:45.905 INFO  o.c.TcpServerConfig$$SpringCGLIB$$0 - <tcpserver><info> Connection closed: 127.0.0.1:53883:18196:cec85f7b-3205-48ef-935f-05ee55d782c0
2026-05-20 10:40:02.585 INFO  o.code_studio.ComPortSchedulerTask - <tcpserver><info> Trying to open COM port for Barcode communication
2026-05-20 10:40:02.774 INFO  o.c.WebSocketServerConfig$$SpringCGLIB$$0 - <wsserver><info> Created WS channel: /app/topic
2026-05-20 10:40:02.999 INFO  o.c.TcpServerConfig$$SpringCGLIB$$0 - <tcpserver><info> TCP server started on port: 18196
2026-05-20 10:40:03.008 INFO  o.c.TcpClientConfig$$SpringCGLIB$$0 - <tcpclient><info> TCP client has been created for server: localhost:18196
2026-05-20 10:40:03.123 INFO  o.c.WebSocketServerConfig$$SpringCGLIB$$0 - <wsserver><info> Created WS server on endpoint: /ws
2026-05-20 10:40:04.078 INFO  o.code_studio.ComPortSchedulerTask - <tcpserver><info> Barcode communication enabled. COM port open: COM3
2026-05-20 10:40:04.414 INFO  o.c.TcpServerConfig$$SpringCGLIB$$0 - <tcpserver><info> Connection established: 127.0.0.1:53973:18196:1950e4f9-5a63-4561-868a-9b4bf438f48e
2026-05-20 10:40:04.416 INFO  o.c.CraneClientConnectedListener - <tcpsvr><info> CraneClientConnectedEvent detected
2026-05-20 10:40:04.417 INFO  o.c.TcpServerConfig$$SpringCGLIB$$0 - <tcpclient><info> Connection established: 127.0.0.1:18196:53973:2f8c1931-0abf-4bcb-81d8-a2a21de4fd9c
2026-05-20 10:40:04.468 WARN  o.c.ApplicationReadyListener - <tcpsvr><info> Message Flow Automation Debug is ENABLED
2026-05-20 10:40:04.507 INFO  o.c.controller.TcpMessageController - <tcpclient><send> LVS1UST1DA670020052026104004????????01???????001
2026-05-20 10:40:04.519 INFO  o.c.CraneClientConnectedListener - <tcpclient><send> DAYSTART message sent to Crane server
2026-05-20 10:40:04.542 INFO  o.c.TcpServerConfig$$SpringCGLIB$$0 - <tcpserver><recv> LVS1UST1DA670020052026104004????????01???????001
2026-05-20 10:40:04.582 WARN  o.c.m.IncomingMessageProcessor - MessageProcessor::handleError->StatusCode.STATUSUNKNOWN
2026-05-20 10:40:04.588 INFO  o.c.m.IncomingMessageProcessor - SENDER LVS1 | RECEIVER UST1 | MESSAGETYPE DAYSTART | ORDINAL 67 | ERRORCODE OK | SOURCE 20052026 | TARGET 104004 | REPORTPOINT RPUNKNOWN | LETYPE LEUNKNOWN | STATUSCODE AUTOMATIONENABLED | USERDATA null | RAWMESSAGE LVS1UST1DA670020052026104004????????01???????001
2026-05-20 10:40:07.620 INFO  o.c.controller.TcpMessageController - <tcpclient><send> UST1LVS111680020052026104004????????01???????001
2026-05-20 10:40:07.623 INFO  o.c.TcpClientConfig$$SpringCGLIB$$0 - <tcpclient><recv> LVS1UST1DA670020052026104004????????01???????001
2026-05-20 10:40:07.625 INFO  o.c.TcpServerConfig$$SpringCGLIB$$0 - <tcpserver><recv> UST1LVS111680020052026104004????????01???????001
2026-05-20 10:40:07.627 WARN  o.c.m.IncomingMessageProcessor - MessageProcessor::handleError->StatusCode.STATUSUNKNOWN
2026-05-20 10:40:07.628 INFO  o.c.m.IncomingMessageProcessor - SENDER UST1 | RECEIVER LVS1 | MESSAGETYPE DAYSTART | ORDINAL 68 | ERRORCODE OK | SOURCE 20052026 | TARGET 104007 | REPORTPOINT RPUNKNOWN | LETYPE LEUNKNOWN | STATUSCODE AUTOMATIONENABLED | USERDATA null | RAWMESSAGE UST1LVS111680020052026104004????????01???????001
2026-05-20 10:40:07.631 INFO  o.c.TcpClientConfig$$SpringCGLIB$$0 - <tcpclient><recv> LVS1UST1AA680020052026104004????????01???????001
2026-05-20 10:40:47.717 INFO  o.c.ApplicationCloseListener - <tcpserver><info> ApplicationContextClosedEvent detected
2026-05-20 10:40:47.722 INFO  org.code_studio.BarcodeConfig - <tcpserver><info> Barcode communication - COM port closed: COM3
2026-05-20 10:40:47.722 INFO  o.c.ApplicationCloseListener - <tcpserver><info> Waiting for 3000 msec to receive DAYEND confirmation from CRANE, and then close the TCP connection.
2026-05-20 10:40:50.737 INFO  o.c.TcpServerConfig$$SpringCGLIB$$0 - <tcpclient><info> Connection closed: 127.0.0.1:18196:53973:2f8c1931-0abf-4bcb-81d8-a2a21de4fd9c
2026-05-20 10:40:50.744 INFO  o.c.TcpServerConfig$$SpringCGLIB$$0 - <tcpserver><info> Connection closed: 127.0.0.1:53973:18196:1950e4f9-5a63-4561-868a-9b4bf438f48e
2026-05-20 10:41:03.627 INFO  o.code_studio.ComPortSchedulerTask - <tcpserver><info> Trying to open COM port for Barcode communication
2026-05-20 10:41:03.786 INFO  o.c.WebSocketServerConfig$$SpringCGLIB$$0 - <wsserver><info> Created WS channel: /app/topic
2026-05-20 10:41:03.970 INFO  o.c.TcpServerConfig$$SpringCGLIB$$0 - <tcpserver><info> TCP server started on port: 18196
2026-05-20 10:41:03.981 INFO  o.c.TcpClientConfig$$SpringCGLIB$$0 - <tcpclient><info> TCP client has been created for server: localhost:18196
2026-05-20 10:41:04.102 INFO  o.c.WebSocketServerConfig$$SpringCGLIB$$0 - <wsserver><info> Created WS server on endpoint: /ws
2026-05-20 10:41:04.239 INFO  o.code_studio.ComPortSchedulerTask - <tcpserver><info> Barcode communication enabled. COM port open: COM3
2026-05-20 10:41:05.220 INFO  o.c.TcpServerConfig$$SpringCGLIB$$0 - <tcpclient><info> Connection established: 127.0.0.1:18196:54012:b69836d8-21af-49eb-a16f-e1865aa5ce0c
2026-05-20 10:41:05.220 INFO  o.c.TcpServerConfig$$SpringCGLIB$$0 - <tcpserver><info> Connection established: 127.0.0.1:54012:18196:65c2a597-74d0-4be5-bbd5-14d30424f4d3
2026-05-20 10:41:05.221 INFO  o.c.CraneClientConnectedListener - <tcpsvr><info> CraneClientConnectedEvent detected
2026-05-20 10:41:05.276 WARN  o.c.ApplicationReadyListener - <tcpsvr><info> Message Flow Automation Debug is ENABLED
2026-05-20 10:41:05.280 INFO  o.c.controller.TcpMessageController - <tcpclient><send> LVS1UST1DA690020052026104105????????01???????001
2026-05-20 10:41:05.292 INFO  o.c.CraneClientConnectedListener - <tcpclient><send> DAYSTART message sent to Crane server
2026-05-20 10:41:05.307 INFO  o.c.TcpServerConfig$$SpringCGLIB$$0 - <tcpserver><recv> LVS1UST1DA690020052026104105????????01???????001
2026-05-20 10:41:05.342 WARN  o.c.m.IncomingMessageProcessor - MessageProcessor::handleError->StatusCode.STATUSUNKNOWN
2026-05-20 10:41:05.348 INFO  o.c.m.IncomingMessageProcessor - SENDER LVS1 | RECEIVER UST1 | MESSAGETYPE DAYSTART | ORDINAL 69 | ERRORCODE OK | SOURCE 20052026 | TARGET 104105 | REPORTPOINT RPUNKNOWN | LETYPE LEUNKNOWN | STATUSCODE AUTOMATIONENABLED | USERDATA null | RAWMESSAGE LVS1UST1DA690020052026104105????????01???????001
2026-05-20 10:41:08.370 INFO  o.c.controller.TcpMessageController - <tcpclient><send> UST1LVS111700020052026104105????????01???????001
2026-05-20 10:41:08.373 INFO  o.c.TcpClientConfig$$SpringCGLIB$$0 - <tcpclient><recv> LVS1UST1DA690020052026104105????????01???????001
2026-05-20 10:41:08.373 INFO  o.c.TcpServerConfig$$SpringCGLIB$$0 - <tcpserver><recv> UST1LVS111700020052026104105????????01???????001
2026-05-20 10:41:08.374 WARN  o.c.m.IncomingMessageProcessor - MessageProcessor::handleError->StatusCode.STATUSUNKNOWN
2026-05-20 10:41:08.375 INFO  o.c.m.IncomingMessageProcessor - SENDER UST1 | RECEIVER LVS1 | MESSAGETYPE DAYSTART | ORDINAL 70 | ERRORCODE OK | SOURCE 20052026 | TARGET 104108 | REPORTPOINT RPUNKNOWN | LETYPE LEUNKNOWN | STATUSCODE AUTOMATIONENABLED | USERDATA null | RAWMESSAGE UST1LVS111700020052026104105????????01???????001
2026-05-20 10:41:08.377 INFO  o.c.TcpClientConfig$$SpringCGLIB$$0 - <tcpclient><recv> LVS1UST1AA700020052026104105????????01???????001
2026-05-20 10:42:11.917 INFO  o.c.ApplicationCloseListener - <tcpserver><info> ApplicationContextClosedEvent detected
2026-05-20 10:42:11.918 INFO  org.code_studio.BarcodeConfig - <tcpserver><info> Barcode communication - COM port closed: COM3
2026-05-20 10:42:11.919 INFO  o.c.ApplicationCloseListener - <tcpserver><info> Waiting for 3000 msec to receive DAYEND confirmation from CRANE, and then close the TCP connection.
2026-05-20 10:42:14.932 INFO  o.c.TcpServerConfig$$SpringCGLIB$$0 - <tcpclient><info> Connection closed: 127.0.0.1:18196:54012:b69836d8-21af-49eb-a16f-e1865aa5ce0c
2026-05-20 10:42:14.938 INFO  o.c.TcpServerConfig$$SpringCGLIB$$0 - <tcpserver><info> Connection closed: 127.0.0.1:54012:18196:65c2a597-74d0-4be5-bbd5-14d30424f4d3
2026-05-20 10:43:13.030 INFO  o.code_studio.ComPortSchedulerTask - <tcpserver><info> Trying to open COM port for Barcode communication
2026-05-20 10:43:13.202 INFO  o.c.WebSocketServerConfig$$SpringCGLIB$$0 - <wsserver><info> Created WS channel: /app/topic
2026-05-20 10:43:13.424 INFO  o.c.TcpServerConfig$$SpringCGLIB$$0 - <tcpserver><info> TCP server started on port: 18196
2026-05-20 10:43:13.432 INFO  o.c.TcpClientConfig$$SpringCGLIB$$0 - <tcpclient><info> TCP client has been created for server: localhost:18196
2026-05-20 10:43:13.531 INFO  o.c.WebSocketServerConfig$$SpringCGLIB$$0 - <wsserver><info> Created WS server on endpoint: /ws
2026-05-20 10:43:14.610 INFO  o.c.TcpServerConfig$$SpringCGLIB$$0 - <tcpclient><info> Connection established: 127.0.0.1:18196:54110:3d28fa42-87c4-42bd-a542-518e77f43ac5
2026-05-20 10:43:14.610 INFO  o.c.TcpServerConfig$$SpringCGLIB$$0 - <tcpserver><info> Connection established: 127.0.0.1:54110:18196:170af877-45f8-42c4-8be4-fb2e349aed92
2026-05-20 10:43:14.612 INFO  o.c.CraneClientConnectedListener - <tcpsvr><info> CraneClientConnectedEvent detected
2026-05-20 10:43:14.653 WARN  o.c.ApplicationReadyListener - <tcpsvr><info> Message Flow Automation Debug is ENABLED
2026-05-20 10:43:14.714 INFO  o.c.controller.TcpMessageController - <tcpclient><send> LVS1UST1DA710020052026104314????????01???????001
2026-05-20 10:43:14.727 INFO  o.c.CraneClientConnectedListener - <tcpclient><send> DAYSTART message sent to Crane server
2026-05-20 10:43:14.755 INFO  o.c.TcpServerConfig$$SpringCGLIB$$0 - <tcpserver><recv> LVS1UST1DA710020052026104314????????01???????001
2026-05-20 10:43:14.779 WARN  o.c.m.IncomingMessageProcessor - MessageProcessor::handleError->StatusCode.STATUSUNKNOWN
2026-05-20 10:43:14.784 INFO  o.c.m.IncomingMessageProcessor - SENDER LVS1 | RECEIVER UST1 | MESSAGETYPE DAYSTART | ORDINAL 71 | ERRORCODE OK | SOURCE 20052026 | TARGET 104314 | REPORTPOINT RPUNKNOWN | LETYPE LEUNKNOWN | STATUSCODE AUTOMATIONENABLED | USERDATA null | RAWMESSAGE LVS1UST1DA710020052026104314????????01???????001
2026-05-20 10:43:14.882 INFO  o.code_studio.ComPortSchedulerTask - <tcpserver><info> Barcode communication enabled. COM port open: COM3
2026-05-20 10:43:17.825 INFO  o.c.controller.TcpMessageController - <tcpclient><send> UST1LVS111720020052026104314????????01???????001
2026-05-20 10:43:17.828 INFO  o.c.TcpClientConfig$$SpringCGLIB$$0 - <tcpclient><recv> LVS1UST1DA710020052026104314????????01???????001
2026-05-20 10:43:17.829 INFO  o.c.TcpServerConfig$$SpringCGLIB$$0 - <tcpserver><recv> UST1LVS111720020052026104314????????01???????001
2026-05-20 10:43:17.830 WARN  o.c.m.IncomingMessageProcessor - MessageProcessor::handleError->StatusCode.STATUSUNKNOWN
2026-05-20 10:43:17.830 INFO  o.c.m.IncomingMessageProcessor - SENDER UST1 | RECEIVER LVS1 | MESSAGETYPE DAYSTART | ORDINAL 72 | ERRORCODE OK | SOURCE 20052026 | TARGET 104317 | REPORTPOINT RPUNKNOWN | LETYPE LEUNKNOWN | STATUSCODE AUTOMATIONENABLED | USERDATA null | RAWMESSAGE UST1LVS111720020052026104314????????01???????001
2026-05-20 10:43:17.832 INFO  o.c.TcpClientConfig$$SpringCGLIB$$0 - <tcpclient><recv> LVS1UST1AA720020052026104314????????01???????001
2026-05-20 10:45:55.525 INFO  o.c.ApplicationCloseListener - <tcpserver><info> ApplicationContextClosedEvent detected
2026-05-20 10:45:55.528 INFO  org.code_studio.BarcodeConfig - <tcpserver><info> Barcode communication - COM port closed: COM3
2026-05-20 10:45:55.529 INFO  o.c.ApplicationCloseListener - <tcpserver><info> Waiting for 3000 msec to receive DAYEND confirmation from CRANE, and then close the TCP connection.
2026-05-20 10:45:58.574 INFO  o.c.TcpServerConfig$$SpringCGLIB$$0 - <tcpclient><info> Connection closed: 127.0.0.1:18196:54110:3d28fa42-87c4-42bd-a542-518e77f43ac5
2026-05-20 10:45:58.578 INFO  o.c.TcpServerConfig$$SpringCGLIB$$0 - <tcpserver><info> Connection closed: 127.0.0.1:54110:18196:170af877-45f8-42c4-8be4-fb2e349aed92
2026-05-20 10:46:11.950 INFO  o.code_studio.ComPortSchedulerTask - <tcpserver><info> Trying to open COM port for Barcode communication
2026-05-20 10:46:12.111 INFO  o.c.WebSocketServerConfig$$SpringCGLIB$$0 - <wsserver><info> Created WS channel: /app/topic
2026-05-20 10:46:12.313 INFO  o.c.TcpServerConfig$$SpringCGLIB$$0 - <tcpserver><info> TCP server started on port: 18196
2026-05-20 10:46:12.320 INFO  o.c.TcpClientConfig$$SpringCGLIB$$0 - <tcpclient><info> TCP client has been created for server: localhost:18196
2026-05-20 10:46:12.418 INFO  o.c.WebSocketServerConfig$$SpringCGLIB$$0 - <wsserver><info> Created WS server on endpoint: /ws
2026-05-20 10:46:12.675 INFO  o.code_studio.ComPortSchedulerTask - <tcpserver><info> Barcode communication enabled. COM port open: COM3
2026-05-20 10:46:13.674 INFO  o.c.TcpServerConfig$$SpringCGLIB$$0 - <tcpserver><info> Connection established: 127.0.0.1:54225:18196:548f2973-9c27-4144-a94b-47e351d9df85
2026-05-20 10:46:13.676 INFO  o.c.TcpServerConfig$$SpringCGLIB$$0 - <tcpclient><info> Connection established: 127.0.0.1:18196:54225:d773c024-344b-4c8c-bdb2-ffa36603af92
2026-05-20 10:46:13.680 INFO  o.c.CraneClientConnectedListener - <tcpsvr><info> CraneClientConnectedEvent detected
2026-05-20 10:46:13.724 WARN  o.c.ApplicationReadyListener - <tcpsvr><info> Message Flow Automation Debug is ENABLED
2026-05-20 10:46:13.769 INFO  o.c.controller.TcpMessageController - <tcpclient><send> LVS1UST1DA730020052026104613????????01???????001
2026-05-20 10:46:13.795 INFO  o.c.CraneClientConnectedListener - <tcpclient><send> DAYSTART message sent to Crane server
2026-05-20 10:46:13.823 INFO  o.c.TcpServerConfig$$SpringCGLIB$$0 - <tcpserver><recv> LVS1UST1DA730020052026104613????????01???????001
2026-05-20 10:46:13.847 WARN  o.c.m.IncomingMessageProcessor - MessageProcessor::handleError->StatusCode.STATUSUNKNOWN
2026-05-20 10:46:13.851 INFO  o.c.m.IncomingMessageProcessor - SENDER LVS1 | RECEIVER UST1 | MESSAGETYPE DAYSTART | ORDINAL 73 | ERRORCODE OK | SOURCE 20052026 | TARGET 104613 | REPORTPOINT RPUNKNOWN | LETYPE LEUNKNOWN | STATUSCODE AUTOMATIONENABLED | USERDATA null | RAWMESSAGE LVS1UST1DA730020052026104613????????01???????001
2026-05-20 10:46:16.871 INFO  o.c.controller.TcpMessageController - <tcpclient><send> UST1LVS111740020052026104613????????01???????001
2026-05-20 10:46:16.875 INFO  o.c.TcpClientConfig$$SpringCGLIB$$0 - <tcpclient><recv> LVS1UST1DA730020052026104613????????01???????001
2026-05-20 10:46:16.876 INFO  o.c.TcpServerConfig$$SpringCGLIB$$0 - <tcpserver><recv> UST1LVS111740020052026104613????????01???????001
2026-05-20 10:46:16.877 WARN  o.c.m.IncomingMessageProcessor - MessageProcessor::handleError->StatusCode.STATUSUNKNOWN
2026-05-20 10:46:16.877 INFO  o.c.m.IncomingMessageProcessor - SENDER UST1 | RECEIVER LVS1 | MESSAGETYPE DAYSTART | ORDINAL 74 | ERRORCODE OK | SOURCE 20052026 | TARGET 104616 | REPORTPOINT RPUNKNOWN | LETYPE LEUNKNOWN | STATUSCODE AUTOMATIONENABLED | USERDATA null | RAWMESSAGE UST1LVS111740020052026104613????????01???????001
2026-05-20 10:46:16.879 INFO  o.c.TcpClientConfig$$SpringCGLIB$$0 - <tcpclient><recv> LVS1UST1AA740020052026104613????????01???????001
2026-05-20 10:50:05.700 INFO  o.c.ApplicationCloseListener - <tcpserver><info> ApplicationContextClosedEvent detected
2026-05-20 10:50:05.721 INFO  org.code_studio.BarcodeConfig - <tcpserver><info> Barcode communication - COM port closed: COM3
2026-05-20 10:50:05.723 INFO  o.c.ApplicationCloseListener - <tcpserver><info> Waiting for 3000 msec to receive DAYEND confirmation from CRANE, and then close the TCP connection.
2026-05-20 10:50:12.272 INFO  o.c.TcpServerConfig$$SpringCGLIB$$0 - <tcpclient><info> Connection closed: 127.0.0.1:18196:54225:d773c024-344b-4c8c-bdb2-ffa36603af92
2026-05-20 10:50:12.279 INFO  o.c.TcpServerConfig$$SpringCGLIB$$0 - <tcpserver><info> Connection closed: 127.0.0.1:54225:18196:548f2973-9c27-4144-a94b-47e351d9df85
2026-05-20 10:50:27.838 INFO  o.code_studio.ComPortSchedulerTask - <tcpserver><info> Trying to open COM port for Barcode communication
2026-05-20 10:50:28.239 INFO  o.c.WebSocketServerConfig$$SpringCGLIB$$0 - <wsserver><info> Created WS channel: /app/topic
2026-05-20 10:50:28.500 INFO  o.c.TcpServerConfig$$SpringCGLIB$$0 - <tcpserver><info> TCP server started on port: 18196
2026-05-20 10:50:28.506 INFO  o.c.TcpClientConfig$$SpringCGLIB$$0 - <tcpclient><info> TCP client has been created for server: localhost:18196
2026-05-20 10:50:28.618 INFO  o.c.WebSocketServerConfig$$SpringCGLIB$$0 - <wsserver><info> Created WS server on endpoint: /ws
2026-05-20 10:50:28.944 INFO  o.code_studio.ComPortSchedulerTask - <tcpserver><info> Barcode communication enabled. COM port open: COM3
2026-05-20 10:50:30.325 INFO  o.c.TcpServerConfig$$SpringCGLIB$$0 - <tcpserver><info> Connection established: 127.0.0.1:54450:18196:2a14577a-917f-41ec-910f-7993b6ff5b67
2026-05-20 10:50:30.335 INFO  o.c.CraneClientConnectedListener - <tcpsvr><info> CraneClientConnectedEvent detected
2026-05-20 10:50:30.336 INFO  o.c.TcpServerConfig$$SpringCGLIB$$0 - <tcpclient><info> Connection established: 127.0.0.1:18196:54450:36e99887-6bf9-487e-a34d-43567fd38495
2026-05-20 10:50:30.394 WARN  o.c.ApplicationReadyListener - <tcpsvr><info> Message Flow Automation Debug is ENABLED
2026-05-20 10:50:30.476 INFO  o.c.controller.TcpMessageController - <tcpclient><send> LVS1UST1DA750020052026105030????????01???????001
2026-05-20 10:50:30.490 INFO  o.c.CraneClientConnectedListener - <tcpclient><send> DAYSTART message sent to Crane server
2026-05-20 10:50:30.519 INFO  o.c.TcpServerConfig$$SpringCGLIB$$0 - <tcpserver><recv> LVS1UST1DA750020052026105030????????01???????001
2026-05-20 10:50:30.545 WARN  o.c.m.IncomingMessageProcessor - MessageProcessor::handleError->StatusCode.STATUSUNKNOWN
2026-05-20 10:50:30.551 INFO  o.c.m.IncomingMessageProcessor - SENDER LVS1 | RECEIVER UST1 | MESSAGETYPE DAYSTART | ORDINAL 75 | ERRORCODE OK | SOURCE 20052026 | TARGET 105030 | REPORTPOINT RPUNKNOWN | LETYPE LEUNKNOWN | STATUSCODE AUTOMATIONENABLED | USERDATA null | RAWMESSAGE LVS1UST1DA750020052026105030????????01???????001
2026-05-20 10:50:33.806 INFO  o.c.controller.TcpMessageController - <tcpclient><send> UST1LVS111760020052026105030????????01???????001
2026-05-20 10:50:33.809 INFO  o.c.TcpClientConfig$$SpringCGLIB$$0 - <tcpclient><recv> LVS1UST1DA750020052026105030????????01???????001
2026-05-20 10:50:33.809 INFO  o.c.TcpServerConfig$$SpringCGLIB$$0 - <tcpserver><recv> UST1LVS111760020052026105030????????01???????001
2026-05-20 10:50:34.023 WARN  o.c.m.IncomingMessageProcessor - MessageProcessor::handleError->StatusCode.STATUSUNKNOWN
2026-05-20 10:50:34.024 INFO  o.c.m.IncomingMessageProcessor - SENDER UST1 | RECEIVER LVS1 | MESSAGETYPE DAYSTART | ORDINAL 76 | ERRORCODE OK | SOURCE 20052026 | TARGET 105034 | REPORTPOINT RPUNKNOWN | LETYPE LEUNKNOWN | STATUSCODE AUTOMATIONENABLED | USERDATA null | RAWMESSAGE UST1LVS111760020052026105030????????01???????001
2026-05-20 10:50:34.026 INFO  o.c.TcpClientConfig$$SpringCGLIB$$0 - <tcpclient><recv> LVS1UST1AA760020052026105030????????01???????001
2026-05-20 10:53:08.415 INFO  o.c.ApplicationCloseListener - <tcpserver><info> ApplicationContextClosedEvent detected
2026-05-20 10:53:08.418 INFO  org.code_studio.BarcodeConfig - <tcpserver><info> Barcode communication - COM port closed: COM3
2026-05-20 10:53:08.419 INFO  o.c.ApplicationCloseListener - <tcpserver><info> Waiting for 3000 msec to receive DAYEND confirmation from CRANE, and then close the TCP connection.
2026-05-20 10:53:11.456 INFO  o.c.TcpServerConfig$$SpringCGLIB$$0 - <tcpclient><info> Connection closed: 127.0.0.1:18196:54450:36e99887-6bf9-487e-a34d-43567fd38495
2026-05-20 10:53:11.460 INFO  o.c.TcpServerConfig$$SpringCGLIB$$0 - <tcpserver><info> Connection closed: 127.0.0.1:54450:18196:2a14577a-917f-41ec-910f-7993b6ff5b67
2026-05-20 10:54:23.629 INFO  o.code_studio.ComPortSchedulerTask - <tcpserver><info> Trying to open COM port for Barcode communication
2026-05-20 10:54:23.809 INFO  o.c.WebSocketServerConfig$$SpringCGLIB$$0 - <wsserver><info> Created WS channel: /app/topic
2026-05-20 10:54:24.002 INFO  o.c.TcpServerConfig$$SpringCGLIB$$0 - <tcpserver><info> TCP server started on port: 18196
2026-05-20 10:54:24.013 INFO  o.c.TcpClientConfig$$SpringCGLIB$$0 - <tcpclient><info> TCP client has been created for server: localhost:18196
2026-05-20 10:54:24.122 INFO  o.c.WebSocketServerConfig$$SpringCGLIB$$0 - <wsserver><info> Created WS server on endpoint: /ws
2026-05-20 10:54:25.317 INFO  o.code_studio.ComPortSchedulerTask - <tcpserver><info> Barcode communication enabled. COM port open: COM3
2026-05-20 10:54:25.614 INFO  o.c.TcpServerConfig$$SpringCGLIB$$0 - <tcpserver><info> Connection established: 127.0.0.1:54579:18196:73939bf3-49a3-421b-b34f-966c45477523
2026-05-20 10:54:25.619 INFO  o.c.CraneClientConnectedListener - <tcpsvr><info> CraneClientConnectedEvent detected
2026-05-20 10:54:25.621 INFO  o.c.TcpServerConfig$$SpringCGLIB$$0 - <tcpclient><info> Connection established: 127.0.0.1:18196:54579:ea5b2f71-b2ad-4a3e-93e8-4c5ebf4158ca
2026-05-20 10:54:25.661 WARN  o.c.ApplicationReadyListener - <tcpsvr><info> Message Flow Automation Debug is ENABLED
2026-05-20 10:54:25.687 INFO  o.c.controller.TcpMessageController - <tcpclient><send> LVS1UST1DA770020052026105425????????01???????001
2026-05-20 10:54:25.702 INFO  o.c.CraneClientConnectedListener - <tcpclient><send> DAYSTART message sent to Crane server
2026-05-20 10:54:25.725 INFO  o.c.TcpServerConfig$$SpringCGLIB$$0 - <tcpserver><recv> LVS1UST1DA770020052026105425????????01???????001
2026-05-20 10:54:25.751 WARN  o.c.m.IncomingMessageProcessor - MessageProcessor::handleError->StatusCode.STATUSUNKNOWN
2026-05-20 10:54:25.756 INFO  o.c.m.IncomingMessageProcessor - SENDER LVS1 | RECEIVER UST1 | MESSAGETYPE DAYSTART | ORDINAL 77 | ERRORCODE OK | SOURCE 20052026 | TARGET 105425 | REPORTPOINT RPUNKNOWN | LETYPE LEUNKNOWN | STATUSCODE AUTOMATIONENABLED | USERDATA null | RAWMESSAGE LVS1UST1DA770020052026105425????????01???????001
2026-05-20 10:54:28.779 INFO  o.c.controller.TcpMessageController - <tcpclient><send> UST1LVS111780020052026105425????????01???????001
2026-05-20 10:54:28.783 INFO  o.c.TcpClientConfig$$SpringCGLIB$$0 - <tcpclient><recv> LVS1UST1DA770020052026105425????????01???????001
2026-05-20 10:54:28.785 INFO  o.c.TcpServerConfig$$SpringCGLIB$$0 - <tcpserver><recv> UST1LVS111780020052026105425????????01???????001
2026-05-20 10:54:28.791 WARN  o.c.m.IncomingMessageProcessor - MessageProcessor::handleError->StatusCode.STATUSUNKNOWN
2026-05-20 10:54:28.791 INFO  o.c.m.IncomingMessageProcessor - SENDER UST1 | RECEIVER LVS1 | MESSAGETYPE DAYSTART | ORDINAL 78 | ERRORCODE OK | SOURCE 20052026 | TARGET 105428 | REPORTPOINT RPUNKNOWN | LETYPE LEUNKNOWN | STATUSCODE AUTOMATIONENABLED | USERDATA null | RAWMESSAGE UST1LVS111780020052026105425????????01???????001
2026-05-20 10:54:28.793 INFO  o.c.TcpClientConfig$$SpringCGLIB$$0 - <tcpclient><recv> LVS1UST1AA780020052026105425????????01???????001
2026-05-20 10:59:03.408 INFO  o.c.ApplicationCloseListener - <tcpserver><info> ApplicationContextClosedEvent detected
2026-05-20 10:59:03.430 INFO  org.code_studio.BarcodeConfig - <tcpserver><info> Barcode communication - COM port closed: COM3
2026-05-20 10:59:03.431 INFO  o.c.ApplicationCloseListener - <tcpserver><info> Waiting for 3000 msec to receive DAYEND confirmation from CRANE, and then close the TCP connection.
2026-05-20 10:59:06.514 INFO  o.c.TcpServerConfig$$SpringCGLIB$$0 - <tcpclient><info> Connection closed: 127.0.0.1:18196:54579:ea5b2f71-b2ad-4a3e-93e8-4c5ebf4158ca
2026-05-20 10:59:06.539 INFO  o.c.TcpServerConfig$$SpringCGLIB$$0 - <tcpserver><info> Connection closed: 127.0.0.1:54579:18196:73939bf3-49a3-421b-b34f-966c45477523
2026-05-20 10:59:28.574 INFO  o.code_studio.ComPortSchedulerTask - <tcpserver><info> Trying to open COM port for Barcode communication
2026-05-20 10:59:28.889 INFO  o.c.WebSocketServerConfig$$SpringCGLIB$$0 - <wsserver><info> Created WS channel: /app/topic
2026-05-20 10:59:29.266 INFO  o.c.TcpServerConfig$$SpringCGLIB$$0 - <tcpserver><info> TCP server started on port: 18196
2026-05-20 10:59:29.278 INFO  o.c.TcpClientConfig$$SpringCGLIB$$0 - <tcpclient><info> TCP client has been created for server: localhost:18196
2026-05-20 10:59:29.397 INFO  o.c.WebSocketServerConfig$$SpringCGLIB$$0 - <wsserver><info> Created WS server on endpoint: /ws
2026-05-20 10:59:30.081 INFO  o.code_studio.ComPortSchedulerTask - <tcpserver><info> Barcode communication enabled. COM port open: COM3
2026-05-20 10:59:30.916 INFO  o.c.TcpServerConfig$$SpringCGLIB$$0 - <tcpserver><info> Connection established: 127.0.0.1:54802:18196:9fe5771d-4be7-4594-b0b0-ef7680e5e397
2026-05-20 10:59:30.916 INFO  o.c.TcpServerConfig$$SpringCGLIB$$0 - <tcpclient><info> Connection established: 127.0.0.1:18196:54802:af9f6e53-cd66-4e11-8e54-b50de31ea6d7
2026-05-20 10:59:30.917 INFO  o.c.CraneClientConnectedListener - <tcpsvr><info> CraneClientConnectedEvent detected
2026-05-20 10:59:30.967 WARN  o.c.ApplicationReadyListener - <tcpsvr><info> Message Flow Automation Debug is ENABLED
2026-05-20 10:59:30.990 INFO  o.c.controller.TcpMessageController - <tcpclient><send> LVS1UST1DA790020052026105930????????01???????001
2026-05-20 10:59:31.003 INFO  o.c.CraneClientConnectedListener - <tcpclient><send> DAYSTART message sent to Crane server
2026-05-20 10:59:31.028 INFO  o.c.TcpServerConfig$$SpringCGLIB$$0 - <tcpserver><recv> LVS1UST1DA790020052026105930????????01???????001
2026-05-20 10:59:31.063 WARN  o.c.m.IncomingMessageProcessor - MessageProcessor::handleError->StatusCode.STATUSUNKNOWN
2026-05-20 10:59:31.068 INFO  o.c.m.IncomingMessageProcessor - SENDER LVS1 | RECEIVER UST1 | MESSAGETYPE DAYSTART | ORDINAL 79 | ERRORCODE OK | SOURCE 20052026 | TARGET 105931 | REPORTPOINT RPUNKNOWN | LETYPE LEUNKNOWN | STATUSCODE AUTOMATIONENABLED | USERDATA null | RAWMESSAGE LVS1UST1DA790020052026105930????????01???????001
2026-05-20 10:59:34.090 INFO  o.c.controller.TcpMessageController - <tcpclient><send> UST1LVS111800020052026105931????????01???????001
2026-05-20 10:59:34.095 INFO  o.c.TcpClientConfig$$SpringCGLIB$$0 - <tcpclient><recv> LVS1UST1DA790020052026105930????????01???????001
2026-05-20 10:59:34.097 INFO  o.c.TcpServerConfig$$SpringCGLIB$$0 - <tcpserver><recv> UST1LVS111800020052026105931????????01???????001
2026-05-20 10:59:34.098 WARN  o.c.m.IncomingMessageProcessor - MessageProcessor::handleError->StatusCode.STATUSUNKNOWN
2026-05-20 10:59:34.099 INFO  o.c.m.IncomingMessageProcessor - SENDER UST1 | RECEIVER LVS1 | MESSAGETYPE DAYSTART | ORDINAL 80 | ERRORCODE OK | SOURCE 20052026 | TARGET 105934 | REPORTPOINT RPUNKNOWN | LETYPE LEUNKNOWN | STATUSCODE AUTOMATIONENABLED | USERDATA null | RAWMESSAGE UST1LVS111800020052026105931????????01???????001
2026-05-20 10:59:34.101 INFO  o.c.TcpClientConfig$$SpringCGLIB$$0 - <tcpclient><recv> LVS1UST1AA800020052026105931????????01???????001
2026-05-20 11:01:43.342 INFO  o.c.ApplicationCloseListener - <tcpserver><info> ApplicationContextClosedEvent detected
2026-05-20 11:01:43.557 INFO  org.code_studio.BarcodeConfig - <tcpserver><info> Barcode communication - COM port closed: COM3
2026-05-20 11:01:43.558 INFO  o.c.ApplicationCloseListener - <tcpserver><info> Waiting for 3000 msec to receive DAYEND confirmation from CRANE, and then close the TCP connection.
2026-05-20 11:01:46.667 INFO  o.c.TcpServerConfig$$SpringCGLIB$$0 - <tcpclient><info> Connection closed: 127.0.0.1:18196:54802:af9f6e53-cd66-4e11-8e54-b50de31ea6d7
2026-05-20 11:01:46.675 INFO  o.c.TcpServerConfig$$SpringCGLIB$$0 - <tcpserver><info> Connection closed: 127.0.0.1:54802:18196:9fe5771d-4be7-4594-b0b0-ef7680e5e397
2026-05-20 11:02:01.114 INFO  o.code_studio.ComPortSchedulerTask - <tcpserver><info> Trying to open COM port for Barcode communication
2026-05-20 11:02:01.285 INFO  o.c.WebSocketServerConfig$$SpringCGLIB$$0 - <wsserver><info> Created WS channel: /app/topic
2026-05-20 11:02:01.552 INFO  o.c.TcpServerConfig$$SpringCGLIB$$0 - <tcpserver><info> TCP server started on port: 18196
2026-05-20 11:02:01.563 INFO  o.c.TcpClientConfig$$SpringCGLIB$$0 - <tcpclient><info> TCP client has been created for server: localhost:18196
2026-05-20 11:02:01.730 INFO  o.c.WebSocketServerConfig$$SpringCGLIB$$0 - <wsserver><info> Created WS server on endpoint: /ws
2026-05-20 11:02:02.470 INFO  o.code_studio.ComPortSchedulerTask - <tcpserver><info> Barcode communication enabled. COM port open: COM3
2026-05-20 11:02:03.316 INFO  o.c.TcpServerConfig$$SpringCGLIB$$0 - <tcpserver><info> Connection established: 127.0.0.1:54955:18196:cb411123-f660-4c3b-8ed4-549b61b82c54
2026-05-20 11:02:03.320 INFO  o.c.CraneClientConnectedListener - <tcpsvr><info> CraneClientConnectedEvent detected
2026-05-20 11:02:03.324 INFO  o.c.TcpServerConfig$$SpringCGLIB$$0 - <tcpclient><info> Connection established: 127.0.0.1:18196:54955:e4b48af8-ad13-4056-8085-9b6864af680e
2026-05-20 11:02:03.382 WARN  o.c.ApplicationReadyListener - <tcpsvr><info> Message Flow Automation Debug is ENABLED
2026-05-20 11:02:03.410 INFO  o.c.controller.TcpMessageController - <tcpclient><send> LVS1UST1DA810020052026110203????????01???????001
2026-05-20 11:02:03.426 INFO  o.c.CraneClientConnectedListener - <tcpclient><send> DAYSTART message sent to Crane server
2026-05-20 11:02:03.449 INFO  o.c.TcpServerConfig$$SpringCGLIB$$0 - <tcpserver><recv> LVS1UST1DA810020052026110203????????01???????001
2026-05-20 11:02:03.482 WARN  o.c.m.IncomingMessageProcessor - MessageProcessor::handleError->StatusCode.STATUSUNKNOWN
2026-05-20 11:02:03.491 INFO  o.c.m.IncomingMessageProcessor - SENDER LVS1 | RECEIVER UST1 | MESSAGETYPE DAYSTART | ORDINAL 81 | ERRORCODE OK | SOURCE 20052026 | TARGET 110203 | REPORTPOINT RPUNKNOWN | LETYPE LEUNKNOWN | STATUSCODE AUTOMATIONENABLED | USERDATA null | RAWMESSAGE LVS1UST1DA810020052026110203????????01???????001
2026-05-20 11:02:06.522 INFO  o.c.controller.TcpMessageController - <tcpclient><send> UST1LVS111820020052026110203????????01???????001
2026-05-20 11:02:06.528 INFO  o.c.TcpClientConfig$$SpringCGLIB$$0 - <tcpclient><recv> LVS1UST1DA810020052026110203????????01???????001
2026-05-20 11:02:06.535 INFO  o.c.TcpServerConfig$$SpringCGLIB$$0 - <tcpserver><recv> UST1LVS111820020052026110203????????01???????001
2026-05-20 11:02:06.539 WARN  o.c.m.IncomingMessageProcessor - MessageProcessor::handleError->StatusCode.STATUSUNKNOWN
2026-05-20 11:02:06.540 INFO  o.c.m.IncomingMessageProcessor - SENDER UST1 | RECEIVER LVS1 | MESSAGETYPE DAYSTART | ORDINAL 82 | ERRORCODE OK | SOURCE 20052026 | TARGET 110206 | REPORTPOINT RPUNKNOWN | LETYPE LEUNKNOWN | STATUSCODE AUTOMATIONENABLED | USERDATA null | RAWMESSAGE UST1LVS111820020052026110203????????01???????001
2026-05-20 11:02:06.542 INFO  o.c.TcpClientConfig$$SpringCGLIB$$0 - <tcpclient><recv> LVS1UST1AA820020052026110203????????01???????001
2026-05-20 11:02:46.589 INFO  o.c.ApplicationCloseListener - <tcpserver><info> ApplicationContextClosedEvent detected
2026-05-20 11:02:46.591 INFO  org.code_studio.BarcodeConfig - <tcpserver><info> Barcode communication - COM port closed: COM3
2026-05-20 11:02:46.592 INFO  o.c.ApplicationCloseListener - <tcpserver><info> Waiting for 3000 msec to receive DAYEND confirmation from CRANE, and then close the TCP connection.
2026-05-20 11:02:49.602 INFO  o.c.TcpServerConfig$$SpringCGLIB$$0 - <tcpclient><info> Connection closed: 127.0.0.1:18196:54955:e4b48af8-ad13-4056-8085-9b6864af680e
2026-05-20 11:02:49.614 INFO  o.c.TcpServerConfig$$SpringCGLIB$$0 - <tcpserver><info> Connection closed: 127.0.0.1:54955:18196:cb411123-f660-4c3b-8ed4-549b61b82c54
2026-05-20 11:03:43.416 INFO  o.code_studio.ComPortSchedulerTask - <tcpserver><info> Trying to open COM port for Barcode communication
2026-05-20 11:03:43.637 INFO  o.c.WebSocketServerConfig$$SpringCGLIB$$0 - <wsserver><info> Created WS channel: /app/topic
2026-05-20 11:03:43.839 INFO  o.c.TcpServerConfig$$SpringCGLIB$$0 - <tcpserver><info> TCP server started on port: 18196
2026-05-20 11:03:43.850 INFO  o.c.TcpClientConfig$$SpringCGLIB$$0 - <tcpclient><info> TCP client has been created for server: localhost:18196
2026-05-20 11:03:43.958 INFO  o.c.WebSocketServerConfig$$SpringCGLIB$$0 - <wsserver><info> Created WS server on endpoint: /ws
2026-05-20 11:03:44.848 INFO  o.code_studio.ComPortSchedulerTask - <tcpserver><info> Barcode communication enabled. COM port open: COM3
2026-05-20 11:03:45.472 INFO  o.c.TcpServerConfig$$SpringCGLIB$$0 - <tcpclient><info> Connection established: 127.0.0.1:18196:55043:80558b31-3c38-4224-b36e-2280cfc12aee
2026-05-20 11:03:45.472 INFO  o.c.TcpServerConfig$$SpringCGLIB$$0 - <tcpserver><info> Connection established: 127.0.0.1:55043:18196:bb935cd1-406a-4eeb-8a44-b4314cee1258
2026-05-20 11:03:45.474 INFO  o.c.CraneClientConnectedListener - <tcpsvr><info> CraneClientConnectedEvent detected
2026-05-20 11:03:45.531 WARN  o.c.ApplicationReadyListener - <tcpsvr><info> Message Flow Automation Debug is ENABLED
2026-05-20 11:03:45.532 INFO  o.c.controller.TcpMessageController - <tcpclient><send> LVS1UST1DA830020052026110345????????01???????001
2026-05-20 11:03:45.545 INFO  o.c.CraneClientConnectedListener - <tcpclient><send> DAYSTART message sent to Crane server
2026-05-20 11:03:45.567 INFO  o.c.TcpServerConfig$$SpringCGLIB$$0 - <tcpserver><recv> LVS1UST1DA830020052026110345????????01???????001
2026-05-20 11:03:45.649 WARN  o.c.m.IncomingMessageProcessor - MessageProcessor::handleError->StatusCode.STATUSUNKNOWN
2026-05-20 11:03:45.654 INFO  o.c.m.IncomingMessageProcessor - SENDER LVS1 | RECEIVER UST1 | MESSAGETYPE DAYSTART | ORDINAL 83 | ERRORCODE OK | SOURCE 20052026 | TARGET 110345 | REPORTPOINT RPUNKNOWN | LETYPE LEUNKNOWN | STATUSCODE AUTOMATIONENABLED | USERDATA null | RAWMESSAGE LVS1UST1DA830020052026110345????????01???????001
2026-05-20 11:03:48.677 INFO  o.c.controller.TcpMessageController - <tcpclient><send> UST1LVS111840020052026110345????????01???????001
2026-05-20 11:03:48.679 INFO  o.c.TcpClientConfig$$SpringCGLIB$$0 - <tcpclient><recv> LVS1UST1DA830020052026110345????????01???????001
2026-05-20 11:03:48.681 INFO  o.c.TcpServerConfig$$SpringCGLIB$$0 - <tcpserver><recv> UST1LVS111840020052026110345????????01???????001
2026-05-20 11:03:48.684 WARN  o.c.m.IncomingMessageProcessor - MessageProcessor::handleError->StatusCode.STATUSUNKNOWN
2026-05-20 11:03:48.685 INFO  o.c.m.IncomingMessageProcessor - SENDER UST1 | RECEIVER LVS1 | MESSAGETYPE DAYSTART | ORDINAL 84 | ERRORCODE OK | SOURCE 20052026 | TARGET 110348 | REPORTPOINT RPUNKNOWN | LETYPE LEUNKNOWN | STATUSCODE AUTOMATIONENABLED | USERDATA null | RAWMESSAGE UST1LVS111840020052026110345????????01???????001
2026-05-20 11:03:48.687 INFO  o.c.TcpClientConfig$$SpringCGLIB$$0 - <tcpclient><recv> LVS1UST1AA840020052026110345????????01???????001
2026-05-20 11:06:42.496 INFO  o.c.ApplicationCloseListener - <tcpserver><info> ApplicationContextClosedEvent detected
2026-05-20 11:06:42.510 INFO  org.code_studio.BarcodeConfig - <tcpserver><info> Barcode communication - COM port closed: COM3
2026-05-20 11:06:42.511 INFO  o.c.ApplicationCloseListener - <tcpserver><info> Waiting for 3000 msec to receive DAYEND confirmation from CRANE, and then close the TCP connection.
2026-05-20 11:06:45.553 INFO  o.c.TcpServerConfig$$SpringCGLIB$$0 - <tcpclient><info> Connection closed: 127.0.0.1:18196:55043:80558b31-3c38-4224-b36e-2280cfc12aee
2026-05-20 11:06:45.560 INFO  o.c.TcpServerConfig$$SpringCGLIB$$0 - <tcpserver><info> Connection closed: 127.0.0.1:55043:18196:bb935cd1-406a-4eeb-8a44-b4314cee1258
2026-05-20 11:07:03.871 INFO  o.code_studio.ComPortSchedulerTask - <tcpserver><info> Trying to open COM port for Barcode communication
2026-05-20 11:07:04.029 INFO  o.c.WebSocketServerConfig$$SpringCGLIB$$0 - <wsserver><info> Created WS channel: /app/topic
2026-05-20 11:07:04.275 INFO  o.c.TcpServerConfig$$SpringCGLIB$$0 - <tcpserver><info> TCP server started on port: 18196
2026-05-20 11:07:04.285 INFO  o.c.TcpClientConfig$$SpringCGLIB$$0 - <tcpclient><info> TCP client has been created for server: localhost:18196
2026-05-20 11:07:04.403 INFO  o.c.WebSocketServerConfig$$SpringCGLIB$$0 - <wsserver><info> Created WS server on endpoint: /ws
2026-05-20 11:07:04.534 INFO  o.code_studio.ComPortSchedulerTask - <tcpserver><info> Barcode communication enabled. COM port open: COM3
2026-05-20 11:07:05.857 INFO  o.c.TcpServerConfig$$SpringCGLIB$$0 - <tcpserver><info> Connection established: 127.0.0.1:55411:18196:00e67aa6-b617-456e-98ad-f9344976421e
2026-05-20 11:07:05.860 INFO  o.c.CraneClientConnectedListener - <tcpsvr><info> CraneClientConnectedEvent detected
2026-05-20 11:07:05.869 INFO  o.c.TcpServerConfig$$SpringCGLIB$$0 - <tcpclient><info> Connection established: 127.0.0.1:18196:55411:c40d6967-e2dc-43f3-9016-2a046037490c
2026-05-20 11:07:05.915 WARN  o.c.ApplicationReadyListener - <tcpsvr><info> Message Flow Automation Debug is ENABLED
2026-05-20 11:07:05.949 INFO  o.c.controller.TcpMessageController - <tcpclient><send> LVS1UST1DA850020052026110705????????01???????001
2026-05-20 11:07:05.964 INFO  o.c.CraneClientConnectedListener - <tcpclient><send> DAYSTART message sent to Crane server
2026-05-20 11:07:05.990 INFO  o.c.TcpServerConfig$$SpringCGLIB$$0 - <tcpserver><recv> LVS1UST1DA850020052026110705????????01???????001
2026-05-20 11:07:06.019 WARN  o.c.m.IncomingMessageProcessor - MessageProcessor::handleError->StatusCode.STATUSUNKNOWN
2026-05-20 11:07:06.026 INFO  o.c.m.IncomingMessageProcessor - SENDER LVS1 | RECEIVER UST1 | MESSAGETYPE DAYSTART | ORDINAL 85 | ERRORCODE OK | SOURCE 20052026 | TARGET 110706 | REPORTPOINT RPUNKNOWN | LETYPE LEUNKNOWN | STATUSCODE AUTOMATIONENABLED | USERDATA null | RAWMESSAGE LVS1UST1DA850020052026110705????????01???????001
2026-05-20 11:07:09.047 INFO  o.c.controller.TcpMessageController - <tcpclient><send> UST1LVS111860020052026110706????????01???????001
2026-05-20 11:07:09.050 INFO  o.c.TcpClientConfig$$SpringCGLIB$$0 - <tcpclient><recv> LVS1UST1DA850020052026110705????????01???????001
2026-05-20 11:07:09.051 INFO  o.c.TcpServerConfig$$SpringCGLIB$$0 - <tcpserver><recv> UST1LVS111860020052026110706????????01???????001
2026-05-20 11:07:09.053 WARN  o.c.m.IncomingMessageProcessor - MessageProcessor::handleError->StatusCode.STATUSUNKNOWN
2026-05-20 11:07:09.053 INFO  o.c.m.IncomingMessageProcessor - SENDER UST1 | RECEIVER LVS1 | MESSAGETYPE DAYSTART | ORDINAL 86 | ERRORCODE OK | SOURCE 20052026 | TARGET 110709 | REPORTPOINT RPUNKNOWN | LETYPE LEUNKNOWN | STATUSCODE AUTOMATIONENABLED | USERDATA null | RAWMESSAGE UST1LVS111860020052026110706????????01???????001
2026-05-20 11:07:09.054 INFO  o.c.TcpClientConfig$$SpringCGLIB$$0 - <tcpclient><recv> LVS1UST1AA860020052026110706????????01???????001
2026-05-20 11:08:16.456 INFO  o.c.ApplicationCloseListener - <tcpserver><info> ApplicationContextClosedEvent detected
2026-05-20 11:08:16.458 INFO  org.code_studio.BarcodeConfig - <tcpserver><info> Barcode communication - COM port closed: COM3
2026-05-20 11:08:16.458 INFO  o.c.ApplicationCloseListener - <tcpserver><info> Waiting for 3000 msec to receive DAYEND confirmation from CRANE, and then close the TCP connection.
2026-05-20 11:08:19.471 INFO  o.c.TcpServerConfig$$SpringCGLIB$$0 - <tcpclient><info> Connection closed: 127.0.0.1:18196:55411:c40d6967-e2dc-43f3-9016-2a046037490c
2026-05-20 11:08:19.474 INFO  o.c.TcpServerConfig$$SpringCGLIB$$0 - <tcpserver><info> Connection closed: 127.0.0.1:55411:18196:00e67aa6-b617-456e-98ad-f9344976421e
2026-05-20 11:08:35.529 INFO  o.code_studio.ComPortSchedulerTask - <tcpserver><info> Trying to open COM port for Barcode communication
2026-05-20 11:08:35.733 INFO  o.c.WebSocketServerConfig$$SpringCGLIB$$0 - <wsserver><info> Created WS channel: /app/topic
2026-05-20 11:08:35.994 INFO  o.c.TcpServerConfig$$SpringCGLIB$$0 - <tcpserver><info> TCP server started on port: 18196
2026-05-20 11:08:36.005 INFO  o.c.TcpClientConfig$$SpringCGLIB$$0 - <tcpclient><info> TCP client has been created for server: localhost:18196
2026-05-20 11:08:36.136 INFO  o.c.WebSocketServerConfig$$SpringCGLIB$$0 - <wsserver><info> Created WS server on endpoint: /ws
2026-05-20 11:08:36.723 INFO  o.code_studio.ComPortSchedulerTask - <tcpserver><info> Barcode communication enabled. COM port open: COM3
2026-05-20 11:08:37.620 INFO  o.c.TcpServerConfig$$SpringCGLIB$$0 - <tcpserver><info> Connection established: 127.0.0.1:55505:18196:1cc04883-e196-45a5-974a-917dd809b350
2026-05-20 11:08:37.627 INFO  o.c.CraneClientConnectedListener - <tcpsvr><info> CraneClientConnectedEvent detected
2026-05-20 11:08:37.651 INFO  o.c.TcpServerConfig$$SpringCGLIB$$0 - <tcpclient><info> Connection established: 127.0.0.1:18196:55505:edd0a1f6-fb78-4acd-9f59-8af63f84f0b0
2026-05-20 11:08:37.718 WARN  o.c.ApplicationReadyListener - <tcpsvr><info> Message Flow Automation Debug is ENABLED
2026-05-20 11:08:37.739 INFO  o.c.controller.TcpMessageController - <tcpclient><send> LVS1UST1DA870020052026110837????????01???????001
2026-05-20 11:08:37.755 INFO  o.c.CraneClientConnectedListener - <tcpclient><send> DAYSTART message sent to Crane server
2026-05-20 11:08:37.777 INFO  o.c.TcpServerConfig$$SpringCGLIB$$0 - <tcpserver><recv> LVS1UST1DA870020052026110837????????01???????001
2026-05-20 11:08:37.806 WARN  o.c.m.IncomingMessageProcessor - MessageProcessor::handleError->StatusCode.STATUSUNKNOWN
2026-05-20 11:08:37.812 INFO  o.c.m.IncomingMessageProcessor - SENDER LVS1 | RECEIVER UST1 | MESSAGETYPE DAYSTART | ORDINAL 87 | ERRORCODE OK | SOURCE 20052026 | TARGET 110837 | REPORTPOINT RPUNKNOWN | LETYPE LEUNKNOWN | STATUSCODE AUTOMATIONENABLED | USERDATA null | RAWMESSAGE LVS1UST1DA870020052026110837????????01???????001
2026-05-20 11:08:40.835 INFO  o.c.controller.TcpMessageController - <tcpclient><send> UST1LVS111880020052026110837????????01???????001
2026-05-20 11:08:40.839 INFO  o.c.TcpClientConfig$$SpringCGLIB$$0 - <tcpclient><recv> LVS1UST1DA870020052026110837????????01???????001
2026-05-20 11:08:40.840 INFO  o.c.TcpServerConfig$$SpringCGLIB$$0 - <tcpserver><recv> UST1LVS111880020052026110837????????01???????001
2026-05-20 11:08:40.842 WARN  o.c.m.IncomingMessageProcessor - MessageProcessor::handleError->StatusCode.STATUSUNKNOWN
2026-05-20 11:08:40.843 INFO  o.c.m.IncomingMessageProcessor - SENDER UST1 | RECEIVER LVS1 | MESSAGETYPE DAYSTART | ORDINAL 88 | ERRORCODE OK | SOURCE 20052026 | TARGET 110840 | REPORTPOINT RPUNKNOWN | LETYPE LEUNKNOWN | STATUSCODE AUTOMATIONENABLED | USERDATA null | RAWMESSAGE UST1LVS111880020052026110837????????01???????001
2026-05-20 11:08:40.844 INFO  o.c.TcpClientConfig$$SpringCGLIB$$0 - <tcpclient><recv> LVS1UST1AA880020052026110837????????01???????001
2026-05-20 11:09:33.950 INFO  o.c.ApplicationCloseListener - <tcpserver><info> ApplicationContextClosedEvent detected
2026-05-20 11:09:33.951 INFO  org.code_studio.BarcodeConfig - <tcpserver><info> Barcode communication - COM port closed: COM3
2026-05-20 11:09:33.952 INFO  o.c.ApplicationCloseListener - <tcpserver><info> Waiting for 3000 msec to receive DAYEND confirmation from CRANE, and then close the TCP connection.
2026-05-20 11:09:36.963 INFO  o.c.TcpServerConfig$$SpringCGLIB$$0 - <tcpclient><info> Connection closed: 127.0.0.1:18196:55505:edd0a1f6-fb78-4acd-9f59-8af63f84f0b0
2026-05-20 11:09:36.968 INFO  o.c.TcpServerConfig$$SpringCGLIB$$0 - <tcpserver><info> Connection closed: 127.0.0.1:55505:18196:1cc04883-e196-45a5-974a-917dd809b350
2026-05-20 11:09:47.630 INFO  o.code_studio.ComPortSchedulerTask - <tcpserver><info> Trying to open COM port for Barcode communication
2026-05-20 11:09:47.806 INFO  o.c.WebSocketServerConfig$$SpringCGLIB$$0 - <wsserver><info> Created WS channel: /app/topic
2026-05-20 11:09:47.989 INFO  o.c.TcpServerConfig$$SpringCGLIB$$0 - <tcpserver><info> TCP server started on port: 18196
2026-05-20 11:09:47.997 INFO  o.c.TcpClientConfig$$SpringCGLIB$$0 - <tcpclient><info> TCP client has been created for server: localhost:18196
2026-05-20 11:09:48.089 INFO  o.c.WebSocketServerConfig$$SpringCGLIB$$0 - <wsserver><info> Created WS server on endpoint: /ws
2026-05-20 11:09:48.390 INFO  o.code_studio.ComPortSchedulerTask - <tcpserver><info> Barcode communication enabled. COM port open: COM3
2026-05-20 11:09:49.297 INFO  o.c.TcpServerConfig$$SpringCGLIB$$0 - <tcpserver><info> Connection established: 127.0.0.1:55557:18196:0f046bc6-dce4-4023-a9c2-4738043fb871
2026-05-20 11:09:49.308 INFO  o.c.CraneClientConnectedListener - <tcpsvr><info> CraneClientConnectedEvent detected
2026-05-20 11:09:49.311 INFO  o.c.TcpServerConfig$$SpringCGLIB$$0 - <tcpclient><info> Connection established: 127.0.0.1:18196:55557:a8d364e6-e376-4075-b1c6-aa03652fa391
2026-05-20 11:09:49.365 WARN  o.c.ApplicationReadyListener - <tcpsvr><info> Message Flow Automation Debug is ENABLED
2026-05-20 11:09:49.409 INFO  o.c.controller.TcpMessageController - <tcpclient><send> LVS1UST1DA890020052026110949????????01???????001
2026-05-20 11:09:49.431 INFO  o.c.CraneClientConnectedListener - <tcpclient><send> DAYSTART message sent to Crane server
2026-05-20 11:09:49.469 INFO  o.c.TcpServerConfig$$SpringCGLIB$$0 - <tcpserver><recv> LVS1UST1DA890020052026110949????????01???????001
2026-05-20 11:09:49.537 WARN  o.c.m.IncomingMessageProcessor - MessageProcessor::handleError->StatusCode.STATUSUNKNOWN
2026-05-20 11:09:49.543 INFO  o.c.m.IncomingMessageProcessor - SENDER LVS1 | RECEIVER UST1 | MESSAGETYPE DAYSTART | ORDINAL 89 | ERRORCODE OK | SOURCE 20052026 | TARGET 110949 | REPORTPOINT RPUNKNOWN | LETYPE LEUNKNOWN | STATUSCODE AUTOMATIONENABLED | USERDATA null | RAWMESSAGE LVS1UST1DA890020052026110949????????01???????001
2026-05-20 11:09:52.568 INFO  o.c.controller.TcpMessageController - <tcpclient><send> UST1LVS111900020052026110949????????01???????001
2026-05-20 11:09:52.571 INFO  o.c.TcpClientConfig$$SpringCGLIB$$0 - <tcpclient><recv> LVS1UST1DA890020052026110949????????01???????001
2026-05-20 11:09:52.577 INFO  o.c.TcpServerConfig$$SpringCGLIB$$0 - <tcpserver><recv> UST1LVS111900020052026110949????????01???????001
2026-05-20 11:09:52.577 WARN  o.c.m.IncomingMessageProcessor - MessageProcessor::handleError->StatusCode.STATUSUNKNOWN
2026-05-20 11:09:52.578 INFO  o.c.m.IncomingMessageProcessor - SENDER UST1 | RECEIVER LVS1 | MESSAGETYPE DAYSTART | ORDINAL 90 | ERRORCODE OK | SOURCE 20052026 | TARGET 110952 | REPORTPOINT RPUNKNOWN | LETYPE LEUNKNOWN | STATUSCODE AUTOMATIONENABLED | USERDATA null | RAWMESSAGE UST1LVS111900020052026110949????????01???????001
2026-05-20 11:09:52.580 INFO  o.c.TcpClientConfig$$SpringCGLIB$$0 - <tcpclient><recv> LVS1UST1AA900020052026110949????????01???????001
2026-05-20 11:10:58.256 INFO  o.c.ApplicationCloseListener - <tcpserver><info> ApplicationContextClosedEvent detected
2026-05-20 11:10:58.259 INFO  org.code_studio.BarcodeConfig - <tcpserver><info> Barcode communication - COM port closed: COM3
2026-05-20 11:10:58.259 INFO  o.c.ApplicationCloseListener - <tcpserver><info> Waiting for 3000 msec to receive DAYEND confirmation from CRANE, and then close the TCP connection.
2026-05-20 11:11:01.272 INFO  o.c.TcpServerConfig$$SpringCGLIB$$0 - <tcpclient><info> Connection closed: 127.0.0.1:18196:55557:a8d364e6-e376-4075-b1c6-aa03652fa391
2026-05-20 11:11:01.277 INFO  o.c.TcpServerConfig$$SpringCGLIB$$0 - <tcpserver><info> Connection closed: 127.0.0.1:55557:18196:0f046bc6-dce4-4023-a9c2-4738043fb871
2026-05-20 11:13:08.621 INFO  o.code_studio.ComPortSchedulerTask - <tcpserver><info> Trying to open COM port for Barcode communication
2026-05-20 11:13:08.772 INFO  o.c.WebSocketServerConfig$$SpringCGLIB$$0 - <wsserver><info> Created WS channel: /app/topic
2026-05-20 11:13:08.963 INFO  o.c.TcpServerConfig$$SpringCGLIB$$0 - <tcpserver><info> TCP server started on port: 18196
2026-05-20 11:13:08.972 INFO  o.c.TcpClientConfig$$SpringCGLIB$$0 - <tcpclient><info> TCP client has been created for server: localhost:18196
2026-05-20 11:13:09.050 INFO  o.c.WebSocketServerConfig$$SpringCGLIB$$0 - <wsserver><info> Created WS server on endpoint: /ws
2026-05-20 11:13:09.373 INFO  o.code_studio.ComPortSchedulerTask - <tcpserver><info> Barcode communication enabled. COM port open: COM3
2026-05-20 11:13:10.230 INFO  o.c.TcpServerConfig$$SpringCGLIB$$0 - <tcpserver><info> Connection established: 127.0.0.1:55650:18196:0363f41b-ef86-4ee9-80d0-ec4da0555bd2
2026-05-20 11:13:10.230 INFO  o.c.TcpServerConfig$$SpringCGLIB$$0 - <tcpclient><info> Connection established: 127.0.0.1:18196:55650:da6c940d-dba3-4019-9a47-7bc9fcbf4b79
2026-05-20 11:13:10.232 INFO  o.c.CraneClientConnectedListener - <tcpsvr><info> CraneClientConnectedEvent detected
2026-05-20 11:13:10.291 WARN  o.c.ApplicationReadyListener - <tcpsvr><info> Message Flow Automation Debug is ENABLED
2026-05-20 11:13:10.294 INFO  o.c.controller.TcpMessageController - <tcpclient><send> LVS1UST1DA910020052026111310????????01???????001
2026-05-20 11:13:10.307 INFO  o.c.CraneClientConnectedListener - <tcpclient><send> DAYSTART message sent to Crane server
2026-05-20 11:13:10.334 INFO  o.c.TcpServerConfig$$SpringCGLIB$$0 - <tcpserver><recv> LVS1UST1DA910020052026111310????????01???????001
2026-05-20 11:13:10.454 WARN  o.c.m.IncomingMessageProcessor - MessageProcessor::handleError->StatusCode.STATUSUNKNOWN
2026-05-20 11:13:10.463 INFO  o.c.m.IncomingMessageProcessor - SENDER LVS1 | RECEIVER UST1 | MESSAGETYPE DAYSTART | ORDINAL 91 | ERRORCODE OK | SOURCE 20052026 | TARGET 111310 | REPORTPOINT RPUNKNOWN | LETYPE LEUNKNOWN | STATUSCODE AUTOMATIONENABLED | USERDATA null | RAWMESSAGE LVS1UST1DA910020052026111310????????01???????001
2026-05-20 11:13:13.482 INFO  o.c.controller.TcpMessageController - <tcpclient><send> UST1LVS111920020052026111310????????01???????001
2026-05-20 11:13:13.486 INFO  o.c.TcpClientConfig$$SpringCGLIB$$0 - <tcpclient><recv> LVS1UST1DA910020052026111310????????01???????001
2026-05-20 11:13:13.487 INFO  o.c.TcpServerConfig$$SpringCGLIB$$0 - <tcpserver><recv> UST1LVS111920020052026111310????????01???????001
2026-05-20 11:13:13.488 WARN  o.c.m.IncomingMessageProcessor - MessageProcessor::handleError->StatusCode.STATUSUNKNOWN
2026-05-20 11:13:13.489 INFO  o.c.m.IncomingMessageProcessor - SENDER UST1 | RECEIVER LVS1 | MESSAGETYPE DAYSTART | ORDINAL 92 | ERRORCODE OK | SOURCE 20052026 | TARGET 111313 | REPORTPOINT RPUNKNOWN | LETYPE LEUNKNOWN | STATUSCODE AUTOMATIONENABLED | USERDATA null | RAWMESSAGE UST1LVS111920020052026111310????????01???????001
2026-05-20 11:13:13.491 INFO  o.c.TcpClientConfig$$SpringCGLIB$$0 - <tcpclient><recv> LVS1UST1AA920020052026111310????????01???????001
2026-05-20 11:14:15.798 INFO  o.c.ApplicationCloseListener - <tcpserver><info> ApplicationContextClosedEvent detected
2026-05-20 11:14:15.799 INFO  org.code_studio.BarcodeConfig - <tcpserver><info> Barcode communication - COM port closed: COM3
2026-05-20 11:14:15.800 INFO  o.c.ApplicationCloseListener - <tcpserver><info> Waiting for 3000 msec to receive DAYEND confirmation from CRANE, and then close the TCP connection.
2026-05-20 11:14:18.817 INFO  o.c.TcpServerConfig$$SpringCGLIB$$0 - <tcpclient><info> Connection closed: 127.0.0.1:18196:55650:da6c940d-dba3-4019-9a47-7bc9fcbf4b79
2026-05-20 11:14:18.824 INFO  o.c.TcpServerConfig$$SpringCGLIB$$0 - <tcpserver><info> Connection closed: 127.0.0.1:55650:18196:0363f41b-ef86-4ee9-80d0-ec4da0555bd2
2026-05-20 11:14:52.528 INFO  o.code_studio.ComPortSchedulerTask - <tcpserver><info> Trying to open COM port for Barcode communication
2026-05-20 11:14:52.709 INFO  o.c.WebSocketServerConfig$$SpringCGLIB$$0 - <wsserver><info> Created WS channel: /app/topic
2026-05-20 11:14:52.937 INFO  o.c.TcpServerConfig$$SpringCGLIB$$0 - <tcpserver><info> TCP server started on port: 18196
2026-05-20 11:14:52.952 INFO  o.c.TcpClientConfig$$SpringCGLIB$$0 - <tcpclient><info> TCP client has been created for server: localhost:18196
2026-05-20 11:14:53.014 INFO  o.code_studio.ComPortSchedulerTask - <tcpserver><info> Barcode communication enabled. COM port open: COM3
2026-05-20 11:14:53.058 INFO  o.c.WebSocketServerConfig$$SpringCGLIB$$0 - <wsserver><info> Created WS server on endpoint: /ws
2026-05-20 11:14:54.309 INFO  o.c.TcpServerConfig$$SpringCGLIB$$0 - <tcpserver><info> Connection established: 127.0.0.1:55711:18196:6325e16c-e87f-439b-af2a-9d18ccc807eb
2026-05-20 11:14:54.311 INFO  o.c.CraneClientConnectedListener - <tcpsvr><info> CraneClientConnectedEvent detected
2026-05-20 11:14:54.314 INFO  o.c.TcpServerConfig$$SpringCGLIB$$0 - <tcpclient><info> Connection established: 127.0.0.1:18196:55711:5d4afeb5-87d0-4d6c-9265-63834886455e
2026-05-20 11:14:54.381 WARN  o.c.ApplicationReadyListener - <tcpsvr><info> Message Flow Automation Debug is ENABLED
2026-05-20 11:14:54.419 INFO  o.c.controller.TcpMessageController - <tcpclient><send> LVS1UST1DA930020052026111454????????01???????001
2026-05-20 11:14:54.438 INFO  o.c.CraneClientConnectedListener - <tcpclient><send> DAYSTART message sent to Crane server
2026-05-20 11:14:54.462 INFO  o.c.TcpServerConfig$$SpringCGLIB$$0 - <tcpserver><recv> LVS1UST1DA930020052026111454????????01???????001
2026-05-20 11:14:54.490 WARN  o.c.m.IncomingMessageProcessor - MessageProcessor::handleError->StatusCode.STATUSUNKNOWN
2026-05-20 11:14:54.497 INFO  o.c.m.IncomingMessageProcessor - SENDER LVS1 | RECEIVER UST1 | MESSAGETYPE DAYSTART | ORDINAL 93 | ERRORCODE OK | SOURCE 20052026 | TARGET 111454 | REPORTPOINT RPUNKNOWN | LETYPE LEUNKNOWN | STATUSCODE AUTOMATIONENABLED | USERDATA null | RAWMESSAGE LVS1UST1DA930020052026111454????????01???????001
2026-05-20 11:14:57.517 INFO  o.c.controller.TcpMessageController - <tcpclient><send> UST1LVS111940020052026111454????????01???????001
2026-05-20 11:14:57.520 INFO  o.c.TcpClientConfig$$SpringCGLIB$$0 - <tcpclient><recv> LVS1UST1DA930020052026111454????????01???????001
2026-05-20 11:14:57.521 INFO  o.c.TcpServerConfig$$SpringCGLIB$$0 - <tcpserver><recv> UST1LVS111940020052026111454????????01???????001
2026-05-20 11:14:57.522 WARN  o.c.m.IncomingMessageProcessor - MessageProcessor::handleError->StatusCode.STATUSUNKNOWN
2026-05-20 11:14:57.522 INFO  o.c.m.IncomingMessageProcessor - SENDER UST1 | RECEIVER LVS1 | MESSAGETYPE DAYSTART | ORDINAL 94 | ERRORCODE OK | SOURCE 20052026 | TARGET 111457 | REPORTPOINT RPUNKNOWN | LETYPE LEUNKNOWN | STATUSCODE AUTOMATIONENABLED | USERDATA null | RAWMESSAGE UST1LVS111940020052026111454????????01???????001
2026-05-20 11:14:57.524 INFO  o.c.TcpClientConfig$$SpringCGLIB$$0 - <tcpclient><recv> LVS1UST1AA940020052026111454????????01???????001
2026-05-20 11:16:02.311 INFO  o.c.ApplicationCloseListener - <tcpserver><info> ApplicationContextClosedEvent detected
2026-05-20 11:16:02.313 INFO  org.code_studio.BarcodeConfig - <tcpserver><info> Barcode communication - COM port closed: COM3
2026-05-20 11:16:02.313 INFO  o.c.ApplicationCloseListener - <tcpserver><info> Waiting for 3000 msec to receive DAYEND confirmation from CRANE, and then close the TCP connection.
2026-05-20 11:16:05.369 INFO  o.c.TcpServerConfig$$SpringCGLIB$$0 - <tcpclient><info> Connection closed: 127.0.0.1:18196:55711:5d4afeb5-87d0-4d6c-9265-63834886455e
2026-05-20 11:16:05.374 INFO  o.c.TcpServerConfig$$SpringCGLIB$$0 - <tcpserver><info> Connection closed: 127.0.0.1:55711:18196:6325e16c-e87f-439b-af2a-9d18ccc807eb
2026-05-20 11:17:12.077 INFO  o.code_studio.ComPortSchedulerTask - <tcpserver><info> Trying to open COM port for Barcode communication
2026-05-20 11:17:12.277 INFO  o.c.WebSocketServerConfig$$SpringCGLIB$$0 - <wsserver><info> Created WS channel: /app/topic
2026-05-20 11:17:12.546 INFO  o.c.TcpServerConfig$$SpringCGLIB$$0 - <tcpserver><info> TCP server started on port: 18196
2026-05-20 11:17:12.558 INFO  o.c.TcpClientConfig$$SpringCGLIB$$0 - <tcpclient><info> TCP client has been created for server: localhost:18196
2026-05-20 11:17:12.703 INFO  o.c.WebSocketServerConfig$$SpringCGLIB$$0 - <wsserver><info> Created WS server on endpoint: /ws
2026-05-20 11:17:14.032 INFO  o.code_studio.ComPortSchedulerTask - <tcpserver><info> Barcode communication enabled. COM port open: COM3
2026-05-20 11:17:14.753 INFO  o.c.TcpServerConfig$$SpringCGLIB$$0 - <tcpclient><info> Connection established: 127.0.0.1:18196:55850:c44f2e31-1a2e-4052-8c4f-27eb2ada6500
2026-05-20 11:17:14.753 INFO  o.c.TcpServerConfig$$SpringCGLIB$$0 - <tcpserver><info> Connection established: 127.0.0.1:55850:18196:ef392f16-ab9d-4376-ac78-86d74c45fd98
2026-05-20 11:17:14.754 INFO  o.c.CraneClientConnectedListener - <tcpsvr><info> CraneClientConnectedEvent detected
2026-05-20 11:17:14.830 WARN  o.c.ApplicationReadyListener - <tcpsvr><info> Message Flow Automation Debug is ENABLED
2026-05-20 11:17:14.840 INFO  o.c.controller.TcpMessageController - <tcpclient><send> LVS1UST1DA950020052026111714????????01???????001
2026-05-20 11:17:14.856 INFO  o.c.CraneClientConnectedListener - <tcpclient><send> DAYSTART message sent to Crane server
2026-05-20 11:17:14.884 INFO  o.c.TcpServerConfig$$SpringCGLIB$$0 - <tcpserver><recv> LVS1UST1DA950020052026111714????????01???????001
2026-05-20 11:17:14.926 WARN  o.c.m.IncomingMessageProcessor - MessageProcessor::handleError->StatusCode.STATUSUNKNOWN
2026-05-20 11:17:14.935 INFO  o.c.m.IncomingMessageProcessor - SENDER LVS1 | RECEIVER UST1 | MESSAGETYPE DAYSTART | ORDINAL 95 | ERRORCODE OK | SOURCE 20052026 | TARGET 111714 | REPORTPOINT RPUNKNOWN | LETYPE LEUNKNOWN | STATUSCODE AUTOMATIONENABLED | USERDATA null | RAWMESSAGE LVS1UST1DA950020052026111714????????01???????001
2026-05-20 11:17:17.964 INFO  o.c.controller.TcpMessageController - <tcpclient><send> UST1LVS111960020052026111714????????01???????001
2026-05-20 11:17:17.967 INFO  o.c.TcpClientConfig$$SpringCGLIB$$0 - <tcpclient><recv> LVS1UST1DA950020052026111714????????01???????001
2026-05-20 11:17:17.968 INFO  o.c.TcpServerConfig$$SpringCGLIB$$0 - <tcpserver><recv> UST1LVS111960020052026111714????????01???????001
2026-05-20 11:17:17.970 WARN  o.c.m.IncomingMessageProcessor - MessageProcessor::handleError->StatusCode.STATUSUNKNOWN
2026-05-20 11:17:17.971 INFO  o.c.m.IncomingMessageProcessor - SENDER UST1 | RECEIVER LVS1 | MESSAGETYPE DAYSTART | ORDINAL 96 | ERRORCODE OK | SOURCE 20052026 | TARGET 111717 | REPORTPOINT RPUNKNOWN | LETYPE LEUNKNOWN | STATUSCODE AUTOMATIONENABLED | USERDATA null | RAWMESSAGE UST1LVS111960020052026111714????????01???????001
2026-05-20 11:17:17.973 INFO  o.c.TcpClientConfig$$SpringCGLIB$$0 - <tcpclient><recv> LVS1UST1AA960020052026111714????????01???????001
2026-05-20 11:23:36.285 INFO  o.c.ApplicationCloseListener - <tcpserver><info> ApplicationContextClosedEvent detected
2026-05-20 11:23:36.311 INFO  org.code_studio.BarcodeConfig - <tcpserver><info> Barcode communication - COM port closed: COM3
2026-05-20 11:23:36.312 INFO  o.c.ApplicationCloseListener - <tcpserver><info> Waiting for 3000 msec to receive DAYEND confirmation from CRANE, and then close the TCP connection.
2026-05-20 11:23:39.514 INFO  o.c.TcpServerConfig$$SpringCGLIB$$0 - <tcpclient><info> Connection closed: 127.0.0.1:18196:55850:c44f2e31-1a2e-4052-8c4f-27eb2ada6500
2026-05-20 11:23:39.537 INFO  o.c.TcpServerConfig$$SpringCGLIB$$0 - <tcpserver><info> Connection closed: 127.0.0.1:55850:18196:ef392f16-ab9d-4376-ac78-86d74c45fd98
2026-05-20 11:24:06.508 INFO  o.code_studio.ComPortSchedulerTask - <tcpserver><info> Trying to open COM port for Barcode communication
2026-05-20 11:24:06.651 INFO  o.c.WebSocketServerConfig$$SpringCGLIB$$0 - <wsserver><info> Created WS channel: /app/topic
2026-05-20 11:24:06.829 INFO  o.c.TcpServerConfig$$SpringCGLIB$$0 - <tcpserver><info> TCP server started on port: 18196
2026-05-20 11:24:06.837 INFO  o.c.TcpClientConfig$$SpringCGLIB$$0 - <tcpclient><info> TCP client has been created for server: localhost:18196
2026-05-20 11:24:06.935 INFO  o.c.WebSocketServerConfig$$SpringCGLIB$$0 - <wsserver><info> Created WS server on endpoint: /ws
2026-05-20 11:24:07.973 INFO  o.c.TcpServerConfig$$SpringCGLIB$$0 - <tcpserver><info> Connection established: 127.0.0.1:56085:18196:d3c36b3b-75d1-48c6-b4c1-55aad397f471
2026-05-20 11:24:07.973 INFO  o.c.TcpServerConfig$$SpringCGLIB$$0 - <tcpclient><info> Connection established: 127.0.0.1:18196:56085:8a84000c-cef1-4e3c-b294-bf4dc48b3af9
2026-05-20 11:24:07.974 INFO  o.c.CraneClientConnectedListener - <tcpsvr><info> CraneClientConnectedEvent detected
2026-05-20 11:24:08.018 WARN  o.c.ApplicationReadyListener - <tcpsvr><info> Message Flow Automation Debug is ENABLED
2026-05-20 11:24:08.033 INFO  o.c.controller.TcpMessageController - <tcpclient><send> LVS1UST1DA970020052026112408????????01???????001
2026-05-20 11:24:08.044 INFO  o.c.CraneClientConnectedListener - <tcpclient><send> DAYSTART message sent to Crane server
2026-05-20 11:24:08.058 INFO  o.c.TcpServerConfig$$SpringCGLIB$$0 - <tcpserver><recv> LVS1UST1DA970020052026112408????????01???????001
2026-05-20 11:24:08.076 WARN  o.c.m.IncomingMessageProcessor - MessageProcessor::handleError->StatusCode.STATUSUNKNOWN
2026-05-20 11:24:08.079 INFO  o.c.m.IncomingMessageProcessor - SENDER LVS1 | RECEIVER UST1 | MESSAGETYPE DAYSTART | ORDINAL 97 | ERRORCODE OK | SOURCE 20052026 | TARGET 112408 | REPORTPOINT RPUNKNOWN | LETYPE LEUNKNOWN | STATUSCODE AUTOMATIONENABLED | USERDATA null | RAWMESSAGE LVS1UST1DA970020052026112408????????01???????001
2026-05-20 11:24:09.579 INFO  o.code_studio.ComPortSchedulerTask - <tcpserver><info> Barcode communication enabled. COM port open: COM3
2026-05-20 11:24:11.096 INFO  o.c.controller.TcpMessageController - <tcpclient><send> UST1LVS111980020052026112408????????01???????001
2026-05-20 11:24:11.099 INFO  o.c.TcpClientConfig$$SpringCGLIB$$0 - <tcpclient><recv> LVS1UST1DA970020052026112408????????01???????001
2026-05-20 11:24:11.099 INFO  o.c.TcpServerConfig$$SpringCGLIB$$0 - <tcpserver><recv> UST1LVS111980020052026112408????????01???????001
2026-05-20 11:24:11.100 WARN  o.c.m.IncomingMessageProcessor - MessageProcessor::handleError->StatusCode.STATUSUNKNOWN
2026-05-20 11:24:11.100 INFO  o.c.m.IncomingMessageProcessor - SENDER UST1 | RECEIVER LVS1 | MESSAGETYPE DAYSTART | ORDINAL 98 | ERRORCODE OK | SOURCE 20052026 | TARGET 112411 | REPORTPOINT RPUNKNOWN | LETYPE LEUNKNOWN | STATUSCODE AUTOMATIONENABLED | USERDATA null | RAWMESSAGE UST1LVS111980020052026112408????????01???????001
2026-05-20 11:24:11.101 INFO  o.c.TcpClientConfig$$SpringCGLIB$$0 - <tcpclient><recv> LVS1UST1AA980020052026112408????????01???????001
2026-05-20 11:28:43.763 INFO  o.c.ApplicationCloseListener - <tcpserver><info> ApplicationContextClosedEvent detected
2026-05-20 11:28:43.766 INFO  org.code_studio.BarcodeConfig - <tcpserver><info> Barcode communication - COM port closed: COM3
2026-05-20 11:28:43.766 INFO  o.c.ApplicationCloseListener - <tcpserver><info> Waiting for 3000 msec to receive DAYEND confirmation from CRANE, and then close the TCP connection.
2026-05-20 11:28:46.792 INFO  o.c.TcpServerConfig$$SpringCGLIB$$0 - <tcpclient><info> Connection closed: 127.0.0.1:18196:56085:8a84000c-cef1-4e3c-b294-bf4dc48b3af9
2026-05-20 11:28:46.799 INFO  o.c.TcpServerConfig$$SpringCGLIB$$0 - <tcpserver><info> Connection closed: 127.0.0.1:56085:18196:d3c36b3b-75d1-48c6-b4c1-55aad397f471
2026-05-20 11:30:05.481 INFO  o.code_studio.ComPortSchedulerTask - <tcpserver><info> Trying to open COM port for Barcode communication
2026-05-20 11:30:05.650 INFO  o.c.WebSocketServerConfig$$SpringCGLIB$$0 - <wsserver><info> Created WS channel: /app/topic
2026-05-20 11:30:05.849 INFO  o.c.TcpServerConfig$$SpringCGLIB$$0 - <tcpserver><info> TCP server started on port: 18196
2026-05-20 11:30:05.857 INFO  o.c.TcpClientConfig$$SpringCGLIB$$0 - <tcpclient><info> TCP client has been created for server: localhost:18196
2026-05-20 11:30:05.935 INFO  o.c.WebSocketServerConfig$$SpringCGLIB$$0 - <wsserver><info> Created WS server on endpoint: /ws
2026-05-20 11:30:06.906 INFO  o.c.TcpServerConfig$$SpringCGLIB$$0 - <tcpserver><info> Connection established: 127.0.0.1:56268:18196:efa3f8d2-db39-45bc-88c9-6fd247ba4ce4
2026-05-20 11:30:06.907 INFO  o.c.TcpServerConfig$$SpringCGLIB$$0 - <tcpclient><info> Connection established: 127.0.0.1:18196:56268:b8dcb0b6-3751-4a07-8118-c21625f0f506
2026-05-20 11:30:06.909 INFO  o.c.CraneClientConnectedListener - <tcpsvr><info> CraneClientConnectedEvent detected
2026-05-20 11:30:06.949 INFO  o.code_studio.ComPortSchedulerTask - <tcpserver><info> Barcode communication enabled. COM port open: COM3
2026-05-20 11:30:06.951 WARN  o.c.ApplicationReadyListener - <tcpsvr><info> Message Flow Automation Debug is ENABLED
2026-05-20 11:30:06.965 INFO  o.c.controller.TcpMessageController - <tcpclient><send> LVS1UST1DA990020052026113006????????01???????001
2026-05-20 11:30:06.982 INFO  o.c.CraneClientConnectedListener - <tcpclient><send> DAYSTART message sent to Crane server
2026-05-20 11:30:07.005 INFO  o.c.TcpServerConfig$$SpringCGLIB$$0 - <tcpserver><recv> LVS1UST1DA990020052026113006????????01???????001
2026-05-20 11:30:07.038 WARN  o.c.m.IncomingMessageProcessor - MessageProcessor::handleError->StatusCode.STATUSUNKNOWN
2026-05-20 11:30:07.042 INFO  o.c.m.IncomingMessageProcessor - SENDER LVS1 | RECEIVER UST1 | MESSAGETYPE DAYSTART | ORDINAL 99 | ERRORCODE OK | SOURCE 20052026 | TARGET 113007 | REPORTPOINT RPUNKNOWN | LETYPE LEUNKNOWN | STATUSCODE AUTOMATIONENABLED | USERDATA null | RAWMESSAGE LVS1UST1DA990020052026113006????????01???????001
2026-05-20 11:30:10.176 INFO  o.c.controller.TcpMessageController - <tcpclient><send> UST1LVS111010020052026113007????????01???????001
2026-05-20 11:30:10.179 INFO  o.c.TcpClientConfig$$SpringCGLIB$$0 - <tcpclient><recv> LVS1UST1DA990020052026113006????????01???????001
2026-05-20 11:30:10.181 INFO  o.c.TcpServerConfig$$SpringCGLIB$$0 - <tcpserver><recv> UST1LVS111010020052026113007????????01???????001
2026-05-20 11:30:10.186 WARN  o.c.m.IncomingMessageProcessor - MessageProcessor::handleError->StatusCode.STATUSUNKNOWN
2026-05-20 11:30:10.190 INFO  o.c.m.IncomingMessageProcessor - SENDER UST1 | RECEIVER LVS1 | MESSAGETYPE DAYSTART | ORDINAL 1 | ERRORCODE OK | SOURCE 20052026 | TARGET 113010 | REPORTPOINT RPUNKNOWN | LETYPE LEUNKNOWN | STATUSCODE AUTOMATIONENABLED | USERDATA null | RAWMESSAGE UST1LVS111010020052026113007????????01???????001
2026-05-20 11:30:10.192 INFO  o.c.TcpClientConfig$$SpringCGLIB$$0 - <tcpclient><recv> LVS1UST1AA010020052026113007????????01???????001
2026-05-20 11:31:54.981 INFO  o.c.ApplicationCloseListener - <tcpserver><info> ApplicationContextClosedEvent detected
2026-05-20 11:31:54.983 INFO  org.code_studio.BarcodeConfig - <tcpserver><info> Barcode communication - COM port closed: COM3
2026-05-20 11:31:54.983 INFO  o.c.ApplicationCloseListener - <tcpserver><info> Waiting for 3000 msec to receive DAYEND confirmation from CRANE, and then close the TCP connection.
2026-05-20 11:31:57.998 INFO  o.c.TcpServerConfig$$SpringCGLIB$$0 - <tcpclient><info> Connection closed: 127.0.0.1:18196:56268:b8dcb0b6-3751-4a07-8118-c21625f0f506
2026-05-20 11:31:58.002 INFO  o.c.TcpServerConfig$$SpringCGLIB$$0 - <tcpserver><info> Connection closed: 127.0.0.1:56268:18196:efa3f8d2-db39-45bc-88c9-6fd247ba4ce4
2026-05-20 11:32:26.554 INFO  o.code_studio.ComPortSchedulerTask - <tcpserver><info> Trying to open COM port for Barcode communication
2026-05-20 11:32:26.736 INFO  o.c.WebSocketServerConfig$$SpringCGLIB$$0 - <wsserver><info> Created WS channel: /app/topic
2026-05-20 11:32:26.936 INFO  o.c.TcpServerConfig$$SpringCGLIB$$0 - <tcpserver><info> TCP server started on port: 18196
2026-05-20 11:32:26.943 INFO  o.c.TcpClientConfig$$SpringCGLIB$$0 - <tcpclient><info> TCP client has been created for server: localhost:18196
2026-05-20 11:32:27.039 INFO  o.c.WebSocketServerConfig$$SpringCGLIB$$0 - <wsserver><info> Created WS server on endpoint: /ws
2026-05-20 11:32:27.833 INFO  o.code_studio.ComPortSchedulerTask - <tcpserver><info> Barcode communication enabled. COM port open: COM3
2026-05-20 11:32:28.330 INFO  o.c.TcpServerConfig$$SpringCGLIB$$0 - <tcpserver><info> Connection established: 127.0.0.1:56364:18196:fc94a39c-445f-456f-a18c-e7f1fe8abd74
2026-05-20 11:32:28.330 INFO  o.c.TcpServerConfig$$SpringCGLIB$$0 - <tcpclient><info> Connection established: 127.0.0.1:18196:56364:e44602a2-1d69-44cd-98cb-065f988389b6
2026-05-20 11:32:28.332 INFO  o.c.CraneClientConnectedListener - <tcpsvr><info> CraneClientConnectedEvent detected
2026-05-20 11:32:28.379 WARN  o.c.ApplicationReadyListener - <tcpsvr><info> Message Flow Automation Debug is ENABLED
2026-05-20 11:32:28.385 INFO  o.c.controller.TcpMessageController - <tcpclient><send> LVS1UST1DA020020052026113228????????01???????001
2026-05-20 11:32:28.400 INFO  o.c.CraneClientConnectedListener - <tcpclient><send> DAYSTART message sent to Crane server
2026-05-20 11:32:28.421 INFO  o.c.TcpServerConfig$$SpringCGLIB$$0 - <tcpserver><recv> LVS1UST1DA020020052026113228????????01???????001
2026-05-20 11:32:28.446 WARN  o.c.m.IncomingMessageProcessor - MessageProcessor::handleError->StatusCode.STATUSUNKNOWN
2026-05-20 11:32:28.451 INFO  o.c.m.IncomingMessageProcessor - SENDER LVS1 | RECEIVER UST1 | MESSAGETYPE DAYSTART | ORDINAL 2 | ERRORCODE OK | SOURCE 20052026 | TARGET 113228 | REPORTPOINT RPUNKNOWN | LETYPE LEUNKNOWN | STATUSCODE AUTOMATIONENABLED | USERDATA null | RAWMESSAGE LVS1UST1DA020020052026113228????????01???????001
2026-05-20 11:32:31.474 INFO  o.c.controller.TcpMessageController - <tcpclient><send> UST1LVS111030020052026113228????????01???????001
2026-05-20 11:32:31.478 INFO  o.c.TcpClientConfig$$SpringCGLIB$$0 - <tcpclient><recv> LVS1UST1DA020020052026113228????????01???????001
2026-05-20 11:32:31.480 INFO  o.c.TcpServerConfig$$SpringCGLIB$$0 - <tcpserver><recv> UST1LVS111030020052026113228????????01???????001
2026-05-20 11:32:31.482 WARN  o.c.m.IncomingMessageProcessor - MessageProcessor::handleError->StatusCode.STATUSUNKNOWN
2026-05-20 11:32:31.483 INFO  o.c.m.IncomingMessageProcessor - SENDER UST1 | RECEIVER LVS1 | MESSAGETYPE DAYSTART | ORDINAL 3 | ERRORCODE OK | SOURCE 20052026 | TARGET 113231 | REPORTPOINT RPUNKNOWN | LETYPE LEUNKNOWN | STATUSCODE AUTOMATIONENABLED | USERDATA null | RAWMESSAGE UST1LVS111030020052026113228????????01???????001
2026-05-20 11:32:31.484 INFO  o.c.TcpClientConfig$$SpringCGLIB$$0 - <tcpclient><recv> LVS1UST1AA030020052026113228????????01???????001
2026-05-20 11:44:19.655 INFO  o.c.ApplicationCloseListener - <tcpserver><info> ApplicationContextClosedEvent detected
2026-05-20 11:44:19.672 INFO  org.code_studio.BarcodeConfig - <tcpserver><info> Barcode communication - COM port closed: COM3
2026-05-20 11:44:19.673 INFO  o.c.ApplicationCloseListener - <tcpserver><info> Waiting for 3000 msec to receive DAYEND confirmation from CRANE, and then close the TCP connection.
2026-05-20 11:44:22.733 INFO  o.c.TcpServerConfig$$SpringCGLIB$$0 - <tcpclient><info> Connection closed: 127.0.0.1:18196:56364:e44602a2-1d69-44cd-98cb-065f988389b6
2026-05-20 11:44:22.750 INFO  o.c.TcpServerConfig$$SpringCGLIB$$0 - <tcpserver><info> Connection closed: 127.0.0.1:56364:18196:fc94a39c-445f-456f-a18c-e7f1fe8abd74
2026-05-20 11:44:33.899 INFO  o.code_studio.ComPortSchedulerTask - <tcpserver><info> Trying to open COM port for Barcode communication
2026-05-20 11:44:34.051 INFO  o.c.WebSocketServerConfig$$SpringCGLIB$$0 - <wsserver><info> Created WS channel: /app/topic
2026-05-20 11:44:34.240 INFO  o.c.TcpServerConfig$$SpringCGLIB$$0 - <tcpserver><info> TCP server started on port: 18196
2026-05-20 11:44:34.248 INFO  o.c.TcpClientConfig$$SpringCGLIB$$0 - <tcpclient><info> TCP client has been created for server: localhost:18196
2026-05-20 11:44:34.364 INFO  o.c.WebSocketServerConfig$$SpringCGLIB$$0 - <wsserver><info> Created WS server on endpoint: /ws
2026-05-20 11:44:34.781 INFO  o.code_studio.ComPortSchedulerTask - <tcpserver><info> Barcode communication enabled. COM port open: COM3
2026-05-20 11:44:35.699 INFO  o.c.TcpServerConfig$$SpringCGLIB$$0 - <tcpserver><info> Connection established: 127.0.0.1:56610:18196:a51638d3-ba3e-4bc8-905c-a3300f0cf3d1
2026-05-20 11:44:35.700 INFO  o.c.TcpServerConfig$$SpringCGLIB$$0 - <tcpclient><info> Connection established: 127.0.0.1:18196:56610:c1c7f025-b3e6-4f8a-ad75-44aba2d4e31a
2026-05-20 11:44:35.701 INFO  o.c.CraneClientConnectedListener - <tcpsvr><info> CraneClientConnectedEvent detected
2026-05-20 11:44:35.757 WARN  o.c.ApplicationReadyListener - <tcpsvr><info> Message Flow Automation Debug is ENABLED
2026-05-20 11:44:35.773 INFO  o.c.controller.TcpMessageController - <tcpclient><send> LVS1UST1DA040020052026114435????????01???????001
2026-05-20 11:44:35.786 INFO  o.c.CraneClientConnectedListener - <tcpclient><send> DAYSTART message sent to Crane server
2026-05-20 11:44:35.807 INFO  o.c.TcpServerConfig$$SpringCGLIB$$0 - <tcpserver><recv> LVS1UST1DA040020052026114435????????01???????001
2026-05-20 11:44:35.833 WARN  o.c.m.IncomingMessageProcessor - MessageProcessor::handleError->StatusCode.STATUSUNKNOWN
2026-05-20 11:44:35.837 INFO  o.c.m.IncomingMessageProcessor - SENDER LVS1 | RECEIVER UST1 | MESSAGETYPE DAYSTART | ORDINAL 4 | ERRORCODE OK | SOURCE 20052026 | TARGET 114435 | REPORTPOINT RPUNKNOWN | LETYPE LEUNKNOWN | STATUSCODE AUTOMATIONENABLED | USERDATA null | RAWMESSAGE LVS1UST1DA040020052026114435????????01???????001
2026-05-20 11:44:38.857 INFO  o.c.controller.TcpMessageController - <tcpclient><send> UST1LVS111050020052026114435????????01???????001
2026-05-20 11:44:38.865 INFO  o.c.TcpClientConfig$$SpringCGLIB$$0 - <tcpclient><recv> LVS1UST1DA040020052026114435????????01???????001
2026-05-20 11:44:38.866 INFO  o.c.TcpServerConfig$$SpringCGLIB$$0 - <tcpserver><recv> UST1LVS111050020052026114435????????01???????001
2026-05-20 11:44:38.868 WARN  o.c.m.IncomingMessageProcessor - MessageProcessor::handleError->StatusCode.STATUSUNKNOWN
2026-05-20 11:44:38.869 INFO  o.c.m.IncomingMessageProcessor - SENDER UST1 | RECEIVER LVS1 | MESSAGETYPE DAYSTART | ORDINAL 5 | ERRORCODE OK | SOURCE 20052026 | TARGET 114438 | REPORTPOINT RPUNKNOWN | LETYPE LEUNKNOWN | STATUSCODE AUTOMATIONENABLED | USERDATA null | RAWMESSAGE UST1LVS111050020052026114435????????01???????001
2026-05-20 11:44:38.872 INFO  o.c.TcpClientConfig$$SpringCGLIB$$0 - <tcpclient><recv> LVS1UST1AA050020052026114435????????01???????001
2026-05-20 11:46:26.100 INFO  o.c.ApplicationCloseListener - <tcpserver><info> ApplicationContextClosedEvent detected
2026-05-20 11:46:26.103 INFO  org.code_studio.BarcodeConfig - <tcpserver><info> Barcode communication - COM port closed: COM3
2026-05-20 11:46:26.104 INFO  o.c.ApplicationCloseListener - <tcpserver><info> Waiting for 3000 msec to receive DAYEND confirmation from CRANE, and then close the TCP connection.
2026-05-20 11:46:29.116 INFO  o.c.TcpServerConfig$$SpringCGLIB$$0 - <tcpclient><info> Connection closed: 127.0.0.1:18196:56610:c1c7f025-b3e6-4f8a-ad75-44aba2d4e31a
2026-05-20 11:46:29.120 INFO  o.c.TcpServerConfig$$SpringCGLIB$$0 - <tcpserver><info> Connection closed: 127.0.0.1:56610:18196:a51638d3-ba3e-4bc8-905c-a3300f0cf3d1
2026-05-20 11:46:40.013 INFO  o.code_studio.ComPortSchedulerTask - <tcpserver><info> Trying to open COM port for Barcode communication
2026-05-20 11:46:40.171 INFO  o.c.WebSocketServerConfig$$SpringCGLIB$$0 - <wsserver><info> Created WS channel: /app/topic
2026-05-20 11:46:40.355 INFO  o.c.TcpServerConfig$$SpringCGLIB$$0 - <tcpserver><info> TCP server started on port: 18196
2026-05-20 11:46:40.363 INFO  o.c.TcpClientConfig$$SpringCGLIB$$0 - <tcpclient><info> TCP client has been created for server: localhost:18196
2026-05-20 11:46:40.451 INFO  o.c.WebSocketServerConfig$$SpringCGLIB$$0 - <wsserver><info> Created WS server on endpoint: /ws
2026-05-20 11:46:41.520 INFO  o.c.TcpServerConfig$$SpringCGLIB$$0 - <tcpserver><info> Connection established: 127.0.0.1:56682:18196:fb9344d8-fce9-44f2-8d44-ddf1da916813
2026-05-20 11:46:41.520 INFO  o.c.TcpServerConfig$$SpringCGLIB$$0 - <tcpclient><info> Connection established: 127.0.0.1:18196:56682:4687a28d-a70d-4e0a-b2b5-e1d054da05de
2026-05-20 11:46:41.523 INFO  o.c.CraneClientConnectedListener - <tcpsvr><info> CraneClientConnectedEvent detected
2026-05-20 11:46:41.544 INFO  o.code_studio.ComPortSchedulerTask - <tcpserver><info> Barcode communication enabled. COM port open: COM3
2026-05-20 11:46:41.577 WARN  o.c.ApplicationReadyListener - <tcpsvr><info> Message Flow Automation Debug is ENABLED
2026-05-20 11:46:41.583 INFO  o.c.controller.TcpMessageController - <tcpclient><send> LVS1UST1DA060020052026114641????????01???????001
2026-05-20 11:46:41.596 INFO  o.c.CraneClientConnectedListener - <tcpclient><send> DAYSTART message sent to Crane server
2026-05-20 11:46:41.620 INFO  o.c.TcpServerConfig$$SpringCGLIB$$0 - <tcpserver><recv> LVS1UST1DA060020052026114641????????01???????001
2026-05-20 11:46:41.650 WARN  o.c.m.IncomingMessageProcessor - MessageProcessor::handleError->StatusCode.STATUSUNKNOWN
2026-05-20 11:46:41.655 INFO  o.c.m.IncomingMessageProcessor - SENDER LVS1 | RECEIVER UST1 | MESSAGETYPE DAYSTART | ORDINAL 6 | ERRORCODE OK | SOURCE 20052026 | TARGET 114641 | REPORTPOINT RPUNKNOWN | LETYPE LEUNKNOWN | STATUSCODE AUTOMATIONENABLED | USERDATA null | RAWMESSAGE LVS1UST1DA060020052026114641????????01???????001
2026-05-20 11:46:44.797 INFO  o.c.controller.TcpMessageController - <tcpclient><send> UST1LVS111070020052026114641????????01???????001
2026-05-20 11:46:44.800 INFO  o.c.TcpClientConfig$$SpringCGLIB$$0 - <tcpclient><recv> LVS1UST1DA060020052026114641????????01???????001
2026-05-20 11:46:44.800 INFO  o.c.TcpServerConfig$$SpringCGLIB$$0 - <tcpserver><recv> UST1LVS111070020052026114641????????01???????001
2026-05-20 11:46:44.801 WARN  o.c.m.IncomingMessageProcessor - MessageProcessor::handleError->StatusCode.STATUSUNKNOWN
2026-05-20 11:46:44.802 INFO  o.c.m.IncomingMessageProcessor - SENDER UST1 | RECEIVER LVS1 | MESSAGETYPE DAYSTART | ORDINAL 7 | ERRORCODE OK | SOURCE 20052026 | TARGET 114644 | REPORTPOINT RPUNKNOWN | LETYPE LEUNKNOWN | STATUSCODE AUTOMATIONENABLED | USERDATA null | RAWMESSAGE UST1LVS111070020052026114641????????01???????001
2026-05-20 11:46:44.803 INFO  o.c.TcpClientConfig$$SpringCGLIB$$0 - <tcpclient><recv> LVS1UST1AA070020052026114641????????01???????001
2026-05-20 11:47:53.844 INFO  o.c.ApplicationCloseListener - <tcpserver><info> ApplicationContextClosedEvent detected
2026-05-20 11:47:53.846 INFO  org.code_studio.BarcodeConfig - <tcpserver><info> Barcode communication - COM port closed: COM3
2026-05-20 11:47:53.846 INFO  o.c.ApplicationCloseListener - <tcpserver><info> Waiting for 3000 msec to receive DAYEND confirmation from CRANE, and then close the TCP connection.
2026-05-20 11:47:56.959 INFO  o.c.TcpServerConfig$$SpringCGLIB$$0 - <tcpclient><info> Connection closed: 127.0.0.1:18196:56682:4687a28d-a70d-4e0a-b2b5-e1d054da05de
2026-05-20 11:47:56.965 INFO  o.c.TcpServerConfig$$SpringCGLIB$$0 - <tcpserver><info> Connection closed: 127.0.0.1:56682:18196:fb9344d8-fce9-44f2-8d44-ddf1da916813
2026-05-20 11:48:11.149 INFO  o.code_studio.ComPortSchedulerTask - <tcpserver><info> Trying to open COM port for Barcode communication
2026-05-20 11:48:11.376 INFO  o.c.WebSocketServerConfig$$SpringCGLIB$$0 - <wsserver><info> Created WS channel: /app/topic
2026-05-20 11:48:11.676 INFO  o.c.TcpServerConfig$$SpringCGLIB$$0 - <tcpserver><info> TCP server started on port: 18196
2026-05-20 11:48:11.703 INFO  o.c.TcpClientConfig$$SpringCGLIB$$0 - <tcpclient><info> TCP client has been created for server: localhost:18196
2026-05-20 11:48:11.839 INFO  o.c.WebSocketServerConfig$$SpringCGLIB$$0 - <wsserver><info> Created WS server on endpoint: /ws
2026-05-20 11:48:12.383 INFO  o.code_studio.ComPortSchedulerTask - <tcpserver><info> Barcode communication enabled. COM port open: COM3
2026-05-20 11:48:13.253 INFO  o.c.TcpServerConfig$$SpringCGLIB$$0 - <tcpclient><info> Connection established: 127.0.0.1:18196:56771:0796f930-099e-4b60-9cfe-4220a05da5b4
2026-05-20 11:48:13.254 INFO  o.c.TcpServerConfig$$SpringCGLIB$$0 - <tcpserver><info> Connection established: 127.0.0.1:56771:18196:ad54d806-0174-4899-ace0-46fe76aabebf
2026-05-20 11:48:13.256 INFO  o.c.CraneClientConnectedListener - <tcpsvr><info> CraneClientConnectedEvent detected
2026-05-20 11:48:13.315 WARN  o.c.ApplicationReadyListener - <tcpsvr><info> Message Flow Automation Debug is ENABLED
2026-05-20 11:48:13.316 INFO  o.c.controller.TcpMessageController - <tcpclient><send> LVS1UST1DA080020052026114813????????01???????001
2026-05-20 11:48:13.333 INFO  o.c.CraneClientConnectedListener - <tcpclient><send> DAYSTART message sent to Crane server
2026-05-20 11:48:13.357 INFO  o.c.TcpServerConfig$$SpringCGLIB$$0 - <tcpserver><recv> LVS1UST1DA080020052026114813????????01???????001
2026-05-20 11:48:13.386 WARN  o.c.m.IncomingMessageProcessor - MessageProcessor::handleError->StatusCode.STATUSUNKNOWN
2026-05-20 11:48:13.394 INFO  o.c.m.IncomingMessageProcessor - SENDER LVS1 | RECEIVER UST1 | MESSAGETYPE DAYSTART | ORDINAL 8 | ERRORCODE OK | SOURCE 20052026 | TARGET 114813 | REPORTPOINT RPUNKNOWN | LETYPE LEUNKNOWN | STATUSCODE AUTOMATIONENABLED | USERDATA null | RAWMESSAGE LVS1UST1DA080020052026114813????????01???????001
2026-05-20 11:48:16.415 INFO  o.c.controller.TcpMessageController - <tcpclient><send> UST1LVS111090020052026114813????????01???????001
2026-05-20 11:48:16.418 INFO  o.c.TcpClientConfig$$SpringCGLIB$$0 - <tcpclient><recv> LVS1UST1DA080020052026114813????????01???????001
2026-05-20 11:48:16.418 INFO  o.c.TcpServerConfig$$SpringCGLIB$$0 - <tcpserver><recv> UST1LVS111090020052026114813????????01???????001
2026-05-20 11:48:16.419 WARN  o.c.m.IncomingMessageProcessor - MessageProcessor::handleError->StatusCode.STATUSUNKNOWN
2026-05-20 11:48:16.420 INFO  o.c.m.IncomingMessageProcessor - SENDER UST1 | RECEIVER LVS1 | MESSAGETYPE DAYSTART | ORDINAL 9 | ERRORCODE OK | SOURCE 20052026 | TARGET 114816 | REPORTPOINT RPUNKNOWN | LETYPE LEUNKNOWN | STATUSCODE AUTOMATIONENABLED | USERDATA null | RAWMESSAGE UST1LVS111090020052026114813????????01???????001
2026-05-20 11:48:16.421 INFO  o.c.TcpClientConfig$$SpringCGLIB$$0 - <tcpclient><recv> LVS1UST1AA090020052026114813????????01???????001
2026-05-20 11:51:20.437 INFO  o.c.ApplicationCloseListener - <tcpserver><info> ApplicationContextClosedEvent detected
2026-05-20 11:51:20.475 INFO  org.code_studio.BarcodeConfig - <tcpserver><info> Barcode communication - COM port closed: COM3
2026-05-20 11:51:20.476 INFO  o.c.ApplicationCloseListener - <tcpserver><info> Waiting for 3000 msec to receive DAYEND confirmation from CRANE, and then close the TCP connection.
2026-05-20 11:51:23.647 INFO  o.c.TcpServerConfig$$SpringCGLIB$$0 - <tcpclient><info> Connection closed: 127.0.0.1:18196:56771:0796f930-099e-4b60-9cfe-4220a05da5b4
2026-05-20 11:51:23.678 INFO  o.c.TcpServerConfig$$SpringCGLIB$$0 - <tcpserver><info> Connection closed: 127.0.0.1:56771:18196:ad54d806-0174-4899-ace0-46fe76aabebf
2026-05-20 11:51:40.384 INFO  o.code_studio.ComPortSchedulerTask - <tcpserver><info> Trying to open COM port for Barcode communication
2026-05-20 11:51:40.889 INFO  o.c.WebSocketServerConfig$$SpringCGLIB$$0 - <wsserver><info> Created WS channel: /app/topic
2026-05-20 11:51:41.359 INFO  o.c.TcpServerConfig$$SpringCGLIB$$0 - <tcpserver><info> TCP server started on port: 18196
2026-05-20 11:51:41.374 INFO  o.c.TcpClientConfig$$SpringCGLIB$$0 - <tcpclient><info> TCP client has been created for server: localhost:18196
2026-05-20 11:51:41.917 INFO  o.c.WebSocketServerConfig$$SpringCGLIB$$0 - <wsserver><info> Created WS server on endpoint: /ws
2026-05-20 11:51:43.919 INFO  o.code_studio.ComPortSchedulerTask - <tcpserver><info> Barcode communication enabled. COM port open: COM3
2026-05-20 11:51:45.608 INFO  o.c.TcpServerConfig$$SpringCGLIB$$0 - <tcpserver><info> Connection established: 127.0.0.1:56938:18196:00c4e4e9-0192-48b4-8d6d-2d5f64150cdf
2026-05-20 11:51:45.608 INFO  o.c.TcpServerConfig$$SpringCGLIB$$0 - <tcpclient><info> Connection established: 127.0.0.1:18196:56938:63b53203-06e0-417a-b876-4262796c52c6
2026-05-20 11:51:45.610 INFO  o.c.CraneClientConnectedListener - <tcpsvr><info> CraneClientConnectedEvent detected
2026-05-20 11:51:45.681 WARN  o.c.ApplicationReadyListener - <tcpsvr><info> Message Flow Automation Debug is ENABLED
2026-05-20 11:51:45.687 INFO  o.c.controller.TcpMessageController - <tcpclient><send> LVS1UST1DA100020052026115145????????01???????001
2026-05-20 11:51:45.701 INFO  o.c.CraneClientConnectedListener - <tcpclient><send> DAYSTART message sent to Crane server
2026-05-20 11:51:45.728 INFO  o.c.TcpServerConfig$$SpringCGLIB$$0 - <tcpserver><recv> LVS1UST1DA100020052026115145????????01???????001
2026-05-20 11:51:45.767 WARN  o.c.m.IncomingMessageProcessor - MessageProcessor::handleError->StatusCode.STATUSUNKNOWN
2026-05-20 11:51:45.774 INFO  o.c.m.IncomingMessageProcessor - SENDER LVS1 | RECEIVER UST1 | MESSAGETYPE DAYSTART | ORDINAL 10 | ERRORCODE OK | SOURCE 20052026 | TARGET 115145 | REPORTPOINT RPUNKNOWN | LETYPE LEUNKNOWN | STATUSCODE AUTOMATIONENABLED | USERDATA null | RAWMESSAGE LVS1UST1DA100020052026115145????????01???????001
2026-05-20 11:51:48.797 INFO  o.c.controller.TcpMessageController - <tcpclient><send> UST1LVS111110020052026115145????????01???????001
2026-05-20 11:51:48.800 INFO  o.c.TcpClientConfig$$SpringCGLIB$$0 - <tcpclient><recv> LVS1UST1DA100020052026115145????????01???????001
2026-05-20 11:51:48.800 INFO  o.c.TcpServerConfig$$SpringCGLIB$$0 - <tcpserver><recv> UST1LVS111110020052026115145????????01???????001
2026-05-20 11:51:48.801 WARN  o.c.m.IncomingMessageProcessor - MessageProcessor::handleError->StatusCode.STATUSUNKNOWN
2026-05-20 11:51:48.801 INFO  o.c.m.IncomingMessageProcessor - SENDER UST1 | RECEIVER LVS1 | MESSAGETYPE DAYSTART | ORDINAL 11 | ERRORCODE OK | SOURCE 20052026 | TARGET 115148 | REPORTPOINT RPUNKNOWN | LETYPE LEUNKNOWN | STATUSCODE AUTOMATIONENABLED | USERDATA null | RAWMESSAGE UST1LVS111110020052026115145????????01???????001
2026-05-20 11:51:48.803 INFO  o.c.TcpClientConfig$$SpringCGLIB$$0 - <tcpclient><recv> LVS1UST1AA110020052026115145????????01???????001
2026-05-20 11:53:04.331 INFO  o.c.ApplicationCloseListener - <tcpserver><info> ApplicationContextClosedEvent detected
2026-05-20 11:53:04.332 INFO  org.code_studio.BarcodeConfig - <tcpserver><info> Barcode communication - COM port closed: COM3
2026-05-20 11:53:04.332 INFO  o.c.ApplicationCloseListener - <tcpserver><info> Waiting for 3000 msec to receive DAYEND confirmation from CRANE, and then close the TCP connection.
2026-05-20 11:53:07.345 INFO  o.c.TcpServerConfig$$SpringCGLIB$$0 - <tcpclient><info> Connection closed: 127.0.0.1:18196:56938:63b53203-06e0-417a-b876-4262796c52c6
2026-05-20 11:53:07.358 INFO  o.c.TcpServerConfig$$SpringCGLIB$$0 - <tcpserver><info> Connection closed: 127.0.0.1:56938:18196:00c4e4e9-0192-48b4-8d6d-2d5f64150cdf
2026-05-20 11:53:29.780 INFO  o.code_studio.ComPortSchedulerTask - <tcpserver><info> Trying to open COM port for Barcode communication
2026-05-20 11:53:30.163 INFO  o.c.WebSocketServerConfig$$SpringCGLIB$$0 - <wsserver><info> Created WS channel: /app/topic
2026-05-20 11:53:30.664 INFO  o.c.TcpServerConfig$$SpringCGLIB$$0 - <tcpserver><info> TCP server started on port: 18196
2026-05-20 11:53:30.673 INFO  o.c.TcpClientConfig$$SpringCGLIB$$0 - <tcpclient><info> TCP client has been created for server: localhost:18196
2026-05-20 11:53:30.773 INFO  o.c.WebSocketServerConfig$$SpringCGLIB$$0 - <wsserver><info> Created WS server on endpoint: /ws
2026-05-20 11:53:31.239 INFO  o.code_studio.ComPortSchedulerTask - <tcpserver><info> Barcode communication enabled. COM port open: COM3
2026-05-20 11:53:32.617 WARN  o.c.ApplicationReadyListener - <tcpsvr><info> Message Flow Automation Debug is ENABLED
2026-05-20 11:53:32.619 INFO  o.c.TcpServerConfig$$SpringCGLIB$$0 - <tcpserver><info> Connection established: 127.0.0.1:57009:18196:07e4fbf5-fe09-4b67-ad5c-a2671cadcea7
2026-05-20 11:53:32.621 INFO  o.c.CraneClientConnectedListener - <tcpsvr><info> CraneClientConnectedEvent detected
2026-05-20 11:53:32.627 INFO  o.c.TcpServerConfig$$SpringCGLIB$$0 - <tcpclient><info> Connection established: 127.0.0.1:18196:57009:f1830c92-18c0-4051-86aa-b6af57973125
2026-05-20 11:53:32.701 INFO  o.c.controller.TcpMessageController - <tcpclient><send> LVS1UST1DA120020052026115332????????01???????001
2026-05-20 11:53:32.716 INFO  o.c.CraneClientConnectedListener - <tcpclient><send> DAYSTART message sent to Crane server
2026-05-20 11:53:32.738 INFO  o.c.TcpServerConfig$$SpringCGLIB$$0 - <tcpserver><recv> LVS1UST1DA120020052026115332????????01???????001
2026-05-20 11:53:32.787 WARN  o.c.m.IncomingMessageProcessor - MessageProcessor::handleError->StatusCode.STATUSUNKNOWN
2026-05-20 11:53:32.797 INFO  o.c.m.IncomingMessageProcessor - SENDER LVS1 | RECEIVER UST1 | MESSAGETYPE DAYSTART | ORDINAL 12 | ERRORCODE OK | SOURCE 20052026 | TARGET 115332 | REPORTPOINT RPUNKNOWN | LETYPE LEUNKNOWN | STATUSCODE AUTOMATIONENABLED | USERDATA null | RAWMESSAGE LVS1UST1DA120020052026115332????????01???????001
2026-05-20 11:53:35.997 INFO  o.c.controller.TcpMessageController - <tcpclient><send> UST1LVS111130020052026115332????????01???????001
2026-05-20 11:53:35.999 INFO  o.c.TcpClientConfig$$SpringCGLIB$$0 - <tcpclient><recv> LVS1UST1DA120020052026115332????????01???????001
2026-05-20 11:53:36.000 INFO  o.c.TcpServerConfig$$SpringCGLIB$$0 - <tcpserver><recv> UST1LVS111130020052026115332????????01???????001
2026-05-20 11:53:36.001 WARN  o.c.m.IncomingMessageProcessor - MessageProcessor::handleError->StatusCode.STATUSUNKNOWN
2026-05-20 11:53:36.001 INFO  o.c.m.IncomingMessageProcessor - SENDER UST1 | RECEIVER LVS1 | MESSAGETYPE DAYSTART | ORDINAL 13 | ERRORCODE OK | SOURCE 20052026 | TARGET 115336 | REPORTPOINT RPUNKNOWN | LETYPE LEUNKNOWN | STATUSCODE AUTOMATIONENABLED | USERDATA null | RAWMESSAGE UST1LVS111130020052026115332????????01???????001
2026-05-20 11:53:36.003 INFO  o.c.TcpClientConfig$$SpringCGLIB$$0 - <tcpclient><recv> LVS1UST1AA130020052026115332????????01???????001
2026-05-20 11:55:46.405 INFO  o.c.ApplicationCloseListener - <tcpserver><info> ApplicationContextClosedEvent detected
2026-05-20 11:55:46.410 INFO  org.code_studio.BarcodeConfig - <tcpserver><info> Barcode communication - COM port closed: COM3
2026-05-20 11:55:46.411 INFO  o.c.ApplicationCloseListener - <tcpserver><info> Waiting for 3000 msec to receive DAYEND confirmation from CRANE, and then close the TCP connection.
2026-05-20 11:55:49.429 INFO  o.c.TcpServerConfig$$SpringCGLIB$$0 - <tcpclient><info> Connection closed: 127.0.0.1:18196:57009:f1830c92-18c0-4051-86aa-b6af57973125
2026-05-20 11:55:49.436 INFO  o.c.TcpServerConfig$$SpringCGLIB$$0 - <tcpserver><info> Connection closed: 127.0.0.1:57009:18196:07e4fbf5-fe09-4b67-ad5c-a2671cadcea7
2026-05-20 11:56:02.022 INFO  o.code_studio.ComPortSchedulerTask - <tcpserver><info> Trying to open COM port for Barcode communication
2026-05-20 11:56:02.270 INFO  o.c.WebSocketServerConfig$$SpringCGLIB$$0 - <wsserver><info> Created WS channel: /app/topic
2026-05-20 11:56:02.684 INFO  o.c.TcpServerConfig$$SpringCGLIB$$0 - <tcpserver><info> TCP server started on port: 18196
2026-05-20 11:56:02.695 INFO  o.c.TcpClientConfig$$SpringCGLIB$$0 - <tcpclient><info> TCP client has been created for server: localhost:18196
2026-05-20 11:56:02.821 INFO  o.c.WebSocketServerConfig$$SpringCGLIB$$0 - <wsserver><info> Created WS server on endpoint: /ws
2026-05-20 11:56:04.113 INFO  o.c.TcpServerConfig$$SpringCGLIB$$0 - <tcpserver><info> Connection established: 127.0.0.1:57101:18196:65833a46-256e-4ef4-8ab7-50557ede816d
2026-05-20 11:56:04.116 INFO  o.c.CraneClientConnectedListener - <tcpsvr><info> CraneClientConnectedEvent detected
2026-05-20 11:56:04.118 INFO  o.c.TcpServerConfig$$SpringCGLIB$$0 - <tcpclient><info> Connection established: 127.0.0.1:18196:57101:ed02cc0c-c663-406e-8e3c-81c9050d9be2
2026-05-20 11:56:04.166 WARN  o.c.ApplicationReadyListener - <tcpsvr><info> Message Flow Automation Debug is ENABLED
2026-05-20 11:56:04.207 INFO  o.c.controller.TcpMessageController - <tcpclient><send> LVS1UST1DA140020052026115604????????01???????001
2026-05-20 11:56:04.224 INFO  o.c.CraneClientConnectedListener - <tcpclient><send> DAYSTART message sent to Crane server
2026-05-20 11:56:04.246 INFO  o.c.TcpServerConfig$$SpringCGLIB$$0 - <tcpserver><recv> LVS1UST1DA140020052026115604????????01???????001
2026-05-20 11:56:04.312 WARN  o.c.m.IncomingMessageProcessor - MessageProcessor::handleError->StatusCode.STATUSUNKNOWN
2026-05-20 11:56:04.320 INFO  o.c.m.IncomingMessageProcessor - SENDER LVS1 | RECEIVER UST1 | MESSAGETYPE DAYSTART | ORDINAL 14 | ERRORCODE OK | SOURCE 20052026 | TARGET 115604 | REPORTPOINT RPUNKNOWN | LETYPE LEUNKNOWN | STATUSCODE AUTOMATIONENABLED | USERDATA null | RAWMESSAGE LVS1UST1DA140020052026115604????????01???????001
2026-05-20 11:56:04.802 INFO  o.code_studio.ComPortSchedulerTask - <tcpserver><info> Barcode communication enabled. COM port open: COM3
2026-05-20 11:56:07.346 INFO  o.c.controller.TcpMessageController - <tcpclient><send> UST1LVS111150020052026115604????????01???????001
2026-05-20 11:56:07.353 INFO  o.c.TcpClientConfig$$SpringCGLIB$$0 - <tcpclient><recv> LVS1UST1DA140020052026115604????????01???????001
2026-05-20 11:56:07.355 INFO  o.c.TcpServerConfig$$SpringCGLIB$$0 - <tcpserver><recv> UST1LVS111150020052026115604????????01???????001
2026-05-20 11:56:07.357 WARN  o.c.m.IncomingMessageProcessor - MessageProcessor::handleError->StatusCode.STATUSUNKNOWN
2026-05-20 11:56:07.358 INFO  o.c.m.IncomingMessageProcessor - SENDER UST1 | RECEIVER LVS1 | MESSAGETYPE DAYSTART | ORDINAL 15 | ERRORCODE OK | SOURCE 20052026 | TARGET 115607 | REPORTPOINT RPUNKNOWN | LETYPE LEUNKNOWN | STATUSCODE AUTOMATIONENABLED | USERDATA null | RAWMESSAGE UST1LVS111150020052026115604????????01???????001
2026-05-20 11:56:07.359 INFO  o.c.TcpClientConfig$$SpringCGLIB$$0 - <tcpclient><recv> LVS1UST1AA150020052026115604????????01???????001
2026-05-20 11:57:32.277 INFO  o.c.ApplicationCloseListener - <tcpserver><info> ApplicationContextClosedEvent detected
2026-05-20 11:57:32.278 INFO  org.code_studio.BarcodeConfig - <tcpserver><info> Barcode communication - COM port closed: COM3
2026-05-20 11:57:32.279 INFO  o.c.ApplicationCloseListener - <tcpserver><info> Waiting for 3000 msec to receive DAYEND confirmation from CRANE, and then close the TCP connection.
2026-05-20 11:57:35.289 INFO  o.c.TcpServerConfig$$SpringCGLIB$$0 - <tcpclient><info> Connection closed: 127.0.0.1:18196:57101:ed02cc0c-c663-406e-8e3c-81c9050d9be2
2026-05-20 11:57:35.294 INFO  o.c.TcpServerConfig$$SpringCGLIB$$0 - <tcpserver><info> Connection closed: 127.0.0.1:57101:18196:65833a46-256e-4ef4-8ab7-50557ede816d
2026-05-20 11:57:45.295 INFO  o.code_studio.ComPortSchedulerTask - <tcpserver><info> Trying to open COM port for Barcode communication
2026-05-20 11:57:45.509 INFO  o.c.WebSocketServerConfig$$SpringCGLIB$$0 - <wsserver><info> Created WS channel: /app/topic
2026-05-20 11:57:45.727 INFO  o.c.TcpServerConfig$$SpringCGLIB$$0 - <tcpserver><info> TCP server started on port: 18196
2026-05-20 11:57:45.737 INFO  o.c.TcpClientConfig$$SpringCGLIB$$0 - <tcpclient><info> TCP client has been created for server: localhost:18196
2026-05-20 11:57:45.839 INFO  o.code_studio.ComPortSchedulerTask - <tcpserver><info> Barcode communication enabled. COM port open: COM3
2026-05-20 11:57:45.839 INFO  o.c.WebSocketServerConfig$$SpringCGLIB$$0 - <wsserver><info> Created WS server on endpoint: /ws
2026-05-20 11:57:47.013 INFO  o.c.TcpServerConfig$$SpringCGLIB$$0 - <tcpserver><info> Connection established: 127.0.0.1:57178:18196:9b10fd62-cdda-4626-86ca-1be90e8095ae
2026-05-20 11:57:47.014 INFO  o.c.TcpServerConfig$$SpringCGLIB$$0 - <tcpclient><info> Connection established: 127.0.0.1:18196:57178:f17a7905-420d-4777-be09-fb496764dd27
2026-05-20 11:57:47.015 INFO  o.c.CraneClientConnectedListener - <tcpsvr><info> CraneClientConnectedEvent detected
2026-05-20 11:57:47.053 WARN  o.c.ApplicationReadyListener - <tcpsvr><info> Message Flow Automation Debug is ENABLED
2026-05-20 11:57:47.092 INFO  o.c.controller.TcpMessageController - <tcpclient><send> LVS1UST1DA160020052026115747????????01???????001
2026-05-20 11:57:47.109 INFO  o.c.CraneClientConnectedListener - <tcpclient><send> DAYSTART message sent to Crane server
2026-05-20 11:57:47.148 INFO  o.c.TcpServerConfig$$SpringCGLIB$$0 - <tcpserver><recv> LVS1UST1DA160020052026115747????????01???????001
2026-05-20 11:57:47.180 WARN  o.c.m.IncomingMessageProcessor - MessageProcessor::handleError->StatusCode.STATUSUNKNOWN
2026-05-20 11:57:47.184 INFO  o.c.m.IncomingMessageProcessor - SENDER LVS1 | RECEIVER UST1 | MESSAGETYPE DAYSTART | ORDINAL 16 | ERRORCODE OK | SOURCE 20052026 | TARGET 115747 | REPORTPOINT RPUNKNOWN | LETYPE LEUNKNOWN | STATUSCODE AUTOMATIONENABLED | USERDATA null | RAWMESSAGE LVS1UST1DA160020052026115747????????01???????001
2026-05-20 11:57:50.205 INFO  o.c.controller.TcpMessageController - <tcpclient><send> UST1LVS111170020052026115747????????01???????001
2026-05-20 11:57:50.208 INFO  o.c.TcpClientConfig$$SpringCGLIB$$0 - <tcpclient><recv> LVS1UST1DA160020052026115747????????01???????001
2026-05-20 11:57:50.209 INFO  o.c.TcpServerConfig$$SpringCGLIB$$0 - <tcpserver><recv> UST1LVS111170020052026115747????????01???????001
2026-05-20 11:57:50.209 WARN  o.c.m.IncomingMessageProcessor - MessageProcessor::handleError->StatusCode.STATUSUNKNOWN
2026-05-20 11:57:50.210 INFO  o.c.m.IncomingMessageProcessor - SENDER UST1 | RECEIVER LVS1 | MESSAGETYPE DAYSTART | ORDINAL 17 | ERRORCODE OK | SOURCE 20052026 | TARGET 115750 | REPORTPOINT RPUNKNOWN | LETYPE LEUNKNOWN | STATUSCODE AUTOMATIONENABLED | USERDATA null | RAWMESSAGE UST1LVS111170020052026115747????????01???????001
2026-05-20 11:57:50.212 INFO  o.c.TcpClientConfig$$SpringCGLIB$$0 - <tcpclient><recv> LVS1UST1AA170020052026115747????????01???????001
2026-05-20 11:59:29.868 INFO  o.c.ApplicationCloseListener - <tcpserver><info> ApplicationContextClosedEvent detected
2026-05-20 11:59:29.869 INFO  org.code_studio.BarcodeConfig - <tcpserver><info> Barcode communication - COM port closed: COM3
2026-05-20 11:59:29.870 INFO  o.c.ApplicationCloseListener - <tcpserver><info> Waiting for 3000 msec to receive DAYEND confirmation from CRANE, and then close the TCP connection.
2026-05-20 11:59:32.881 INFO  o.c.TcpServerConfig$$SpringCGLIB$$0 - <tcpclient><info> Connection closed: 127.0.0.1:18196:57178:f17a7905-420d-4777-be09-fb496764dd27
2026-05-20 11:59:32.885 INFO  o.c.TcpServerConfig$$SpringCGLIB$$0 - <tcpserver><info> Connection closed: 127.0.0.1:57178:18196:9b10fd62-cdda-4626-86ca-1be90e8095ae
2026-05-20 12:01:30.832 INFO  o.code_studio.ComPortSchedulerTask - <tcpserver><info> Trying to open COM port for Barcode communication
2026-05-20 12:01:31.039 INFO  o.c.WebSocketServerConfig$$SpringCGLIB$$0 - <wsserver><info> Created WS channel: /app/topic
2026-05-20 12:01:31.272 INFO  o.c.TcpServerConfig$$SpringCGLIB$$0 - <tcpserver><info> TCP server started on port: 18196
2026-05-20 12:01:31.282 INFO  o.c.TcpClientConfig$$SpringCGLIB$$0 - <tcpclient><info> TCP client has been created for server: localhost:18196
2026-05-20 12:01:31.412 INFO  o.c.WebSocketServerConfig$$SpringCGLIB$$0 - <wsserver><info> Created WS server on endpoint: /ws
2026-05-20 12:01:32.964 INFO  o.c.TcpServerConfig$$SpringCGLIB$$0 - <tcpclient><info> Connection established: 127.0.0.1:18196:57333:d07f38d6-c918-4169-b3c1-0e98c97709a6
2026-05-20 12:01:32.966 INFO  o.c.TcpServerConfig$$SpringCGLIB$$0 - <tcpserver><info> Connection established: 127.0.0.1:57333:18196:1a4c3a03-c000-485d-b20d-d7d19b85c87f
2026-05-20 12:01:32.967 INFO  o.c.CraneClientConnectedListener - <tcpsvr><info> CraneClientConnectedEvent detected
2026-05-20 12:01:33.115 INFO  o.c.controller.TcpMessageController - <tcpclient><send> LVS1UST1DA180020052026120133????????01???????001
2026-05-20 12:01:33.127 INFO  o.c.CraneClientConnectedListener - <tcpclient><send> DAYSTART message sent to Crane server
2026-05-20 12:01:33.151 WARN  o.c.ApplicationReadyListener - <tcpsvr><info> Message Flow Automation Debug is ENABLED
2026-05-20 12:01:33.168 INFO  o.c.TcpServerConfig$$SpringCGLIB$$0 - <tcpserver><recv> LVS1UST1DA180020052026120133????????01???????001
2026-05-20 12:01:33.192 WARN  o.c.m.IncomingMessageProcessor - MessageProcessor::handleError->StatusCode.STATUSUNKNOWN
2026-05-20 12:01:33.199 INFO  o.c.m.IncomingMessageProcessor - SENDER LVS1 | RECEIVER UST1 | MESSAGETYPE DAYSTART | ORDINAL 18 | ERRORCODE OK | SOURCE 20052026 | TARGET 120133 | REPORTPOINT RPUNKNOWN | LETYPE LEUNKNOWN | STATUSCODE AUTOMATIONENABLED | USERDATA null | RAWMESSAGE LVS1UST1DA180020052026120133????????01???????001
2026-05-20 12:01:33.713 INFO  o.code_studio.ComPortSchedulerTask - <tcpserver><info> Barcode communication enabled. COM port open: COM3
2026-05-20 12:01:36.274 INFO  o.c.controller.TcpMessageController - <tcpclient><send> UST1LVS111190020052026120133????????01???????001
2026-05-20 12:01:36.278 INFO  o.c.TcpClientConfig$$SpringCGLIB$$0 - <tcpclient><recv> LVS1UST1DA180020052026120133????????01???????001
2026-05-20 12:01:36.281 INFO  o.c.TcpServerConfig$$SpringCGLIB$$0 - <tcpserver><recv> UST1LVS111190020052026120133????????01???????001
2026-05-20 12:01:36.283 WARN  o.c.m.IncomingMessageProcessor - MessageProcessor::handleError->StatusCode.STATUSUNKNOWN
2026-05-20 12:01:36.283 INFO  o.c.m.IncomingMessageProcessor - SENDER UST1 | RECEIVER LVS1 | MESSAGETYPE DAYSTART | ORDINAL 19 | ERRORCODE OK | SOURCE 20052026 | TARGET 120136 | REPORTPOINT RPUNKNOWN | LETYPE LEUNKNOWN | STATUSCODE AUTOMATIONENABLED | USERDATA null | RAWMESSAGE UST1LVS111190020052026120133????????01???????001
2026-05-20 12:01:36.285 INFO  o.c.TcpClientConfig$$SpringCGLIB$$0 - <tcpclient><recv> LVS1UST1AA190020052026120133????????01???????001
2026-05-20 12:02:41.424 INFO  o.c.ApplicationCloseListener - <tcpserver><info> ApplicationContextClosedEvent detected
2026-05-20 12:02:41.426 INFO  org.code_studio.BarcodeConfig - <tcpserver><info> Barcode communication - COM port closed: COM3
2026-05-20 12:02:41.427 INFO  o.c.ApplicationCloseListener - <tcpserver><info> Waiting for 3000 msec to receive DAYEND confirmation from CRANE, and then close the TCP connection.
2026-05-20 12:02:44.442 INFO  o.c.TcpServerConfig$$SpringCGLIB$$0 - <tcpclient><info> Connection closed: 127.0.0.1:18196:57333:d07f38d6-c918-4169-b3c1-0e98c97709a6
2026-05-20 12:02:44.447 INFO  o.c.TcpServerConfig$$SpringCGLIB$$0 - <tcpserver><info> Connection closed: 127.0.0.1:57333:18196:1a4c3a03-c000-485d-b20d-d7d19b85c87f
2026-05-20 12:02:57.606 INFO  o.code_studio.ComPortSchedulerTask - <tcpserver><info> Trying to open COM port for Barcode communication
2026-05-20 12:02:58.218 INFO  o.code_studio.ComPortSchedulerTask - <tcpserver><info> Barcode communication enabled. COM port open: COM3
2026-05-20 12:02:58.379 INFO  o.c.WebSocketServerConfig$$SpringCGLIB$$0 - <wsserver><info> Created WS channel: /app/topic
2026-05-20 12:03:00.131 INFO  o.c.TcpServerConfig$$SpringCGLIB$$0 - <tcpserver><info> TCP server started on port: 18196
2026-05-20 12:03:00.148 INFO  o.c.TcpClientConfig$$SpringCGLIB$$0 - <tcpclient><info> TCP client has been created for server: localhost:18196
2026-05-20 12:03:00.838 INFO  o.c.WebSocketServerConfig$$SpringCGLIB$$0 - <wsserver><info> Created WS server on endpoint: /ws
2026-05-20 12:03:06.829 WARN  o.c.ApplicationReadyListener - <tcpsvr><info> Message Flow Automation Debug is ENABLED
2026-05-20 12:03:06.866 INFO  o.c.TcpServerConfig$$SpringCGLIB$$0 - <tcpserver><info> Connection established: 127.0.0.1:57419:18196:5c52c69c-2571-4a26-a913-b3eac598f96d
2026-05-20 12:03:06.868 INFO  o.c.CraneClientConnectedListener - <tcpsvr><info> CraneClientConnectedEvent detected
2026-05-20 12:03:06.870 INFO  o.c.TcpServerConfig$$SpringCGLIB$$0 - <tcpclient><info> Connection established: 127.0.0.1:18196:57419:3a5effd9-dcf3-42a9-b541-18793714d74f
2026-05-20 12:03:07.577 INFO  o.c.controller.TcpMessageController - <tcpclient><send> LVS1UST1DA200020052026120307????????01???????001
2026-05-20 12:03:07.618 INFO  o.c.CraneClientConnectedListener - <tcpclient><send> DAYSTART message sent to Crane server
2026-05-20 12:03:07.680 INFO  o.c.TcpServerConfig$$SpringCGLIB$$0 - <tcpserver><recv> LVS1UST1DA200020052026120307????????01???????001
2026-05-20 12:03:07.706 WARN  o.c.m.IncomingMessageProcessor - MessageProcessor::handleError->StatusCode.STATUSUNKNOWN
2026-05-20 12:03:07.860 INFO  o.c.m.IncomingMessageProcessor - SENDER LVS1 | RECEIVER UST1 | MESSAGETYPE DAYSTART | ORDINAL 20 | ERRORCODE OK | SOURCE 20052026 | TARGET 120307 | REPORTPOINT RPUNKNOWN | LETYPE LEUNKNOWN | STATUSCODE AUTOMATIONENABLED | USERDATA null | RAWMESSAGE LVS1UST1DA200020052026120307????????01???????001
2026-05-20 12:03:11.106 INFO  o.c.controller.TcpMessageController - <tcpclient><send> UST1LVS111210020052026120307????????01???????001
2026-05-20 12:03:11.115 INFO  o.c.TcpClientConfig$$SpringCGLIB$$0 - <tcpclient><recv> LVS1UST1DA200020052026120307????????01???????001
2026-05-20 12:03:11.120 INFO  o.c.TcpServerConfig$$SpringCGLIB$$0 - <tcpserver><recv> UST1LVS111210020052026120307????????01???????001
2026-05-20 12:03:11.127 WARN  o.c.m.IncomingMessageProcessor - MessageProcessor::handleError->StatusCode.STATUSUNKNOWN
2026-05-20 12:03:11.129 INFO  o.c.m.IncomingMessageProcessor - SENDER UST1 | RECEIVER LVS1 | MESSAGETYPE DAYSTART | ORDINAL 21 | ERRORCODE OK | SOURCE 20052026 | TARGET 120311 | REPORTPOINT RPUNKNOWN | LETYPE LEUNKNOWN | STATUSCODE AUTOMATIONENABLED | USERDATA null | RAWMESSAGE UST1LVS111210020052026120307????????01???????001
2026-05-20 12:03:11.132 INFO  o.c.TcpClientConfig$$SpringCGLIB$$0 - <tcpclient><recv> LVS1UST1AA210020052026120307????????01???????001
2026-05-20 12:04:27.943 INFO  o.c.ApplicationCloseListener - <tcpserver><info> ApplicationContextClosedEvent detected
2026-05-20 12:04:27.945 INFO  org.code_studio.BarcodeConfig - <tcpserver><info> Barcode communication - COM port closed: COM3
2026-05-20 12:04:27.945 INFO  o.c.ApplicationCloseListener - <tcpserver><info> Waiting for 3000 msec to receive DAYEND confirmation from CRANE, and then close the TCP connection.
2026-05-20 12:04:30.956 INFO  o.c.TcpServerConfig$$SpringCGLIB$$0 - <tcpclient><info> Connection closed: 127.0.0.1:18196:57419:3a5effd9-dcf3-42a9-b541-18793714d74f
2026-05-20 12:04:30.961 INFO  o.c.TcpServerConfig$$SpringCGLIB$$0 - <tcpserver><info> Connection closed: 127.0.0.1:57419:18196:5c52c69c-2571-4a26-a913-b3eac598f96d
2026-05-20 12:04:58.301 INFO  o.code_studio.ComPortSchedulerTask - <tcpserver><info> Trying to open COM port for Barcode communication
2026-05-20 12:04:58.527 INFO  o.c.WebSocketServerConfig$$SpringCGLIB$$0 - <wsserver><info> Created WS channel: /app/topic
2026-05-20 12:04:58.751 INFO  o.c.TcpServerConfig$$SpringCGLIB$$0 - <tcpserver><info> TCP server started on port: 18196
2026-05-20 12:04:58.763 INFO  o.c.TcpClientConfig$$SpringCGLIB$$0 - <tcpclient><info> TCP client has been created for server: localhost:18196
2026-05-20 12:04:58.912 INFO  o.c.WebSocketServerConfig$$SpringCGLIB$$0 - <wsserver><info> Created WS server on endpoint: /ws
2026-05-20 12:04:59.946 INFO  o.c.TcpServerConfig$$SpringCGLIB$$0 - <tcpclient><info> Connection established: 127.0.0.1:18196:57491:436ad74f-dffe-4b07-a798-fa485b0cf76d
2026-05-20 12:04:59.949 INFO  o.c.TcpServerConfig$$SpringCGLIB$$0 - <tcpserver><info> Connection established: 127.0.0.1:57491:18196:617c0531-e5c5-4dbc-bb1d-016c57c547f0
2026-05-20 12:04:59.951 INFO  o.c.CraneClientConnectedListener - <tcpsvr><info> CraneClientConnectedEvent detected
2026-05-20 12:05:00.009 WARN  o.c.ApplicationReadyListener - <tcpsvr><info> Message Flow Automation Debug is ENABLED
2026-05-20 12:05:00.034 INFO  o.c.controller.TcpMessageController - <tcpclient><send> LVS1UST1DA220020052026120500????????01???????001
2026-05-20 12:05:00.051 INFO  o.c.CraneClientConnectedListener - <tcpclient><send> DAYSTART message sent to Crane server
2026-05-20 12:05:00.074 INFO  o.c.TcpServerConfig$$SpringCGLIB$$0 - <tcpserver><recv> LVS1UST1DA220020052026120500????????01???????001
2026-05-20 12:05:00.104 WARN  o.c.m.IncomingMessageProcessor - MessageProcessor::handleError->StatusCode.STATUSUNKNOWN
2026-05-20 12:05:00.114 INFO  o.c.m.IncomingMessageProcessor - SENDER LVS1 | RECEIVER UST1 | MESSAGETYPE DAYSTART | ORDINAL 22 | ERRORCODE OK | SOURCE 20052026 | TARGET 120500 | REPORTPOINT RPUNKNOWN | LETYPE LEUNKNOWN | STATUSCODE AUTOMATIONENABLED | USERDATA null | RAWMESSAGE LVS1UST1DA220020052026120500????????01???????001
2026-05-20 12:05:01.079 INFO  o.code_studio.ComPortSchedulerTask - <tcpserver><info> Barcode communication enabled. COM port open: COM3
2026-05-20 12:05:03.135 INFO  o.c.controller.TcpMessageController - <tcpclient><send> UST1LVS111230020052026120500????????01???????001
2026-05-20 12:05:03.138 INFO  o.c.TcpClientConfig$$SpringCGLIB$$0 - <tcpclient><recv> LVS1UST1DA220020052026120500????????01???????001
2026-05-20 12:05:03.138 INFO  o.c.TcpServerConfig$$SpringCGLIB$$0 - <tcpserver><recv> UST1LVS111230020052026120500????????01???????001
2026-05-20 12:05:03.139 WARN  o.c.m.IncomingMessageProcessor - MessageProcessor::handleError->StatusCode.STATUSUNKNOWN
2026-05-20 12:05:03.139 INFO  o.c.m.IncomingMessageProcessor - SENDER UST1 | RECEIVER LVS1 | MESSAGETYPE DAYSTART | ORDINAL 23 | ERRORCODE OK | SOURCE 20052026 | TARGET 120503 | REPORTPOINT RPUNKNOWN | LETYPE LEUNKNOWN | STATUSCODE AUTOMATIONENABLED | USERDATA null | RAWMESSAGE UST1LVS111230020052026120500????????01???????001
2026-05-20 12:05:03.141 INFO  o.c.TcpClientConfig$$SpringCGLIB$$0 - <tcpclient><recv> LVS1UST1AA230020052026120500????????01???????001
2026-05-20 12:07:36.028 INFO  o.c.ApplicationCloseListener - <tcpserver><info> ApplicationContextClosedEvent detected
2026-05-20 12:07:36.030 INFO  org.code_studio.BarcodeConfig - <tcpserver><info> Barcode communication - COM port closed: COM3
2026-05-20 12:07:36.030 INFO  o.c.ApplicationCloseListener - <tcpserver><info> Waiting for 3000 msec to receive DAYEND confirmation from CRANE, and then close the TCP connection.
2026-05-20 12:07:39.044 INFO  o.c.TcpServerConfig$$SpringCGLIB$$0 - <tcpclient><info> Connection closed: 127.0.0.1:18196:57491:436ad74f-dffe-4b07-a798-fa485b0cf76d
2026-05-20 12:07:39.050 INFO  o.c.TcpServerConfig$$SpringCGLIB$$0 - <tcpserver><info> Connection closed: 127.0.0.1:57491:18196:617c0531-e5c5-4dbc-bb1d-016c57c547f0
2026-05-20 12:07:49.972 INFO  o.code_studio.ComPortSchedulerTask - <tcpserver><info> Trying to open COM port for Barcode communication
2026-05-20 12:07:50.163 INFO  o.c.WebSocketServerConfig$$SpringCGLIB$$0 - <wsserver><info> Created WS channel: /app/topic
2026-05-20 12:07:50.418 INFO  o.c.TcpServerConfig$$SpringCGLIB$$0 - <tcpserver><info> TCP server started on port: 18196
2026-05-20 12:07:50.429 INFO  o.c.TcpClientConfig$$SpringCGLIB$$0 - <tcpclient><info> TCP client has been created for server: localhost:18196
2026-05-20 12:07:50.554 INFO  o.c.WebSocketServerConfig$$SpringCGLIB$$0 - <wsserver><info> Created WS server on endpoint: /ws
2026-05-20 12:07:51.328 INFO  o.code_studio.ComPortSchedulerTask - <tcpserver><info> Barcode communication enabled. COM port open: COM3
2026-05-20 12:07:51.867 INFO  o.c.TcpServerConfig$$SpringCGLIB$$0 - <tcpserver><info> Connection established: 127.0.0.1:57595:18196:8768cfaf-d759-405e-bdc4-a94f9cc355da
2026-05-20 12:07:51.867 INFO  o.c.TcpServerConfig$$SpringCGLIB$$0 - <tcpclient><info> Connection established: 127.0.0.1:18196:57595:7695fc19-7307-4654-8bac-18b9de8c393e
2026-05-20 12:07:51.874 INFO  o.c.CraneClientConnectedListener - <tcpsvr><info> CraneClientConnectedEvent detected
2026-05-20 12:07:51.916 WARN  o.c.ApplicationReadyListener - <tcpsvr><info> Message Flow Automation Debug is ENABLED
2026-05-20 12:07:51.959 INFO  o.c.controller.TcpMessageController - <tcpclient><send> LVS1UST1DA240020052026120751????????01???????001
2026-05-20 12:07:51.974 INFO  o.c.CraneClientConnectedListener - <tcpclient><send> DAYSTART message sent to Crane server
2026-05-20 12:07:52.003 INFO  o.c.TcpServerConfig$$SpringCGLIB$$0 - <tcpserver><recv> LVS1UST1DA240020052026120751????????01???????001
2026-05-20 12:07:52.026 WARN  o.c.m.IncomingMessageProcessor - MessageProcessor::handleError->StatusCode.STATUSUNKNOWN
2026-05-20 12:07:52.030 INFO  o.c.m.IncomingMessageProcessor - SENDER LVS1 | RECEIVER UST1 | MESSAGETYPE DAYSTART | ORDINAL 24 | ERRORCODE OK | SOURCE 20052026 | TARGET 120752 | REPORTPOINT RPUNKNOWN | LETYPE LEUNKNOWN | STATUSCODE AUTOMATIONENABLED | USERDATA null | RAWMESSAGE LVS1UST1DA240020052026120751????????01???????001
2026-05-20 12:07:55.052 INFO  o.c.controller.TcpMessageController - <tcpclient><send> UST1LVS111250020052026120752????????01???????001
2026-05-20 12:07:55.055 INFO  o.c.TcpClientConfig$$SpringCGLIB$$0 - <tcpclient><recv> LVS1UST1DA240020052026120751????????01???????001
2026-05-20 12:07:55.058 INFO  o.c.TcpServerConfig$$SpringCGLIB$$0 - <tcpserver><recv> UST1LVS111250020052026120752????????01???????001
2026-05-20 12:07:55.060 WARN  o.c.m.IncomingMessageProcessor - MessageProcessor::handleError->StatusCode.STATUSUNKNOWN
2026-05-20 12:07:55.060 INFO  o.c.m.IncomingMessageProcessor - SENDER UST1 | RECEIVER LVS1 | MESSAGETYPE DAYSTART | ORDINAL 25 | ERRORCODE OK | SOURCE 20052026 | TARGET 120755 | REPORTPOINT RPUNKNOWN | LETYPE LEUNKNOWN | STATUSCODE AUTOMATIONENABLED | USERDATA null | RAWMESSAGE UST1LVS111250020052026120752????????01???????001
2026-05-20 12:07:55.063 INFO  o.c.TcpClientConfig$$SpringCGLIB$$0 - <tcpclient><recv> LVS1UST1AA250020052026120752????????01???????001
2026-05-20 12:08:47.956 INFO  o.c.ApplicationCloseListener - <tcpserver><info> ApplicationContextClosedEvent detected
2026-05-20 12:08:47.958 INFO  org.code_studio.BarcodeConfig - <tcpserver><info> Barcode communication - COM port closed: COM3
2026-05-20 12:08:47.958 INFO  o.c.ApplicationCloseListener - <tcpserver><info> Waiting for 3000 msec to receive DAYEND confirmation from CRANE, and then close the TCP connection.
2026-05-20 12:08:50.971 INFO  o.c.TcpServerConfig$$SpringCGLIB$$0 - <tcpclient><info> Connection closed: 127.0.0.1:18196:57595:7695fc19-7307-4654-8bac-18b9de8c393e
2026-05-20 12:08:50.976 INFO  o.c.TcpServerConfig$$SpringCGLIB$$0 - <tcpserver><info> Connection closed: 127.0.0.1:57595:18196:8768cfaf-d759-405e-bdc4-a94f9cc355da
2026-05-20 12:09:06.614 INFO  o.code_studio.ComPortSchedulerTask - <tcpserver><info> Trying to open COM port for Barcode communication
2026-05-20 12:09:06.786 INFO  o.c.WebSocketServerConfig$$SpringCGLIB$$0 - <wsserver><info> Created WS channel: /app/topic
2026-05-20 12:09:06.982 INFO  o.c.TcpServerConfig$$SpringCGLIB$$0 - <tcpserver><info> TCP server started on port: 18196
2026-05-20 12:09:06.993 INFO  o.c.TcpClientConfig$$SpringCGLIB$$0 - <tcpclient><info> TCP client has been created for server: localhost:18196
2026-05-20 12:09:07.083 INFO  o.c.WebSocketServerConfig$$SpringCGLIB$$0 - <wsserver><info> Created WS server on endpoint: /ws
2026-05-20 12:09:08.118 INFO  o.code_studio.ComPortSchedulerTask - <tcpserver><info> Barcode communication enabled. COM port open: COM3
2026-05-20 12:09:08.210 INFO  o.c.TcpServerConfig$$SpringCGLIB$$0 - <tcpserver><info> Connection established: 127.0.0.1:57634:18196:9c92a4b7-6bda-4455-94f5-28da13cba3b7
2026-05-20 12:09:08.214 INFO  o.c.CraneClientConnectedListener - <tcpsvr><info> CraneClientConnectedEvent detected
2026-05-20 12:09:08.218 INFO  o.c.TcpServerConfig$$SpringCGLIB$$0 - <tcpclient><info> Connection established: 127.0.0.1:18196:57634:0312d477-ff21-4871-8ce4-6f2ca967e1b3
2026-05-20 12:09:08.273 INFO  o.c.controller.TcpMessageController - <tcpclient><send> LVS1UST1DA260020052026120908????????01???????001
2026-05-20 12:09:08.285 INFO  o.c.CraneClientConnectedListener - <tcpclient><send> DAYSTART message sent to Crane server
2026-05-20 12:09:08.310 WARN  o.c.ApplicationReadyListener - <tcpsvr><info> Message Flow Automation Debug is ENABLED
2026-05-20 12:09:08.317 INFO  o.c.TcpServerConfig$$SpringCGLIB$$0 - <tcpserver><recv> LVS1UST1DA260020052026120908????????01???????001
2026-05-20 12:09:08.346 WARN  o.c.m.IncomingMessageProcessor - MessageProcessor::handleError->StatusCode.STATUSUNKNOWN
2026-05-20 12:09:08.351 INFO  o.c.m.IncomingMessageProcessor - SENDER LVS1 | RECEIVER UST1 | MESSAGETYPE DAYSTART | ORDINAL 26 | ERRORCODE OK | SOURCE 20052026 | TARGET 120908 | REPORTPOINT RPUNKNOWN | LETYPE LEUNKNOWN | STATUSCODE AUTOMATIONENABLED | USERDATA null | RAWMESSAGE LVS1UST1DA260020052026120908????????01???????001
2026-05-20 12:09:11.369 INFO  o.c.controller.TcpMessageController - <tcpclient><send> UST1LVS111270020052026120908????????01???????001
2026-05-20 12:09:11.371 INFO  o.c.TcpClientConfig$$SpringCGLIB$$0 - <tcpclient><recv> LVS1UST1DA260020052026120908????????01???????001
2026-05-20 12:09:11.372 INFO  o.c.TcpServerConfig$$SpringCGLIB$$0 - <tcpserver><recv> UST1LVS111270020052026120908????????01???????001
2026-05-20 12:09:11.373 WARN  o.c.m.IncomingMessageProcessor - MessageProcessor::handleError->StatusCode.STATUSUNKNOWN
2026-05-20 12:09:11.373 INFO  o.c.m.IncomingMessageProcessor - SENDER UST1 | RECEIVER LVS1 | MESSAGETYPE DAYSTART | ORDINAL 27 | ERRORCODE OK | SOURCE 20052026 | TARGET 120911 | REPORTPOINT RPUNKNOWN | LETYPE LEUNKNOWN | STATUSCODE AUTOMATIONENABLED | USERDATA null | RAWMESSAGE UST1LVS111270020052026120908????????01???????001
2026-05-20 12:09:11.374 INFO  o.c.TcpClientConfig$$SpringCGLIB$$0 - <tcpclient><recv> LVS1UST1AA270020052026120908????????01???????001
2026-05-20 12:10:47.895 INFO  o.c.ApplicationCloseListener - <tcpserver><info> ApplicationContextClosedEvent detected
2026-05-20 12:10:47.897 INFO  org.code_studio.BarcodeConfig - <tcpserver><info> Barcode communication - COM port closed: COM3
2026-05-20 12:10:47.898 INFO  o.c.ApplicationCloseListener - <tcpserver><info> Waiting for 3000 msec to receive DAYEND confirmation from CRANE, and then close the TCP connection.
2026-05-20 12:10:50.913 INFO  o.c.TcpServerConfig$$SpringCGLIB$$0 - <tcpclient><info> Connection closed: 127.0.0.1:18196:57634:0312d477-ff21-4871-8ce4-6f2ca967e1b3
2026-05-20 12:10:50.918 INFO  o.c.TcpServerConfig$$SpringCGLIB$$0 - <tcpserver><info> Connection closed: 127.0.0.1:57634:18196:9c92a4b7-6bda-4455-94f5-28da13cba3b7
2026-05-20 12:11:03.050 INFO  o.code_studio.ComPortSchedulerTask - <tcpserver><info> Trying to open COM port for Barcode communication
2026-05-20 12:11:03.212 INFO  o.c.WebSocketServerConfig$$SpringCGLIB$$0 - <wsserver><info> Created WS channel: /app/topic
2026-05-20 12:11:03.409 INFO  o.c.TcpServerConfig$$SpringCGLIB$$0 - <tcpserver><info> TCP server started on port: 18196
2026-05-20 12:11:03.417 INFO  o.c.TcpClientConfig$$SpringCGLIB$$0 - <tcpclient><info> TCP client has been created for server: localhost:18196
2026-05-20 12:11:03.506 INFO  o.c.WebSocketServerConfig$$SpringCGLIB$$0 - <wsserver><info> Created WS server on endpoint: /ws
2026-05-20 12:11:04.499 INFO  o.c.TcpServerConfig$$SpringCGLIB$$0 - <tcpserver><info> Connection established: 127.0.0.1:57704:18196:b22c6bdc-f1e5-422b-bc1d-a5d4e2e1a361
2026-05-20 12:11:04.506 INFO  o.c.TcpServerConfig$$SpringCGLIB$$0 - <tcpclient><info> Connection established: 127.0.0.1:18196:57704:e2bf1113-38ef-48b9-acc5-9430bb9abfd4
2026-05-20 12:11:04.507 INFO  o.c.CraneClientConnectedListener - <tcpsvr><info> CraneClientConnectedEvent detected
2026-05-20 12:11:04.550 WARN  o.c.ApplicationReadyListener - <tcpsvr><info> Message Flow Automation Debug is ENABLED
2026-05-20 12:11:04.585 INFO  o.c.controller.TcpMessageController - <tcpclient><send> LVS1UST1DA280020052026121104????????01???????001
2026-05-20 12:11:04.621 INFO  o.c.CraneClientConnectedListener - <tcpclient><send> DAYSTART message sent to Crane server
2026-05-20 12:11:04.660 INFO  o.c.TcpServerConfig$$SpringCGLIB$$0 - <tcpserver><recv> LVS1UST1DA280020052026121104????????01???????001
2026-05-20 12:11:04.685 WARN  o.c.m.IncomingMessageProcessor - MessageProcessor::handleError->StatusCode.STATUSUNKNOWN
2026-05-20 12:11:04.690 INFO  o.c.m.IncomingMessageProcessor - SENDER LVS1 | RECEIVER UST1 | MESSAGETYPE DAYSTART | ORDINAL 28 | ERRORCODE OK | SOURCE 20052026 | TARGET 121104 | REPORTPOINT RPUNKNOWN | LETYPE LEUNKNOWN | STATUSCODE AUTOMATIONENABLED | USERDATA null | RAWMESSAGE LVS1UST1DA280020052026121104????????01???????001
2026-05-20 12:11:05.943 INFO  o.code_studio.ComPortSchedulerTask - <tcpserver><info> Barcode communication enabled. COM port open: COM3
2026-05-20 12:11:07.711 INFO  o.c.controller.TcpMessageController - <tcpclient><send> UST1LVS111290020052026121104????????01???????001
2026-05-20 12:11:07.714 INFO  o.c.TcpClientConfig$$SpringCGLIB$$0 - <tcpclient><recv> LVS1UST1DA280020052026121104????????01???????001
2026-05-20 12:11:07.714 INFO  o.c.TcpServerConfig$$SpringCGLIB$$0 - <tcpserver><recv> UST1LVS111290020052026121104????????01???????001
2026-05-20 12:11:07.716 WARN  o.c.m.IncomingMessageProcessor - MessageProcessor::handleError->StatusCode.STATUSUNKNOWN
2026-05-20 12:11:07.716 INFO  o.c.m.IncomingMessageProcessor - SENDER UST1 | RECEIVER LVS1 | MESSAGETYPE DAYSTART | ORDINAL 29 | ERRORCODE OK | SOURCE 20052026 | TARGET 121107 | REPORTPOINT RPUNKNOWN | LETYPE LEUNKNOWN | STATUSCODE AUTOMATIONENABLED | USERDATA null | RAWMESSAGE UST1LVS111290020052026121104????????01???????001
2026-05-20 12:11:07.718 INFO  o.c.TcpClientConfig$$SpringCGLIB$$0 - <tcpclient><recv> LVS1UST1AA290020052026121104????????01???????001
2026-05-20 12:13:03.073 INFO  o.c.ApplicationCloseListener - <tcpserver><info> ApplicationContextClosedEvent detected
2026-05-20 12:13:03.077 INFO  org.code_studio.BarcodeConfig - <tcpserver><info> Barcode communication - COM port closed: COM3
2026-05-20 12:13:03.078 INFO  o.c.ApplicationCloseListener - <tcpserver><info> Waiting for 3000 msec to receive DAYEND confirmation from CRANE, and then close the TCP connection.
2026-05-20 12:13:06.097 INFO  o.c.TcpServerConfig$$SpringCGLIB$$0 - <tcpclient><info> Connection closed: 127.0.0.1:18196:57704:e2bf1113-38ef-48b9-acc5-9430bb9abfd4
2026-05-20 12:13:06.101 INFO  o.c.TcpServerConfig$$SpringCGLIB$$0 - <tcpserver><info> Connection closed: 127.0.0.1:57704:18196:b22c6bdc-f1e5-422b-bc1d-a5d4e2e1a361
2026-05-20 12:13:06.101 ERROR o.s.i.i.t.c.TcpNetServerConnectionFactory - Error on ServerSocket; port = 18196
java.net.SocketException: Socket closed
	at java.base/sun.nio.ch.NioSocketImpl.endAccept(NioSocketImpl.java:676)
	at java.base/sun.nio.ch.NioSocketImpl.accept(NioSocketImpl.java:749)
	at java.base/java.net.ServerSocket.implAccept(ServerSocket.java:593)
	at java.base/java.net.ServerSocket.platformImplAccept(ServerSocket.java:560)
	at java.base/java.net.ServerSocket.implAccept(ServerSocket.java:536)
	at java.base/java.net.ServerSocket.implAccept(ServerSocket.java:482)
	at java.base/java.net.ServerSocket.accept(ServerSocket.java:441)
	at org.springframework.integration.ip.tcp.connection.TcpNetServerConnectionFactory.acceptConnectionAndExecute(TcpNetServerConnectionFactory.java:168)
	at org.springframework.integration.ip.tcp.connection.TcpNetServerConnectionFactory.run(TcpNetServerConnectionFactory.java:120)
	at java.base/java.util.concurrent.ThreadPoolExecutor.runWorker(ThreadPoolExecutor.java:1095)
	at java.base/java.util.concurrent.ThreadPoolExecutor$Worker.run(ThreadPoolExecutor.java:619)
	at java.base/java.lang.Thread.run(Thread.java:1447)
2026-05-20 12:13:16.838 INFO  o.code_studio.ComPortSchedulerTask - <tcpserver><info> Trying to open COM port for Barcode communication
2026-05-20 12:13:17.026 INFO  o.c.WebSocketServerConfig$$SpringCGLIB$$0 - <wsserver><info> Created WS channel: /app/topic
2026-05-20 12:13:17.262 INFO  o.c.TcpServerConfig$$SpringCGLIB$$0 - <tcpserver><info> TCP server started on port: 18196
2026-05-20 12:13:17.269 INFO  o.c.TcpClientConfig$$SpringCGLIB$$0 - <tcpclient><info> TCP client has been created for server: localhost:18196
2026-05-20 12:13:17.355 INFO  o.c.WebSocketServerConfig$$SpringCGLIB$$0 - <wsserver><info> Created WS server on endpoint: /ws
2026-05-20 12:13:17.808 INFO  o.code_studio.ComPortSchedulerTask - <tcpserver><info> Barcode communication enabled. COM port open: COM3
2026-05-20 12:13:18.615 INFO  o.c.TcpServerConfig$$SpringCGLIB$$0 - <tcpclient><info> Connection established: 127.0.0.1:18196:57777:7452d6fa-06f2-4313-9bdb-168811782f7a
2026-05-20 12:13:18.618 INFO  o.c.TcpServerConfig$$SpringCGLIB$$0 - <tcpserver><info> Connection established: 127.0.0.1:57777:18196:60cc45ae-8a56-4d40-86b6-fe231c394461
2026-05-20 12:13:18.623 INFO  o.c.CraneClientConnectedListener - <tcpsvr><info> CraneClientConnectedEvent detected
2026-05-20 12:13:18.655 WARN  o.c.ApplicationReadyListener - <tcpsvr><info> Message Flow Automation Debug is ENABLED
2026-05-20 12:13:18.714 INFO  o.c.controller.TcpMessageController - <tcpclient><send> LVS1UST1DA300020052026121318????????01???????001
2026-05-20 12:13:18.732 INFO  o.c.CraneClientConnectedListener - <tcpclient><send> DAYSTART message sent to Crane server
2026-05-20 12:13:18.755 INFO  o.c.TcpServerConfig$$SpringCGLIB$$0 - <tcpserver><recv> LVS1UST1DA300020052026121318????????01???????001
2026-05-20 12:13:18.812 WARN  o.c.m.IncomingMessageProcessor - MessageProcessor::handleError->StatusCode.STATUSUNKNOWN
2026-05-20 12:13:18.816 INFO  o.c.m.IncomingMessageProcessor - SENDER LVS1 | RECEIVER UST1 | MESSAGETYPE DAYSTART | ORDINAL 30 | ERRORCODE OK | SOURCE 20052026 | TARGET 121318 | REPORTPOINT RPUNKNOWN | LETYPE LEUNKNOWN | STATUSCODE AUTOMATIONENABLED | USERDATA null | RAWMESSAGE LVS1UST1DA300020052026121318????????01???????001
2026-05-20 12:13:21.863 INFO  o.c.controller.TcpMessageController - <tcpclient><send> UST1LVS111310020052026121318????????01???????001
2026-05-20 12:13:21.868 INFO  o.c.TcpClientConfig$$SpringCGLIB$$0 - <tcpclient><recv> LVS1UST1DA300020052026121318????????01???????001
2026-05-20 12:13:21.873 INFO  o.c.TcpServerConfig$$SpringCGLIB$$0 - <tcpserver><recv> UST1LVS111310020052026121318????????01???????001
2026-05-20 12:13:21.875 WARN  o.c.m.IncomingMessageProcessor - MessageProcessor::handleError->StatusCode.STATUSUNKNOWN
2026-05-20 12:13:21.876 INFO  o.c.m.IncomingMessageProcessor - SENDER UST1 | RECEIVER LVS1 | MESSAGETYPE DAYSTART | ORDINAL 31 | ERRORCODE OK | SOURCE 20052026 | TARGET 121321 | REPORTPOINT RPUNKNOWN | LETYPE LEUNKNOWN | STATUSCODE AUTOMATIONENABLED | USERDATA null | RAWMESSAGE UST1LVS111310020052026121318????????01???????001
2026-05-20 12:13:21.878 INFO  o.c.TcpClientConfig$$SpringCGLIB$$0 - <tcpclient><recv> LVS1UST1AA310020052026121318????????01???????001
2026-05-20 12:15:01.254 INFO  o.c.ApplicationCloseListener - <tcpserver><info> ApplicationContextClosedEvent detected
2026-05-20 12:15:01.258 INFO  org.code_studio.BarcodeConfig - <tcpserver><info> Barcode communication - COM port closed: COM3
2026-05-20 12:15:01.258 INFO  o.c.ApplicationCloseListener - <tcpserver><info> Waiting for 3000 msec to receive DAYEND confirmation from CRANE, and then close the TCP connection.
2026-05-20 12:15:04.267 INFO  o.c.TcpServerConfig$$SpringCGLIB$$0 - <tcpclient><info> Connection closed: 127.0.0.1:18196:57777:7452d6fa-06f2-4313-9bdb-168811782f7a
2026-05-20 12:15:04.272 INFO  o.c.TcpServerConfig$$SpringCGLIB$$0 - <tcpserver><info> Connection closed: 127.0.0.1:57777:18196:60cc45ae-8a56-4d40-86b6-fe231c394461
2026-05-20 12:15:15.780 INFO  o.code_studio.ComPortSchedulerTask - <tcpserver><info> Trying to open COM port for Barcode communication
2026-05-20 12:15:15.950 INFO  o.c.WebSocketServerConfig$$SpringCGLIB$$0 - <wsserver><info> Created WS channel: /app/topic
2026-05-20 12:15:16.162 INFO  o.c.TcpServerConfig$$SpringCGLIB$$0 - <tcpserver><info> TCP server started on port: 18196
2026-05-20 12:15:16.174 INFO  o.c.TcpClientConfig$$SpringCGLIB$$0 - <tcpclient><info> TCP client has been created for server: localhost:18196
2026-05-20 12:15:16.273 INFO  o.c.WebSocketServerConfig$$SpringCGLIB$$0 - <wsserver><info> Created WS server on endpoint: /ws
2026-05-20 12:15:16.735 INFO  o.code_studio.ComPortSchedulerTask - <tcpserver><info> Barcode communication enabled. COM port open: COM3
2026-05-20 12:15:17.508 INFO  o.c.TcpServerConfig$$SpringCGLIB$$0 - <tcpserver><info> Connection established: 127.0.0.1:57865:18196:f27baad8-7322-460d-87f6-eebfcaccd335
2026-05-20 12:15:17.510 INFO  o.c.CraneClientConnectedListener - <tcpsvr><info> CraneClientConnectedEvent detected
2026-05-20 12:15:17.518 INFO  o.c.TcpServerConfig$$SpringCGLIB$$0 - <tcpclient><info> Connection established: 127.0.0.1:18196:57865:6b9e882c-60e0-4eb2-8ee4-2ab34ba27899
2026-05-20 12:15:17.538 WARN  o.c.ApplicationReadyListener - <tcpsvr><info> Message Flow Automation Debug is ENABLED
2026-05-20 12:15:17.593 INFO  o.c.controller.TcpMessageController - <tcpclient><send> LVS1UST1DA320020052026121517????????01???????001
2026-05-20 12:15:17.606 INFO  o.c.CraneClientConnectedListener - <tcpclient><send> DAYSTART message sent to Crane server
2026-05-20 12:15:17.625 INFO  o.c.TcpServerConfig$$SpringCGLIB$$0 - <tcpserver><recv> LVS1UST1DA320020052026121517????????01???????001
2026-05-20 12:15:17.721 WARN  o.c.m.IncomingMessageProcessor - MessageProcessor::handleError->StatusCode.STATUSUNKNOWN
2026-05-20 12:15:17.725 INFO  o.c.m.IncomingMessageProcessor - SENDER LVS1 | RECEIVER UST1 | MESSAGETYPE DAYSTART | ORDINAL 32 | ERRORCODE OK | SOURCE 20052026 | TARGET 121517 | REPORTPOINT RPUNKNOWN | LETYPE LEUNKNOWN | STATUSCODE AUTOMATIONENABLED | USERDATA null | RAWMESSAGE LVS1UST1DA320020052026121517????????01???????001
2026-05-20 12:15:20.749 INFO  o.c.controller.TcpMessageController - <tcpclient><send> UST1LVS111330020052026121517????????01???????001
2026-05-20 12:15:20.751 INFO  o.c.TcpClientConfig$$SpringCGLIB$$0 - <tcpclient><recv> LVS1UST1DA320020052026121517????????01???????001
2026-05-20 12:15:20.752 INFO  o.c.TcpServerConfig$$SpringCGLIB$$0 - <tcpserver><recv> UST1LVS111330020052026121517????????01???????001
2026-05-20 12:15:20.754 WARN  o.c.m.IncomingMessageProcessor - MessageProcessor::handleError->StatusCode.STATUSUNKNOWN
2026-05-20 12:15:20.754 INFO  o.c.m.IncomingMessageProcessor - SENDER UST1 | RECEIVER LVS1 | MESSAGETYPE DAYSTART | ORDINAL 33 | ERRORCODE OK | SOURCE 20052026 | TARGET 121520 | REPORTPOINT RPUNKNOWN | LETYPE LEUNKNOWN | STATUSCODE AUTOMATIONENABLED | USERDATA null | RAWMESSAGE UST1LVS111330020052026121517????????01???????001
2026-05-20 12:15:20.756 INFO  o.c.TcpClientConfig$$SpringCGLIB$$0 - <tcpclient><recv> LVS1UST1AA330020052026121517????????01???????001
2026-05-20 12:16:22.987 INFO  o.c.ApplicationCloseListener - <tcpserver><info> ApplicationContextClosedEvent detected
2026-05-20 12:16:22.988 INFO  org.code_studio.BarcodeConfig - <tcpserver><info> Barcode communication - COM port closed: COM3
2026-05-20 12:16:22.989 INFO  o.c.ApplicationCloseListener - <tcpserver><info> Waiting for 3000 msec to receive DAYEND confirmation from CRANE, and then close the TCP connection.
2026-05-20 12:16:26.030 INFO  o.c.TcpServerConfig$$SpringCGLIB$$0 - <tcpclient><info> Connection closed: 127.0.0.1:18196:57865:6b9e882c-60e0-4eb2-8ee4-2ab34ba27899
2026-05-20 12:16:26.054 INFO  o.c.TcpServerConfig$$SpringCGLIB$$0 - <tcpserver><info> Connection closed: 127.0.0.1:57865:18196:f27baad8-7322-460d-87f6-eebfcaccd335
2026-05-20 12:16:38.199 INFO  o.code_studio.ComPortSchedulerTask - <tcpserver><info> Trying to open COM port for Barcode communication
2026-05-20 12:16:38.360 INFO  o.c.WebSocketServerConfig$$SpringCGLIB$$0 - <wsserver><info> Created WS channel: /app/topic
2026-05-20 12:16:38.570 INFO  o.c.TcpServerConfig$$SpringCGLIB$$0 - <tcpserver><info> TCP server started on port: 18196
2026-05-20 12:16:38.580 INFO  o.c.TcpClientConfig$$SpringCGLIB$$0 - <tcpclient><info> TCP client has been created for server: localhost:18196
2026-05-20 12:16:38.688 INFO  o.c.WebSocketServerConfig$$SpringCGLIB$$0 - <wsserver><info> Created WS server on endpoint: /ws
2026-05-20 12:16:39.865 INFO  o.c.TcpServerConfig$$SpringCGLIB$$0 - <tcpserver><info> Connection established: 127.0.0.1:57945:18196:baff687d-e662-4d86-a403-9ad49a1c7d41
2026-05-20 12:16:39.869 INFO  o.c.CraneClientConnectedListener - <tcpsvr><info> CraneClientConnectedEvent detected
2026-05-20 12:16:39.873 INFO  o.c.TcpServerConfig$$SpringCGLIB$$0 - <tcpclient><info> Connection established: 127.0.0.1:18196:57945:293e648d-de9b-48a5-ab54-ab905171dba0
2026-05-20 12:16:39.921 WARN  o.c.ApplicationReadyListener - <tcpsvr><info> Message Flow Automation Debug is ENABLED
2026-05-20 12:16:39.931 INFO  o.code_studio.ComPortSchedulerTask - <tcpserver><info> Barcode communication enabled. COM port open: COM3
2026-05-20 12:16:39.993 INFO  o.c.controller.TcpMessageController - <tcpclient><send> LVS1UST1DA340020052026121639????????01???????001
2026-05-20 12:16:40.008 INFO  o.c.CraneClientConnectedListener - <tcpclient><send> DAYSTART message sent to Crane server
2026-05-20 12:16:40.031 INFO  o.c.TcpServerConfig$$SpringCGLIB$$0 - <tcpserver><recv> LVS1UST1DA340020052026121639????????01???????001
2026-05-20 12:16:40.056 WARN  o.c.m.IncomingMessageProcessor - MessageProcessor::handleError->StatusCode.STATUSUNKNOWN
2026-05-20 12:16:40.060 INFO  o.c.m.IncomingMessageProcessor - SENDER LVS1 | RECEIVER UST1 | MESSAGETYPE DAYSTART | ORDINAL 34 | ERRORCODE OK | SOURCE 20052026 | TARGET 121640 | REPORTPOINT RPUNKNOWN | LETYPE LEUNKNOWN | STATUSCODE AUTOMATIONENABLED | USERDATA null | RAWMESSAGE LVS1UST1DA340020052026121639????????01???????001
2026-05-20 12:16:43.083 INFO  o.c.controller.TcpMessageController - <tcpclient><send> UST1LVS111350020052026121640????????01???????001
2026-05-20 12:16:43.086 INFO  o.c.TcpClientConfig$$SpringCGLIB$$0 - <tcpclient><recv> LVS1UST1DA340020052026121639????????01???????001
2026-05-20 12:16:43.088 INFO  o.c.TcpServerConfig$$SpringCGLIB$$0 - <tcpserver><recv> UST1LVS111350020052026121640????????01???????001
2026-05-20 12:16:43.091 WARN  o.c.m.IncomingMessageProcessor - MessageProcessor::handleError->StatusCode.STATUSUNKNOWN
2026-05-20 12:16:43.091 INFO  o.c.m.IncomingMessageProcessor - SENDER UST1 | RECEIVER LVS1 | MESSAGETYPE DAYSTART | ORDINAL 35 | ERRORCODE OK | SOURCE 20052026 | TARGET 121643 | REPORTPOINT RPUNKNOWN | LETYPE LEUNKNOWN | STATUSCODE AUTOMATIONENABLED | USERDATA null | RAWMESSAGE UST1LVS111350020052026121640????????01???????001
2026-05-20 12:16:43.093 INFO  o.c.TcpClientConfig$$SpringCGLIB$$0 - <tcpclient><recv> LVS1UST1AA350020052026121640????????01???????001
2026-05-20 12:24:49.106 INFO  o.c.ApplicationCloseListener - <tcpserver><info> ApplicationContextClosedEvent detected
2026-05-20 12:24:49.137 INFO  org.code_studio.BarcodeConfig - <tcpserver><info> Barcode communication - COM port closed: COM3
2026-05-20 12:24:49.138 INFO  o.c.ApplicationCloseListener - <tcpserver><info> Waiting for 3000 msec to receive DAYEND confirmation from CRANE, and then close the TCP connection.
2026-05-20 12:24:52.233 INFO  o.c.TcpServerConfig$$SpringCGLIB$$0 - <tcpclient><info> Connection closed: 127.0.0.1:18196:57945:293e648d-de9b-48a5-ab54-ab905171dba0
2026-05-20 12:24:52.249 INFO  o.c.TcpServerConfig$$SpringCGLIB$$0 - <tcpserver><info> Connection closed: 127.0.0.1:57945:18196:baff687d-e662-4d86-a403-9ad49a1c7d41
2026-05-20 12:25:08.111 INFO  o.code_studio.ComPortSchedulerTask - <tcpserver><info> Trying to open COM port for Barcode communication
2026-05-20 12:25:08.288 INFO  o.c.WebSocketServerConfig$$SpringCGLIB$$0 - <wsserver><info> Created WS channel: /app/topic
2026-05-20 12:25:08.607 INFO  o.c.TcpServerConfig$$SpringCGLIB$$0 - <tcpserver><info> TCP server started on port: 18196
2026-05-20 12:25:08.616 INFO  o.c.TcpClientConfig$$SpringCGLIB$$0 - <tcpclient><info> TCP client has been created for server: localhost:18196
2026-05-20 12:25:08.726 INFO  o.c.WebSocketServerConfig$$SpringCGLIB$$0 - <wsserver><info> Created WS server on endpoint: /ws
2026-05-20 12:25:09.332 INFO  o.code_studio.ComPortSchedulerTask - <tcpserver><info> Barcode communication enabled. COM port open: COM3
2026-05-20 12:25:09.996 INFO  o.c.TcpServerConfig$$SpringCGLIB$$0 - <tcpserver><info> Connection established: 127.0.0.1:58169:18196:451e8da7-9008-4698-bd3a-10e146a9fc49
2026-05-20 12:25:09.996 INFO  o.c.TcpServerConfig$$SpringCGLIB$$0 - <tcpclient><info> Connection established: 127.0.0.1:18196:58169:867d2fd9-ed25-4ce2-9d7b-1716a0eb82ff
2026-05-20 12:25:09.999 INFO  o.c.CraneClientConnectedListener - <tcpsvr><info> CraneClientConnectedEvent detected
2026-05-20 12:25:10.046 WARN  o.c.ApplicationReadyListener - <tcpsvr><info> Message Flow Automation Debug is ENABLED
2026-05-20 12:25:10.066 INFO  o.c.controller.TcpMessageController - <tcpclient><send> LVS1UST1DA360020052026122510????????01???????001
2026-05-20 12:25:10.083 INFO  o.c.CraneClientConnectedListener - <tcpclient><send> DAYSTART message sent to Crane server
2026-05-20 12:25:10.103 INFO  o.c.TcpServerConfig$$SpringCGLIB$$0 - <tcpserver><recv> LVS1UST1DA360020052026122510????????01???????001
2026-05-20 12:25:10.128 WARN  o.c.m.IncomingMessageProcessor - MessageProcessor::handleError->StatusCode.STATUSUNKNOWN
2026-05-20 12:25:10.132 INFO  o.c.m.IncomingMessageProcessor - SENDER LVS1 | RECEIVER UST1 | MESSAGETYPE DAYSTART | ORDINAL 36 | ERRORCODE OK | SOURCE 20052026 | TARGET 122510 | REPORTPOINT RPUNKNOWN | LETYPE LEUNKNOWN | STATUSCODE AUTOMATIONENABLED | USERDATA null | RAWMESSAGE LVS1UST1DA360020052026122510????????01???????001
2026-05-20 12:25:13.151 INFO  o.c.controller.TcpMessageController - <tcpclient><send> UST1LVS111370020052026122510????????01???????001
2026-05-20 12:25:13.155 INFO  o.c.TcpClientConfig$$SpringCGLIB$$0 - <tcpclient><recv> LVS1UST1DA360020052026122510????????01???????001
2026-05-20 12:25:13.155 INFO  o.c.TcpServerConfig$$SpringCGLIB$$0 - <tcpserver><recv> UST1LVS111370020052026122510????????01???????001
2026-05-20 12:25:13.156 WARN  o.c.m.IncomingMessageProcessor - MessageProcessor::handleError->StatusCode.STATUSUNKNOWN
2026-05-20 12:25:13.157 INFO  o.c.m.IncomingMessageProcessor - SENDER UST1 | RECEIVER LVS1 | MESSAGETYPE DAYSTART | ORDINAL 37 | ERRORCODE OK | SOURCE 20052026 | TARGET 122513 | REPORTPOINT RPUNKNOWN | LETYPE LEUNKNOWN | STATUSCODE AUTOMATIONENABLED | USERDATA null | RAWMESSAGE UST1LVS111370020052026122510????????01???????001
2026-05-20 12:25:13.159 INFO  o.c.TcpClientConfig$$SpringCGLIB$$0 - <tcpclient><recv> LVS1UST1AA370020052026122510????????01???????001
2026-05-20 12:27:03.210 INFO  o.c.ApplicationCloseListener - <tcpserver><info> ApplicationContextClosedEvent detected
2026-05-20 12:27:03.213 INFO  org.code_studio.BarcodeConfig - <tcpserver><info> Barcode communication - COM port closed: COM3
2026-05-20 12:27:03.214 INFO  o.c.ApplicationCloseListener - <tcpserver><info> Waiting for 3000 msec to receive DAYEND confirmation from CRANE, and then close the TCP connection.
2026-05-20 12:27:06.229 INFO  o.c.TcpServerConfig$$SpringCGLIB$$0 - <tcpclient><info> Connection closed: 127.0.0.1:18196:58169:867d2fd9-ed25-4ce2-9d7b-1716a0eb82ff
2026-05-20 12:27:06.238 INFO  o.c.TcpServerConfig$$SpringCGLIB$$0 - <tcpserver><info> Connection closed: 127.0.0.1:58169:18196:451e8da7-9008-4698-bd3a-10e146a9fc49
2026-05-20 12:27:16.899 INFO  o.code_studio.ComPortSchedulerTask - <tcpserver><info> Trying to open COM port for Barcode communication
2026-05-20 12:27:17.051 INFO  o.c.WebSocketServerConfig$$SpringCGLIB$$0 - <wsserver><info> Created WS channel: /app/topic
2026-05-20 12:27:17.264 INFO  o.c.TcpServerConfig$$SpringCGLIB$$0 - <tcpserver><info> TCP server started on port: 18196
2026-05-20 12:27:17.273 INFO  o.c.TcpClientConfig$$SpringCGLIB$$0 - <tcpclient><info> TCP client has been created for server: localhost:18196
2026-05-20 12:27:17.369 INFO  o.c.WebSocketServerConfig$$SpringCGLIB$$0 - <wsserver><info> Created WS server on endpoint: /ws
2026-05-20 12:27:18.492 INFO  o.c.TcpServerConfig$$SpringCGLIB$$0 - <tcpserver><info> Connection established: 127.0.0.1:58265:18196:a624cbd9-1a8f-4789-87a6-377eea1f287a
2026-05-20 12:27:18.493 INFO  o.c.TcpServerConfig$$SpringCGLIB$$0 - <tcpclient><info> Connection established: 127.0.0.1:18196:58265:7f171f5d-8915-42db-b13a-246f9259cab0
2026-05-20 12:27:18.494 INFO  o.c.CraneClientConnectedListener - <tcpsvr><info> CraneClientConnectedEvent detected
2026-05-20 12:27:18.580 INFO  o.c.controller.TcpMessageController - <tcpclient><send> LVS1UST1DA380020052026122718????????01???????001
2026-05-20 12:27:18.584 WARN  o.c.ApplicationReadyListener - <tcpsvr><info> Message Flow Automation Debug is ENABLED
2026-05-20 12:27:18.607 INFO  o.c.CraneClientConnectedListener - <tcpclient><send> DAYSTART message sent to Crane server
2026-05-20 12:27:18.655 INFO  o.code_studio.ComPortSchedulerTask - <tcpserver><info> Barcode communication enabled. COM port open: COM3
2026-05-20 12:27:18.657 INFO  o.c.TcpServerConfig$$SpringCGLIB$$0 - <tcpserver><recv> LVS1UST1DA380020052026122718????????01???????001
2026-05-20 12:27:18.716 WARN  o.c.m.IncomingMessageProcessor - MessageProcessor::handleError->StatusCode.STATUSUNKNOWN
2026-05-20 12:27:18.724 INFO  o.c.m.IncomingMessageProcessor - SENDER LVS1 | RECEIVER UST1 | MESSAGETYPE DAYSTART | ORDINAL 38 | ERRORCODE OK | SOURCE 20052026 | TARGET 122718 | REPORTPOINT RPUNKNOWN | LETYPE LEUNKNOWN | STATUSCODE AUTOMATIONENABLED | USERDATA null | RAWMESSAGE LVS1UST1DA380020052026122718????????01???????001
2026-05-20 12:27:21.754 INFO  o.c.controller.TcpMessageController - <tcpclient><send> UST1LVS111390020052026122718????????01???????001
2026-05-20 12:27:21.758 INFO  o.c.TcpClientConfig$$SpringCGLIB$$0 - <tcpclient><recv> LVS1UST1DA380020052026122718????????01???????001
2026-05-20 12:27:21.760 INFO  o.c.TcpServerConfig$$SpringCGLIB$$0 - <tcpserver><recv> UST1LVS111390020052026122718????????01???????001
2026-05-20 12:27:21.762 WARN  o.c.m.IncomingMessageProcessor - MessageProcessor::handleError->StatusCode.STATUSUNKNOWN
2026-05-20 12:27:21.762 INFO  o.c.m.IncomingMessageProcessor - SENDER UST1 | RECEIVER LVS1 | MESSAGETYPE DAYSTART | ORDINAL 39 | ERRORCODE OK | SOURCE 20052026 | TARGET 122721 | REPORTPOINT RPUNKNOWN | LETYPE LEUNKNOWN | STATUSCODE AUTOMATIONENABLED | USERDATA null | RAWMESSAGE UST1LVS111390020052026122718????????01???????001
2026-05-20 12:27:21.764 INFO  o.c.TcpClientConfig$$SpringCGLIB$$0 - <tcpclient><recv> LVS1UST1AA390020052026122718????????01???????001
2026-05-20 12:28:27.221 INFO  o.c.ApplicationCloseListener - <tcpserver><info> ApplicationContextClosedEvent detected
2026-05-20 12:28:27.229 INFO  org.code_studio.BarcodeConfig - <tcpserver><info> Barcode communication - COM port closed: COM3
2026-05-20 12:28:27.230 INFO  o.c.ApplicationCloseListener - <tcpserver><info> Waiting for 3000 msec to receive DAYEND confirmation from CRANE, and then close the TCP connection.
2026-05-20 12:28:30.240 INFO  o.c.TcpServerConfig$$SpringCGLIB$$0 - <tcpclient><info> Connection closed: 127.0.0.1:18196:58265:7f171f5d-8915-42db-b13a-246f9259cab0
2026-05-20 12:28:30.245 INFO  o.c.TcpServerConfig$$SpringCGLIB$$0 - <tcpserver><info> Connection closed: 127.0.0.1:58265:18196:a624cbd9-1a8f-4789-87a6-377eea1f287a
2026-05-20 12:29:30.289 INFO  o.code_studio.ComPortSchedulerTask - <tcpserver><info> Trying to open COM port for Barcode communication
2026-05-20 12:29:30.446 INFO  o.c.WebSocketServerConfig$$SpringCGLIB$$0 - <wsserver><info> Created WS channel: /app/topic
2026-05-20 12:29:30.665 INFO  o.c.TcpServerConfig$$SpringCGLIB$$0 - <tcpserver><info> TCP server started on port: 18196
2026-05-20 12:29:30.674 INFO  o.c.TcpClientConfig$$SpringCGLIB$$0 - <tcpclient><info> TCP client has been created for server: localhost:18196
2026-05-20 12:29:30.768 INFO  o.c.WebSocketServerConfig$$SpringCGLIB$$0 - <wsserver><info> Created WS server on endpoint: /ws
2026-05-20 12:29:31.788 INFO  o.code_studio.ComPortSchedulerTask - <tcpserver><info> Barcode communication enabled. COM port open: COM3
2026-05-20 12:29:31.979 INFO  o.c.TcpServerConfig$$SpringCGLIB$$0 - <tcpserver><info> Connection established: 127.0.0.1:58364:18196:c1c0a233-7e12-411d-a37c-d3ce7ec144e8
2026-05-20 12:29:31.979 INFO  o.c.TcpServerConfig$$SpringCGLIB$$0 - <tcpclient><info> Connection established: 127.0.0.1:18196:58364:1d338f1d-de00-4d2d-9f8b-a860654f684b
2026-05-20 12:29:31.981 INFO  o.c.CraneClientConnectedListener - <tcpsvr><info> CraneClientConnectedEvent detected
2026-05-20 12:29:32.030 WARN  o.c.ApplicationReadyListener - <tcpsvr><info> Message Flow Automation Debug is ENABLED
2026-05-20 12:29:32.051 INFO  o.c.controller.TcpMessageController - <tcpclient><send> LVS1UST1DA400020052026122932????????01???????001
2026-05-20 12:29:32.064 INFO  o.c.CraneClientConnectedListener - <tcpclient><send> DAYSTART message sent to Crane server
2026-05-20 12:29:32.094 INFO  o.c.TcpServerConfig$$SpringCGLIB$$0 - <tcpserver><recv> LVS1UST1DA400020052026122932????????01???????001
2026-05-20 12:29:32.116 WARN  o.c.m.IncomingMessageProcessor - MessageProcessor::handleError->StatusCode.STATUSUNKNOWN
2026-05-20 12:29:32.121 INFO  o.c.m.IncomingMessageProcessor - SENDER LVS1 | RECEIVER UST1 | MESSAGETYPE DAYSTART | ORDINAL 40 | ERRORCODE OK | SOURCE 20052026 | TARGET 122932 | REPORTPOINT RPUNKNOWN | LETYPE LEUNKNOWN | STATUSCODE AUTOMATIONENABLED | USERDATA null | RAWMESSAGE LVS1UST1DA400020052026122932????????01???????001
2026-05-20 12:29:35.143 INFO  o.c.controller.TcpMessageController - <tcpclient><send> UST1LVS111410020052026122932????????01???????001
2026-05-20 12:29:35.146 INFO  o.c.TcpClientConfig$$SpringCGLIB$$0 - <tcpclient><recv> LVS1UST1DA400020052026122932????????01???????001
2026-05-20 12:29:35.146 INFO  o.c.TcpServerConfig$$SpringCGLIB$$0 - <tcpserver><recv> UST1LVS111410020052026122932????????01???????001
2026-05-20 12:29:35.147 WARN  o.c.m.IncomingMessageProcessor - MessageProcessor::handleError->StatusCode.STATUSUNKNOWN
2026-05-20 12:29:35.147 INFO  o.c.m.IncomingMessageProcessor - SENDER UST1 | RECEIVER LVS1 | MESSAGETYPE DAYSTART | ORDINAL 41 | ERRORCODE OK | SOURCE 20052026 | TARGET 122935 | REPORTPOINT RPUNKNOWN | LETYPE LEUNKNOWN | STATUSCODE AUTOMATIONENABLED | USERDATA null | RAWMESSAGE UST1LVS111410020052026122932????????01???????001
2026-05-20 12:29:35.149 INFO  o.c.TcpClientConfig$$SpringCGLIB$$0 - <tcpclient><recv> LVS1UST1AA410020052026122932????????01???????001
2026-05-20 12:31:01.872 INFO  o.c.ApplicationCloseListener - <tcpserver><info> ApplicationContextClosedEvent detected
2026-05-20 12:31:01.873 INFO  org.code_studio.BarcodeConfig - <tcpserver><info> Barcode communication - COM port closed: COM3
2026-05-20 12:31:01.874 INFO  o.c.ApplicationCloseListener - <tcpserver><info> Waiting for 3000 msec to receive DAYEND confirmation from CRANE, and then close the TCP connection.
2026-05-20 12:31:04.892 INFO  o.c.TcpServerConfig$$SpringCGLIB$$0 - <tcpclient><info> Connection closed: 127.0.0.1:18196:58364:1d338f1d-de00-4d2d-9f8b-a860654f684b
2026-05-20 12:31:04.898 INFO  o.c.TcpServerConfig$$SpringCGLIB$$0 - <tcpserver><info> Connection closed: 127.0.0.1:58364:18196:c1c0a233-7e12-411d-a37c-d3ce7ec144e8
2026-05-20 12:31:14.683 INFO  o.code_studio.ComPortSchedulerTask - <tcpserver><info> Trying to open COM port for Barcode communication
2026-05-20 12:31:14.905 INFO  o.c.WebSocketServerConfig$$SpringCGLIB$$0 - <wsserver><info> Created WS channel: /app/topic
2026-05-20 12:31:15.161 INFO  o.c.TcpServerConfig$$SpringCGLIB$$0 - <tcpserver><info> TCP server started on port: 18196
2026-05-20 12:31:15.170 INFO  o.c.TcpClientConfig$$SpringCGLIB$$0 - <tcpclient><info> TCP client has been created for server: localhost:18196
2026-05-20 12:31:15.286 INFO  o.c.WebSocketServerConfig$$SpringCGLIB$$0 - <wsserver><info> Created WS server on endpoint: /ws
2026-05-20 12:31:16.437 INFO  o.c.TcpServerConfig$$SpringCGLIB$$0 - <tcpclient><info> Connection established: 127.0.0.1:18196:58454:4a1e6d6f-51a1-4a2f-b94d-01efbc22e9f4
2026-05-20 12:31:16.438 INFO  o.c.TcpServerConfig$$SpringCGLIB$$0 - <tcpserver><info> Connection established: 127.0.0.1:58454:18196:69f8a97b-e459-4a74-97ae-df65a6ecf793
2026-05-20 12:31:16.440 INFO  o.c.CraneClientConnectedListener - <tcpsvr><info> CraneClientConnectedEvent detected
2026-05-20 12:31:16.486 WARN  o.c.ApplicationReadyListener - <tcpsvr><info> Message Flow Automation Debug is ENABLED
2026-05-20 12:31:16.514 INFO  o.c.controller.TcpMessageController - <tcpclient><send> LVS1UST1DA420020052026123116????????01???????001
2026-05-20 12:31:16.528 INFO  o.c.CraneClientConnectedListener - <tcpclient><send> DAYSTART message sent to Crane server
2026-05-20 12:31:16.553 INFO  o.c.TcpServerConfig$$SpringCGLIB$$0 - <tcpserver><recv> LVS1UST1DA420020052026123116????????01???????001
2026-05-20 12:31:16.582 WARN  o.c.m.IncomingMessageProcessor - MessageProcessor::handleError->StatusCode.STATUSUNKNOWN
2026-05-20 12:31:16.591 INFO  o.c.m.IncomingMessageProcessor - SENDER LVS1 | RECEIVER UST1 | MESSAGETYPE DAYSTART | ORDINAL 42 | ERRORCODE OK | SOURCE 20052026 | TARGET 123116 | REPORTPOINT RPUNKNOWN | LETYPE LEUNKNOWN | STATUSCODE AUTOMATIONENABLED | USERDATA null | RAWMESSAGE LVS1UST1DA420020052026123116????????01???????001
2026-05-20 12:31:19.627 INFO  o.c.controller.TcpMessageController - <tcpclient><send> UST1LVS111430020052026123116????????01???????001
2026-05-20 12:31:19.634 INFO  o.c.TcpClientConfig$$SpringCGLIB$$0 - <tcpclient><recv> LVS1UST1DA420020052026123116????????01???????001
2026-05-20 12:31:19.637 INFO  o.c.TcpServerConfig$$SpringCGLIB$$0 - <tcpserver><recv> UST1LVS111430020052026123116????????01???????001
2026-05-20 12:31:19.638 WARN  o.c.m.IncomingMessageProcessor - MessageProcessor::handleError->StatusCode.STATUSUNKNOWN
2026-05-20 12:31:19.640 INFO  o.c.m.IncomingMessageProcessor - SENDER UST1 | RECEIVER LVS1 | MESSAGETYPE DAYSTART | ORDINAL 43 | ERRORCODE OK | SOURCE 20052026 | TARGET 123119 | REPORTPOINT RPUNKNOWN | LETYPE LEUNKNOWN | STATUSCODE AUTOMATIONENABLED | USERDATA null | RAWMESSAGE UST1LVS111430020052026123116????????01???????001
2026-05-20 12:31:19.642 INFO  o.c.TcpClientConfig$$SpringCGLIB$$0 - <tcpclient><recv> LVS1UST1AA430020052026123116????????01???????001
2026-05-20 12:32:15.443 ERROR o.code_studio.ComPortSchedulerTask - <tcpserver><err> Barcode communication - Unable to open COM port: COM3. Barcode functionality will be DISABLED until COM port gets connected
2026-05-20 12:32:55.266 INFO  o.c.ApplicationCloseListener - <tcpserver><info> ApplicationContextClosedEvent detected
2026-05-20 12:32:55.267 INFO  o.c.ApplicationCloseListener - <tcpserver><info> Waiting for 3000 msec to receive DAYEND confirmation from CRANE, and then close the TCP connection.
2026-05-20 12:32:58.278 INFO  o.c.TcpServerConfig$$SpringCGLIB$$0 - <tcpclient><info> Connection closed: 127.0.0.1:18196:58454:4a1e6d6f-51a1-4a2f-b94d-01efbc22e9f4
2026-05-20 12:32:58.284 INFO  o.c.TcpServerConfig$$SpringCGLIB$$0 - <tcpserver><info> Connection closed: 127.0.0.1:58454:18196:69f8a97b-e459-4a74-97ae-df65a6ecf793
2026-05-20 12:33:38.836 INFO  o.code_studio.ComPortSchedulerTask - <tcpserver><info> Trying to open COM port for Barcode communication
2026-05-20 12:33:38.996 INFO  o.c.WebSocketServerConfig$$SpringCGLIB$$0 - <wsserver><info> Created WS channel: /app/topic
2026-05-20 12:33:39.200 INFO  o.c.TcpServerConfig$$SpringCGLIB$$0 - <tcpserver><info> TCP server started on port: 18196
2026-05-20 12:33:39.209 INFO  o.c.TcpClientConfig$$SpringCGLIB$$0 - <tcpclient><info> TCP client has been created for server: localhost:18196
2026-05-20 12:33:39.308 INFO  o.c.WebSocketServerConfig$$SpringCGLIB$$0 - <wsserver><info> Created WS server on endpoint: /ws
2026-05-20 12:33:40.112 INFO  o.code_studio.ComPortSchedulerTask - <tcpserver><info> Barcode communication enabled. COM port open: COM3
2026-05-20 12:33:40.454 INFO  o.c.TcpServerConfig$$SpringCGLIB$$0 - <tcpserver><info> Connection established: 127.0.0.1:58542:18196:31d2539f-f077-4cb5-9113-2d0abfbbbad2
2026-05-20 12:33:40.454 INFO  o.c.TcpServerConfig$$SpringCGLIB$$0 - <tcpclient><info> Connection established: 127.0.0.1:18196:58542:00d29c05-fda6-41c4-961a-897f9f6fab2d
2026-05-20 12:33:40.458 INFO  o.c.CraneClientConnectedListener - <tcpsvr><info> CraneClientConnectedEvent detected
2026-05-20 12:33:40.518 WARN  o.c.ApplicationReadyListener - <tcpsvr><info> Message Flow Automation Debug is ENABLED
2026-05-20 12:33:40.525 INFO  o.c.controller.TcpMessageController - <tcpclient><send> LVS1UST1DA440020052026123340????????01???????001
2026-05-20 12:33:40.542 INFO  o.c.CraneClientConnectedListener - <tcpclient><send> DAYSTART message sent to Crane server
2026-05-20 12:33:40.563 INFO  o.c.TcpServerConfig$$SpringCGLIB$$0 - <tcpserver><recv> LVS1UST1DA440020052026123340????????01???????001
2026-05-20 12:33:40.587 WARN  o.c.m.IncomingMessageProcessor - MessageProcessor::handleError->StatusCode.STATUSUNKNOWN
2026-05-20 12:33:40.591 INFO  o.c.m.IncomingMessageProcessor - SENDER LVS1 | RECEIVER UST1 | MESSAGETYPE DAYSTART | ORDINAL 44 | ERRORCODE OK | SOURCE 20052026 | TARGET 123340 | REPORTPOINT RPUNKNOWN | LETYPE LEUNKNOWN | STATUSCODE AUTOMATIONENABLED | USERDATA null | RAWMESSAGE LVS1UST1DA440020052026123340????????01???????001
2026-05-20 12:33:43.613 INFO  o.c.controller.TcpMessageController - <tcpclient><send> UST1LVS111450020052026123340????????01???????001
2026-05-20 12:33:43.617 INFO  o.c.TcpClientConfig$$SpringCGLIB$$0 - <tcpclient><recv> LVS1UST1DA440020052026123340????????01???????001
2026-05-20 12:33:43.618 INFO  o.c.TcpServerConfig$$SpringCGLIB$$0 - <tcpserver><recv> UST1LVS111450020052026123340????????01???????001
2026-05-20 12:33:43.619 WARN  o.c.m.IncomingMessageProcessor - MessageProcessor::handleError->StatusCode.STATUSUNKNOWN
2026-05-20 12:33:43.620 INFO  o.c.m.IncomingMessageProcessor - SENDER UST1 | RECEIVER LVS1 | MESSAGETYPE DAYSTART | ORDINAL 45 | ERRORCODE OK | SOURCE 20052026 | TARGET 123343 | REPORTPOINT RPUNKNOWN | LETYPE LEUNKNOWN | STATUSCODE AUTOMATIONENABLED | USERDATA null | RAWMESSAGE UST1LVS111450020052026123340????????01???????001
2026-05-20 12:33:43.621 INFO  o.c.TcpClientConfig$$SpringCGLIB$$0 - <tcpclient><recv> LVS1UST1AA450020052026123340????????01???????001
2026-05-20 13:19:59.655 INFO  o.c.ApplicationCloseListener - <tcpserver><info> ApplicationContextClosedEvent detected
2026-05-20 13:19:59.783 INFO  org.code_studio.BarcodeConfig - <tcpserver><info> Barcode communication - COM port closed: COM3
2026-05-20 13:19:59.787 INFO  o.c.ApplicationCloseListener - <tcpserver><info> Waiting for 3000 msec to receive DAYEND confirmation from CRANE, and then close the TCP connection.
2026-05-20 13:20:05.120 INFO  o.c.TcpServerConfig$$SpringCGLIB$$0 - <tcpclient><info> Connection closed: 127.0.0.1:18196:58542:00d29c05-fda6-41c4-961a-897f9f6fab2d
2026-05-20 13:20:05.137 INFO  o.c.TcpServerConfig$$SpringCGLIB$$0 - <tcpserver><info> Connection closed: 127.0.0.1:58542:18196:31d2539f-f077-4cb5-9113-2d0abfbbbad2
2026-05-20 13:20:37.348 INFO  o.code_studio.ComPortSchedulerTask - <tcpserver><info> Trying to open COM port for Barcode communication
2026-05-20 13:20:37.707 INFO  o.c.WebSocketServerConfig$$SpringCGLIB$$0 - <wsserver><info> Created WS channel: /app/topic
2026-05-20 13:20:38.183 INFO  o.c.TcpServerConfig$$SpringCGLIB$$0 - <tcpserver><info> TCP server started on port: 18196
2026-05-20 13:20:38.213 INFO  o.c.TcpClientConfig$$SpringCGLIB$$0 - <tcpclient><info> TCP client has been created for server: localhost:18196
2026-05-20 13:20:38.461 INFO  o.c.WebSocketServerConfig$$SpringCGLIB$$0 - <wsserver><info> Created WS server on endpoint: /ws
2026-05-20 13:20:41.469 INFO  o.c.TcpServerConfig$$SpringCGLIB$$0 - <tcpclient><info> Connection established: 127.0.0.1:18196:59554:e96d7668-5964-44c0-924c-6fad83fa7d9b
2026-05-20 13:20:41.475 INFO  o.c.TcpServerConfig$$SpringCGLIB$$0 - <tcpserver><info> Connection established: 127.0.0.1:59554:18196:89cd6bb3-56fc-4964-9475-1528ccbe1ab8
2026-05-20 13:20:41.477 INFO  o.c.CraneClientConnectedListener - <tcpsvr><info> CraneClientConnectedEvent detected
2026-05-20 13:20:41.595 WARN  o.c.ApplicationReadyListener - <tcpsvr><info> Message Flow Automation Debug is ENABLED
2026-05-20 13:20:41.604 INFO  o.c.controller.TcpMessageController - <tcpclient><send> LVS1UST1DA460020052026132041????????01???????001
2026-05-20 13:20:41.638 INFO  o.c.CraneClientConnectedListener - <tcpclient><send> DAYSTART message sent to Crane server
2026-05-20 13:20:41.675 INFO  o.c.TcpServerConfig$$SpringCGLIB$$0 - <tcpserver><recv> LVS1UST1DA460020052026132041????????01???????001
2026-05-20 13:20:41.713 WARN  o.c.m.IncomingMessageProcessor - MessageProcessor::handleError->StatusCode.STATUSUNKNOWN
2026-05-20 13:20:41.717 INFO  o.c.m.IncomingMessageProcessor - SENDER LVS1 | RECEIVER UST1 | MESSAGETYPE DAYSTART | ORDINAL 46 | ERRORCODE OK | SOURCE 20052026 | TARGET 132041 | REPORTPOINT RPUNKNOWN | LETYPE LEUNKNOWN | STATUSCODE AUTOMATIONENABLED | USERDATA null | RAWMESSAGE LVS1UST1DA460020052026132041????????01???????001
2026-05-20 13:20:44.758 INFO  o.c.controller.TcpMessageController - <tcpclient><send> UST1LVS111470020052026132041????????01???????001
2026-05-20 13:20:44.761 INFO  o.c.TcpClientConfig$$SpringCGLIB$$0 - <tcpclient><recv> LVS1UST1DA460020052026132041????????01???????001
2026-05-20 13:20:44.761 INFO  o.c.TcpServerConfig$$SpringCGLIB$$0 - <tcpserver><recv> UST1LVS111470020052026132041????????01???????001
2026-05-20 13:20:44.762 WARN  o.c.m.IncomingMessageProcessor - MessageProcessor::handleError->StatusCode.STATUSUNKNOWN
2026-05-20 13:20:44.762 INFO  o.c.m.IncomingMessageProcessor - SENDER UST1 | RECEIVER LVS1 | MESSAGETYPE DAYSTART | ORDINAL 47 | ERRORCODE OK | SOURCE 20052026 | TARGET 132044 | REPORTPOINT RPUNKNOWN | LETYPE LEUNKNOWN | STATUSCODE AUTOMATIONENABLED | USERDATA null | RAWMESSAGE UST1LVS111470020052026132041????????01???????001
2026-05-20 13:20:44.764 INFO  o.c.TcpClientConfig$$SpringCGLIB$$0 - <tcpclient><recv> LVS1UST1AA470020052026132041????????01???????001
2026-05-20 13:21:38.684 ERROR o.code_studio.ComPortSchedulerTask - <tcpserver><err> Barcode communication - Unable to open COM port: COM3. Barcode functionality will be DISABLED until COM port gets connected
2026-05-20 13:22:34.453 INFO  o.c.ApplicationCloseListener - <tcpserver><info> ApplicationContextClosedEvent detected
2026-05-20 13:22:34.454 INFO  o.c.ApplicationCloseListener - <tcpserver><info> Waiting for 3000 msec to receive DAYEND confirmation from CRANE, and then close the TCP connection.
2026-05-20 13:22:37.471 INFO  o.c.TcpServerConfig$$SpringCGLIB$$0 - <tcpclient><info> Connection closed: 127.0.0.1:18196:59554:e96d7668-5964-44c0-924c-6fad83fa7d9b
2026-05-20 13:22:37.479 INFO  o.c.TcpServerConfig$$SpringCGLIB$$0 - <tcpserver><info> Connection closed: 127.0.0.1:59554:18196:89cd6bb3-56fc-4964-9475-1528ccbe1ab8
2026-05-20 13:24:36.941 INFO  o.code_studio.ComPortSchedulerTask - <tcpserver><info> Trying to open COM port for Barcode communication
2026-05-20 13:24:37.110 INFO  o.c.WebSocketServerConfig$$SpringCGLIB$$0 - <wsserver><info> Created WS channel: /app/topic
2026-05-20 13:24:37.309 INFO  o.c.TcpServerConfig$$SpringCGLIB$$0 - <tcpserver><info> TCP server started on port: 18196
2026-05-20 13:24:37.319 INFO  o.c.TcpClientConfig$$SpringCGLIB$$0 - <tcpclient><info> TCP client has been created for server: localhost:18196
2026-05-20 13:24:37.423 INFO  o.c.WebSocketServerConfig$$SpringCGLIB$$0 - <wsserver><info> Created WS server on endpoint: /ws
2026-05-20 13:24:38.181 INFO  o.code_studio.ComPortSchedulerTask - <tcpserver><info> Barcode communication enabled. COM port open: COM3
2026-05-20 13:24:38.713 INFO  o.c.TcpServerConfig$$SpringCGLIB$$0 - <tcpclient><info> Connection established: 127.0.0.1:18196:59645:d987720b-e3e0-4899-a2db-85d69f4546a1
2026-05-20 13:24:38.713 INFO  o.c.TcpServerConfig$$SpringCGLIB$$0 - <tcpserver><info> Connection established: 127.0.0.1:59645:18196:6aa5f45e-07cc-41ca-bc24-d8e4cc2b1cf8
2026-05-20 13:24:38.714 INFO  o.c.CraneClientConnectedListener - <tcpsvr><info> CraneClientConnectedEvent detected
2026-05-20 13:24:38.771 WARN  o.c.ApplicationReadyListener - <tcpsvr><info> Message Flow Automation Debug is ENABLED
2026-05-20 13:24:38.787 INFO  o.c.controller.TcpMessageController - <tcpclient><send> LVS1UST1DA480020052026132438????????01???????001
2026-05-20 13:24:38.800 INFO  o.c.CraneClientConnectedListener - <tcpclient><send> DAYSTART message sent to Crane server
2026-05-20 13:24:38.836 INFO  o.c.TcpServerConfig$$SpringCGLIB$$0 - <tcpserver><recv> LVS1UST1DA480020052026132438????????01???????001
2026-05-20 13:24:38.859 WARN  o.c.m.IncomingMessageProcessor - MessageProcessor::handleError->StatusCode.STATUSUNKNOWN
2026-05-20 13:24:38.865 INFO  o.c.m.IncomingMessageProcessor - SENDER LVS1 | RECEIVER UST1 | MESSAGETYPE DAYSTART | ORDINAL 48 | ERRORCODE OK | SOURCE 20052026 | TARGET 132438 | REPORTPOINT RPUNKNOWN | LETYPE LEUNKNOWN | STATUSCODE AUTOMATIONENABLED | USERDATA null | RAWMESSAGE LVS1UST1DA480020052026132438????????01???????001
2026-05-20 13:24:41.885 INFO  o.c.controller.TcpMessageController - <tcpclient><send> UST1LVS111490020052026132438????????01???????001
2026-05-20 13:24:41.888 INFO  o.c.TcpClientConfig$$SpringCGLIB$$0 - <tcpclient><recv> LVS1UST1DA480020052026132438????????01???????001
2026-05-20 13:24:41.889 INFO  o.c.TcpServerConfig$$SpringCGLIB$$0 - <tcpserver><recv> UST1LVS111490020052026132438????????01???????001
2026-05-20 13:24:41.890 WARN  o.c.m.IncomingMessageProcessor - MessageProcessor::handleError->StatusCode.STATUSUNKNOWN
2026-05-20 13:24:41.890 INFO  o.c.m.IncomingMessageProcessor - SENDER UST1 | RECEIVER LVS1 | MESSAGETYPE DAYSTART | ORDINAL 49 | ERRORCODE OK | SOURCE 20052026 | TARGET 132441 | REPORTPOINT RPUNKNOWN | LETYPE LEUNKNOWN | STATUSCODE AUTOMATIONENABLED | USERDATA null | RAWMESSAGE UST1LVS111490020052026132438????????01???????001
2026-05-20 13:24:41.892 INFO  o.c.TcpClientConfig$$SpringCGLIB$$0 - <tcpclient><recv> LVS1UST1AA490020052026132438????????01???????001
2026-05-20 13:30:42.470 INFO  o.c.ApplicationCloseListener - <tcpserver><info> ApplicationContextClosedEvent detected
2026-05-20 13:30:42.493 INFO  org.code_studio.BarcodeConfig - <tcpserver><info> Barcode communication - COM port closed: COM3
2026-05-20 13:30:42.494 INFO  o.c.ApplicationCloseListener - <tcpserver><info> Waiting for 3000 msec to receive DAYEND confirmation from CRANE, and then close the TCP connection.
2026-05-20 13:30:45.577 INFO  o.c.TcpServerConfig$$SpringCGLIB$$0 - <tcpclient><info> Connection closed: 127.0.0.1:18196:59645:d987720b-e3e0-4899-a2db-85d69f4546a1
2026-05-20 13:30:45.598 INFO  o.c.TcpServerConfig$$SpringCGLIB$$0 - <tcpserver><info> Connection closed: 127.0.0.1:59645:18196:6aa5f45e-07cc-41ca-bc24-d8e4cc2b1cf8
2026-05-20 13:31:06.843 INFO  o.code_studio.ComPortSchedulerTask - <tcpserver><info> Trying to open COM port for Barcode communication
2026-05-20 13:31:06.993 INFO  o.c.WebSocketServerConfig$$SpringCGLIB$$0 - <wsserver><info> Created WS channel: /app/topic
2026-05-20 13:31:07.202 INFO  o.c.TcpServerConfig$$SpringCGLIB$$0 - <tcpserver><info> TCP server started on port: 18196
2026-05-20 13:31:07.215 INFO  o.c.TcpClientConfig$$SpringCGLIB$$0 - <tcpclient><info> TCP client has been created for server: localhost:18196
2026-05-20 13:31:07.307 INFO  o.c.WebSocketServerConfig$$SpringCGLIB$$0 - <wsserver><info> Created WS server on endpoint: /ws
2026-05-20 13:31:08.434 INFO  o.c.TcpServerConfig$$SpringCGLIB$$0 - <tcpclient><info> Connection established: 127.0.0.1:18196:59816:0f4ba5d7-fda7-4736-8414-c902373b0939
2026-05-20 13:31:08.434 INFO  o.c.TcpServerConfig$$SpringCGLIB$$0 - <tcpserver><info> Connection established: 127.0.0.1:59816:18196:5f009f30-0af8-4039-beb5-b01b7c5d14f9
2026-05-20 13:31:08.437 INFO  o.c.CraneClientConnectedListener - <tcpsvr><info> CraneClientConnectedEvent detected
2026-05-20 13:31:08.490 WARN  o.c.ApplicationReadyListener - <tcpsvr><info> Message Flow Automation Debug is ENABLED
2026-05-20 13:31:08.492 INFO  o.c.controller.TcpMessageController - <tcpclient><send> LVS1UST1DA500020052026133108????????01???????001
2026-05-20 13:31:08.506 INFO  o.c.CraneClientConnectedListener - <tcpclient><send> DAYSTART message sent to Crane server
2026-05-20 13:31:08.530 INFO  o.c.TcpServerConfig$$SpringCGLIB$$0 - <tcpserver><recv> LVS1UST1DA500020052026133108????????01???????001
2026-05-20 13:31:08.554 WARN  o.c.m.IncomingMessageProcessor - MessageProcessor::handleError->StatusCode.STATUSUNKNOWN
2026-05-20 13:31:08.559 INFO  o.c.m.IncomingMessageProcessor - SENDER LVS1 | RECEIVER UST1 | MESSAGETYPE DAYSTART | ORDINAL 50 | ERRORCODE OK | SOURCE 20052026 | TARGET 133108 | REPORTPOINT RPUNKNOWN | LETYPE LEUNKNOWN | STATUSCODE AUTOMATIONENABLED | USERDATA null | RAWMESSAGE LVS1UST1DA500020052026133108????????01???????001
2026-05-20 13:31:08.562 INFO  o.code_studio.ComPortSchedulerTask - <tcpserver><info> Barcode communication enabled. COM port open: COM3
2026-05-20 13:31:11.582 INFO  o.c.controller.TcpMessageController - <tcpclient><send> UST1LVS111510020052026133108????????01???????001
2026-05-20 13:31:11.586 INFO  o.c.TcpClientConfig$$SpringCGLIB$$0 - <tcpclient><recv> LVS1UST1DA500020052026133108????????01???????001
2026-05-20 13:31:11.587 INFO  o.c.TcpServerConfig$$SpringCGLIB$$0 - <tcpserver><recv> UST1LVS111510020052026133108????????01???????001
2026-05-20 13:31:11.588 WARN  o.c.m.IncomingMessageProcessor - MessageProcessor::handleError->StatusCode.STATUSUNKNOWN
2026-05-20 13:31:11.589 INFO  o.c.m.IncomingMessageProcessor - SENDER UST1 | RECEIVER LVS1 | MESSAGETYPE DAYSTART | ORDINAL 51 | ERRORCODE OK | SOURCE 20052026 | TARGET 133111 | REPORTPOINT RPUNKNOWN | LETYPE LEUNKNOWN | STATUSCODE AUTOMATIONENABLED | USERDATA null | RAWMESSAGE UST1LVS111510020052026133108????????01???????001
2026-05-20 13:31:11.590 INFO  o.c.TcpClientConfig$$SpringCGLIB$$0 - <tcpclient><recv> LVS1UST1AA510020052026133108????????01???????001
2026-05-20 13:32:33.112 INFO  o.c.ApplicationCloseListener - <tcpserver><info> ApplicationContextClosedEvent detected
2026-05-20 13:32:33.113 INFO  org.code_studio.BarcodeConfig - <tcpserver><info> Barcode communication - COM port closed: COM3
2026-05-20 13:32:33.114 INFO  o.c.ApplicationCloseListener - <tcpserver><info> Waiting for 3000 msec to receive DAYEND confirmation from CRANE, and then close the TCP connection.
2026-05-20 13:32:36.126 INFO  o.c.TcpServerConfig$$SpringCGLIB$$0 - <tcpclient><info> Connection closed: 127.0.0.1:18196:59816:0f4ba5d7-fda7-4736-8414-c902373b0939
2026-05-20 13:32:36.130 INFO  o.c.TcpServerConfig$$SpringCGLIB$$0 - <tcpserver><info> Connection closed: 127.0.0.1:59816:18196:5f009f30-0af8-4039-beb5-b01b7c5d14f9
2026-05-20 13:32:57.139 INFO  o.code_studio.ComPortSchedulerTask - <tcpserver><info> Trying to open COM port for Barcode communication
2026-05-20 13:32:57.290 INFO  o.c.WebSocketServerConfig$$SpringCGLIB$$0 - <wsserver><info> Created WS channel: /app/topic
2026-05-20 13:32:57.666 INFO  o.c.TcpServerConfig$$SpringCGLIB$$0 - <tcpserver><info> TCP server started on port: 18196
2026-05-20 13:32:57.678 INFO  o.c.TcpClientConfig$$SpringCGLIB$$0 - <tcpclient><info> TCP client has been created for server: localhost:18196
2026-05-20 13:32:57.775 INFO  o.c.WebSocketServerConfig$$SpringCGLIB$$0 - <wsserver><info> Created WS server on endpoint: /ws
2026-05-20 13:32:58.557 INFO  o.code_studio.ComPortSchedulerTask - <tcpserver><info> Barcode communication enabled. COM port open: COM3
2026-05-20 13:32:58.910 INFO  o.c.TcpServerConfig$$SpringCGLIB$$0 - <tcpserver><info> Connection established: 127.0.0.1:59919:18196:a8a95968-a033-4463-ba4c-a41812177566
2026-05-20 13:32:58.912 INFO  o.c.CraneClientConnectedListener - <tcpsvr><info> CraneClientConnectedEvent detected
2026-05-20 13:32:58.919 INFO  o.c.TcpServerConfig$$SpringCGLIB$$0 - <tcpclient><info> Connection established: 127.0.0.1:18196:59919:5261a454-568e-47d9-a7d2-ad2f108e87e9
2026-05-20 13:32:58.956 WARN  o.c.ApplicationReadyListener - <tcpsvr><info> Message Flow Automation Debug is ENABLED
2026-05-20 13:32:58.975 INFO  o.c.controller.TcpMessageController - <tcpclient><send> LVS1UST1DA520020052026133258????????01???????001
2026-05-20 13:32:59.015 INFO  o.c.CraneClientConnectedListener - <tcpclient><send> DAYSTART message sent to Crane server
2026-05-20 13:32:59.040 INFO  o.c.TcpServerConfig$$SpringCGLIB$$0 - <tcpserver><recv> LVS1UST1DA520020052026133258????????01???????001
2026-05-20 13:32:59.065 WARN  o.c.m.IncomingMessageProcessor - MessageProcessor::handleError->StatusCode.STATUSUNKNOWN
2026-05-20 13:32:59.069 INFO  o.c.m.IncomingMessageProcessor - SENDER LVS1 | RECEIVER UST1 | MESSAGETYPE DAYSTART | ORDINAL 52 | ERRORCODE OK | SOURCE 20052026 | TARGET 133259 | REPORTPOINT RPUNKNOWN | LETYPE LEUNKNOWN | STATUSCODE AUTOMATIONENABLED | USERDATA null | RAWMESSAGE LVS1UST1DA520020052026133258????????01???????001
2026-05-20 13:33:02.091 INFO  o.c.controller.TcpMessageController - <tcpclient><send> UST1LVS111530020052026133259????????01???????001
2026-05-20 13:33:02.093 INFO  o.c.TcpClientConfig$$SpringCGLIB$$0 - <tcpclient><recv> LVS1UST1DA520020052026133258????????01???????001
2026-05-20 13:33:02.094 INFO  o.c.TcpServerConfig$$SpringCGLIB$$0 - <tcpserver><recv> UST1LVS111530020052026133259????????01???????001
2026-05-20 13:33:02.095 WARN  o.c.m.IncomingMessageProcessor - MessageProcessor::handleError->StatusCode.STATUSUNKNOWN
2026-05-20 13:33:02.095 INFO  o.c.m.IncomingMessageProcessor - SENDER UST1 | RECEIVER LVS1 | MESSAGETYPE DAYSTART | ORDINAL 53 | ERRORCODE OK | SOURCE 20052026 | TARGET 133302 | REPORTPOINT RPUNKNOWN | LETYPE LEUNKNOWN | STATUSCODE AUTOMATIONENABLED | USERDATA null | RAWMESSAGE UST1LVS111530020052026133259????????01???????001
2026-05-20 13:33:02.096 INFO  o.c.TcpClientConfig$$SpringCGLIB$$0 - <tcpclient><recv> LVS1UST1AA530020052026133259????????01???????001
2026-05-20 13:34:12.569 INFO  o.c.ApplicationCloseListener - <tcpserver><info> ApplicationContextClosedEvent detected
2026-05-20 13:34:12.572 INFO  org.code_studio.BarcodeConfig - <tcpserver><info> Barcode communication - COM port closed: COM3
2026-05-20 13:34:12.572 INFO  o.c.ApplicationCloseListener - <tcpserver><info> Waiting for 3000 msec to receive DAYEND confirmation from CRANE, and then close the TCP connection.
2026-05-20 13:34:15.588 INFO  o.c.TcpServerConfig$$SpringCGLIB$$0 - <tcpclient><info> Connection closed: 127.0.0.1:18196:59919:5261a454-568e-47d9-a7d2-ad2f108e87e9
2026-05-20 13:34:15.593 INFO  o.c.TcpServerConfig$$SpringCGLIB$$0 - <tcpserver><info> Connection closed: 127.0.0.1:59919:18196:a8a95968-a033-4463-ba4c-a41812177566
2026-05-20 13:34:25.299 INFO  o.code_studio.ComPortSchedulerTask - <tcpserver><info> Trying to open COM port for Barcode communication
2026-05-20 13:34:25.450 INFO  o.c.WebSocketServerConfig$$SpringCGLIB$$0 - <wsserver><info> Created WS channel: /app/topic
2026-05-20 13:34:25.667 INFO  o.c.TcpServerConfig$$SpringCGLIB$$0 - <tcpserver><info> TCP server started on port: 18196
2026-05-20 13:34:25.674 INFO  o.c.TcpClientConfig$$SpringCGLIB$$0 - <tcpclient><info> TCP client has been created for server: localhost:18196
2026-05-20 13:34:25.754 INFO  o.c.WebSocketServerConfig$$SpringCGLIB$$0 - <wsserver><info> Created WS server on endpoint: /ws
2026-05-20 13:34:26.700 INFO  o.c.TcpServerConfig$$SpringCGLIB$$0 - <tcpserver><info> Connection established: 127.0.0.1:59965:18196:4cb384dc-2333-4704-82a3-53e924cc4927
2026-05-20 13:34:26.703 INFO  o.c.CraneClientConnectedListener - <tcpsvr><info> CraneClientConnectedEvent detected
2026-05-20 13:34:26.703 INFO  o.c.TcpServerConfig$$SpringCGLIB$$0 - <tcpclient><info> Connection established: 127.0.0.1:18196:59965:b3f4925f-3835-43df-b9f2-d6efd3e8f7cd
2026-05-20 13:34:26.758 WARN  o.c.ApplicationReadyListener - <tcpsvr><info> Message Flow Automation Debug is ENABLED
2026-05-20 13:34:26.761 INFO  o.c.controller.TcpMessageController - <tcpclient><send> LVS1UST1DA540020052026133426????????01???????001
2026-05-20 13:34:26.774 INFO  o.c.CraneClientConnectedListener - <tcpclient><send> DAYSTART message sent to Crane server
2026-05-20 13:34:26.794 INFO  o.c.TcpServerConfig$$SpringCGLIB$$0 - <tcpserver><recv> LVS1UST1DA540020052026133426????????01???????001
2026-05-20 13:34:26.816 WARN  o.c.m.IncomingMessageProcessor - MessageProcessor::handleError->StatusCode.STATUSUNKNOWN
2026-05-20 13:34:26.822 INFO  o.c.m.IncomingMessageProcessor - SENDER LVS1 | RECEIVER UST1 | MESSAGETYPE DAYSTART | ORDINAL 54 | ERRORCODE OK | SOURCE 20052026 | TARGET 133426 | REPORTPOINT RPUNKNOWN | LETYPE LEUNKNOWN | STATUSCODE AUTOMATIONENABLED | USERDATA null | RAWMESSAGE LVS1UST1DA540020052026133426????????01???????001
2026-05-20 13:34:26.937 INFO  o.code_studio.ComPortSchedulerTask - <tcpserver><info> Barcode communication enabled. COM port open: COM3
2026-05-20 13:34:29.840 INFO  o.c.controller.TcpMessageController - <tcpclient><send> UST1LVS111550020052026133426????????01???????001
2026-05-20 13:34:29.843 INFO  o.c.TcpClientConfig$$SpringCGLIB$$0 - <tcpclient><recv> LVS1UST1DA540020052026133426????????01???????001
2026-05-20 13:34:29.843 INFO  o.c.TcpServerConfig$$SpringCGLIB$$0 - <tcpserver><recv> UST1LVS111550020052026133426????????01???????001
2026-05-20 13:34:29.844 WARN  o.c.m.IncomingMessageProcessor - MessageProcessor::handleError->StatusCode.STATUSUNKNOWN
2026-05-20 13:34:29.845 INFO  o.c.m.IncomingMessageProcessor - SENDER UST1 | RECEIVER LVS1 | MESSAGETYPE DAYSTART | ORDINAL 55 | ERRORCODE OK | SOURCE 20052026 | TARGET 133429 | REPORTPOINT RPUNKNOWN | LETYPE LEUNKNOWN | STATUSCODE AUTOMATIONENABLED | USERDATA null | RAWMESSAGE UST1LVS111550020052026133426????????01???????001
2026-05-20 13:34:29.846 INFO  o.c.TcpClientConfig$$SpringCGLIB$$0 - <tcpclient><recv> LVS1UST1AA550020052026133426????????01???????001
2026-05-20 13:34:39.511 INFO  o.c.ApplicationCloseListener - <tcpserver><info> ApplicationContextClosedEvent detected
2026-05-20 13:34:39.514 INFO  org.code_studio.BarcodeConfig - <tcpserver><info> Barcode communication - COM port closed: COM3
2026-05-20 13:34:39.515 INFO  o.c.ApplicationCloseListener - <tcpserver><info> Waiting for 3000 msec to receive DAYEND confirmation from CRANE, and then close the TCP connection.
2026-05-20 13:34:42.524 INFO  o.c.TcpServerConfig$$SpringCGLIB$$0 - <tcpclient><info> Connection closed: 127.0.0.1:18196:59965:b3f4925f-3835-43df-b9f2-d6efd3e8f7cd
2026-05-20 13:34:42.530 INFO  o.c.TcpServerConfig$$SpringCGLIB$$0 - <tcpserver><info> Connection closed: 127.0.0.1:59965:18196:4cb384dc-2333-4704-82a3-53e924cc4927
2026-05-20 13:34:53.881 INFO  o.code_studio.ComPortSchedulerTask - <tcpserver><info> Trying to open COM port for Barcode communication
2026-05-20 13:34:54.023 INFO  o.c.WebSocketServerConfig$$SpringCGLIB$$0 - <wsserver><info> Created WS channel: /app/topic
2026-05-20 13:34:54.184 INFO  o.c.TcpServerConfig$$SpringCGLIB$$0 - <tcpserver><info> TCP server started on port: 18196
2026-05-20 13:34:54.193 INFO  o.c.TcpClientConfig$$SpringCGLIB$$0 - <tcpclient><info> TCP client has been created for server: localhost:18196
2026-05-20 13:34:54.284 INFO  o.c.WebSocketServerConfig$$SpringCGLIB$$0 - <wsserver><info> Created WS server on endpoint: /ws
2026-05-20 13:34:55.053 INFO  o.code_studio.ComPortSchedulerTask - <tcpserver><info> Barcode communication enabled. COM port open: COM3
2026-05-20 13:34:55.393 INFO  o.c.TcpServerConfig$$SpringCGLIB$$0 - <tcpclient><info> Connection established: 127.0.0.1:18196:59984:a0129d1f-0987-4347-8dd9-c47aa78498e1
2026-05-20 13:34:55.393 INFO  o.c.TcpServerConfig$$SpringCGLIB$$0 - <tcpserver><info> Connection established: 127.0.0.1:59984:18196:11c2084b-6aa7-4ff7-8831-c596b00017e0
2026-05-20 13:34:55.395 INFO  o.c.CraneClientConnectedListener - <tcpsvr><info> CraneClientConnectedEvent detected
2026-05-20 13:34:55.455 WARN  o.c.ApplicationReadyListener - <tcpsvr><info> Message Flow Automation Debug is ENABLED
2026-05-20 13:34:55.464 INFO  o.c.controller.TcpMessageController - <tcpclient><send> LVS1UST1DA560020052026133455????????01???????001
2026-05-20 13:34:55.488 INFO  o.c.CraneClientConnectedListener - <tcpclient><send> DAYSTART message sent to Crane server
2026-05-20 13:34:55.543 INFO  o.c.TcpServerConfig$$SpringCGLIB$$0 - <tcpserver><recv> LVS1UST1DA560020052026133455????????01???????001
2026-05-20 13:34:55.579 WARN  o.c.m.IncomingMessageProcessor - MessageProcessor::handleError->StatusCode.STATUSUNKNOWN
2026-05-20 13:34:55.585 INFO  o.c.m.IncomingMessageProcessor - SENDER LVS1 | RECEIVER UST1 | MESSAGETYPE DAYSTART | ORDINAL 56 | ERRORCODE OK | SOURCE 20052026 | TARGET 133455 | REPORTPOINT RPUNKNOWN | LETYPE LEUNKNOWN | STATUSCODE AUTOMATIONENABLED | USERDATA null | RAWMESSAGE LVS1UST1DA560020052026133455????????01???????001
2026-05-20 13:34:58.614 INFO  o.c.controller.TcpMessageController - <tcpclient><send> UST1LVS111570020052026133455????????01???????001
2026-05-20 13:34:58.618 INFO  o.c.TcpClientConfig$$SpringCGLIB$$0 - <tcpclient><recv> LVS1UST1DA560020052026133455????????01???????001
2026-05-20 13:34:58.619 INFO  o.c.TcpServerConfig$$SpringCGLIB$$0 - <tcpserver><recv> UST1LVS111570020052026133455????????01???????001
2026-05-20 13:34:58.623 WARN  o.c.m.IncomingMessageProcessor - MessageProcessor::handleError->StatusCode.STATUSUNKNOWN
2026-05-20 13:34:58.623 INFO  o.c.m.IncomingMessageProcessor - SENDER UST1 | RECEIVER LVS1 | MESSAGETYPE DAYSTART | ORDINAL 57 | ERRORCODE OK | SOURCE 20052026 | TARGET 133458 | REPORTPOINT RPUNKNOWN | LETYPE LEUNKNOWN | STATUSCODE AUTOMATIONENABLED | USERDATA null | RAWMESSAGE UST1LVS111570020052026133455????????01???????001
2026-05-20 13:34:58.631 INFO  o.c.TcpClientConfig$$SpringCGLIB$$0 - <tcpclient><recv> LVS1UST1AA570020052026133455????????01???????001
2026-05-20 13:38:29.549 INFO  o.c.ApplicationCloseListener - <tcpserver><info> ApplicationContextClosedEvent detected
2026-05-20 13:38:29.568 INFO  org.code_studio.BarcodeConfig - <tcpserver><info> Barcode communication - COM port closed: COM3
2026-05-20 13:38:29.571 INFO  o.c.ApplicationCloseListener - <tcpserver><info> Waiting for 3000 msec to receive DAYEND confirmation from CRANE, and then close the TCP connection.
2026-05-20 13:38:32.658 INFO  o.c.TcpServerConfig$$SpringCGLIB$$0 - <tcpclient><info> Connection closed: 127.0.0.1:18196:59984:a0129d1f-0987-4347-8dd9-c47aa78498e1
2026-05-20 13:38:32.676 INFO  o.c.TcpServerConfig$$SpringCGLIB$$0 - <tcpserver><info> Connection closed: 127.0.0.1:59984:18196:11c2084b-6aa7-4ff7-8831-c596b00017e0
2026-05-20 13:38:48.082 INFO  o.code_studio.ComPortSchedulerTask - <tcpserver><info> Trying to open COM port for Barcode communication
2026-05-20 13:38:48.261 INFO  o.c.WebSocketServerConfig$$SpringCGLIB$$0 - <wsserver><info> Created WS channel: /app/topic
2026-05-20 13:38:48.519 INFO  o.c.TcpServerConfig$$SpringCGLIB$$0 - <tcpserver><info> TCP server started on port: 18196
2026-05-20 13:38:48.529 INFO  o.c.TcpClientConfig$$SpringCGLIB$$0 - <tcpclient><info> TCP client has been created for server: localhost:18196
2026-05-20 13:38:48.648 INFO  o.c.WebSocketServerConfig$$SpringCGLIB$$0 - <wsserver><info> Created WS server on endpoint: /ws
2026-05-20 13:38:49.280 INFO  o.code_studio.ComPortSchedulerTask - <tcpserver><info> Barcode communication enabled. COM port open: COM3
2026-05-20 13:38:50.241 INFO  o.c.TcpServerConfig$$SpringCGLIB$$0 - <tcpclient><info> Connection established: 127.0.0.1:18196:60154:29e695ee-f3c5-4f80-815f-6372395695ed
2026-05-20 13:38:50.252 INFO  o.c.TcpServerConfig$$SpringCGLIB$$0 - <tcpserver><info> Connection established: 127.0.0.1:60154:18196:395d8b3f-6ef9-4bfc-9b2a-cda4fb574950
2026-05-20 13:38:50.261 INFO  o.c.CraneClientConnectedListener - <tcpsvr><info> CraneClientConnectedEvent detected
2026-05-20 13:38:50.339 WARN  o.c.ApplicationReadyListener - <tcpsvr><info> Message Flow Automation Debug is ENABLED
2026-05-20 13:38:50.369 INFO  o.c.controller.TcpMessageController - <tcpclient><send> LVS1UST1DA580020052026133850????????01???????001
2026-05-20 13:38:50.383 INFO  o.c.CraneClientConnectedListener - <tcpclient><send> DAYSTART message sent to Crane server
2026-05-20 13:38:50.420 INFO  o.c.TcpServerConfig$$SpringCGLIB$$0 - <tcpserver><recv> LVS1UST1DA580020052026133850????????01???????001
2026-05-20 13:38:50.445 WARN  o.c.m.IncomingMessageProcessor - MessageProcessor::handleError->StatusCode.STATUSUNKNOWN
2026-05-20 13:38:50.452 INFO  o.c.m.IncomingMessageProcessor - SENDER LVS1 | RECEIVER UST1 | MESSAGETYPE DAYSTART | ORDINAL 58 | ERRORCODE OK | SOURCE 20052026 | TARGET 133850 | REPORTPOINT RPUNKNOWN | LETYPE LEUNKNOWN | STATUSCODE AUTOMATIONENABLED | USERDATA null | RAWMESSAGE LVS1UST1DA580020052026133850????????01???????001
2026-05-20 13:38:53.482 INFO  o.c.controller.TcpMessageController - <tcpclient><send> UST1LVS111590020052026133850????????01???????001
2026-05-20 13:38:53.485 INFO  o.c.TcpClientConfig$$SpringCGLIB$$0 - <tcpclient><recv> LVS1UST1DA580020052026133850????????01???????001
2026-05-20 13:38:53.486 INFO  o.c.TcpServerConfig$$SpringCGLIB$$0 - <tcpserver><recv> UST1LVS111590020052026133850????????01???????001
2026-05-20 13:38:53.487 WARN  o.c.m.IncomingMessageProcessor - MessageProcessor::handleError->StatusCode.STATUSUNKNOWN
2026-05-20 13:38:53.488 INFO  o.c.m.IncomingMessageProcessor - SENDER UST1 | RECEIVER LVS1 | MESSAGETYPE DAYSTART | ORDINAL 59 | ERRORCODE OK | SOURCE 20052026 | TARGET 133853 | REPORTPOINT RPUNKNOWN | LETYPE LEUNKNOWN | STATUSCODE AUTOMATIONENABLED | USERDATA null | RAWMESSAGE UST1LVS111590020052026133850????????01???????001
2026-05-20 13:38:53.489 INFO  o.c.TcpClientConfig$$SpringCGLIB$$0 - <tcpclient><recv> LVS1UST1AA590020052026133850????????01???????001
2026-05-20 13:43:46.764 INFO  o.c.ApplicationCloseListener - <tcpserver><info> ApplicationContextClosedEvent detected
2026-05-20 13:43:46.797 INFO  org.code_studio.BarcodeConfig - <tcpserver><info> Barcode communication - COM port closed: COM3
2026-05-20 13:43:46.798 INFO  o.c.ApplicationCloseListener - <tcpserver><info> Waiting for 3000 msec to receive DAYEND confirmation from CRANE, and then close the TCP connection.
2026-05-20 13:43:49.911 INFO  o.c.TcpServerConfig$$SpringCGLIB$$0 - <tcpclient><info> Connection closed: 127.0.0.1:18196:60154:29e695ee-f3c5-4f80-815f-6372395695ed
2026-05-20 13:43:49.953 INFO  o.c.TcpServerConfig$$SpringCGLIB$$0 - <tcpserver><info> Connection closed: 127.0.0.1:60154:18196:395d8b3f-6ef9-4bfc-9b2a-cda4fb574950
2026-05-20 13:44:02.563 INFO  o.code_studio.ComPortSchedulerTask - <tcpserver><info> Trying to open COM port for Barcode communication
2026-05-20 13:44:02.707 INFO  o.c.WebSocketServerConfig$$SpringCGLIB$$0 - <wsserver><info> Created WS channel: /app/topic
2026-05-20 13:44:02.930 INFO  o.c.TcpServerConfig$$SpringCGLIB$$0 - <tcpserver><info> TCP server started on port: 18196
2026-05-20 13:44:02.939 INFO  o.c.TcpClientConfig$$SpringCGLIB$$0 - <tcpclient><info> TCP client has been created for server: localhost:18196
2026-05-20 13:44:03.034 INFO  o.c.WebSocketServerConfig$$SpringCGLIB$$0 - <wsserver><info> Created WS server on endpoint: /ws
2026-05-20 13:44:04.154 INFO  o.code_studio.ComPortSchedulerTask - <tcpserver><info> Barcode communication enabled. COM port open: COM3
2026-05-20 13:44:04.157 INFO  o.c.TcpServerConfig$$SpringCGLIB$$0 - <tcpserver><info> Connection established: 127.0.0.1:60636:18196:62577720-0540-4128-81a3-388a9e1cfbe5
2026-05-20 13:44:04.158 INFO  o.c.CraneClientConnectedListener - <tcpsvr><info> CraneClientConnectedEvent detected
2026-05-20 13:44:04.158 INFO  o.c.TcpServerConfig$$SpringCGLIB$$0 - <tcpclient><info> Connection established: 127.0.0.1:18196:60636:0bf5dc7c-d798-4326-b18f-c02e2c5a21d5
2026-05-20 13:44:04.205 WARN  o.c.ApplicationReadyListener - <tcpsvr><info> Message Flow Automation Debug is ENABLED
2026-05-20 13:44:04.219 INFO  o.c.controller.TcpMessageController - <tcpclient><send> LVS1UST1DA600020052026134404????????01???????001
2026-05-20 13:44:04.234 INFO  o.c.CraneClientConnectedListener - <tcpclient><send> DAYSTART message sent to Crane server
2026-05-20 13:44:04.253 INFO  o.c.TcpServerConfig$$SpringCGLIB$$0 - <tcpserver><recv> LVS1UST1DA600020052026134404????????01???????001
2026-05-20 13:44:04.275 WARN  o.c.m.IncomingMessageProcessor - MessageProcessor::handleError->StatusCode.STATUSUNKNOWN
2026-05-20 13:44:04.281 INFO  o.c.m.IncomingMessageProcessor - SENDER LVS1 | RECEIVER UST1 | MESSAGETYPE DAYSTART | ORDINAL 60 | ERRORCODE OK | SOURCE 20052026 | TARGET 134404 | REPORTPOINT RPUNKNOWN | LETYPE LEUNKNOWN | STATUSCODE AUTOMATIONENABLED | USERDATA null | RAWMESSAGE LVS1UST1DA600020052026134404????????01???????001
2026-05-20 13:44:07.303 INFO  o.c.controller.TcpMessageController - <tcpclient><send> UST1LVS111610020052026134404????????01???????001
2026-05-20 13:44:07.306 INFO  o.c.TcpClientConfig$$SpringCGLIB$$0 - <tcpclient><recv> LVS1UST1DA600020052026134404????????01???????001
2026-05-20 13:44:07.307 INFO  o.c.TcpServerConfig$$SpringCGLIB$$0 - <tcpserver><recv> UST1LVS111610020052026134404????????01???????001
2026-05-20 13:44:07.308 WARN  o.c.m.IncomingMessageProcessor - MessageProcessor::handleError->StatusCode.STATUSUNKNOWN
2026-05-20 13:44:07.308 INFO  o.c.m.IncomingMessageProcessor - SENDER UST1 | RECEIVER LVS1 | MESSAGETYPE DAYSTART | ORDINAL 61 | ERRORCODE OK | SOURCE 20052026 | TARGET 134407 | REPORTPOINT RPUNKNOWN | LETYPE LEUNKNOWN | STATUSCODE AUTOMATIONENABLED | USERDATA null | RAWMESSAGE UST1LVS111610020052026134404????????01???????001
2026-05-20 13:44:07.311 INFO  o.c.TcpClientConfig$$SpringCGLIB$$0 - <tcpclient><recv> LVS1UST1AA610020052026134404????????01???????001
2026-05-20 13:51:10.562 INFO  o.c.ApplicationCloseListener - <tcpserver><info> ApplicationContextClosedEvent detected
2026-05-20 13:51:10.593 INFO  org.code_studio.BarcodeConfig - <tcpserver><info> Barcode communication - COM port closed: COM3
2026-05-20 13:51:10.596 INFO  o.c.ApplicationCloseListener - <tcpserver><info> Waiting for 3000 msec to receive DAYEND confirmation from CRANE, and then close the TCP connection.
2026-05-20 13:51:13.693 INFO  o.c.TcpServerConfig$$SpringCGLIB$$0 - <tcpclient><info> Connection closed: 127.0.0.1:18196:60636:0bf5dc7c-d798-4326-b18f-c02e2c5a21d5
2026-05-20 13:51:13.710 INFO  o.c.TcpServerConfig$$SpringCGLIB$$0 - <tcpserver><info> Connection closed: 127.0.0.1:60636:18196:62577720-0540-4128-81a3-388a9e1cfbe5
2026-05-20 13:52:57.299 INFO  o.code_studio.ComPortSchedulerTask - <tcpserver><info> Trying to open COM port for Barcode communication
2026-05-20 13:52:57.561 INFO  o.c.WebSocketServerConfig$$SpringCGLIB$$0 - <wsserver><info> Created WS channel: /app/topic
2026-05-20 13:52:57.847 INFO  o.c.TcpServerConfig$$SpringCGLIB$$0 - <tcpserver><info> TCP server started on port: 18196
2026-05-20 13:52:57.859 INFO  o.c.TcpClientConfig$$SpringCGLIB$$0 - <tcpclient><info> TCP client has been created for server: localhost:18196
2026-05-20 13:52:57.887 INFO  o.code_studio.ComPortSchedulerTask - <tcpserver><info> Barcode communication enabled. COM port open: COM3
2026-05-20 13:52:57.999 INFO  o.c.WebSocketServerConfig$$SpringCGLIB$$0 - <wsserver><info> Created WS server on endpoint: /ws
2026-05-20 13:52:59.482 INFO  o.c.TcpServerConfig$$SpringCGLIB$$0 - <tcpserver><info> Connection established: 127.0.0.1:61158:18196:7909520c-a4c9-4e46-a6eb-2a5f33a098e8
2026-05-20 13:52:59.482 INFO  o.c.TcpServerConfig$$SpringCGLIB$$0 - <tcpclient><info> Connection established: 127.0.0.1:18196:61158:a24a22d2-a709-4cc1-bd70-efce1103de46
2026-05-20 13:52:59.485 INFO  o.c.CraneClientConnectedListener - <tcpsvr><info> CraneClientConnectedEvent detected
2026-05-20 13:52:59.552 INFO  o.c.controller.TcpMessageController - <tcpclient><send> LVS1UST1DA620020052026135259????????01???????001
2026-05-20 13:52:59.555 WARN  o.c.ApplicationReadyListener - <tcpsvr><info> Message Flow Automation Debug is ENABLED
2026-05-20 13:52:59.568 INFO  o.c.CraneClientConnectedListener - <tcpclient><send> DAYSTART message sent to Crane server
2026-05-20 13:52:59.593 INFO  o.c.TcpServerConfig$$SpringCGLIB$$0 - <tcpserver><recv> LVS1UST1DA620020052026135259????????01???????001
2026-05-20 13:52:59.621 WARN  o.c.m.IncomingMessageProcessor - MessageProcessor::handleError->StatusCode.STATUSUNKNOWN
2026-05-20 13:52:59.628 INFO  o.c.m.IncomingMessageProcessor - SENDER LVS1 | RECEIVER UST1 | MESSAGETYPE DAYSTART | ORDINAL 62 | ERRORCODE OK | SOURCE 20052026 | TARGET 135259 | REPORTPOINT RPUNKNOWN | LETYPE LEUNKNOWN | STATUSCODE AUTOMATIONENABLED | USERDATA null | RAWMESSAGE LVS1UST1DA620020052026135259????????01???????001
2026-05-20 13:53:02.651 INFO  o.c.controller.TcpMessageController - <tcpclient><send> UST1LVS111630020052026135259????????01???????001
2026-05-20 13:53:02.654 INFO  o.c.TcpClientConfig$$SpringCGLIB$$0 - <tcpclient><recv> LVS1UST1DA620020052026135259????????01???????001
2026-05-20 13:53:02.654 INFO  o.c.TcpServerConfig$$SpringCGLIB$$0 - <tcpserver><recv> UST1LVS111630020052026135259????????01???????001
2026-05-20 13:53:02.656 WARN  o.c.m.IncomingMessageProcessor - MessageProcessor::handleError->StatusCode.STATUSUNKNOWN
2026-05-20 13:53:02.657 INFO  o.c.m.IncomingMessageProcessor - SENDER UST1 | RECEIVER LVS1 | MESSAGETYPE DAYSTART | ORDINAL 63 | ERRORCODE OK | SOURCE 20052026 | TARGET 135302 | REPORTPOINT RPUNKNOWN | LETYPE LEUNKNOWN | STATUSCODE AUTOMATIONENABLED | USERDATA null | RAWMESSAGE UST1LVS111630020052026135259????????01???????001
2026-05-20 13:53:02.659 INFO  o.c.TcpClientConfig$$SpringCGLIB$$0 - <tcpclient><recv> LVS1UST1AA630020052026135259????????01???????001
2026-05-20 13:55:41.522 INFO  o.c.ApplicationCloseListener - <tcpserver><info> ApplicationContextClosedEvent detected
2026-05-20 13:55:41.539 INFO  org.code_studio.BarcodeConfig - <tcpserver><info> Barcode communication - COM port closed: COM3
2026-05-20 13:55:41.541 INFO  o.c.ApplicationCloseListener - <tcpserver><info> Waiting for 3000 msec to receive DAYEND confirmation from CRANE, and then close the TCP connection.
2026-05-20 13:55:44.601 INFO  o.c.TcpServerConfig$$SpringCGLIB$$0 - <tcpclient><info> Connection closed: 127.0.0.1:18196:61158:a24a22d2-a709-4cc1-bd70-efce1103de46
2026-05-20 13:55:44.649 INFO  o.c.TcpServerConfig$$SpringCGLIB$$0 - <tcpserver><info> Connection closed: 127.0.0.1:61158:18196:7909520c-a4c9-4e46-a6eb-2a5f33a098e8
2026-05-20 13:57:22.651 INFO  o.code_studio.ComPortSchedulerTask - <tcpserver><info> Trying to open COM port for Barcode communication
2026-05-20 13:57:22.865 INFO  o.c.WebSocketServerConfig$$SpringCGLIB$$0 - <wsserver><info> Created WS channel: /app/topic
2026-05-20 13:57:23.158 INFO  o.c.TcpServerConfig$$SpringCGLIB$$0 - <tcpserver><info> TCP server started on port: 18196
2026-05-20 13:57:23.170 INFO  o.c.TcpClientConfig$$SpringCGLIB$$0 - <tcpclient><info> TCP client has been created for server: localhost:18196
2026-05-20 13:57:23.326 INFO  o.c.WebSocketServerConfig$$SpringCGLIB$$0 - <wsserver><info> Created WS server on endpoint: /ws
2026-05-20 13:57:24.335 INFO  o.code_studio.ComPortSchedulerTask - <tcpserver><info> Barcode communication enabled. COM port open: COM3
2026-05-20 13:57:25.152 INFO  o.c.TcpServerConfig$$SpringCGLIB$$0 - <tcpserver><info> Connection established: 127.0.0.1:61948:18196:26b1a2f7-e577-41cb-be41-e78b29ac3f3c
2026-05-20 13:57:25.153 INFO  o.c.TcpServerConfig$$SpringCGLIB$$0 - <tcpclient><info> Connection established: 127.0.0.1:18196:61948:3a19b552-7b3c-4b82-81da-685a30b4f52b
2026-05-20 13:57:25.154 INFO  o.c.CraneClientConnectedListener - <tcpsvr><info> CraneClientConnectedEvent detected
2026-05-20 13:57:25.211 INFO  o.c.controller.TcpMessageController - <tcpclient><send> LVS1UST1DA640020052026135725????????01???????001
2026-05-20 13:57:25.218 WARN  o.c.ApplicationReadyListener - <tcpsvr><info> Message Flow Automation Debug is ENABLED
2026-05-20 13:57:25.226 INFO  o.c.CraneClientConnectedListener - <tcpclient><send> DAYSTART message sent to Crane server
2026-05-20 13:57:25.251 INFO  o.c.TcpServerConfig$$SpringCGLIB$$0 - <tcpserver><recv> LVS1UST1DA640020052026135725????????01???????001
2026-05-20 13:57:25.286 WARN  o.c.m.IncomingMessageProcessor - MessageProcessor::handleError->StatusCode.STATUSUNKNOWN
2026-05-20 13:57:25.293 INFO  o.c.m.IncomingMessageProcessor - SENDER LVS1 | RECEIVER UST1 | MESSAGETYPE DAYSTART | ORDINAL 64 | ERRORCODE OK | SOURCE 20052026 | TARGET 135725 | REPORTPOINT RPUNKNOWN | LETYPE LEUNKNOWN | STATUSCODE AUTOMATIONENABLED | USERDATA null | RAWMESSAGE LVS1UST1DA640020052026135725????????01???????001
2026-05-20 13:57:28.321 INFO  o.c.controller.TcpMessageController - <tcpclient><send> UST1LVS111650020052026135725????????01???????001
2026-05-20 13:57:28.324 INFO  o.c.TcpClientConfig$$SpringCGLIB$$0 - <tcpclient><recv> LVS1UST1DA640020052026135725????????01???????001
2026-05-20 13:57:28.324 INFO  o.c.TcpServerConfig$$SpringCGLIB$$0 - <tcpserver><recv> UST1LVS111650020052026135725????????01???????001
2026-05-20 13:57:28.326 WARN  o.c.m.IncomingMessageProcessor - MessageProcessor::handleError->StatusCode.STATUSUNKNOWN
2026-05-20 13:57:28.327 INFO  o.c.m.IncomingMessageProcessor - SENDER UST1 | RECEIVER LVS1 | MESSAGETYPE DAYSTART | ORDINAL 65 | ERRORCODE OK | SOURCE 20052026 | TARGET 135728 | REPORTPOINT RPUNKNOWN | LETYPE LEUNKNOWN | STATUSCODE AUTOMATIONENABLED | USERDATA null | RAWMESSAGE UST1LVS111650020052026135725????????01???????001
2026-05-20 13:57:28.329 INFO  o.c.TcpClientConfig$$SpringCGLIB$$0 - <tcpclient><recv> LVS1UST1AA650020052026135725????????01???????001
2026-05-20 13:59:48.920 INFO  o.c.ApplicationCloseListener - <tcpserver><info> ApplicationContextClosedEvent detected
2026-05-20 13:59:48.933 INFO  org.code_studio.BarcodeConfig - <tcpserver><info> Barcode communication - COM port closed: COM3
2026-05-20 13:59:48.934 INFO  o.c.ApplicationCloseListener - <tcpserver><info> Waiting for 3000 msec to receive DAYEND confirmation from CRANE, and then close the TCP connection.
2026-05-20 13:59:51.984 INFO  o.c.TcpServerConfig$$SpringCGLIB$$0 - <tcpclient><info> Connection closed: 127.0.0.1:18196:61948:3a19b552-7b3c-4b82-81da-685a30b4f52b
2026-05-20 13:59:51.992 INFO  o.c.TcpServerConfig$$SpringCGLIB$$0 - <tcpserver><info> Connection closed: 127.0.0.1:61948:18196:26b1a2f7-e577-41cb-be41-e78b29ac3f3c
2026-05-20 14:00:22.196 INFO  o.code_studio.ComPortSchedulerTask - <tcpserver><info> Trying to open COM port for Barcode communication
2026-05-20 14:00:22.377 INFO  o.c.WebSocketServerConfig$$SpringCGLIB$$0 - <wsserver><info> Created WS channel: /app/topic
2026-05-20 14:00:22.634 INFO  o.c.TcpServerConfig$$SpringCGLIB$$0 - <tcpserver><info> TCP server started on port: 18196
2026-05-20 14:00:22.645 INFO  o.c.TcpClientConfig$$SpringCGLIB$$0 - <tcpclient><info> TCP client has been created for server: localhost:18196
2026-05-20 14:00:22.768 INFO  o.c.WebSocketServerConfig$$SpringCGLIB$$0 - <wsserver><info> Created WS server on endpoint: /ws
2026-05-20 14:00:24.091 INFO  o.c.TcpServerConfig$$SpringCGLIB$$0 - <tcpclient><info> Connection established: 127.0.0.1:18196:62096:2650d70e-667a-41ed-bc13-3af5c2bee915
2026-05-20 14:00:24.115 INFO  o.c.TcpServerConfig$$SpringCGLIB$$0 - <tcpserver><info> Connection established: 127.0.0.1:62096:18196:1029e5ca-b8a1-40fc-a233-8eba183e7b3f
2026-05-20 14:00:24.134 INFO  o.c.CraneClientConnectedListener - <tcpsvr><info> CraneClientConnectedEvent detected
2026-05-20 14:00:24.202 WARN  o.c.ApplicationReadyListener - <tcpsvr><info> Message Flow Automation Debug is ENABLED
2026-05-20 14:00:24.272 INFO  o.c.controller.TcpMessageController - <tcpclient><send> LVS1UST1DA660020052026140024????????01???????001
2026-05-20 14:00:24.285 INFO  o.c.CraneClientConnectedListener - <tcpclient><send> DAYSTART message sent to Crane server
2026-05-20 14:00:24.312 INFO  o.c.TcpServerConfig$$SpringCGLIB$$0 - <tcpserver><recv> LVS1UST1DA660020052026140024????????01???????001
2026-05-20 14:00:24.341 WARN  o.c.m.IncomingMessageProcessor - MessageProcessor::handleError->StatusCode.STATUSUNKNOWN
2026-05-20 14:00:24.347 INFO  o.c.m.IncomingMessageProcessor - SENDER LVS1 | RECEIVER UST1 | MESSAGETYPE DAYSTART | ORDINAL 66 | ERRORCODE OK | SOURCE 20052026 | TARGET 140024 | REPORTPOINT RPUNKNOWN | LETYPE LEUNKNOWN | STATUSCODE AUTOMATIONENABLED | USERDATA null | RAWMESSAGE LVS1UST1DA660020052026140024????????01???????001
2026-05-20 14:00:24.618 INFO  o.code_studio.ComPortSchedulerTask - <tcpserver><info> Barcode communication enabled. COM port open: COM3
2026-05-20 14:00:27.379 INFO  o.c.controller.TcpMessageController - <tcpclient><send> UST1LVS111670020052026140024????????01???????001
2026-05-20 14:00:27.383 INFO  o.c.TcpClientConfig$$SpringCGLIB$$0 - <tcpclient><recv> LVS1UST1DA660020052026140024????????01???????001
2026-05-20 14:00:27.383 INFO  o.c.TcpServerConfig$$SpringCGLIB$$0 - <tcpserver><recv> UST1LVS111670020052026140024????????01???????001
2026-05-20 14:00:27.384 WARN  o.c.m.IncomingMessageProcessor - MessageProcessor::handleError->StatusCode.STATUSUNKNOWN
2026-05-20 14:00:27.384 INFO  o.c.m.IncomingMessageProcessor - SENDER UST1 | RECEIVER LVS1 | MESSAGETYPE DAYSTART | ORDINAL 67 | ERRORCODE OK | SOURCE 20052026 | TARGET 140027 | REPORTPOINT RPUNKNOWN | LETYPE LEUNKNOWN | STATUSCODE AUTOMATIONENABLED | USERDATA null | RAWMESSAGE UST1LVS111670020052026140024????????01???????001
2026-05-20 14:00:27.386 INFO  o.c.TcpClientConfig$$SpringCGLIB$$0 - <tcpclient><recv> LVS1UST1AA670020052026140024????????01???????001
2026-05-20 14:03:28.743 INFO  o.c.ApplicationCloseListener - <tcpserver><info> ApplicationContextClosedEvent detected
2026-05-20 14:03:28.759 INFO  org.code_studio.BarcodeConfig - <tcpserver><info> Barcode communication - COM port closed: COM3
2026-05-20 14:03:28.761 INFO  o.c.ApplicationCloseListener - <tcpserver><info> Waiting for 3000 msec to receive DAYEND confirmation from CRANE, and then close the TCP connection.
2026-05-20 14:03:31.837 INFO  o.c.TcpServerConfig$$SpringCGLIB$$0 - <tcpclient><info> Connection closed: 127.0.0.1:18196:62096:2650d70e-667a-41ed-bc13-3af5c2bee915
2026-05-20 14:03:31.861 INFO  o.c.TcpServerConfig$$SpringCGLIB$$0 - <tcpserver><info> Connection closed: 127.0.0.1:62096:18196:1029e5ca-b8a1-40fc-a233-8eba183e7b3f
2026-05-20 14:04:45.805 INFO  o.code_studio.ComPortSchedulerTask - <tcpserver><info> Trying to open COM port for Barcode communication
2026-05-20 14:04:45.976 INFO  o.c.WebSocketServerConfig$$SpringCGLIB$$0 - <wsserver><info> Created WS channel: /app/topic
2026-05-20 14:04:46.652 INFO  o.c.TcpServerConfig$$SpringCGLIB$$0 - <tcpserver><info> TCP server started on port: 18196
2026-05-20 14:04:46.679 INFO  o.c.TcpClientConfig$$SpringCGLIB$$0 - <tcpclient><info> TCP client has been created for server: localhost:18196
2026-05-20 14:04:46.906 INFO  o.c.WebSocketServerConfig$$SpringCGLIB$$0 - <wsserver><info> Created WS server on endpoint: /ws
2026-05-20 14:04:48.443 INFO  o.code_studio.ComPortSchedulerTask - <tcpserver><info> Barcode communication enabled. COM port open: COM3
2026-05-20 14:04:49.638 INFO  o.c.TcpServerConfig$$SpringCGLIB$$0 - <tcpserver><info> Connection established: 127.0.0.1:63273:18196:bcda3491-28c7-4509-94e6-108d97d0123d
2026-05-20 14:04:49.639 INFO  o.c.TcpServerConfig$$SpringCGLIB$$0 - <tcpclient><info> Connection established: 127.0.0.1:18196:63273:6ee67fe3-f30d-468b-a9f7-31a20507d0bc
2026-05-20 14:04:49.640 INFO  o.c.CraneClientConnectedListener - <tcpsvr><info> CraneClientConnectedEvent detected
2026-05-20 14:04:49.680 WARN  o.c.ApplicationReadyListener - <tcpsvr><info> Message Flow Automation Debug is ENABLED
2026-05-20 14:04:49.711 INFO  o.c.controller.TcpMessageController - <tcpclient><send> LVS1UST1DA680020052026140449????????01???????001
2026-05-20 14:04:49.730 INFO  o.c.CraneClientConnectedListener - <tcpclient><send> DAYSTART message sent to Crane server
2026-05-20 14:04:49.761 INFO  o.c.TcpServerConfig$$SpringCGLIB$$0 - <tcpserver><recv> LVS1UST1DA680020052026140449????????01???????001
2026-05-20 14:04:49.789 WARN  o.c.m.IncomingMessageProcessor - MessageProcessor::handleError->StatusCode.STATUSUNKNOWN
2026-05-20 14:04:49.802 INFO  o.c.m.IncomingMessageProcessor - SENDER LVS1 | RECEIVER UST1 | MESSAGETYPE DAYSTART | ORDINAL 68 | ERRORCODE OK | SOURCE 20052026 | TARGET 140449 | REPORTPOINT RPUNKNOWN | LETYPE LEUNKNOWN | STATUSCODE AUTOMATIONENABLED | USERDATA null | RAWMESSAGE LVS1UST1DA680020052026140449????????01???????001
2026-05-20 14:04:52.831 INFO  o.c.controller.TcpMessageController - <tcpclient><send> UST1LVS111690020052026140449????????01???????001
2026-05-20 14:04:52.835 INFO  o.c.TcpClientConfig$$SpringCGLIB$$0 - <tcpclient><recv> LVS1UST1DA680020052026140449????????01???????001
2026-05-20 14:04:52.838 INFO  o.c.TcpServerConfig$$SpringCGLIB$$0 - <tcpserver><recv> UST1LVS111690020052026140449????????01???????001
2026-05-20 14:04:52.839 WARN  o.c.m.IncomingMessageProcessor - MessageProcessor::handleError->StatusCode.STATUSUNKNOWN
2026-05-20 14:04:52.840 INFO  o.c.m.IncomingMessageProcessor - SENDER UST1 | RECEIVER LVS1 | MESSAGETYPE DAYSTART | ORDINAL 69 | ERRORCODE OK | SOURCE 20052026 | TARGET 140452 | REPORTPOINT RPUNKNOWN | LETYPE LEUNKNOWN | STATUSCODE AUTOMATIONENABLED | USERDATA null | RAWMESSAGE UST1LVS111690020052026140449????????01???????001
2026-05-20 14:04:52.841 INFO  o.c.TcpClientConfig$$SpringCGLIB$$0 - <tcpclient><recv> LVS1UST1AA690020052026140449????????01???????001
2026-05-20 14:13:35.344 INFO  o.c.ApplicationCloseListener - <tcpserver><info> ApplicationContextClosedEvent detected
2026-05-20 14:13:35.357 INFO  org.code_studio.BarcodeConfig - <tcpserver><info> Barcode communication - COM port closed: COM3
2026-05-20 14:13:35.358 INFO  o.c.ApplicationCloseListener - <tcpserver><info> Waiting for 3000 msec to receive DAYEND confirmation from CRANE, and then close the TCP connection.
2026-05-20 14:13:38.417 INFO  o.c.TcpServerConfig$$SpringCGLIB$$0 - <tcpclient><info> Connection closed: 127.0.0.1:18196:63273:6ee67fe3-f30d-468b-a9f7-31a20507d0bc
2026-05-20 14:13:38.429 INFO  o.c.TcpServerConfig$$SpringCGLIB$$0 - <tcpserver><info> Connection closed: 127.0.0.1:63273:18196:bcda3491-28c7-4509-94e6-108d97d0123d
2026-05-20 14:13:49.351 INFO  o.code_studio.ComPortSchedulerTask - <tcpserver><info> Trying to open COM port for Barcode communication
2026-05-20 14:13:49.531 INFO  o.c.WebSocketServerConfig$$SpringCGLIB$$0 - <wsserver><info> Created WS channel: /app/topic
2026-05-20 14:13:49.716 INFO  o.c.TcpServerConfig$$SpringCGLIB$$0 - <tcpserver><info> TCP server started on port: 18196
2026-05-20 14:13:49.725 INFO  o.c.TcpClientConfig$$SpringCGLIB$$0 - <tcpclient><info> TCP client has been created for server: localhost:18196
2026-05-20 14:13:49.820 INFO  o.c.WebSocketServerConfig$$SpringCGLIB$$0 - <wsserver><info> Created WS server on endpoint: /ws
2026-05-20 14:13:50.834 INFO  o.c.TcpServerConfig$$SpringCGLIB$$0 - <tcpserver><info> Connection established: 127.0.0.1:65363:18196:8b18f713-4578-47ec-b5ec-4913e81623cb
2026-05-20 14:13:50.837 INFO  o.c.CraneClientConnectedListener - <tcpsvr><info> CraneClientConnectedEvent detected
2026-05-20 14:13:50.842 INFO  o.c.TcpServerConfig$$SpringCGLIB$$0 - <tcpclient><info> Connection established: 127.0.0.1:18196:65363:d034af92-7fd7-46df-9d20-91df51b792e8
2026-05-20 14:13:50.902 WARN  o.c.ApplicationReadyListener - <tcpsvr><info> Message Flow Automation Debug is ENABLED
2026-05-20 14:13:50.913 INFO  o.c.controller.TcpMessageController - <tcpclient><send> LVS1UST1DA700020052026141350????????01???????001
2026-05-20 14:13:50.927 INFO  o.c.CraneClientConnectedListener - <tcpclient><send> DAYSTART message sent to Crane server
2026-05-20 14:13:50.948 INFO  o.c.TcpServerConfig$$SpringCGLIB$$0 - <tcpserver><recv> LVS1UST1DA700020052026141350????????01???????001
2026-05-20 14:13:50.970 WARN  o.c.m.IncomingMessageProcessor - MessageProcessor::handleError->StatusCode.STATUSUNKNOWN
2026-05-20 14:13:50.976 INFO  o.c.m.IncomingMessageProcessor - SENDER LVS1 | RECEIVER UST1 | MESSAGETYPE DAYSTART | ORDINAL 70 | ERRORCODE OK | SOURCE 20052026 | TARGET 141350 | REPORTPOINT RPUNKNOWN | LETYPE LEUNKNOWN | STATUSCODE AUTOMATIONENABLED | USERDATA null | RAWMESSAGE LVS1UST1DA700020052026141350????????01???????001
2026-05-20 14:13:50.996 INFO  o.code_studio.ComPortSchedulerTask - <tcpserver><info> Barcode communication enabled. COM port open: COM3
2026-05-20 14:13:54.000 INFO  o.c.controller.TcpMessageController - <tcpclient><send> UST1LVS111710020052026141350????????01???????001
2026-05-20 14:13:54.003 INFO  o.c.TcpClientConfig$$SpringCGLIB$$0 - <tcpclient><recv> LVS1UST1DA700020052026141350????????01???????001
2026-05-20 14:13:54.005 INFO  o.c.TcpServerConfig$$SpringCGLIB$$0 - <tcpserver><recv> UST1LVS111710020052026141350????????01???????001
2026-05-20 14:13:54.007 WARN  o.c.m.IncomingMessageProcessor - MessageProcessor::handleError->StatusCode.STATUSUNKNOWN
2026-05-20 14:13:54.008 INFO  o.c.m.IncomingMessageProcessor - SENDER UST1 | RECEIVER LVS1 | MESSAGETYPE DAYSTART | ORDINAL 71 | ERRORCODE OK | SOURCE 20052026 | TARGET 141354 | REPORTPOINT RPUNKNOWN | LETYPE LEUNKNOWN | STATUSCODE AUTOMATIONENABLED | USERDATA null | RAWMESSAGE UST1LVS111710020052026141350????????01???????001
2026-05-20 14:13:54.010 INFO  o.c.TcpClientConfig$$SpringCGLIB$$0 - <tcpclient><recv> LVS1UST1AA710020052026141350????????01???????001
2026-05-20 14:16:15.015 INFO  o.c.ApplicationCloseListener - <tcpserver><info> ApplicationContextClosedEvent detected
2026-05-20 14:16:15.073 INFO  org.code_studio.BarcodeConfig - <tcpserver><info> Barcode communication - COM port closed: COM3
2026-05-20 14:16:15.074 INFO  o.c.ApplicationCloseListener - <tcpserver><info> Waiting for 3000 msec to receive DAYEND confirmation from CRANE, and then close the TCP connection.
2026-05-20 14:16:18.111 INFO  o.c.TcpServerConfig$$SpringCGLIB$$0 - <tcpclient><info> Connection closed: 127.0.0.1:18196:65363:d034af92-7fd7-46df-9d20-91df51b792e8
2026-05-20 14:16:18.116 INFO  o.c.TcpServerConfig$$SpringCGLIB$$0 - <tcpserver><info> Connection closed: 127.0.0.1:65363:18196:8b18f713-4578-47ec-b5ec-4913e81623cb
2026-05-20 14:16:32.552 INFO  o.code_studio.ComPortSchedulerTask - <tcpserver><info> Trying to open COM port for Barcode communication
2026-05-20 14:16:32.767 INFO  o.c.WebSocketServerConfig$$SpringCGLIB$$0 - <wsserver><info> Created WS channel: /app/topic
2026-05-20 14:16:33.074 INFO  o.c.TcpServerConfig$$SpringCGLIB$$0 - <tcpserver><info> TCP server started on port: 18196
2026-05-20 14:16:33.087 INFO  o.c.TcpClientConfig$$SpringCGLIB$$0 - <tcpclient><info> TCP client has been created for server: localhost:18196
2026-05-20 14:16:33.246 INFO  o.c.WebSocketServerConfig$$SpringCGLIB$$0 - <wsserver><info> Created WS server on endpoint: /ws
2026-05-20 14:16:33.595 INFO  o.code_studio.ComPortSchedulerTask - <tcpserver><info> Barcode communication enabled. COM port open: COM3
2026-05-20 14:16:35.005 INFO  o.c.TcpServerConfig$$SpringCGLIB$$0 - <tcpserver><info> Connection established: 127.0.0.1:49575:18196:8818c067-da55-4397-99a3-d7c6599710b9
2026-05-20 14:16:35.005 INFO  o.c.TcpServerConfig$$SpringCGLIB$$0 - <tcpclient><info> Connection established: 127.0.0.1:18196:49575:06070c4c-3515-49e9-be66-5675016db7c4
2026-05-20 14:16:35.013 INFO  o.c.CraneClientConnectedListener - <tcpsvr><info> CraneClientConnectedEvent detected
2026-05-20 14:16:35.184 WARN  o.c.ApplicationReadyListener - <tcpsvr><info> Message Flow Automation Debug is ENABLED
2026-05-20 14:16:35.185 INFO  o.c.controller.TcpMessageController - <tcpclient><send> LVS1UST1DA720020052026141635????????01???????001
2026-05-20 14:16:35.204 INFO  o.c.CraneClientConnectedListener - <tcpclient><send> DAYSTART message sent to Crane server
2026-05-20 14:16:35.229 INFO  o.c.TcpServerConfig$$SpringCGLIB$$0 - <tcpserver><recv> LVS1UST1DA720020052026141635????????01???????001
2026-05-20 14:16:35.271 WARN  o.c.m.IncomingMessageProcessor - MessageProcessor::handleError->StatusCode.STATUSUNKNOWN
2026-05-20 14:16:35.278 INFO  o.c.m.IncomingMessageProcessor - SENDER LVS1 | RECEIVER UST1 | MESSAGETYPE DAYSTART | ORDINAL 72 | ERRORCODE OK | SOURCE 20052026 | TARGET 141635 | REPORTPOINT RPUNKNOWN | LETYPE LEUNKNOWN | STATUSCODE AUTOMATIONENABLED | USERDATA null | RAWMESSAGE LVS1UST1DA720020052026141635????????01???????001
2026-05-20 14:16:38.301 INFO  o.c.controller.TcpMessageController - <tcpclient><send> UST1LVS111730020052026141635????????01???????001
2026-05-20 14:16:38.306 INFO  o.c.TcpClientConfig$$SpringCGLIB$$0 - <tcpclient><recv> LVS1UST1DA720020052026141635????????01???????001
2026-05-20 14:16:38.306 INFO  o.c.TcpServerConfig$$SpringCGLIB$$0 - <tcpserver><recv> UST1LVS111730020052026141635????????01???????001
2026-05-20 14:16:38.307 WARN  o.c.m.IncomingMessageProcessor - MessageProcessor::handleError->StatusCode.STATUSUNKNOWN
2026-05-20 14:16:38.307 INFO  o.c.m.IncomingMessageProcessor - SENDER UST1 | RECEIVER LVS1 | MESSAGETYPE DAYSTART | ORDINAL 73 | ERRORCODE OK | SOURCE 20052026 | TARGET 141638 | REPORTPOINT RPUNKNOWN | LETYPE LEUNKNOWN | STATUSCODE AUTOMATIONENABLED | USERDATA null | RAWMESSAGE UST1LVS111730020052026141635????????01???????001
2026-05-20 14:16:38.309 INFO  o.c.TcpClientConfig$$SpringCGLIB$$0 - <tcpclient><recv> LVS1UST1AA730020052026141635????????01???????001
2026-05-20 14:19:08.770 INFO  o.c.ApplicationCloseListener - <tcpserver><info> ApplicationContextClosedEvent detected
2026-05-20 14:19:08.777 INFO  org.code_studio.BarcodeConfig - <tcpserver><info> Barcode communication - COM port closed: COM3
2026-05-20 14:19:08.778 INFO  o.c.ApplicationCloseListener - <tcpserver><info> Waiting for 3000 msec to receive DAYEND confirmation from CRANE, and then close the TCP connection.
2026-05-20 14:19:11.819 INFO  o.c.TcpServerConfig$$SpringCGLIB$$0 - <tcpclient><info> Connection closed: 127.0.0.1:18196:49575:06070c4c-3515-49e9-be66-5675016db7c4
2026-05-20 14:19:11.824 INFO  o.c.TcpServerConfig$$SpringCGLIB$$0 - <tcpserver><info> Connection closed: 127.0.0.1:49575:18196:8818c067-da55-4397-99a3-d7c6599710b9
2026-05-20 14:19:31.152 INFO  o.code_studio.ComPortSchedulerTask - <tcpserver><info> Trying to open COM port for Barcode communication
2026-05-20 14:19:31.323 INFO  o.c.WebSocketServerConfig$$SpringCGLIB$$0 - <wsserver><info> Created WS channel: /app/topic
2026-05-20 14:19:31.510 INFO  o.c.TcpServerConfig$$SpringCGLIB$$0 - <tcpserver><info> TCP server started on port: 18196
2026-05-20 14:19:31.518 INFO  o.c.TcpClientConfig$$SpringCGLIB$$0 - <tcpclient><info> TCP client has been created for server: localhost:18196
2026-05-20 14:19:31.640 INFO  o.c.WebSocketServerConfig$$SpringCGLIB$$0 - <wsserver><info> Created WS server on endpoint: /ws
2026-05-20 14:19:32.933 INFO  o.c.TcpServerConfig$$SpringCGLIB$$0 - <tcpclient><info> Connection established: 127.0.0.1:18196:50602:38b3488e-c2eb-4cb2-a6b2-a719a68ae3c5
2026-05-20 14:19:32.933 INFO  o.c.TcpServerConfig$$SpringCGLIB$$0 - <tcpserver><info> Connection established: 127.0.0.1:50602:18196:776ae110-0b24-4b7c-8de6-054419a6ca51
2026-05-20 14:19:32.934 INFO  o.c.CraneClientConnectedListener - <tcpsvr><info> CraneClientConnectedEvent detected
2026-05-20 14:19:32.987 WARN  o.c.ApplicationReadyListener - <tcpsvr><info> Message Flow Automation Debug is ENABLED
2026-05-20 14:19:32.997 INFO  o.c.controller.TcpMessageController - <tcpclient><send> LVS1UST1DA740020052026141932????????01???????001
2026-05-20 14:19:33.012 INFO  o.c.CraneClientConnectedListener - <tcpclient><send> DAYSTART message sent to Crane server
2026-05-20 14:19:33.034 INFO  o.c.TcpServerConfig$$SpringCGLIB$$0 - <tcpserver><recv> LVS1UST1DA740020052026141932????????01???????001
2026-05-20 14:19:33.071 WARN  o.c.m.IncomingMessageProcessor - MessageProcessor::handleError->StatusCode.STATUSUNKNOWN
2026-05-20 14:19:33.078 INFO  o.c.m.IncomingMessageProcessor - SENDER LVS1 | RECEIVER UST1 | MESSAGETYPE DAYSTART | ORDINAL 74 | ERRORCODE OK | SOURCE 20052026 | TARGET 141933 | REPORTPOINT RPUNKNOWN | LETYPE LEUNKNOWN | STATUSCODE AUTOMATIONENABLED | USERDATA null | RAWMESSAGE LVS1UST1DA740020052026141932????????01???????001
2026-05-20 14:19:34.223 INFO  o.code_studio.ComPortSchedulerTask - <tcpserver><info> Barcode communication enabled. COM port open: COM3
2026-05-20 14:19:36.101 INFO  o.c.controller.TcpMessageController - <tcpclient><send> UST1LVS111750020052026141933????????01???????001
2026-05-20 14:19:36.104 INFO  o.c.TcpClientConfig$$SpringCGLIB$$0 - <tcpclient><recv> LVS1UST1DA740020052026141932????????01???????001
2026-05-20 14:19:36.105 INFO  o.c.TcpServerConfig$$SpringCGLIB$$0 - <tcpserver><recv> UST1LVS111750020052026141933????????01???????001
2026-05-20 14:19:36.106 WARN  o.c.m.IncomingMessageProcessor - MessageProcessor::handleError->StatusCode.STATUSUNKNOWN
2026-05-20 14:19:36.106 INFO  o.c.m.IncomingMessageProcessor - SENDER UST1 | RECEIVER LVS1 | MESSAGETYPE DAYSTART | ORDINAL 75 | ERRORCODE OK | SOURCE 20052026 | TARGET 141936 | REPORTPOINT RPUNKNOWN | LETYPE LEUNKNOWN | STATUSCODE AUTOMATIONENABLED | USERDATA null | RAWMESSAGE UST1LVS111750020052026141933????????01???????001
2026-05-20 14:19:36.108 INFO  o.c.TcpClientConfig$$SpringCGLIB$$0 - <tcpclient><recv> LVS1UST1AA750020052026141933????????01???????001
2026-05-20 14:21:28.936 INFO  o.c.ApplicationCloseListener - <tcpserver><info> ApplicationContextClosedEvent detected
2026-05-20 14:21:28.941 INFO  org.code_studio.BarcodeConfig - <tcpserver><info> Barcode communication - COM port closed: COM3
2026-05-20 14:21:28.942 INFO  o.c.ApplicationCloseListener - <tcpserver><info> Waiting for 3000 msec to receive DAYEND confirmation from CRANE, and then close the TCP connection.
2026-05-20 14:21:32.020 INFO  o.c.TcpServerConfig$$SpringCGLIB$$0 - <tcpclient><info> Connection closed: 127.0.0.1:18196:50602:38b3488e-c2eb-4cb2-a6b2-a719a68ae3c5
2026-05-20 14:21:32.036 INFO  o.c.TcpServerConfig$$SpringCGLIB$$0 - <tcpserver><info> Connection closed: 127.0.0.1:50602:18196:776ae110-0b24-4b7c-8de6-054419a6ca51
2026-05-20 14:22:42.728 INFO  o.code_studio.ComPortSchedulerTask - <tcpserver><info> Trying to open COM port for Barcode communication
2026-05-20 14:22:42.949 INFO  o.c.WebSocketServerConfig$$SpringCGLIB$$0 - <wsserver><info> Created WS channel: /app/topic
2026-05-20 14:22:43.320 INFO  o.c.TcpServerConfig$$SpringCGLIB$$0 - <tcpserver><info> TCP server started on port: 18196
2026-05-20 14:22:43.343 INFO  o.c.TcpClientConfig$$SpringCGLIB$$0 - <tcpclient><info> TCP client has been created for server: localhost:18196
2026-05-20 14:22:43.480 INFO  o.c.WebSocketServerConfig$$SpringCGLIB$$0 - <wsserver><info> Created WS server on endpoint: /ws
2026-05-20 14:22:44.978 INFO  o.c.TcpServerConfig$$SpringCGLIB$$0 - <tcpclient><info> Connection established: 127.0.0.1:18196:51346:f2476de4-3e8c-4d69-91cf-315edcde9b75
2026-05-20 14:22:44.978 INFO  o.c.TcpServerConfig$$SpringCGLIB$$0 - <tcpserver><info> Connection established: 127.0.0.1:51346:18196:608aa442-9e71-4727-a67f-332e198eada0
2026-05-20 14:22:44.979 INFO  o.c.CraneClientConnectedListener - <tcpsvr><info> CraneClientConnectedEvent detected
2026-05-20 14:22:45.100 INFO  o.c.controller.TcpMessageController - <tcpclient><send> LVS1UST1DA760020052026142245????????01???????001
2026-05-20 14:22:45.115 INFO  o.c.CraneClientConnectedListener - <tcpclient><send> DAYSTART message sent to Crane server
2026-05-20 14:22:45.131 WARN  o.c.ApplicationReadyListener - <tcpsvr><info> Message Flow Automation Debug is ENABLED
2026-05-20 14:22:45.154 INFO  o.c.TcpServerConfig$$SpringCGLIB$$0 - <tcpserver><recv> LVS1UST1DA760020052026142245????????01???????001
2026-05-20 14:22:45.184 WARN  o.c.m.IncomingMessageProcessor - MessageProcessor::handleError->StatusCode.STATUSUNKNOWN
2026-05-20 14:22:45.188 INFO  o.c.m.IncomingMessageProcessor - SENDER LVS1 | RECEIVER UST1 | MESSAGETYPE DAYSTART | ORDINAL 76 | ERRORCODE OK | SOURCE 20052026 | TARGET 142245 | REPORTPOINT RPUNKNOWN | LETYPE LEUNKNOWN | STATUSCODE AUTOMATIONENABLED | USERDATA null | RAWMESSAGE LVS1UST1DA760020052026142245????????01???????001
2026-05-20 14:22:47.784 INFO  o.code_studio.ComPortSchedulerTask - <tcpserver><info> Barcode communication enabled. COM port open: COM3
2026-05-20 14:22:48.237 INFO  o.c.controller.TcpMessageController - <tcpclient><send> UST1LVS111770020052026142245????????01???????001
2026-05-20 14:22:48.241 INFO  o.c.TcpClientConfig$$SpringCGLIB$$0 - <tcpclient><recv> LVS1UST1DA760020052026142245????????01???????001
2026-05-20 14:22:48.245 INFO  o.c.TcpServerConfig$$SpringCGLIB$$0 - <tcpserver><recv> UST1LVS111770020052026142245????????01???????001
2026-05-20 14:22:48.248 WARN  o.c.m.IncomingMessageProcessor - MessageProcessor::handleError->StatusCode.STATUSUNKNOWN
2026-05-20 14:22:48.249 INFO  o.c.m.IncomingMessageProcessor - SENDER UST1 | RECEIVER LVS1 | MESSAGETYPE DAYSTART | ORDINAL 77 | ERRORCODE OK | SOURCE 20052026 | TARGET 142248 | REPORTPOINT RPUNKNOWN | LETYPE LEUNKNOWN | STATUSCODE AUTOMATIONENABLED | USERDATA null | RAWMESSAGE UST1LVS111770020052026142245????????01???????001
2026-05-20 14:22:48.251 INFO  o.c.TcpClientConfig$$SpringCGLIB$$0 - <tcpclient><recv> LVS1UST1AA770020052026142245????????01???????001
2026-05-20 14:24:09.532 INFO  o.c.ApplicationCloseListener - <tcpserver><info> ApplicationContextClosedEvent detected
2026-05-20 14:24:09.534 INFO  org.code_studio.BarcodeConfig - <tcpserver><info> Barcode communication - COM port closed: COM3
2026-05-20 14:24:09.534 INFO  o.c.ApplicationCloseListener - <tcpserver><info> Waiting for 3000 msec to receive DAYEND confirmation from CRANE, and then close the TCP connection.
2026-05-20 14:24:12.548 INFO  o.c.TcpServerConfig$$SpringCGLIB$$0 - <tcpclient><info> Connection closed: 127.0.0.1:18196:51346:f2476de4-3e8c-4d69-91cf-315edcde9b75
2026-05-20 14:24:12.554 INFO  o.c.TcpServerConfig$$SpringCGLIB$$0 - <tcpserver><info> Connection closed: 127.0.0.1:51346:18196:608aa442-9e71-4727-a67f-332e198eada0
2026-05-20 14:25:51.330 INFO  o.code_studio.ComPortSchedulerTask - <tcpserver><info> Trying to open COM port for Barcode communication
2026-05-20 14:25:51.545 INFO  o.c.WebSocketServerConfig$$SpringCGLIB$$0 - <wsserver><info> Created WS channel: /app/topic
2026-05-20 14:25:51.765 INFO  o.c.TcpServerConfig$$SpringCGLIB$$0 - <tcpserver><info> TCP server started on port: 18196
2026-05-20 14:25:51.792 INFO  o.c.TcpClientConfig$$SpringCGLIB$$0 - <tcpclient><info> TCP client has been created for server: localhost:18196
2026-05-20 14:25:52.012 INFO  o.c.WebSocketServerConfig$$SpringCGLIB$$0 - <wsserver><info> Created WS server on endpoint: /ws
2026-05-20 14:25:52.973 INFO  o.code_studio.ComPortSchedulerTask - <tcpserver><info> Barcode communication enabled. COM port open: COM3
2026-05-20 14:25:53.869 INFO  o.c.TcpServerConfig$$SpringCGLIB$$0 - <tcpclient><info> Connection established: 127.0.0.1:18196:63494:1aa22e20-42a1-47a3-b4aa-cbd4048fb551
2026-05-20 14:25:53.869 INFO  o.c.TcpServerConfig$$SpringCGLIB$$0 - <tcpserver><info> Connection established: 127.0.0.1:63494:18196:67fd89ef-dfb2-4c43-85ad-1058516f3ca4
2026-05-20 14:25:53.870 INFO  o.c.CraneClientConnectedListener - <tcpsvr><info> CraneClientConnectedEvent detected
2026-05-20 14:25:53.920 WARN  o.c.ApplicationReadyListener - <tcpsvr><info> Message Flow Automation Debug is ENABLED
2026-05-20 14:25:53.928 INFO  o.c.controller.TcpMessageController - <tcpclient><send> LVS1UST1DA780020052026142553????????01???????001
2026-05-20 14:25:53.943 INFO  o.c.CraneClientConnectedListener - <tcpclient><send> DAYSTART message sent to Crane server
2026-05-20 14:25:53.968 INFO  o.c.TcpServerConfig$$SpringCGLIB$$0 - <tcpserver><recv> LVS1UST1DA780020052026142553????????01???????001
2026-05-20 14:25:53.993 WARN  o.c.m.IncomingMessageProcessor - MessageProcessor::handleError->StatusCode.STATUSUNKNOWN
2026-05-20 14:25:54.007 INFO  o.c.m.IncomingMessageProcessor - SENDER LVS1 | RECEIVER UST1 | MESSAGETYPE DAYSTART | ORDINAL 78 | ERRORCODE OK | SOURCE 20052026 | TARGET 142553 | REPORTPOINT RPUNKNOWN | LETYPE LEUNKNOWN | STATUSCODE AUTOMATIONENABLED | USERDATA null | RAWMESSAGE LVS1UST1DA780020052026142553????????01???????001
2026-05-20 14:25:57.128 INFO  o.c.controller.TcpMessageController - <tcpclient><send> UST1LVS111790020052026142553????????01???????001
2026-05-20 14:25:57.132 INFO  o.c.TcpClientConfig$$SpringCGLIB$$0 - <tcpclient><recv> LVS1UST1DA780020052026142553????????01???????001
2026-05-20 14:25:57.143 INFO  o.c.TcpServerConfig$$SpringCGLIB$$0 - <tcpserver><recv> UST1LVS111790020052026142553????????01???????001
2026-05-20 14:25:57.146 WARN  o.c.m.IncomingMessageProcessor - MessageProcessor::handleError->StatusCode.STATUSUNKNOWN
2026-05-20 14:25:57.147 INFO  o.c.m.IncomingMessageProcessor - SENDER UST1 | RECEIVER LVS1 | MESSAGETYPE DAYSTART | ORDINAL 79 | ERRORCODE OK | SOURCE 20052026 | TARGET 142557 | REPORTPOINT RPUNKNOWN | LETYPE LEUNKNOWN | STATUSCODE AUTOMATIONENABLED | USERDATA null | RAWMESSAGE UST1LVS111790020052026142553????????01???????001
2026-05-20 14:25:57.148 INFO  o.c.TcpClientConfig$$SpringCGLIB$$0 - <tcpclient><recv> LVS1UST1AA790020052026142553????????01???????001
2026-05-20 14:31:59.941 INFO  o.c.ApplicationCloseListener - <tcpserver><info> ApplicationContextClosedEvent detected
2026-05-20 14:31:59.960 INFO  org.code_studio.BarcodeConfig - <tcpserver><info> Barcode communication - COM port closed: COM3
2026-05-20 14:31:59.961 INFO  o.c.ApplicationCloseListener - <tcpserver><info> Waiting for 3000 msec to receive DAYEND confirmation from CRANE, and then close the TCP connection.
2026-05-20 14:32:03.094 INFO  o.c.TcpServerConfig$$SpringCGLIB$$0 - <tcpclient><info> Connection closed: 127.0.0.1:18196:63494:1aa22e20-42a1-47a3-b4aa-cbd4048fb551
2026-05-20 14:32:03.193 INFO  o.c.TcpServerConfig$$SpringCGLIB$$0 - <tcpserver><info> Connection closed: 127.0.0.1:63494:18196:67fd89ef-dfb2-4c43-85ad-1058516f3ca4
2026-05-20 14:32:18.438 INFO  o.code_studio.ComPortSchedulerTask - <tcpserver><info> Trying to open COM port for Barcode communication
2026-05-20 14:32:18.626 INFO  o.c.WebSocketServerConfig$$SpringCGLIB$$0 - <wsserver><info> Created WS channel: /app/topic
2026-05-20 14:32:18.822 INFO  o.c.TcpServerConfig$$SpringCGLIB$$0 - <tcpserver><info> TCP server started on port: 18196
2026-05-20 14:32:18.831 INFO  o.c.TcpClientConfig$$SpringCGLIB$$0 - <tcpclient><info> TCP client has been created for server: localhost:18196
2026-05-20 14:32:18.945 INFO  o.c.WebSocketServerConfig$$SpringCGLIB$$0 - <wsserver><info> Created WS server on endpoint: /ws
2026-05-20 14:32:19.635 INFO  o.code_studio.ComPortSchedulerTask - <tcpserver><info> Barcode communication enabled. COM port open: COM3
2026-05-20 14:32:20.427 INFO  o.c.TcpServerConfig$$SpringCGLIB$$0 - <tcpserver><info> Connection established: 127.0.0.1:63878:18196:3604a598-b386-4aaf-9a0a-1a7b42068f6c
2026-05-20 14:32:20.428 INFO  o.c.TcpServerConfig$$SpringCGLIB$$0 - <tcpclient><info> Connection established: 127.0.0.1:18196:63878:66900a1f-c247-4725-b912-220c95b4ec1e
2026-05-20 14:32:20.430 INFO  o.c.CraneClientConnectedListener - <tcpsvr><info> CraneClientConnectedEvent detected
2026-05-20 14:32:20.491 WARN  o.c.ApplicationReadyListener - <tcpsvr><info> Message Flow Automation Debug is ENABLED
2026-05-20 14:32:20.513 INFO  o.c.controller.TcpMessageController - <tcpclient><send> LVS1UST1DA800020052026143220????????01???????001
2026-05-20 14:32:20.527 INFO  o.c.CraneClientConnectedListener - <tcpclient><send> DAYSTART message sent to Crane server
2026-05-20 14:32:20.550 INFO  o.c.TcpServerConfig$$SpringCGLIB$$0 - <tcpserver><recv> LVS1UST1DA800020052026143220????????01???????001
2026-05-20 14:32:20.576 WARN  o.c.m.IncomingMessageProcessor - MessageProcessor::handleError->StatusCode.STATUSUNKNOWN
2026-05-20 14:32:20.593 INFO  o.c.m.IncomingMessageProcessor - SENDER LVS1 | RECEIVER UST1 | MESSAGETYPE DAYSTART | ORDINAL 80 | ERRORCODE OK | SOURCE 20052026 | TARGET 143220 | REPORTPOINT RPUNKNOWN | LETYPE LEUNKNOWN | STATUSCODE AUTOMATIONENABLED | USERDATA null | RAWMESSAGE LVS1UST1DA800020052026143220????????01???????001
2026-05-20 14:32:23.617 INFO  o.c.controller.TcpMessageController - <tcpclient><send> UST1LVS111810020052026143220????????01???????001
2026-05-20 14:32:23.619 INFO  o.c.TcpClientConfig$$SpringCGLIB$$0 - <tcpclient><recv> LVS1UST1DA800020052026143220????????01???????001
2026-05-20 14:32:23.619 INFO  o.c.TcpServerConfig$$SpringCGLIB$$0 - <tcpserver><recv> UST1LVS111810020052026143220????????01???????001
2026-05-20 14:32:23.622 WARN  o.c.m.IncomingMessageProcessor - MessageProcessor::handleError->StatusCode.STATUSUNKNOWN
2026-05-20 14:32:23.623 INFO  o.c.m.IncomingMessageProcessor - SENDER UST1 | RECEIVER LVS1 | MESSAGETYPE DAYSTART | ORDINAL 81 | ERRORCODE OK | SOURCE 20052026 | TARGET 143223 | REPORTPOINT RPUNKNOWN | LETYPE LEUNKNOWN | STATUSCODE AUTOMATIONENABLED | USERDATA null | RAWMESSAGE UST1LVS111810020052026143220????????01???????001
2026-05-20 14:32:23.625 INFO  o.c.TcpClientConfig$$SpringCGLIB$$0 - <tcpclient><recv> LVS1UST1AA810020052026143220????????01???????001
2026-05-20 14:37:50.674 INFO  o.c.ApplicationCloseListener - <tcpserver><info> ApplicationContextClosedEvent detected
2026-05-20 14:37:50.701 INFO  org.code_studio.BarcodeConfig - <tcpserver><info> Barcode communication - COM port closed: COM3
2026-05-20 14:37:50.702 INFO  o.c.ApplicationCloseListener - <tcpserver><info> Waiting for 3000 msec to receive DAYEND confirmation from CRANE, and then close the TCP connection.
2026-05-20 14:37:53.780 INFO  o.c.TcpServerConfig$$SpringCGLIB$$0 - <tcpclient><info> Connection closed: 127.0.0.1:18196:63878:66900a1f-c247-4725-b912-220c95b4ec1e
2026-05-20 14:37:53.795 INFO  o.c.TcpServerConfig$$SpringCGLIB$$0 - <tcpserver><info> Connection closed: 127.0.0.1:63878:18196:3604a598-b386-4aaf-9a0a-1a7b42068f6c
2026-05-20 14:38:07.016 INFO  o.code_studio.ComPortSchedulerTask - <tcpserver><info> Trying to open COM port for Barcode communication
2026-05-20 14:38:07.292 INFO  o.c.WebSocketServerConfig$$SpringCGLIB$$0 - <wsserver><info> Created WS channel: /app/topic
2026-05-20 14:38:07.727 INFO  o.c.TcpServerConfig$$SpringCGLIB$$0 - <tcpserver><info> TCP server started on port: 18196
2026-05-20 14:38:07.738 INFO  o.c.TcpClientConfig$$SpringCGLIB$$0 - <tcpclient><info> TCP client has been created for server: localhost:18196
2026-05-20 14:38:07.881 INFO  o.c.WebSocketServerConfig$$SpringCGLIB$$0 - <wsserver><info> Created WS server on endpoint: /ws
2026-05-20 14:38:09.286 INFO  o.c.TcpServerConfig$$SpringCGLIB$$0 - <tcpserver><info> Connection established: 127.0.0.1:61724:18196:ce6002df-b3df-4d19-80a2-308dcc13a820
2026-05-20 14:38:09.286 INFO  o.c.TcpServerConfig$$SpringCGLIB$$0 - <tcpclient><info> Connection established: 127.0.0.1:18196:61724:bbf65f3b-9edf-4e70-93dd-fc4ed785ebb5
2026-05-20 14:38:09.287 INFO  o.c.CraneClientConnectedListener - <tcpsvr><info> CraneClientConnectedEvent detected
2026-05-20 14:38:09.347 WARN  o.c.ApplicationReadyListener - <tcpsvr><info> Message Flow Automation Debug is ENABLED
2026-05-20 14:38:09.366 INFO  o.c.controller.TcpMessageController - <tcpclient><send> LVS1UST1DA820020052026143809????????01???????001
2026-05-20 14:38:09.382 INFO  o.c.CraneClientConnectedListener - <tcpclient><send> DAYSTART message sent to Crane server
2026-05-20 14:38:09.407 INFO  o.c.TcpServerConfig$$SpringCGLIB$$0 - <tcpserver><recv> LVS1UST1DA820020052026143809????????01???????001
2026-05-20 14:38:09.451 WARN  o.c.m.IncomingMessageProcessor - MessageProcessor::handleError->StatusCode.STATUSUNKNOWN
2026-05-20 14:38:09.456 INFO  o.c.m.IncomingMessageProcessor - SENDER LVS1 | RECEIVER UST1 | MESSAGETYPE DAYSTART | ORDINAL 82 | ERRORCODE OK | SOURCE 20052026 | TARGET 143809 | REPORTPOINT RPUNKNOWN | LETYPE LEUNKNOWN | STATUSCODE AUTOMATIONENABLED | USERDATA null | RAWMESSAGE LVS1UST1DA820020052026143809????????01???????001
2026-05-20 14:38:10.154 INFO  o.code_studio.ComPortSchedulerTask - <tcpserver><info> Barcode communication enabled. COM port open: COM3
2026-05-20 14:38:12.478 INFO  o.c.controller.TcpMessageController - <tcpclient><send> UST1LVS111830020052026143809????????01???????001
2026-05-20 14:38:12.482 INFO  o.c.TcpClientConfig$$SpringCGLIB$$0 - <tcpclient><recv> LVS1UST1DA820020052026143809????????01???????001
2026-05-20 14:38:12.484 INFO  o.c.TcpServerConfig$$SpringCGLIB$$0 - <tcpserver><recv> UST1LVS111830020052026143809????????01???????001
2026-05-20 14:38:12.486 WARN  o.c.m.IncomingMessageProcessor - MessageProcessor::handleError->StatusCode.STATUSUNKNOWN
2026-05-20 14:38:12.486 INFO  o.c.m.IncomingMessageProcessor - SENDER UST1 | RECEIVER LVS1 | MESSAGETYPE DAYSTART | ORDINAL 83 | ERRORCODE OK | SOURCE 20052026 | TARGET 143812 | REPORTPOINT RPUNKNOWN | LETYPE LEUNKNOWN | STATUSCODE AUTOMATIONENABLED | USERDATA null | RAWMESSAGE UST1LVS111830020052026143809????????01???????001
2026-05-20 14:38:12.488 INFO  o.c.TcpClientConfig$$SpringCGLIB$$0 - <tcpclient><recv> LVS1UST1AA830020052026143809????????01???????001
2026-05-20 14:42:19.031 INFO  o.c.ApplicationCloseListener - <tcpserver><info> ApplicationContextClosedEvent detected
2026-05-20 14:42:19.047 INFO  org.code_studio.BarcodeConfig - <tcpserver><info> Barcode communication - COM port closed: COM3
2026-05-20 14:42:19.047 INFO  o.c.ApplicationCloseListener - <tcpserver><info> Waiting for 3000 msec to receive DAYEND confirmation from CRANE, and then close the TCP connection.
2026-05-20 14:42:22.140 INFO  o.c.TcpServerConfig$$SpringCGLIB$$0 - <tcpclient><info> Connection closed: 127.0.0.1:18196:61724:bbf65f3b-9edf-4e70-93dd-fc4ed785ebb5
2026-05-20 14:42:22.146 INFO  o.c.TcpServerConfig$$SpringCGLIB$$0 - <tcpserver><info> Connection closed: 127.0.0.1:61724:18196:ce6002df-b3df-4d19-80a2-308dcc13a820
2026-05-20 14:42:35.060 INFO  o.code_studio.ComPortSchedulerTask - <tcpserver><info> Trying to open COM port for Barcode communication
2026-05-20 14:42:35.210 INFO  o.c.WebSocketServerConfig$$SpringCGLIB$$0 - <wsserver><info> Created WS channel: /app/topic
2026-05-20 14:42:35.447 INFO  o.c.TcpServerConfig$$SpringCGLIB$$0 - <tcpserver><info> TCP server started on port: 18196
2026-05-20 14:42:35.454 INFO  o.c.TcpClientConfig$$SpringCGLIB$$0 - <tcpclient><info> TCP client has been created for server: localhost:18196
2026-05-20 14:42:35.549 INFO  o.c.WebSocketServerConfig$$SpringCGLIB$$0 - <wsserver><info> Created WS server on endpoint: /ws
2026-05-20 14:42:36.610 INFO  o.c.TcpServerConfig$$SpringCGLIB$$0 - <tcpserver><info> Connection established: 127.0.0.1:61931:18196:0c4d3161-eeeb-4d32-bb3d-4648804a48a1
2026-05-20 14:42:36.610 INFO  o.c.TcpServerConfig$$SpringCGLIB$$0 - <tcpclient><info> Connection established: 127.0.0.1:18196:61931:db14358c-c63a-4f42-9376-518349366698
2026-05-20 14:42:36.611 INFO  o.c.CraneClientConnectedListener - <tcpsvr><info> CraneClientConnectedEvent detected
2026-05-20 14:42:36.663 WARN  o.c.ApplicationReadyListener - <tcpsvr><info> Message Flow Automation Debug is ENABLED
2026-05-20 14:42:36.677 INFO  o.c.controller.TcpMessageController - <tcpclient><send> LVS1UST1DA840020052026144236????????01???????001
2026-05-20 14:42:36.690 INFO  o.c.CraneClientConnectedListener - <tcpclient><send> DAYSTART message sent to Crane server
2026-05-20 14:42:36.711 INFO  o.c.TcpServerConfig$$SpringCGLIB$$0 - <tcpserver><recv> LVS1UST1DA840020052026144236????????01???????001
2026-05-20 14:42:36.736 WARN  o.c.m.IncomingMessageProcessor - MessageProcessor::handleError->StatusCode.STATUSUNKNOWN
2026-05-20 14:42:36.740 INFO  o.c.m.IncomingMessageProcessor - SENDER LVS1 | RECEIVER UST1 | MESSAGETYPE DAYSTART | ORDINAL 84 | ERRORCODE OK | SOURCE 20052026 | TARGET 144236 | REPORTPOINT RPUNKNOWN | LETYPE LEUNKNOWN | STATUSCODE AUTOMATIONENABLED | USERDATA null | RAWMESSAGE LVS1UST1DA840020052026144236????????01???????001
2026-05-20 14:42:37.785 INFO  o.code_studio.ComPortSchedulerTask - <tcpserver><info> Barcode communication enabled. COM port open: COM3
2026-05-20 14:42:39.761 INFO  o.c.controller.TcpMessageController - <tcpclient><send> UST1LVS111850020052026144236????????01???????001
2026-05-20 14:42:39.763 INFO  o.c.TcpClientConfig$$SpringCGLIB$$0 - <tcpclient><recv> LVS1UST1DA840020052026144236????????01???????001
2026-05-20 14:42:39.764 INFO  o.c.TcpServerConfig$$SpringCGLIB$$0 - <tcpserver><recv> UST1LVS111850020052026144236????????01???????001
2026-05-20 14:42:39.765 WARN  o.c.m.IncomingMessageProcessor - MessageProcessor::handleError->StatusCode.STATUSUNKNOWN
2026-05-20 14:42:39.765 INFO  o.c.m.IncomingMessageProcessor - SENDER UST1 | RECEIVER LVS1 | MESSAGETYPE DAYSTART | ORDINAL 85 | ERRORCODE OK | SOURCE 20052026 | TARGET 144239 | REPORTPOINT RPUNKNOWN | LETYPE LEUNKNOWN | STATUSCODE AUTOMATIONENABLED | USERDATA null | RAWMESSAGE UST1LVS111850020052026144236????????01???????001
2026-05-20 14:42:39.767 INFO  o.c.TcpClientConfig$$SpringCGLIB$$0 - <tcpclient><recv> LVS1UST1AA850020052026144236????????01???????001
2026-05-20 15:53:26.381 INFO  o.c.ApplicationCloseListener - <tcpserver><info> ApplicationContextClosedEvent detected
2026-05-20 15:53:26.426 INFO  org.code_studio.BarcodeConfig - <tcpserver><info> Barcode communication - COM port closed: COM3
2026-05-20 15:53:26.429 INFO  o.c.ApplicationCloseListener - <tcpserver><info> Waiting for 3000 msec to receive DAYEND confirmation from CRANE, and then close the TCP connection.
2026-05-20 15:53:29.590 INFO  o.c.TcpServerConfig$$SpringCGLIB$$0 - <tcpclient><info> Connection closed: 127.0.0.1:18196:61931:db14358c-c63a-4f42-9376-518349366698
2026-05-20 15:53:29.637 INFO  o.c.TcpServerConfig$$SpringCGLIB$$0 - <tcpserver><info> Connection closed: 127.0.0.1:61931:18196:0c4d3161-eeeb-4d32-bb3d-4648804a48a1
2026-05-20 15:53:29.631 ERROR o.s.i.i.t.c.TcpNetServerConnectionFactory - Error on ServerSocket; port = 18196
java.net.SocketException: Socket closed
	at java.base/sun.nio.ch.NioSocketImpl.endAccept(NioSocketImpl.java:676)
	at java.base/sun.nio.ch.NioSocketImpl.accept(NioSocketImpl.java:749)
	at java.base/java.net.ServerSocket.implAccept(ServerSocket.java:593)
	at java.base/java.net.ServerSocket.platformImplAccept(ServerSocket.java:560)
	at java.base/java.net.ServerSocket.implAccept(ServerSocket.java:536)
	at java.base/java.net.ServerSocket.implAccept(ServerSocket.java:482)
	at java.base/java.net.ServerSocket.accept(ServerSocket.java:441)
	at org.springframework.integration.ip.tcp.connection.TcpNetServerConnectionFactory.acceptConnectionAndExecute(TcpNetServerConnectionFactory.java:168)
	at org.springframework.integration.ip.tcp.connection.TcpNetServerConnectionFactory.run(TcpNetServerConnectionFactory.java:120)
	at java.base/java.util.concurrent.ThreadPoolExecutor.runWorker(ThreadPoolExecutor.java:1095)
	at java.base/java.util.concurrent.ThreadPoolExecutor$Worker.run(ThreadPoolExecutor.java:619)
	at java.base/java.lang.Thread.run(Thread.java:1447)
2026-05-20 15:53:49.965 INFO  o.code_studio.ComPortSchedulerTask - <tcpserver><info> Trying to open COM port for Barcode communication
2026-05-20 15:53:50.282 INFO  o.c.WebSocketServerConfig$$SpringCGLIB$$0 - <wsserver><info> Created WS channel: /app/topic
2026-05-20 15:53:51.646 INFO  o.c.TcpServerConfig$$SpringCGLIB$$0 - <tcpserver><info> TCP server started on port: 18196
2026-05-20 15:53:51.825 INFO  o.c.TcpClientConfig$$SpringCGLIB$$0 - <tcpclient><info> TCP client has been created for server: localhost:18196
2026-05-20 15:53:52.845 INFO  o.c.WebSocketServerConfig$$SpringCGLIB$$0 - <wsserver><info> Created WS server on endpoint: /ws
2026-05-20 15:53:54.293 INFO  o.code_studio.ComPortSchedulerTask - <tcpserver><info> Barcode communication enabled. COM port open: COM3
2026-05-20 15:53:55.186 INFO  o.c.TcpServerConfig$$SpringCGLIB$$0 - <tcpserver><info> Connection established: 127.0.0.1:63341:18196:51d7c1f1-4664-4b44-ac2d-d7e6333fa801
2026-05-20 15:53:55.189 INFO  o.c.CraneClientConnectedListener - <tcpsvr><info> CraneClientConnectedEvent detected
2026-05-20 15:53:55.190 INFO  o.c.TcpServerConfig$$SpringCGLIB$$0 - <tcpclient><info> Connection established: 127.0.0.1:18196:63341:1690d086-52fe-426c-9fa1-8ba4aa00c7c8
2026-05-20 15:53:55.239 WARN  o.c.ApplicationReadyListener - <tcpsvr><info> Message Flow Automation Debug is ENABLED
2026-05-20 15:53:55.259 INFO  o.c.controller.TcpMessageController - <tcpclient><send> LVS1UST1DA860020052026155355????????01???????001
2026-05-20 15:53:55.270 INFO  o.c.CraneClientConnectedListener - <tcpclient><send> DAYSTART message sent to Crane server
2026-05-20 15:53:55.292 INFO  o.c.TcpServerConfig$$SpringCGLIB$$0 - <tcpserver><recv> LVS1UST1DA860020052026155355????????01???????001
2026-05-20 15:53:55.475 WARN  o.c.m.IncomingMessageProcessor - MessageProcessor::handleError->StatusCode.STATUSUNKNOWN
2026-05-20 15:53:55.483 INFO  o.c.m.IncomingMessageProcessor - SENDER LVS1 | RECEIVER UST1 | MESSAGETYPE DAYSTART | ORDINAL 86 | ERRORCODE OK | SOURCE 20052026 | TARGET 155355 | REPORTPOINT RPUNKNOWN | LETYPE LEUNKNOWN | STATUSCODE AUTOMATIONENABLED | USERDATA null | RAWMESSAGE LVS1UST1DA860020052026155355????????01???????001
2026-05-20 15:53:58.514 INFO  o.c.controller.TcpMessageController - <tcpclient><send> UST1LVS111870020052026155355????????01???????001
2026-05-20 15:53:58.517 INFO  o.c.TcpClientConfig$$SpringCGLIB$$0 - <tcpclient><recv> LVS1UST1DA860020052026155355????????01???????001
2026-05-20 15:53:58.517 INFO  o.c.TcpServerConfig$$SpringCGLIB$$0 - <tcpserver><recv> UST1LVS111870020052026155355????????01???????001
2026-05-20 15:53:58.518 WARN  o.c.m.IncomingMessageProcessor - MessageProcessor::handleError->StatusCode.STATUSUNKNOWN
2026-05-20 15:53:58.518 INFO  o.c.m.IncomingMessageProcessor - SENDER UST1 | RECEIVER LVS1 | MESSAGETYPE DAYSTART | ORDINAL 87 | ERRORCODE OK | SOURCE 20052026 | TARGET 155358 | REPORTPOINT RPUNKNOWN | LETYPE LEUNKNOWN | STATUSCODE AUTOMATIONENABLED | USERDATA null | RAWMESSAGE UST1LVS111870020052026155355????????01???????001
2026-05-20 15:53:58.519 INFO  o.c.TcpClientConfig$$SpringCGLIB$$0 - <tcpclient><recv> LVS1UST1AA870020052026155355????????01???????001
2026-05-20 15:56:09.273 INFO  o.c.ApplicationCloseListener - <tcpserver><info> ApplicationContextClosedEvent detected
2026-05-20 15:56:09.281 INFO  org.code_studio.BarcodeConfig - <tcpserver><info> Barcode communication - COM port closed: COM3
2026-05-20 15:56:09.282 INFO  o.c.ApplicationCloseListener - <tcpserver><info> Waiting for 3000 msec to receive DAYEND confirmation from CRANE, and then close the TCP connection.
2026-05-20 15:56:12.292 INFO  o.c.TcpServerConfig$$SpringCGLIB$$0 - <tcpclient><info> Connection closed: 127.0.0.1:18196:63341:1690d086-52fe-426c-9fa1-8ba4aa00c7c8
2026-05-20 15:56:12.305 INFO  o.c.TcpServerConfig$$SpringCGLIB$$0 - <tcpserver><info> Connection closed: 127.0.0.1:63341:18196:51d7c1f1-4664-4b44-ac2d-d7e6333fa801
2026-05-20 15:56:52.196 INFO  o.code_studio.ComPortSchedulerTask - <tcpserver><info> Trying to open COM port for Barcode communication
2026-05-20 15:56:52.385 INFO  o.c.WebSocketServerConfig$$SpringCGLIB$$0 - <wsserver><info> Created WS channel: /app/topic
2026-05-20 15:56:52.598 INFO  o.c.TcpServerConfig$$SpringCGLIB$$0 - <tcpserver><info> TCP server started on port: 18196
2026-05-20 15:56:52.607 INFO  o.c.TcpClientConfig$$SpringCGLIB$$0 - <tcpclient><info> TCP client has been created for server: localhost:18196
2026-05-20 15:56:52.727 INFO  o.c.WebSocketServerConfig$$SpringCGLIB$$0 - <wsserver><info> Created WS server on endpoint: /ws
2026-05-20 15:56:53.492 INFO  o.code_studio.ComPortSchedulerTask - <tcpserver><info> Barcode communication enabled. COM port open: COM3
2026-05-20 15:56:54.067 INFO  o.c.TcpServerConfig$$SpringCGLIB$$0 - <tcpserver><info> Connection established: 127.0.0.1:63528:18196:c48c7d63-29fc-450c-b2df-6169e183206c
2026-05-20 15:56:54.075 INFO  o.c.CraneClientConnectedListener - <tcpsvr><info> CraneClientConnectedEvent detected
2026-05-20 15:56:54.081 INFO  o.c.TcpServerConfig$$SpringCGLIB$$0 - <tcpclient><info> Connection established: 127.0.0.1:18196:63528:fd31a85d-d865-4be6-abbd-3cb9519e3514
2026-05-20 15:56:54.114 WARN  o.c.ApplicationReadyListener - <tcpsvr><info> Message Flow Automation Debug is ENABLED
2026-05-20 15:56:54.172 INFO  o.c.controller.TcpMessageController - <tcpclient><send> LVS1UST1DA880020052026155654????????01???????001
2026-05-20 15:56:54.185 INFO  o.c.CraneClientConnectedListener - <tcpclient><send> DAYSTART message sent to Crane server
2026-05-20 15:56:54.206 INFO  o.c.TcpServerConfig$$SpringCGLIB$$0 - <tcpserver><recv> LVS1UST1DA880020052026155654????????01???????001
2026-05-20 15:56:54.233 WARN  o.c.m.IncomingMessageProcessor - MessageProcessor::handleError->StatusCode.STATUSUNKNOWN
2026-05-20 15:56:54.244 INFO  o.c.m.IncomingMessageProcessor - SENDER LVS1 | RECEIVER UST1 | MESSAGETYPE DAYSTART | ORDINAL 88 | ERRORCODE OK | SOURCE 20052026 | TARGET 155654 | REPORTPOINT RPUNKNOWN | LETYPE LEUNKNOWN | STATUSCODE AUTOMATIONENABLED | USERDATA null | RAWMESSAGE LVS1UST1DA880020052026155654????????01???????001
2026-05-20 15:56:57.264 INFO  o.c.controller.TcpMessageController - <tcpclient><send> UST1LVS111890020052026155654????????01???????001
2026-05-20 15:56:57.267 INFO  o.c.TcpClientConfig$$SpringCGLIB$$0 - <tcpclient><recv> LVS1UST1DA880020052026155654????????01???????001
2026-05-20 15:56:57.268 INFO  o.c.TcpServerConfig$$SpringCGLIB$$0 - <tcpserver><recv> UST1LVS111890020052026155654????????01???????001
2026-05-20 15:56:57.269 WARN  o.c.m.IncomingMessageProcessor - MessageProcessor::handleError->StatusCode.STATUSUNKNOWN
2026-05-20 15:56:57.270 INFO  o.c.m.IncomingMessageProcessor - SENDER UST1 | RECEIVER LVS1 | MESSAGETYPE DAYSTART | ORDINAL 89 | ERRORCODE OK | SOURCE 20052026 | TARGET 155657 | REPORTPOINT RPUNKNOWN | LETYPE LEUNKNOWN | STATUSCODE AUTOMATIONENABLED | USERDATA null | RAWMESSAGE UST1LVS111890020052026155654????????01???????001
2026-05-20 15:56:57.272 INFO  o.c.TcpClientConfig$$SpringCGLIB$$0 - <tcpclient><recv> LVS1UST1AA890020052026155654????????01???????001
2026-05-20 15:59:37.594 INFO  o.c.ApplicationCloseListener - <tcpserver><info> ApplicationContextClosedEvent detected
2026-05-20 15:59:37.596 INFO  org.code_studio.BarcodeConfig - <tcpserver><info> Barcode communication - COM port closed: COM3
2026-05-20 15:59:37.596 INFO  o.c.ApplicationCloseListener - <tcpserver><info> Waiting for 3000 msec to receive DAYEND confirmation from CRANE, and then close the TCP connection.
2026-05-20 15:59:40.606 INFO  o.c.TcpServerConfig$$SpringCGLIB$$0 - <tcpclient><info> Connection closed: 127.0.0.1:18196:63528:fd31a85d-d865-4be6-abbd-3cb9519e3514
2026-05-20 15:59:40.612 INFO  o.c.TcpServerConfig$$SpringCGLIB$$0 - <tcpserver><info> Connection closed: 127.0.0.1:63528:18196:c48c7d63-29fc-450c-b2df-6169e183206c
2026-05-20 16:01:06.864 INFO  o.code_studio.ComPortSchedulerTask - <tcpserver><info> Trying to open COM port for Barcode communication
2026-05-20 16:01:07.041 INFO  o.c.WebSocketServerConfig$$SpringCGLIB$$0 - <wsserver><info> Created WS channel: /app/topic
2026-05-20 16:01:07.219 INFO  o.c.TcpServerConfig$$SpringCGLIB$$0 - <tcpserver><info> TCP server started on port: 18196
2026-05-20 16:01:07.232 INFO  o.c.TcpClientConfig$$SpringCGLIB$$0 - <tcpclient><info> TCP client has been created for server: localhost:18196
2026-05-20 16:01:07.334 INFO  o.c.WebSocketServerConfig$$SpringCGLIB$$0 - <wsserver><info> Created WS server on endpoint: /ws
2026-05-20 16:01:08.304 INFO  o.c.TcpServerConfig$$SpringCGLIB$$0 - <tcpclient><info> Connection established: 127.0.0.1:18196:60353:a58b3065-084d-4079-8e53-c37fcf110375
2026-05-20 16:01:08.304 INFO  o.c.TcpServerConfig$$SpringCGLIB$$0 - <tcpserver><info> Connection established: 127.0.0.1:60353:18196:e47f0fc3-d729-40d2-92cd-f008fff07d29
2026-05-20 16:01:08.305 INFO  o.c.CraneClientConnectedListener - <tcpsvr><info> CraneClientConnectedEvent detected
2026-05-20 16:01:08.364 INFO  o.c.controller.TcpMessageController - <tcpclient><send> LVS1UST1DA900020052026160108????????01???????001
2026-05-20 16:01:08.372 WARN  o.c.ApplicationReadyListener - <tcpsvr><info> Message Flow Automation Debug is ENABLED
2026-05-20 16:01:08.378 INFO  o.c.CraneClientConnectedListener - <tcpclient><send> DAYSTART message sent to Crane server
2026-05-20 16:01:08.393 INFO  o.c.TcpServerConfig$$SpringCGLIB$$0 - <tcpserver><recv> LVS1UST1DA900020052026160108????????01???????001
2026-05-20 16:01:08.415 WARN  o.c.m.IncomingMessageProcessor - MessageProcessor::handleError->StatusCode.STATUSUNKNOWN
2026-05-20 16:01:08.420 INFO  o.c.m.IncomingMessageProcessor - SENDER LVS1 | RECEIVER UST1 | MESSAGETYPE DAYSTART | ORDINAL 90 | ERRORCODE OK | SOURCE 20052026 | TARGET 160108 | REPORTPOINT RPUNKNOWN | LETYPE LEUNKNOWN | STATUSCODE AUTOMATIONENABLED | USERDATA null | RAWMESSAGE LVS1UST1DA900020052026160108????????01???????001
2026-05-20 16:01:09.509 INFO  o.code_studio.ComPortSchedulerTask - <tcpserver><info> Barcode communication enabled. COM port open: COM3
2026-05-20 16:01:11.443 INFO  o.c.controller.TcpMessageController - <tcpclient><send> UST1LVS111910020052026160108????????01???????001
2026-05-20 16:01:11.445 INFO  o.c.TcpClientConfig$$SpringCGLIB$$0 - <tcpclient><recv> LVS1UST1DA900020052026160108????????01???????001
2026-05-20 16:01:11.446 INFO  o.c.TcpServerConfig$$SpringCGLIB$$0 - <tcpserver><recv> UST1LVS111910020052026160108????????01???????001
2026-05-20 16:01:11.447 WARN  o.c.m.IncomingMessageProcessor - MessageProcessor::handleError->StatusCode.STATUSUNKNOWN
2026-05-20 16:01:11.447 INFO  o.c.m.IncomingMessageProcessor - SENDER UST1 | RECEIVER LVS1 | MESSAGETYPE DAYSTART | ORDINAL 91 | ERRORCODE OK | SOURCE 20052026 | TARGET 160111 | REPORTPOINT RPUNKNOWN | LETYPE LEUNKNOWN | STATUSCODE AUTOMATIONENABLED | USERDATA null | RAWMESSAGE UST1LVS111910020052026160108????????01???????001
2026-05-20 16:01:11.449 INFO  o.c.TcpClientConfig$$SpringCGLIB$$0 - <tcpclient><recv> LVS1UST1AA910020052026160108????????01???????001
2026-05-20 16:09:18.403 INFO  o.c.ApplicationCloseListener - <tcpserver><info> ApplicationContextClosedEvent detected
2026-05-20 16:09:18.422 INFO  org.code_studio.BarcodeConfig - <tcpserver><info> Barcode communication - COM port closed: COM3
2026-05-20 16:09:18.423 INFO  o.c.ApplicationCloseListener - <tcpserver><info> Waiting for 3000 msec to receive DAYEND confirmation from CRANE, and then close the TCP connection.
2026-05-20 16:09:21.480 INFO  o.c.TcpServerConfig$$SpringCGLIB$$0 - <tcpclient><info> Connection closed: 127.0.0.1:18196:60353:a58b3065-084d-4079-8e53-c37fcf110375
2026-05-20 16:09:21.489 INFO  o.c.TcpServerConfig$$SpringCGLIB$$0 - <tcpserver><info> Connection closed: 127.0.0.1:60353:18196:e47f0fc3-d729-40d2-92cd-f008fff07d29
2026-05-20 16:09:31.702 INFO  o.code_studio.ComPortSchedulerTask - <tcpserver><info> Trying to open COM port for Barcode communication
2026-05-20 16:09:31.925 INFO  o.c.WebSocketServerConfig$$SpringCGLIB$$0 - <wsserver><info> Created WS channel: /app/topic
2026-05-20 16:09:32.157 INFO  o.c.TcpServerConfig$$SpringCGLIB$$0 - <tcpserver><info> TCP server started on port: 18196
2026-05-20 16:09:32.168 INFO  o.c.TcpClientConfig$$SpringCGLIB$$0 - <tcpclient><info> TCP client has been created for server: localhost:18196
2026-05-20 16:09:32.293 INFO  o.c.WebSocketServerConfig$$SpringCGLIB$$0 - <wsserver><info> Created WS server on endpoint: /ws
2026-05-20 16:09:32.495 INFO  o.code_studio.ComPortSchedulerTask - <tcpserver><info> Barcode communication enabled. COM port open: COM3
2026-05-20 16:09:33.866 INFO  o.c.TcpServerConfig$$SpringCGLIB$$0 - <tcpserver><info> Connection established: 127.0.0.1:60491:18196:6946ea30-7955-4737-a26d-ad29876f7607
2026-05-20 16:09:33.869 INFO  o.c.CraneClientConnectedListener - <tcpsvr><info> CraneClientConnectedEvent detected
2026-05-20 16:09:33.869 INFO  o.c.TcpServerConfig$$SpringCGLIB$$0 - <tcpclient><info> Connection established: 127.0.0.1:18196:60491:ceca2633-90bc-4a27-9c7d-a6e94fc44ba0
2026-05-20 16:09:33.921 WARN  o.c.ApplicationReadyListener - <tcpsvr><info> Message Flow Automation Debug is ENABLED
2026-05-20 16:09:33.963 INFO  o.c.controller.TcpMessageController - <tcpclient><send> LVS1UST1DA920020052026160933????????01???????001
2026-05-20 16:09:33.985 INFO  o.c.CraneClientConnectedListener - <tcpclient><send> DAYSTART message sent to Crane server
2026-05-20 16:09:34.006 INFO  o.c.TcpServerConfig$$SpringCGLIB$$0 - <tcpserver><recv> LVS1UST1DA920020052026160933????????01???????001
2026-05-20 16:09:34.036 WARN  o.c.m.IncomingMessageProcessor - MessageProcessor::handleError->StatusCode.STATUSUNKNOWN
2026-05-20 16:09:34.041 INFO  o.c.m.IncomingMessageProcessor - SENDER LVS1 | RECEIVER UST1 | MESSAGETYPE DAYSTART | ORDINAL 92 | ERRORCODE OK | SOURCE 20052026 | TARGET 160934 | REPORTPOINT RPUNKNOWN | LETYPE LEUNKNOWN | STATUSCODE AUTOMATIONENABLED | USERDATA null | RAWMESSAGE LVS1UST1DA920020052026160933????????01???????001
2026-05-20 16:09:37.062 INFO  o.c.controller.TcpMessageController - <tcpclient><send> UST1LVS111930020052026160934????????01???????001
2026-05-20 16:09:37.067 INFO  o.c.TcpClientConfig$$SpringCGLIB$$0 - <tcpclient><recv> LVS1UST1DA920020052026160933????????01???????001
2026-05-20 16:09:37.069 INFO  o.c.TcpServerConfig$$SpringCGLIB$$0 - <tcpserver><recv> UST1LVS111930020052026160934????????01???????001
2026-05-20 16:09:37.069 WARN  o.c.m.IncomingMessageProcessor - MessageProcessor::handleError->StatusCode.STATUSUNKNOWN
2026-05-20 16:09:37.070 INFO  o.c.m.IncomingMessageProcessor - SENDER UST1 | RECEIVER LVS1 | MESSAGETYPE DAYSTART | ORDINAL 93 | ERRORCODE OK | SOURCE 20052026 | TARGET 160937 | REPORTPOINT RPUNKNOWN | LETYPE LEUNKNOWN | STATUSCODE AUTOMATIONENABLED | USERDATA null | RAWMESSAGE UST1LVS111930020052026160934????????01???????001
2026-05-20 16:09:37.071 INFO  o.c.TcpClientConfig$$SpringCGLIB$$0 - <tcpclient><recv> LVS1UST1AA930020052026160934????????01???????001
2026-05-20 16:13:17.084 INFO  o.c.ApplicationCloseListener - <tcpserver><info> ApplicationContextClosedEvent detected
2026-05-20 16:13:17.095 INFO  org.code_studio.BarcodeConfig - <tcpserver><info> Barcode communication - COM port closed: COM3
2026-05-20 16:13:17.095 INFO  o.c.ApplicationCloseListener - <tcpserver><info> Waiting for 3000 msec to receive DAYEND confirmation from CRANE, and then close the TCP connection.
2026-05-20 16:13:20.132 INFO  o.c.TcpServerConfig$$SpringCGLIB$$0 - <tcpclient><info> Connection closed: 127.0.0.1:18196:60491:ceca2633-90bc-4a27-9c7d-a6e94fc44ba0
2026-05-20 16:13:20.141 INFO  o.c.TcpServerConfig$$SpringCGLIB$$0 - <tcpserver><info> Connection closed: 127.0.0.1:60491:18196:6946ea30-7955-4737-a26d-ad29876f7607
2026-05-20 16:13:31.565 INFO  o.code_studio.ComPortSchedulerTask - <tcpserver><info> Trying to open COM port for Barcode communication
2026-05-20 16:13:31.754 INFO  o.c.WebSocketServerConfig$$SpringCGLIB$$0 - <wsserver><info> Created WS channel: /app/topic
2026-05-20 16:13:32.058 INFO  o.c.TcpServerConfig$$SpringCGLIB$$0 - <tcpserver><info> TCP server started on port: 18196
2026-05-20 16:13:32.071 INFO  o.c.TcpClientConfig$$SpringCGLIB$$0 - <tcpclient><info> TCP client has been created for server: localhost:18196
2026-05-20 16:13:32.262 INFO  o.c.WebSocketServerConfig$$SpringCGLIB$$0 - <wsserver><info> Created WS server on endpoint: /ws
2026-05-20 16:13:33.195 INFO  o.code_studio.ComPortSchedulerTask - <tcpserver><info> Barcode communication enabled. COM port open: COM3
2026-05-20 16:13:33.773 INFO  o.c.TcpServerConfig$$SpringCGLIB$$0 - <tcpserver><info> Connection established: 127.0.0.1:60594:18196:6102f0d2-644d-41f3-9326-0a417bb11cc1
2026-05-20 16:13:33.780 INFO  o.c.CraneClientConnectedListener - <tcpsvr><info> CraneClientConnectedEvent detected
2026-05-20 16:13:33.784 INFO  o.c.TcpServerConfig$$SpringCGLIB$$0 - <tcpclient><info> Connection established: 127.0.0.1:18196:60594:864fa646-feef-4de7-9e93-0872a08dc3a6
2026-05-20 16:13:33.857 WARN  o.c.ApplicationReadyListener - <tcpsvr><info> Message Flow Automation Debug is ENABLED
2026-05-20 16:13:33.883 INFO  o.c.controller.TcpMessageController - <tcpclient><send> LVS1UST1DA940020052026161333????????01???????001
2026-05-20 16:13:33.896 INFO  o.c.CraneClientConnectedListener - <tcpclient><send> DAYSTART message sent to Crane server
2026-05-20 16:13:33.926 INFO  o.c.TcpServerConfig$$SpringCGLIB$$0 - <tcpserver><recv> LVS1UST1DA940020052026161333????????01???????001
2026-05-20 16:13:33.979 WARN  o.c.m.IncomingMessageProcessor - MessageProcessor::handleError->StatusCode.STATUSUNKNOWN
2026-05-20 16:13:33.983 INFO  o.c.m.IncomingMessageProcessor - SENDER LVS1 | RECEIVER UST1 | MESSAGETYPE DAYSTART | ORDINAL 94 | ERRORCODE OK | SOURCE 20052026 | TARGET 161333 | REPORTPOINT RPUNKNOWN | LETYPE LEUNKNOWN | STATUSCODE AUTOMATIONENABLED | USERDATA null | RAWMESSAGE LVS1UST1DA940020052026161333????????01???????001
2026-05-20 16:13:37.005 INFO  o.c.controller.TcpMessageController - <tcpclient><send> UST1LVS111950020052026161333????????01???????001
2026-05-20 16:13:37.011 INFO  o.c.TcpClientConfig$$SpringCGLIB$$0 - <tcpclient><recv> LVS1UST1DA940020052026161333????????01???????001
2026-05-20 16:13:37.011 INFO  o.c.TcpServerConfig$$SpringCGLIB$$0 - <tcpserver><recv> UST1LVS111950020052026161333????????01???????001
2026-05-20 16:13:37.012 WARN  o.c.m.IncomingMessageProcessor - MessageProcessor::handleError->StatusCode.STATUSUNKNOWN
2026-05-20 16:13:37.012 INFO  o.c.m.IncomingMessageProcessor - SENDER UST1 | RECEIVER LVS1 | MESSAGETYPE DAYSTART | ORDINAL 95 | ERRORCODE OK | SOURCE 20052026 | TARGET 161337 | REPORTPOINT RPUNKNOWN | LETYPE LEUNKNOWN | STATUSCODE AUTOMATIONENABLED | USERDATA null | RAWMESSAGE UST1LVS111950020052026161333????????01???????001
2026-05-20 16:13:37.013 INFO  o.c.TcpClientConfig$$SpringCGLIB$$0 - <tcpclient><recv> LVS1UST1AA950020052026161333????????01???????001
2026-05-20 16:19:30.966 INFO  o.c.ApplicationCloseListener - <tcpserver><info> ApplicationContextClosedEvent detected
2026-05-20 16:19:30.990 INFO  org.code_studio.BarcodeConfig - <tcpserver><info> Barcode communication - COM port closed: COM3
2026-05-20 16:19:30.992 INFO  o.c.ApplicationCloseListener - <tcpserver><info> Waiting for 3000 msec to receive DAYEND confirmation from CRANE, and then close the TCP connection.
2026-05-20 16:19:34.103 INFO  o.c.TcpServerConfig$$SpringCGLIB$$0 - <tcpclient><info> Connection closed: 127.0.0.1:18196:60594:864fa646-feef-4de7-9e93-0872a08dc3a6
2026-05-20 16:19:34.119 INFO  o.c.TcpServerConfig$$SpringCGLIB$$0 - <tcpserver><info> Connection closed: 127.0.0.1:60594:18196:6102f0d2-644d-41f3-9326-0a417bb11cc1
2026-05-20 16:20:10.240 INFO  o.code_studio.ComPortSchedulerTask - <tcpserver><info> Trying to open COM port for Barcode communication
2026-05-20 16:20:10.444 INFO  o.c.WebSocketServerConfig$$SpringCGLIB$$0 - <wsserver><info> Created WS channel: /app/topic
2026-05-20 16:20:10.721 INFO  o.c.TcpServerConfig$$SpringCGLIB$$0 - <tcpserver><info> TCP server started on port: 18196
2026-05-20 16:20:10.732 INFO  o.c.TcpClientConfig$$SpringCGLIB$$0 - <tcpclient><info> TCP client has been created for server: localhost:18196
2026-05-20 16:20:10.861 INFO  o.c.WebSocketServerConfig$$SpringCGLIB$$0 - <wsserver><info> Created WS server on endpoint: /ws
2026-05-20 16:20:11.231 INFO  o.code_studio.ComPortSchedulerTask - <tcpserver><info> Barcode communication enabled. COM port open: COM3
2026-05-20 16:20:12.365 INFO  o.c.TcpServerConfig$$SpringCGLIB$$0 - <tcpclient><info> Connection established: 127.0.0.1:18196:60782:3f1fe7ab-dfde-49c8-8e00-e081769b9b05
2026-05-20 16:20:12.366 INFO  o.c.TcpServerConfig$$SpringCGLIB$$0 - <tcpserver><info> Connection established: 127.0.0.1:60782:18196:6cd35186-2a83-4ad2-b904-d1530fe619ca
2026-05-20 16:20:12.368 INFO  o.c.CraneClientConnectedListener - <tcpsvr><info> CraneClientConnectedEvent detected
2026-05-20 16:20:12.429 INFO  o.c.controller.TcpMessageController - <tcpclient><send> LVS1UST1DA960020052026162012????????01???????001
2026-05-20 16:20:12.430 WARN  o.c.ApplicationReadyListener - <tcpsvr><info> Message Flow Automation Debug is ENABLED
2026-05-20 16:20:12.444 INFO  o.c.CraneClientConnectedListener - <tcpclient><send> DAYSTART message sent to Crane server
2026-05-20 16:20:12.470 INFO  o.c.TcpServerConfig$$SpringCGLIB$$0 - <tcpserver><recv> LVS1UST1DA960020052026162012????????01???????001
2026-05-20 16:20:12.510 WARN  o.c.m.IncomingMessageProcessor - MessageProcessor::handleError->StatusCode.STATUSUNKNOWN
2026-05-20 16:20:12.514 INFO  o.c.m.IncomingMessageProcessor - SENDER LVS1 | RECEIVER UST1 | MESSAGETYPE DAYSTART | ORDINAL 96 | ERRORCODE OK | SOURCE 20052026 | TARGET 162012 | REPORTPOINT RPUNKNOWN | LETYPE LEUNKNOWN | STATUSCODE AUTOMATIONENABLED | USERDATA null | RAWMESSAGE LVS1UST1DA960020052026162012????????01???????001
2026-05-20 16:20:15.568 INFO  o.c.controller.TcpMessageController - <tcpclient><send> UST1LVS111970020052026162012????????01???????001
2026-05-20 16:20:15.585 INFO  o.c.TcpClientConfig$$SpringCGLIB$$0 - <tcpclient><recv> LVS1UST1DA960020052026162012????????01???????001
2026-05-20 16:20:15.590 INFO  o.c.TcpServerConfig$$SpringCGLIB$$0 - <tcpserver><recv> UST1LVS111970020052026162012????????01???????001
2026-05-20 16:20:15.595 WARN  o.c.m.IncomingMessageProcessor - MessageProcessor::handleError->StatusCode.STATUSUNKNOWN
2026-05-20 16:20:15.596 INFO  o.c.m.IncomingMessageProcessor - SENDER UST1 | RECEIVER LVS1 | MESSAGETYPE DAYSTART | ORDINAL 97 | ERRORCODE OK | SOURCE 20052026 | TARGET 162015 | REPORTPOINT RPUNKNOWN | LETYPE LEUNKNOWN | STATUSCODE AUTOMATIONENABLED | USERDATA null | RAWMESSAGE UST1LVS111970020052026162012????????01???????001
2026-05-20 16:20:15.601 INFO  o.c.TcpClientConfig$$SpringCGLIB$$0 - <tcpclient><recv> LVS1UST1AA970020052026162012????????01???????001
2026-05-20 16:27:58.136 INFO  o.c.ApplicationCloseListener - <tcpserver><info> ApplicationContextClosedEvent detected
2026-05-20 16:27:58.189 INFO  org.code_studio.BarcodeConfig - <tcpserver><info> Barcode communication - COM port closed: COM3
2026-05-20 16:27:58.191 INFO  o.c.ApplicationCloseListener - <tcpserver><info> Waiting for 3000 msec to receive DAYEND confirmation from CRANE, and then close the TCP connection.
2026-05-20 16:28:01.434 INFO  o.c.TcpServerConfig$$SpringCGLIB$$0 - <tcpclient><info> Connection closed: 127.0.0.1:18196:60782:3f1fe7ab-dfde-49c8-8e00-e081769b9b05
2026-05-20 16:28:01.894 INFO  o.c.TcpServerConfig$$SpringCGLIB$$0 - <tcpserver><info> Connection closed: 127.0.0.1:60782:18196:6cd35186-2a83-4ad2-b904-d1530fe619ca
2026-05-20 16:28:01.727 ERROR o.s.i.i.t.c.TcpNetServerConnectionFactory - Error on ServerSocket; port = 18196
java.net.SocketException: Socket closed
	at java.base/sun.nio.ch.NioSocketImpl.endAccept(NioSocketImpl.java:676)
	at java.base/sun.nio.ch.NioSocketImpl.accept(NioSocketImpl.java:749)
	at java.base/java.net.ServerSocket.implAccept(ServerSocket.java:593)
	at java.base/java.net.ServerSocket.platformImplAccept(ServerSocket.java:560)
	at java.base/java.net.ServerSocket.implAccept(ServerSocket.java:536)
	at java.base/java.net.ServerSocket.implAccept(ServerSocket.java:482)
	at java.base/java.net.ServerSocket.accept(ServerSocket.java:441)
	at org.springframework.integration.ip.tcp.connection.TcpNetServerConnectionFactory.acceptConnectionAndExecute(TcpNetServerConnectionFactory.java:168)
	at org.springframework.integration.ip.tcp.connection.TcpNetServerConnectionFactory.run(TcpNetServerConnectionFactory.java:120)
	at java.base/java.util.concurrent.ThreadPoolExecutor.runWorker(ThreadPoolExecutor.java:1095)
	at java.base/java.util.concurrent.ThreadPoolExecutor$Worker.run(ThreadPoolExecutor.java:619)
	at java.base/java.lang.Thread.run(Thread.java:1447)
2026-05-20 16:28:23.973 INFO  o.code_studio.ComPortSchedulerTask - <tcpserver><info> Trying to open COM port for Barcode communication
2026-05-20 16:28:24.182 INFO  o.c.WebSocketServerConfig$$SpringCGLIB$$0 - <wsserver><info> Created WS channel: /app/topic
2026-05-20 16:28:24.490 INFO  o.c.TcpServerConfig$$SpringCGLIB$$0 - <tcpserver><info> TCP server started on port: 18196
2026-05-20 16:28:24.500 INFO  o.c.TcpClientConfig$$SpringCGLIB$$0 - <tcpclient><info> TCP client has been created for server: localhost:18196
2026-05-20 16:28:24.642 INFO  o.c.WebSocketServerConfig$$SpringCGLIB$$0 - <wsserver><info> Created WS server on endpoint: /ws
2026-05-20 16:28:25.363 INFO  o.code_studio.ComPortSchedulerTask - <tcpserver><info> Barcode communication enabled. COM port open: COM3
2026-05-20 16:28:26.237 INFO  o.c.TcpServerConfig$$SpringCGLIB$$0 - <tcpclient><info> Connection established: 127.0.0.1:18196:61062:75f84744-b5fa-4a02-9256-5a9e7f7156f6
2026-05-20 16:28:26.237 INFO  o.c.TcpServerConfig$$SpringCGLIB$$0 - <tcpserver><info> Connection established: 127.0.0.1:61062:18196:af58bd6b-70cd-4b51-9338-d810a35b01bc
2026-05-20 16:28:26.239 INFO  o.c.CraneClientConnectedListener - <tcpsvr><info> CraneClientConnectedEvent detected
2026-05-20 16:28:26.366 WARN  o.c.ApplicationReadyListener - <tcpsvr><info> Message Flow Automation Debug is ENABLED
2026-05-20 16:28:26.382 INFO  o.c.controller.TcpMessageController - <tcpclient><send> LVS1UST1DA980020052026162826????????01???????001
2026-05-20 16:28:26.400 INFO  o.c.CraneClientConnectedListener - <tcpclient><send> DAYSTART message sent to Crane server
2026-05-20 16:28:26.423 INFO  o.c.TcpServerConfig$$SpringCGLIB$$0 - <tcpserver><recv> LVS1UST1DA980020052026162826????????01???????001
2026-05-20 16:28:26.471 WARN  o.c.m.IncomingMessageProcessor - MessageProcessor::handleError->StatusCode.STATUSUNKNOWN
2026-05-20 16:28:26.476 INFO  o.c.m.IncomingMessageProcessor - SENDER LVS1 | RECEIVER UST1 | MESSAGETYPE DAYSTART | ORDINAL 98 | ERRORCODE OK | SOURCE 20052026 | TARGET 162826 | REPORTPOINT RPUNKNOWN | LETYPE LEUNKNOWN | STATUSCODE AUTOMATIONENABLED | USERDATA null | RAWMESSAGE LVS1UST1DA980020052026162826????????01???????001
2026-05-20 16:28:29.508 INFO  o.c.controller.TcpMessageController - <tcpclient><send> UST1LVS111990020052026162826????????01???????001
2026-05-20 16:28:29.517 INFO  o.c.TcpClientConfig$$SpringCGLIB$$0 - <tcpclient><recv> LVS1UST1DA980020052026162826????????01???????001
2026-05-20 16:28:29.520 INFO  o.c.TcpServerConfig$$SpringCGLIB$$0 - <tcpserver><recv> UST1LVS111990020052026162826????????01???????001
2026-05-20 16:28:29.522 WARN  o.c.m.IncomingMessageProcessor - MessageProcessor::handleError->StatusCode.STATUSUNKNOWN
2026-05-20 16:28:29.522 INFO  o.c.m.IncomingMessageProcessor - SENDER UST1 | RECEIVER LVS1 | MESSAGETYPE DAYSTART | ORDINAL 99 | ERRORCODE OK | SOURCE 20052026 | TARGET 162829 | REPORTPOINT RPUNKNOWN | LETYPE LEUNKNOWN | STATUSCODE AUTOMATIONENABLED | USERDATA null | RAWMESSAGE UST1LVS111990020052026162826????????01???????001
2026-05-20 16:28:29.542 INFO  o.c.TcpClientConfig$$SpringCGLIB$$0 - <tcpclient><recv> LVS1UST1AA990020052026162826????????01???????001
2026-05-20 18:46:20.573 INFO  o.c.ApplicationCloseListener - <tcpserver><info> ApplicationContextClosedEvent detected
2026-05-20 18:46:20.624 INFO  org.code_studio.BarcodeConfig - <tcpserver><info> Barcode communication - COM port closed: COM3
2026-05-20 18:46:20.626 INFO  o.c.ApplicationCloseListener - <tcpserver><info> Waiting for 3000 msec to receive DAYEND confirmation from CRANE, and then close the TCP connection.
2026-05-20 18:46:23.781 INFO  o.c.TcpServerConfig$$SpringCGLIB$$0 - <tcpclient><info> Connection closed: 127.0.0.1:18196:61062:75f84744-b5fa-4a02-9256-5a9e7f7156f6
2026-05-20 18:46:23.816 INFO  o.c.TcpServerConfig$$SpringCGLIB$$0 - <tcpserver><info> Connection closed: 127.0.0.1:61062:18196:af58bd6b-70cd-4b51-9338-d810a35b01bc
2026-05-20 18:47:01.910 INFO  o.code_studio.ComPortSchedulerTask - <tcpserver><info> Trying to open COM port for Barcode communication
2026-05-20 18:47:02.095 INFO  o.c.WebSocketServerConfig$$SpringCGLIB$$0 - <wsserver><info> Created WS channel: /app/topic
2026-05-20 18:47:02.309 INFO  o.c.TcpServerConfig$$SpringCGLIB$$0 - <tcpserver><info> TCP server started on port: 18196
2026-05-20 18:47:02.327 INFO  o.c.TcpClientConfig$$SpringCGLIB$$0 - <tcpclient><info> TCP client has been created for server: localhost:18196
2026-05-20 18:47:02.447 INFO  o.c.WebSocketServerConfig$$SpringCGLIB$$0 - <wsserver><info> Created WS server on endpoint: /ws
2026-05-20 18:47:02.924 INFO  o.code_studio.ComPortSchedulerTask - <tcpserver><info> Barcode communication enabled. COM port open: COM3
2026-05-20 18:47:03.963 INFO  o.c.TcpServerConfig$$SpringCGLIB$$0 - <tcpclient><info> Connection established: 127.0.0.1:18196:62666:22adc563-15c7-46ab-ba93-9ea20c682f5e
2026-05-20 18:47:03.963 INFO  o.c.TcpServerConfig$$SpringCGLIB$$0 - <tcpserver><info> Connection established: 127.0.0.1:62666:18196:2dca6c1b-0ba7-44f7-a69b-35c3e8e77a85
2026-05-20 18:47:03.967 INFO  o.c.CraneClientConnectedListener - <tcpsvr><info> CraneClientConnectedEvent detected
2026-05-20 18:47:04.022 WARN  o.c.ApplicationReadyListener - <tcpsvr><info> Message Flow Automation Debug is ENABLED
2026-05-20 18:47:04.048 INFO  o.c.controller.TcpMessageController - <tcpclient><send> LVS1UST1DA010020052026184704????????01???????001
2026-05-20 18:47:04.066 INFO  o.c.CraneClientConnectedListener - <tcpclient><send> DAYSTART message sent to Crane server
2026-05-20 18:47:04.088 INFO  o.c.TcpServerConfig$$SpringCGLIB$$0 - <tcpserver><recv> LVS1UST1DA010020052026184704????????01???????001
2026-05-20 18:47:04.113 WARN  o.c.m.IncomingMessageProcessor - MessageProcessor::handleError->StatusCode.STATUSUNKNOWN
2026-05-20 18:47:04.118 INFO  o.c.m.IncomingMessageProcessor - SENDER LVS1 | RECEIVER UST1 | MESSAGETYPE DAYSTART | ORDINAL 1 | ERRORCODE OK | SOURCE 20052026 | TARGET 184704 | REPORTPOINT RPUNKNOWN | LETYPE LEUNKNOWN | STATUSCODE AUTOMATIONENABLED | USERDATA null | RAWMESSAGE LVS1UST1DA010020052026184704????????01???????001
2026-05-20 18:47:07.141 INFO  o.c.controller.TcpMessageController - <tcpclient><send> UST1LVS111020020052026184704????????01???????001
2026-05-20 18:47:07.144 INFO  o.c.TcpClientConfig$$SpringCGLIB$$0 - <tcpclient><recv> LVS1UST1DA010020052026184704????????01???????001
2026-05-20 18:47:07.145 INFO  o.c.TcpServerConfig$$SpringCGLIB$$0 - <tcpserver><recv> UST1LVS111020020052026184704????????01???????001
2026-05-20 18:47:07.147 WARN  o.c.m.IncomingMessageProcessor - MessageProcessor::handleError->StatusCode.STATUSUNKNOWN
2026-05-20 18:47:07.147 INFO  o.c.m.IncomingMessageProcessor - SENDER UST1 | RECEIVER LVS1 | MESSAGETYPE DAYSTART | ORDINAL 2 | ERRORCODE OK | SOURCE 20052026 | TARGET 184707 | REPORTPOINT RPUNKNOWN | LETYPE LEUNKNOWN | STATUSCODE AUTOMATIONENABLED | USERDATA null | RAWMESSAGE UST1LVS111020020052026184704????????01???????001
2026-05-20 18:47:07.150 INFO  o.c.TcpClientConfig$$SpringCGLIB$$0 - <tcpclient><recv> LVS1UST1AA020020052026184704????????01???????001
2026-05-20 18:56:04.257 INFO  o.c.ApplicationCloseListener - <tcpserver><info> ApplicationContextClosedEvent detected
2026-05-20 18:56:04.279 INFO  org.code_studio.BarcodeConfig - <tcpserver><info> Barcode communication - COM port closed: COM3
2026-05-20 18:56:04.281 INFO  o.c.ApplicationCloseListener - <tcpserver><info> Waiting for 3000 msec to receive DAYEND confirmation from CRANE, and then close the TCP connection.
2026-05-20 18:56:07.382 INFO  o.c.TcpServerConfig$$SpringCGLIB$$0 - <tcpclient><info> Connection closed: 127.0.0.1:18196:62666:22adc563-15c7-46ab-ba93-9ea20c682f5e
2026-05-20 18:56:07.403 INFO  o.c.TcpServerConfig$$SpringCGLIB$$0 - <tcpserver><info> Connection closed: 127.0.0.1:62666:18196:2dca6c1b-0ba7-44f7-a69b-35c3e8e77a85
2026-05-20 18:58:57.935 INFO  o.code_studio.ComPortSchedulerTask - <tcpserver><info> Trying to open COM port for Barcode communication
2026-05-20 18:58:58.109 INFO  o.c.WebSocketServerConfig$$SpringCGLIB$$0 - <wsserver><info> Created WS channel: /app/topic
2026-05-20 18:58:58.316 INFO  o.c.TcpServerConfig$$SpringCGLIB$$0 - <tcpserver><info> TCP server started on port: 18196
2026-05-20 18:58:58.331 INFO  o.c.TcpClientConfig$$SpringCGLIB$$0 - <tcpclient><info> TCP client has been created for server: localhost:18196
2026-05-20 18:58:58.434 INFO  o.c.WebSocketServerConfig$$SpringCGLIB$$0 - <wsserver><info> Created WS server on endpoint: /ws
2026-05-20 18:58:59.581 INFO  o.c.TcpServerConfig$$SpringCGLIB$$0 - <tcpclient><info> Connection established: 127.0.0.1:18196:62924:bac0e5a4-1cc4-4c97-b06a-2e43efd44b99
2026-05-20 18:58:59.583 INFO  o.c.TcpServerConfig$$SpringCGLIB$$0 - <tcpserver><info> Connection established: 127.0.0.1:62924:18196:fd8effc1-83c3-4c81-b149-758b654f47d1
2026-05-20 18:58:59.585 INFO  o.c.CraneClientConnectedListener - <tcpsvr><info> CraneClientConnectedEvent detected
2026-05-20 18:58:59.643 WARN  o.c.ApplicationReadyListener - <tcpsvr><info> Message Flow Automation Debug is ENABLED
2026-05-20 18:58:59.657 INFO  o.c.controller.TcpMessageController - <tcpclient><send> LVS1UST1DA030020052026185859????????01???????001
2026-05-20 18:58:59.670 INFO  o.c.CraneClientConnectedListener - <tcpclient><send> DAYSTART message sent to Crane server
2026-05-20 18:58:59.698 INFO  o.c.TcpServerConfig$$SpringCGLIB$$0 - <tcpserver><recv> LVS1UST1DA030020052026185859????????01???????001
2026-05-20 18:58:59.725 WARN  o.c.m.IncomingMessageProcessor - MessageProcessor::handleError->StatusCode.STATUSUNKNOWN
2026-05-20 18:58:59.731 INFO  o.c.m.IncomingMessageProcessor - SENDER LVS1 | RECEIVER UST1 | MESSAGETYPE DAYSTART | ORDINAL 3 | ERRORCODE OK | SOURCE 20052026 | TARGET 185859 | REPORTPOINT RPUNKNOWN | LETYPE LEUNKNOWN | STATUSCODE AUTOMATIONENABLED | USERDATA null | RAWMESSAGE LVS1UST1DA030020052026185859????????01???????001
2026-05-20 18:58:59.749 INFO  o.code_studio.ComPortSchedulerTask - <tcpserver><info> Barcode communication enabled. COM port open: COM3
2026-05-20 18:59:02.753 INFO  o.c.controller.TcpMessageController - <tcpclient><send> UST1LVS111040020052026185859????????01???????001
2026-05-20 18:59:02.756 INFO  o.c.TcpClientConfig$$SpringCGLIB$$0 - <tcpclient><recv> LVS1UST1DA030020052026185859????????01???????001
2026-05-20 18:59:02.759 INFO  o.c.TcpServerConfig$$SpringCGLIB$$0 - <tcpserver><recv> UST1LVS111040020052026185859????????01???????001
2026-05-20 18:59:02.760 WARN  o.c.m.IncomingMessageProcessor - MessageProcessor::handleError->StatusCode.STATUSUNKNOWN
2026-05-20 18:59:02.760 INFO  o.c.m.IncomingMessageProcessor - SENDER UST1 | RECEIVER LVS1 | MESSAGETYPE DAYSTART | ORDINAL 4 | ERRORCODE OK | SOURCE 20052026 | TARGET 185902 | REPORTPOINT RPUNKNOWN | LETYPE LEUNKNOWN | STATUSCODE AUTOMATIONENABLED | USERDATA null | RAWMESSAGE UST1LVS111040020052026185859????????01???????001
2026-05-20 18:59:02.761 INFO  o.c.TcpClientConfig$$SpringCGLIB$$0 - <tcpclient><recv> LVS1UST1AA040020052026185859????????01???????001
2026-05-20 19:03:59.072 INFO  o.c.ApplicationCloseListener - <tcpserver><info> ApplicationContextClosedEvent detected
2026-05-20 19:03:59.095 INFO  org.code_studio.BarcodeConfig - <tcpserver><info> Barcode communication - COM port closed: COM3
2026-05-20 19:03:59.097 INFO  o.c.ApplicationCloseListener - <tcpserver><info> Waiting for 3000 msec to receive DAYEND confirmation from CRANE, and then close the TCP connection.
2026-05-20 19:04:03.237 INFO  o.c.TcpServerConfig$$SpringCGLIB$$0 - <tcpclient><info> Connection closed: 127.0.0.1:18196:62924:bac0e5a4-1cc4-4c97-b06a-2e43efd44b99
2026-05-20 19:04:03.305 INFO  o.c.TcpServerConfig$$SpringCGLIB$$0 - <tcpserver><info> Connection closed: 127.0.0.1:62924:18196:fd8effc1-83c3-4c81-b149-758b654f47d1
2026-05-20 19:04:56.869 INFO  o.code_studio.ComPortSchedulerTask - <tcpserver><info> Trying to open COM port for Barcode communication
2026-05-20 19:04:57.020 INFO  o.c.WebSocketServerConfig$$SpringCGLIB$$0 - <wsserver><info> Created WS channel: /app/topic
2026-05-20 19:04:57.263 INFO  o.c.TcpServerConfig$$SpringCGLIB$$0 - <tcpserver><info> TCP server started on port: 18196
2026-05-20 19:04:57.272 INFO  o.c.TcpClientConfig$$SpringCGLIB$$0 - <tcpclient><info> TCP client has been created for server: localhost:18196
2026-05-20 19:04:57.387 INFO  o.c.WebSocketServerConfig$$SpringCGLIB$$0 - <wsserver><info> Created WS server on endpoint: /ws
2026-05-20 19:04:59.314 INFO  o.c.TcpServerConfig$$SpringCGLIB$$0 - <tcpserver><info> Connection established: 127.0.0.1:63056:18196:eb870e82-8f91-4323-b4c6-a49b233de45a
2026-05-20 19:04:59.326 INFO  o.c.CraneClientConnectedListener - <tcpsvr><info> CraneClientConnectedEvent detected
2026-05-20 19:04:59.322 INFO  o.c.TcpServerConfig$$SpringCGLIB$$0 - <tcpclient><info> Connection established: 127.0.0.1:18196:63056:acf1de48-eb02-41e6-81a5-21c851722535
2026-05-20 19:04:59.392 WARN  o.c.ApplicationReadyListener - <tcpsvr><info> Message Flow Automation Debug is ENABLED
2026-05-20 19:04:59.450 INFO  o.c.controller.TcpMessageController - <tcpclient><send> LVS1UST1DA050020052026190459????????01???????001
2026-05-20 19:04:59.468 INFO  o.c.CraneClientConnectedListener - <tcpclient><send> DAYSTART message sent to Crane server
2026-05-20 19:04:59.500 INFO  o.c.TcpServerConfig$$SpringCGLIB$$0 - <tcpserver><recv> LVS1UST1DA050020052026190459????????01???????001
2026-05-20 19:04:59.548 WARN  o.c.m.IncomingMessageProcessor - MessageProcessor::handleError->StatusCode.STATUSUNKNOWN
2026-05-20 19:04:59.555 INFO  o.c.m.IncomingMessageProcessor - SENDER LVS1 | RECEIVER UST1 | MESSAGETYPE DAYSTART | ORDINAL 5 | ERRORCODE OK | SOURCE 20052026 | TARGET 190459 | REPORTPOINT RPUNKNOWN | LETYPE LEUNKNOWN | STATUSCODE AUTOMATIONENABLED | USERDATA null | RAWMESSAGE LVS1UST1DA050020052026190459????????01???????001
2026-05-20 19:05:02.585 INFO  o.c.controller.TcpMessageController - <tcpclient><send> UST1LVS111060020052026190459????????01???????001
2026-05-20 19:05:02.589 INFO  o.c.TcpClientConfig$$SpringCGLIB$$0 - <tcpclient><recv> LVS1UST1DA050020052026190459????????01???????001
2026-05-20 19:05:02.591 INFO  o.c.TcpServerConfig$$SpringCGLIB$$0 - <tcpserver><recv> UST1LVS111060020052026190459????????01???????001
2026-05-20 19:05:02.592 WARN  o.c.m.IncomingMessageProcessor - MessageProcessor::handleError->StatusCode.STATUSUNKNOWN
2026-05-20 19:05:02.592 INFO  o.c.m.IncomingMessageProcessor - SENDER UST1 | RECEIVER LVS1 | MESSAGETYPE DAYSTART | ORDINAL 6 | ERRORCODE OK | SOURCE 20052026 | TARGET 190502 | REPORTPOINT RPUNKNOWN | LETYPE LEUNKNOWN | STATUSCODE AUTOMATIONENABLED | USERDATA null | RAWMESSAGE UST1LVS111060020052026190459????????01???????001
2026-05-20 19:05:02.594 INFO  o.c.TcpClientConfig$$SpringCGLIB$$0 - <tcpclient><recv> LVS1UST1AA060020052026190459????????01???????001
2026-05-20 19:05:57.974 ERROR o.code_studio.ComPortSchedulerTask - <tcpserver><err> Barcode communication - Unable to open COM port: COM3. Barcode functionality will be DISABLED until COM port gets connected
2026-05-20 19:07:57.976 INFO  o.code_studio.ComPortSchedulerTask - <tcpserver><info> Trying to open COM port for Barcode communication
2026-05-20 19:07:58.671 INFO  o.code_studio.ComPortSchedulerTask - <tcpserver><info> Barcode communication enabled. COM port open: COM3
2026-05-20 19:13:21.398 INFO  o.c.ApplicationCloseListener - <tcpserver><info> ApplicationContextClosedEvent detected
2026-05-20 19:13:21.410 INFO  org.code_studio.BarcodeConfig - <tcpserver><info> Barcode communication - COM port closed: COM3
2026-05-20 19:13:21.411 INFO  o.c.ApplicationCloseListener - <tcpserver><info> Waiting for 3000 msec to receive DAYEND confirmation from CRANE, and then close the TCP connection.
2026-05-20 19:13:24.476 INFO  o.c.TcpServerConfig$$SpringCGLIB$$0 - <tcpclient><info> Connection closed: 127.0.0.1:18196:63056:acf1de48-eb02-41e6-81a5-21c851722535
2026-05-20 19:13:24.492 INFO  o.c.TcpServerConfig$$SpringCGLIB$$0 - <tcpserver><info> Connection closed: 127.0.0.1:63056:18196:eb870e82-8f91-4323-b4c6-a49b233de45a
2026-05-20 19:13:46.529 INFO  o.code_studio.ComPortSchedulerTask - <tcpserver><info> Trying to open COM port for Barcode communication
2026-05-20 19:13:46.746 INFO  o.c.WebSocketServerConfig$$SpringCGLIB$$0 - <wsserver><info> Created WS channel: /app/topic
2026-05-20 19:13:47.033 INFO  o.c.TcpServerConfig$$SpringCGLIB$$0 - <tcpserver><info> TCP server started on port: 18196
2026-05-20 19:13:47.053 INFO  o.c.TcpClientConfig$$SpringCGLIB$$0 - <tcpclient><info> TCP client has been created for server: localhost:18196
2026-05-20 19:13:47.193 INFO  o.c.WebSocketServerConfig$$SpringCGLIB$$0 - <wsserver><info> Created WS server on endpoint: /ws
2026-05-20 19:13:47.948 INFO  o.code_studio.ComPortSchedulerTask - <tcpserver><info> Barcode communication enabled. COM port open: COM3
2026-05-20 19:13:48.686 INFO  o.c.TcpServerConfig$$SpringCGLIB$$0 - <tcpclient><info> Connection established: 127.0.0.1:18196:63247:24e36019-d3bd-4f0c-a3b7-76bee394cf90
2026-05-20 19:13:48.686 INFO  o.c.TcpServerConfig$$SpringCGLIB$$0 - <tcpserver><info> Connection established: 127.0.0.1:63247:18196:78ce6d39-236c-4bf9-98d4-5a6bc41ae368
2026-05-20 19:13:48.689 INFO  o.c.CraneClientConnectedListener - <tcpsvr><info> CraneClientConnectedEvent detected
2026-05-20 19:13:48.754 WARN  o.c.ApplicationReadyListener - <tcpsvr><info> Message Flow Automation Debug is ENABLED
2026-05-20 19:13:48.775 INFO  o.c.controller.TcpMessageController - <tcpclient><send> LVS1UST1DA070020052026191348????????01???????001
2026-05-20 19:13:48.793 INFO  o.c.CraneClientConnectedListener - <tcpclient><send> DAYSTART message sent to Crane server
2026-05-20 19:13:48.828 INFO  o.c.TcpServerConfig$$SpringCGLIB$$0 - <tcpserver><recv> LVS1UST1DA070020052026191348????????01???????001
2026-05-20 19:13:48.873 WARN  o.c.m.IncomingMessageProcessor - MessageProcessor::handleError->StatusCode.STATUSUNKNOWN
2026-05-20 19:13:48.885 INFO  o.c.m.IncomingMessageProcessor - SENDER LVS1 | RECEIVER UST1 | MESSAGETYPE DAYSTART | ORDINAL 7 | ERRORCODE OK | SOURCE 20052026 | TARGET 191348 | REPORTPOINT RPUNKNOWN | LETYPE LEUNKNOWN | STATUSCODE AUTOMATIONENABLED | USERDATA null | RAWMESSAGE LVS1UST1DA070020052026191348????????01???????001
2026-05-20 19:13:51.922 INFO  o.c.controller.TcpMessageController - <tcpclient><send> UST1LVS111080020052026191348????????01???????001
2026-05-20 19:13:51.926 INFO  o.c.TcpClientConfig$$SpringCGLIB$$0 - <tcpclient><recv> LVS1UST1DA070020052026191348????????01???????001
2026-05-20 19:13:51.928 INFO  o.c.TcpServerConfig$$SpringCGLIB$$0 - <tcpserver><recv> UST1LVS111080020052026191348????????01???????001
2026-05-20 19:13:51.931 WARN  o.c.m.IncomingMessageProcessor - MessageProcessor::handleError->StatusCode.STATUSUNKNOWN
2026-05-20 19:13:51.932 INFO  o.c.m.IncomingMessageProcessor - SENDER UST1 | RECEIVER LVS1 | MESSAGETYPE DAYSTART | ORDINAL 8 | ERRORCODE OK | SOURCE 20052026 | TARGET 191351 | REPORTPOINT RPUNKNOWN | LETYPE LEUNKNOWN | STATUSCODE AUTOMATIONENABLED | USERDATA null | RAWMESSAGE UST1LVS111080020052026191348????????01???????001
2026-05-20 19:13:51.934 INFO  o.c.TcpClientConfig$$SpringCGLIB$$0 - <tcpclient><recv> LVS1UST1AA080020052026191348????????01???????001
2026-05-20 19:16:50.377 INFO  o.c.ApplicationCloseListener - <tcpserver><info> ApplicationContextClosedEvent detected
2026-05-20 19:16:50.402 INFO  org.code_studio.BarcodeConfig - <tcpserver><info> Barcode communication - COM port closed: COM3
2026-05-20 19:16:50.404 INFO  o.c.ApplicationCloseListener - <tcpserver><info> Waiting for 3000 msec to receive DAYEND confirmation from CRANE, and then close the TCP connection.
2026-05-20 19:16:53.513 INFO  o.c.TcpServerConfig$$SpringCGLIB$$0 - <tcpclient><info> Connection closed: 127.0.0.1:18196:63247:24e36019-d3bd-4f0c-a3b7-76bee394cf90
2026-05-20 19:16:53.528 INFO  o.c.TcpServerConfig$$SpringCGLIB$$0 - <tcpserver><info> Connection closed: 127.0.0.1:63247:18196:78ce6d39-236c-4bf9-98d4-5a6bc41ae368
2026-05-20 19:17:07.239 INFO  o.code_studio.ComPortSchedulerTask - <tcpserver><info> Trying to open COM port for Barcode communication
2026-05-20 19:17:08.078 INFO  o.c.WebSocketServerConfig$$SpringCGLIB$$0 - <wsserver><info> Created WS channel: /app/topic
2026-05-20 19:17:08.623 INFO  o.c.TcpServerConfig$$SpringCGLIB$$0 - <tcpserver><info> TCP server started on port: 18196
2026-05-20 19:17:08.643 INFO  o.c.TcpClientConfig$$SpringCGLIB$$0 - <tcpclient><info> TCP client has been created for server: localhost:18196
2026-05-20 19:17:08.931 INFO  o.c.WebSocketServerConfig$$SpringCGLIB$$0 - <wsserver><info> Created WS server on endpoint: /ws
2026-05-20 19:17:10.338 INFO  o.code_studio.ComPortSchedulerTask - <tcpserver><info> Barcode communication enabled. COM port open: COM3
2026-05-20 19:17:11.096 INFO  o.c.TcpServerConfig$$SpringCGLIB$$0 - <tcpserver><info> Connection established: 127.0.0.1:63339:18196:bc40752c-793a-4680-9961-352c9f9ca618
2026-05-20 19:17:11.099 INFO  o.c.CraneClientConnectedListener - <tcpsvr><info> CraneClientConnectedEvent detected
2026-05-20 19:17:11.101 INFO  o.c.TcpServerConfig$$SpringCGLIB$$0 - <tcpclient><info> Connection established: 127.0.0.1:18196:63339:d8d4fb5f-459c-427e-b335-17271334e7f3
2026-05-20 19:17:11.142 WARN  o.c.ApplicationReadyListener - <tcpsvr><info> Message Flow Automation Debug is ENABLED
2026-05-20 19:17:11.195 INFO  o.c.controller.TcpMessageController - <tcpclient><send> LVS1UST1DA090020052026191711????????01???????001
2026-05-20 19:17:11.207 INFO  o.c.CraneClientConnectedListener - <tcpclient><send> DAYSTART message sent to Crane server
2026-05-20 19:17:11.242 INFO  o.c.TcpServerConfig$$SpringCGLIB$$0 - <tcpserver><recv> LVS1UST1DA090020052026191711????????01???????001
2026-05-20 19:17:11.265 WARN  o.c.m.IncomingMessageProcessor - MessageProcessor::handleError->StatusCode.STATUSUNKNOWN
2026-05-20 19:17:11.300 INFO  o.c.m.IncomingMessageProcessor - SENDER LVS1 | RECEIVER UST1 | MESSAGETYPE DAYSTART | ORDINAL 9 | ERRORCODE OK | SOURCE 20052026 | TARGET 191711 | REPORTPOINT RPUNKNOWN | LETYPE LEUNKNOWN | STATUSCODE AUTOMATIONENABLED | USERDATA null | RAWMESSAGE LVS1UST1DA090020052026191711????????01???????001
2026-05-20 19:17:14.369 INFO  o.c.controller.TcpMessageController - <tcpclient><send> UST1LVS111100020052026191711????????01???????001
2026-05-20 19:17:14.374 INFO  o.c.TcpClientConfig$$SpringCGLIB$$0 - <tcpclient><recv> LVS1UST1DA090020052026191711????????01???????001
2026-05-20 19:17:14.376 INFO  o.c.TcpServerConfig$$SpringCGLIB$$0 - <tcpserver><recv> UST1LVS111100020052026191711????????01???????001
2026-05-20 19:17:14.378 WARN  o.c.m.IncomingMessageProcessor - MessageProcessor::handleError->StatusCode.STATUSUNKNOWN
2026-05-20 19:17:14.378 INFO  o.c.m.IncomingMessageProcessor - SENDER UST1 | RECEIVER LVS1 | MESSAGETYPE DAYSTART | ORDINAL 10 | ERRORCODE OK | SOURCE 20052026 | TARGET 191714 | REPORTPOINT RPUNKNOWN | LETYPE LEUNKNOWN | STATUSCODE AUTOMATIONENABLED | USERDATA null | RAWMESSAGE UST1LVS111100020052026191711????????01???????001
2026-05-20 19:17:14.380 INFO  o.c.TcpClientConfig$$SpringCGLIB$$0 - <tcpclient><recv> LVS1UST1AA100020052026191711????????01???????001
2026-05-20 19:22:55.864 INFO  o.c.ApplicationCloseListener - <tcpserver><info> ApplicationContextClosedEvent detected
2026-05-20 19:22:55.882 INFO  org.code_studio.BarcodeConfig - <tcpserver><info> Barcode communication - COM port closed: COM3
2026-05-20 19:22:55.883 INFO  o.c.ApplicationCloseListener - <tcpserver><info> Waiting for 3000 msec to receive DAYEND confirmation from CRANE, and then close the TCP connection.
2026-05-20 19:22:58.955 INFO  o.c.TcpServerConfig$$SpringCGLIB$$0 - <tcpclient><info> Connection closed: 127.0.0.1:18196:63339:d8d4fb5f-459c-427e-b335-17271334e7f3
2026-05-20 19:22:58.976 INFO  o.c.TcpServerConfig$$SpringCGLIB$$0 - <tcpserver><info> Connection closed: 127.0.0.1:63339:18196:bc40752c-793a-4680-9961-352c9f9ca618
2026-05-20 19:23:24.914 INFO  o.code_studio.ComPortSchedulerTask - <tcpserver><info> Trying to open COM port for Barcode communication
2026-05-20 19:23:25.115 INFO  o.c.WebSocketServerConfig$$SpringCGLIB$$0 - <wsserver><info> Created WS channel: /app/topic
2026-05-20 19:23:25.372 INFO  o.c.TcpServerConfig$$SpringCGLIB$$0 - <tcpserver><info> TCP server started on port: 18196
2026-05-20 19:23:25.383 INFO  o.c.TcpClientConfig$$SpringCGLIB$$0 - <tcpclient><info> TCP client has been created for server: localhost:18196
2026-05-20 19:23:25.501 INFO  o.c.WebSocketServerConfig$$SpringCGLIB$$0 - <wsserver><info> Created WS server on endpoint: /ws
2026-05-20 19:23:26.501 INFO  o.code_studio.ComPortSchedulerTask - <tcpserver><info> Barcode communication enabled. COM port open: COM3
2026-05-20 19:23:26.902 INFO  o.c.TcpServerConfig$$SpringCGLIB$$0 - <tcpclient><info> Connection established: 127.0.0.1:18196:63470:38cecd42-46e0-4571-b67f-7fe415ef3c05
2026-05-20 19:23:26.902 INFO  o.c.TcpServerConfig$$SpringCGLIB$$0 - <tcpserver><info> Connection established: 127.0.0.1:63470:18196:544f2418-6ad9-4e30-b9a9-18ce8089b173
2026-05-20 19:23:26.904 INFO  o.c.CraneClientConnectedListener - <tcpsvr><info> CraneClientConnectedEvent detected
2026-05-20 19:23:26.962 INFO  o.c.controller.TcpMessageController - <tcpclient><send> LVS1UST1DA110020052026192326????????01???????001
2026-05-20 19:23:26.969 WARN  o.c.ApplicationReadyListener - <tcpsvr><info> Message Flow Automation Debug is ENABLED
2026-05-20 19:23:26.979 INFO  o.c.CraneClientConnectedListener - <tcpclient><send> DAYSTART message sent to Crane server
2026-05-20 19:23:27.009 INFO  o.c.TcpServerConfig$$SpringCGLIB$$0 - <tcpserver><recv> LVS1UST1DA110020052026192326????????01???????001
2026-05-20 19:23:27.041 WARN  o.c.m.IncomingMessageProcessor - MessageProcessor::handleError->StatusCode.STATUSUNKNOWN
2026-05-20 19:23:27.046 INFO  o.c.m.IncomingMessageProcessor - SENDER LVS1 | RECEIVER UST1 | MESSAGETYPE DAYSTART | ORDINAL 11 | ERRORCODE OK | SOURCE 20052026 | TARGET 192327 | REPORTPOINT RPUNKNOWN | LETYPE LEUNKNOWN | STATUSCODE AUTOMATIONENABLED | USERDATA null | RAWMESSAGE LVS1UST1DA110020052026192326????????01???????001
2026-05-20 19:23:30.070 INFO  o.c.controller.TcpMessageController - <tcpclient><send> UST1LVS111120020052026192327????????01???????001
2026-05-20 19:23:30.074 INFO  o.c.TcpClientConfig$$SpringCGLIB$$0 - <tcpclient><recv> LVS1UST1DA110020052026192326????????01???????001
2026-05-20 19:23:30.074 INFO  o.c.TcpServerConfig$$SpringCGLIB$$0 - <tcpserver><recv> UST1LVS111120020052026192327????????01???????001
2026-05-20 19:23:30.075 WARN  o.c.m.IncomingMessageProcessor - MessageProcessor::handleError->StatusCode.STATUSUNKNOWN
2026-05-20 19:23:30.076 INFO  o.c.m.IncomingMessageProcessor - SENDER UST1 | RECEIVER LVS1 | MESSAGETYPE DAYSTART | ORDINAL 12 | ERRORCODE OK | SOURCE 20052026 | TARGET 192330 | REPORTPOINT RPUNKNOWN | LETYPE LEUNKNOWN | STATUSCODE AUTOMATIONENABLED | USERDATA null | RAWMESSAGE UST1LVS111120020052026192327????????01???????001
2026-05-20 19:23:30.078 INFO  o.c.TcpClientConfig$$SpringCGLIB$$0 - <tcpclient><recv> LVS1UST1AA120020052026192327????????01???????001
2026-05-20 19:25:00.689 INFO  o.c.ApplicationCloseListener - <tcpserver><info> ApplicationContextClosedEvent detected
2026-05-20 19:25:00.756 INFO  org.code_studio.BarcodeConfig - <tcpserver><info> Barcode communication - COM port closed: COM3
2026-05-20 19:25:00.756 INFO  o.c.ApplicationCloseListener - <tcpserver><info> Waiting for 3000 msec to receive DAYEND confirmation from CRANE, and then close the TCP connection.
2026-05-20 19:25:03.772 INFO  o.c.TcpServerConfig$$SpringCGLIB$$0 - <tcpclient><info> Connection closed: 127.0.0.1:18196:63470:38cecd42-46e0-4571-b67f-7fe415ef3c05
2026-05-20 19:25:03.783 INFO  o.c.TcpServerConfig$$SpringCGLIB$$0 - <tcpserver><info> Connection closed: 127.0.0.1:63470:18196:544f2418-6ad9-4e30-b9a9-18ce8089b173
2026-05-20 19:25:20.876 INFO  o.code_studio.ComPortSchedulerTask - <tcpserver><info> Trying to open COM port for Barcode communication
2026-05-20 19:25:21.026 INFO  o.c.WebSocketServerConfig$$SpringCGLIB$$0 - <wsserver><info> Created WS channel: /app/topic
2026-05-20 19:25:21.253 INFO  o.c.TcpServerConfig$$SpringCGLIB$$0 - <tcpserver><info> TCP server started on port: 18196
2026-05-20 19:25:21.263 INFO  o.c.TcpClientConfig$$SpringCGLIB$$0 - <tcpclient><info> TCP client has been created for server: localhost:18196
2026-05-20 19:25:21.378 INFO  o.c.WebSocketServerConfig$$SpringCGLIB$$0 - <wsserver><info> Created WS server on endpoint: /ws
2026-05-20 19:25:21.776 INFO  o.code_studio.ComPortSchedulerTask - <tcpserver><info> Barcode communication enabled. COM port open: COM3
2026-05-20 19:25:22.670 INFO  o.c.TcpServerConfig$$SpringCGLIB$$0 - <tcpserver><info> Connection established: 127.0.0.1:63573:18196:1bcb94a6-8b88-4a56-8ae7-08da2fcf6b20
2026-05-20 19:25:22.672 INFO  o.c.CraneClientConnectedListener - <tcpsvr><info> CraneClientConnectedEvent detected
2026-05-20 19:25:22.673 INFO  o.c.TcpServerConfig$$SpringCGLIB$$0 - <tcpclient><info> Connection established: 127.0.0.1:18196:63573:398d1996-29f5-4055-9f82-52a9fd366ada
2026-05-20 19:25:22.716 WARN  o.c.ApplicationReadyListener - <tcpsvr><info> Message Flow Automation Debug is ENABLED
2026-05-20 19:25:22.747 INFO  o.c.controller.TcpMessageController - <tcpclient><send> LVS1UST1DA130020052026192522????????01???????001
2026-05-20 19:25:22.762 INFO  o.c.CraneClientConnectedListener - <tcpclient><send> DAYSTART message sent to Crane server
2026-05-20 19:25:22.784 INFO  o.c.TcpServerConfig$$SpringCGLIB$$0 - <tcpserver><recv> LVS1UST1DA130020052026192522????????01???????001
2026-05-20 19:25:22.809 WARN  o.c.m.IncomingMessageProcessor - MessageProcessor::handleError->StatusCode.STATUSUNKNOWN
2026-05-20 19:25:22.813 INFO  o.c.m.IncomingMessageProcessor - SENDER LVS1 | RECEIVER UST1 | MESSAGETYPE DAYSTART | ORDINAL 13 | ERRORCODE OK | SOURCE 20052026 | TARGET 192522 | REPORTPOINT RPUNKNOWN | LETYPE LEUNKNOWN | STATUSCODE AUTOMATIONENABLED | USERDATA null | RAWMESSAGE LVS1UST1DA130020052026192522????????01???????001
2026-05-20 19:25:25.834 INFO  o.c.controller.TcpMessageController - <tcpclient><send> UST1LVS111140020052026192522????????01???????001
2026-05-20 19:25:25.836 INFO  o.c.TcpClientConfig$$SpringCGLIB$$0 - <tcpclient><recv> LVS1UST1DA130020052026192522????????01???????001
2026-05-20 19:25:25.836 INFO  o.c.TcpServerConfig$$SpringCGLIB$$0 - <tcpserver><recv> UST1LVS111140020052026192522????????01???????001
2026-05-20 19:25:25.837 WARN  o.c.m.IncomingMessageProcessor - MessageProcessor::handleError->StatusCode.STATUSUNKNOWN
2026-05-20 19:25:25.838 INFO  o.c.m.IncomingMessageProcessor - SENDER UST1 | RECEIVER LVS1 | MESSAGETYPE DAYSTART | ORDINAL 14 | ERRORCODE OK | SOURCE 20052026 | TARGET 192525 | REPORTPOINT RPUNKNOWN | LETYPE LEUNKNOWN | STATUSCODE AUTOMATIONENABLED | USERDATA null | RAWMESSAGE UST1LVS111140020052026192522????????01???????001
2026-05-20 19:25:25.839 INFO  o.c.TcpClientConfig$$SpringCGLIB$$0 - <tcpclient><recv> LVS1UST1AA140020052026192522????????01???????001
2026-05-20 19:27:03.576 INFO  o.c.ApplicationCloseListener - <tcpserver><info> ApplicationContextClosedEvent detected
2026-05-20 19:27:03.578 INFO  org.code_studio.BarcodeConfig - <tcpserver><info> Barcode communication - COM port closed: COM3
2026-05-20 19:27:03.579 INFO  o.c.ApplicationCloseListener - <tcpserver><info> Waiting for 3000 msec to receive DAYEND confirmation from CRANE, and then close the TCP connection.
2026-05-20 19:27:06.594 INFO  o.c.TcpServerConfig$$SpringCGLIB$$0 - <tcpclient><info> Connection closed: 127.0.0.1:18196:63573:398d1996-29f5-4055-9f82-52a9fd366ada
2026-05-20 19:27:06.599 INFO  o.c.TcpServerConfig$$SpringCGLIB$$0 - <tcpserver><info> Connection closed: 127.0.0.1:63573:18196:1bcb94a6-8b88-4a56-8ae7-08da2fcf6b20
2026-05-20 19:27:14.822 INFO  o.code_studio.ComPortSchedulerTask - <tcpserver><info> Trying to open COM port for Barcode communication
2026-05-20 19:27:15.035 INFO  o.c.WebSocketServerConfig$$SpringCGLIB$$0 - <wsserver><info> Created WS channel: /app/topic
2026-05-20 19:27:15.230 INFO  o.c.TcpServerConfig$$SpringCGLIB$$0 - <tcpserver><info> TCP server started on port: 18196
2026-05-20 19:27:15.242 INFO  o.c.TcpClientConfig$$SpringCGLIB$$0 - <tcpclient><info> TCP client has been created for server: localhost:18196
2026-05-20 19:27:15.368 INFO  o.c.WebSocketServerConfig$$SpringCGLIB$$0 - <wsserver><info> Created WS server on endpoint: /ws
2026-05-20 19:27:15.646 INFO  o.code_studio.ComPortSchedulerTask - <tcpserver><info> Barcode communication enabled. COM port open: COM3
2026-05-20 19:27:16.535 INFO  o.c.TcpServerConfig$$SpringCGLIB$$0 - <tcpserver><info> Connection established: 127.0.0.1:63632:18196:9674000b-1e72-479e-afc4-fbba11fbc73d
2026-05-20 19:27:16.537 INFO  o.c.CraneClientConnectedListener - <tcpsvr><info> CraneClientConnectedEvent detected
2026-05-20 19:27:16.539 INFO  o.c.TcpServerConfig$$SpringCGLIB$$0 - <tcpclient><info> Connection established: 127.0.0.1:18196:63632:bc73b226-fee4-43bc-8e43-486e602f624e
2026-05-20 19:27:16.598 INFO  o.c.controller.TcpMessageController - <tcpclient><send> LVS1UST1DA150020052026192716????????01???????001
2026-05-20 19:27:16.613 INFO  o.c.CraneClientConnectedListener - <tcpclient><send> DAYSTART message sent to Crane server
2026-05-20 19:27:16.629 WARN  o.c.ApplicationReadyListener - <tcpsvr><info> Message Flow Automation Debug is ENABLED
2026-05-20 19:27:16.643 INFO  o.c.TcpServerConfig$$SpringCGLIB$$0 - <tcpserver><recv> LVS1UST1DA150020052026192716????????01???????001
2026-05-20 19:27:16.678 WARN  o.c.m.IncomingMessageProcessor - MessageProcessor::handleError->StatusCode.STATUSUNKNOWN
2026-05-20 19:27:16.684 INFO  o.c.m.IncomingMessageProcessor - SENDER LVS1 | RECEIVER UST1 | MESSAGETYPE DAYSTART | ORDINAL 15 | ERRORCODE OK | SOURCE 20052026 | TARGET 192716 | REPORTPOINT RPUNKNOWN | LETYPE LEUNKNOWN | STATUSCODE AUTOMATIONENABLED | USERDATA null | RAWMESSAGE LVS1UST1DA150020052026192716????????01???????001
2026-05-20 19:27:19.717 INFO  o.c.controller.TcpMessageController - <tcpclient><send> UST1LVS111160020052026192716????????01???????001
2026-05-20 19:27:19.720 INFO  o.c.TcpClientConfig$$SpringCGLIB$$0 - <tcpclient><recv> LVS1UST1DA150020052026192716????????01???????001
2026-05-20 19:27:19.723 INFO  o.c.TcpServerConfig$$SpringCGLIB$$0 - <tcpserver><recv> UST1LVS111160020052026192716????????01???????001
2026-05-20 19:27:19.725 WARN  o.c.m.IncomingMessageProcessor - MessageProcessor::handleError->StatusCode.STATUSUNKNOWN
2026-05-20 19:27:19.726 INFO  o.c.m.IncomingMessageProcessor - SENDER UST1 | RECEIVER LVS1 | MESSAGETYPE DAYSTART | ORDINAL 16 | ERRORCODE OK | SOURCE 20052026 | TARGET 192719 | REPORTPOINT RPUNKNOWN | LETYPE LEUNKNOWN | STATUSCODE AUTOMATIONENABLED | USERDATA null | RAWMESSAGE UST1LVS111160020052026192716????????01???????001
2026-05-20 19:27:19.727 INFO  o.c.TcpClientConfig$$SpringCGLIB$$0 - <tcpclient><recv> LVS1UST1AA160020052026192716????????01???????001
2026-05-20 19:28:34.279 INFO  o.c.ApplicationCloseListener - <tcpserver><info> ApplicationContextClosedEvent detected
2026-05-20 19:28:34.280 INFO  org.code_studio.BarcodeConfig - <tcpserver><info> Barcode communication - COM port closed: COM3
2026-05-20 19:28:34.281 INFO  o.c.ApplicationCloseListener - <tcpserver><info> Waiting for 3000 msec to receive DAYEND confirmation from CRANE, and then close the TCP connection.
2026-05-20 19:28:37.294 INFO  o.c.TcpServerConfig$$SpringCGLIB$$0 - <tcpclient><info> Connection closed: 127.0.0.1:18196:63632:bc73b226-fee4-43bc-8e43-486e602f624e
2026-05-20 19:28:37.299 INFO  o.c.TcpServerConfig$$SpringCGLIB$$0 - <tcpserver><info> Connection closed: 127.0.0.1:63632:18196:9674000b-1e72-479e-afc4-fbba11fbc73d
2026-05-20 19:28:57.733 INFO  o.code_studio.ComPortSchedulerTask - <tcpserver><info> Trying to open COM port for Barcode communication
2026-05-20 19:28:57.921 INFO  o.c.WebSocketServerConfig$$SpringCGLIB$$0 - <wsserver><info> Created WS channel: /app/topic
2026-05-20 19:28:58.138 INFO  o.c.TcpServerConfig$$SpringCGLIB$$0 - <tcpserver><info> TCP server started on port: 18196
2026-05-20 19:28:58.148 INFO  o.c.TcpClientConfig$$SpringCGLIB$$0 - <tcpclient><info> TCP client has been created for server: localhost:18196
2026-05-20 19:28:58.244 INFO  o.c.WebSocketServerConfig$$SpringCGLIB$$0 - <wsserver><info> Created WS server on endpoint: /ws
2026-05-20 19:28:59.289 INFO  o.c.TcpServerConfig$$SpringCGLIB$$0 - <tcpserver><info> Connection established: 127.0.0.1:63686:18196:56becefc-d78a-4fbd-9657-66fcbfe35db7
2026-05-20 19:28:59.289 INFO  o.c.TcpServerConfig$$SpringCGLIB$$0 - <tcpclient><info> Connection established: 127.0.0.1:18196:63686:4608c33a-24ce-4963-b659-8c774dc7a83c
2026-05-20 19:28:59.291 INFO  o.c.CraneClientConnectedListener - <tcpsvr><info> CraneClientConnectedEvent detected
2026-05-20 19:28:59.349 WARN  o.c.ApplicationReadyListener - <tcpsvr><info> Message Flow Automation Debug is ENABLED
2026-05-20 19:28:59.367 INFO  o.c.controller.TcpMessageController - <tcpclient><send> LVS1UST1DA170020052026192859????????01???????001
2026-05-20 19:28:59.368 INFO  o.code_studio.ComPortSchedulerTask - <tcpserver><info> Barcode communication enabled. COM port open: COM3
2026-05-20 19:28:59.383 INFO  o.c.CraneClientConnectedListener - <tcpclient><send> DAYSTART message sent to Crane server
2026-05-20 19:28:59.406 INFO  o.c.TcpServerConfig$$SpringCGLIB$$0 - <tcpserver><recv> LVS1UST1DA170020052026192859????????01???????001
2026-05-20 19:28:59.430 WARN  o.c.m.IncomingMessageProcessor - MessageProcessor::handleError->StatusCode.STATUSUNKNOWN
2026-05-20 19:28:59.435 INFO  o.c.m.IncomingMessageProcessor - SENDER LVS1 | RECEIVER UST1 | MESSAGETYPE DAYSTART | ORDINAL 17 | ERRORCODE OK | SOURCE 20052026 | TARGET 192859 | REPORTPOINT RPUNKNOWN | LETYPE LEUNKNOWN | STATUSCODE AUTOMATIONENABLED | USERDATA null | RAWMESSAGE LVS1UST1DA170020052026192859????????01???????001
2026-05-20 19:29:02.490 INFO  o.c.controller.TcpMessageController - <tcpclient><send> UST1LVS111180020052026192859????????01???????001
2026-05-20 19:29:02.493 INFO  o.c.TcpClientConfig$$SpringCGLIB$$0 - <tcpclient><recv> LVS1UST1DA170020052026192859????????01???????001
2026-05-20 19:29:02.495 INFO  o.c.TcpServerConfig$$SpringCGLIB$$0 - <tcpserver><recv> UST1LVS111180020052026192859????????01???????001
2026-05-20 19:29:02.498 WARN  o.c.m.IncomingMessageProcessor - MessageProcessor::handleError->StatusCode.STATUSUNKNOWN
2026-05-20 19:29:02.498 INFO  o.c.m.IncomingMessageProcessor - SENDER UST1 | RECEIVER LVS1 | MESSAGETYPE DAYSTART | ORDINAL 18 | ERRORCODE OK | SOURCE 20052026 | TARGET 192902 | REPORTPOINT RPUNKNOWN | LETYPE LEUNKNOWN | STATUSCODE AUTOMATIONENABLED | USERDATA null | RAWMESSAGE UST1LVS111180020052026192859????????01???????001
2026-05-20 19:29:02.500 INFO  o.c.TcpClientConfig$$SpringCGLIB$$0 - <tcpclient><recv> LVS1UST1AA180020052026192859????????01???????001
2026-05-20 19:29:57.642 INFO  o.c.ApplicationCloseListener - <tcpserver><info> ApplicationContextClosedEvent detected
2026-05-20 19:29:57.644 INFO  org.code_studio.BarcodeConfig - <tcpserver><info> Barcode communication - COM port closed: COM3
2026-05-20 19:29:57.644 INFO  o.c.ApplicationCloseListener - <tcpserver><info> Waiting for 3000 msec to receive DAYEND confirmation from CRANE, and then close the TCP connection.
2026-05-20 19:30:00.654 INFO  o.c.TcpServerConfig$$SpringCGLIB$$0 - <tcpclient><info> Connection closed: 127.0.0.1:18196:63686:4608c33a-24ce-4963-b659-8c774dc7a83c
2026-05-20 19:30:00.658 INFO  o.c.TcpServerConfig$$SpringCGLIB$$0 - <tcpserver><info> Connection closed: 127.0.0.1:63686:18196:56becefc-d78a-4fbd-9657-66fcbfe35db7
2026-05-20 19:30:23.949 INFO  o.code_studio.ComPortSchedulerTask - <tcpserver><info> Trying to open COM port for Barcode communication
2026-05-20 19:30:24.142 INFO  o.c.WebSocketServerConfig$$SpringCGLIB$$0 - <wsserver><info> Created WS channel: /app/topic
2026-05-20 19:30:24.323 INFO  o.c.TcpServerConfig$$SpringCGLIB$$0 - <tcpserver><info> TCP server started on port: 18196
2026-05-20 19:30:24.331 INFO  o.c.TcpClientConfig$$SpringCGLIB$$0 - <tcpclient><info> TCP client has been created for server: localhost:18196
2026-05-20 19:30:24.411 INFO  o.c.WebSocketServerConfig$$SpringCGLIB$$0 - <wsserver><info> Created WS server on endpoint: /ws
2026-05-20 19:30:25.145 INFO  o.code_studio.ComPortSchedulerTask - <tcpserver><info> Barcode communication enabled. COM port open: COM3
2026-05-20 19:30:25.554 INFO  o.c.TcpServerConfig$$SpringCGLIB$$0 - <tcpclient><info> Connection established: 127.0.0.1:18196:63719:3e20169c-6a54-4b60-8b0b-cf235d88c85c
2026-05-20 19:30:25.554 INFO  o.c.TcpServerConfig$$SpringCGLIB$$0 - <tcpserver><info> Connection established: 127.0.0.1:63719:18196:fff4761f-cf7a-44ff-b231-ffcb7d4080f8
2026-05-20 19:30:25.556 INFO  o.c.CraneClientConnectedListener - <tcpsvr><info> CraneClientConnectedEvent detected
2026-05-20 19:30:25.599 WARN  o.c.ApplicationReadyListener - <tcpsvr><info> Message Flow Automation Debug is ENABLED
2026-05-20 19:30:25.621 INFO  o.c.controller.TcpMessageController - <tcpclient><send> LVS1UST1DA190020052026193025????????01???????001
2026-05-20 19:30:25.633 INFO  o.c.CraneClientConnectedListener - <tcpclient><send> DAYSTART message sent to Crane server
2026-05-20 19:30:25.659 INFO  o.c.TcpServerConfig$$SpringCGLIB$$0 - <tcpserver><recv> LVS1UST1DA190020052026193025????????01???????001
2026-05-20 19:30:25.685 WARN  o.c.m.IncomingMessageProcessor - MessageProcessor::handleError->StatusCode.STATUSUNKNOWN
2026-05-20 19:30:25.691 INFO  o.c.m.IncomingMessageProcessor - SENDER LVS1 | RECEIVER UST1 | MESSAGETYPE DAYSTART | ORDINAL 19 | ERRORCODE OK | SOURCE 20052026 | TARGET 193025 | REPORTPOINT RPUNKNOWN | LETYPE LEUNKNOWN | STATUSCODE AUTOMATIONENABLED | USERDATA null | RAWMESSAGE LVS1UST1DA190020052026193025????????01???????001
2026-05-20 19:30:28.712 INFO  o.c.controller.TcpMessageController - <tcpclient><send> UST1LVS111200020052026193025????????01???????001
2026-05-20 19:30:28.715 INFO  o.c.TcpClientConfig$$SpringCGLIB$$0 - <tcpclient><recv> LVS1UST1DA190020052026193025????????01???????001
2026-05-20 19:30:28.715 INFO  o.c.TcpServerConfig$$SpringCGLIB$$0 - <tcpserver><recv> UST1LVS111200020052026193025????????01???????001
2026-05-20 19:30:28.716 WARN  o.c.m.IncomingMessageProcessor - MessageProcessor::handleError->StatusCode.STATUSUNKNOWN
2026-05-20 19:30:28.717 INFO  o.c.m.IncomingMessageProcessor - SENDER UST1 | RECEIVER LVS1 | MESSAGETYPE DAYSTART | ORDINAL 20 | ERRORCODE OK | SOURCE 20052026 | TARGET 193028 | REPORTPOINT RPUNKNOWN | LETYPE LEUNKNOWN | STATUSCODE AUTOMATIONENABLED | USERDATA null | RAWMESSAGE UST1LVS111200020052026193025????????01???????001
2026-05-20 19:30:28.719 INFO  o.c.TcpClientConfig$$SpringCGLIB$$0 - <tcpclient><recv> LVS1UST1AA200020052026193025????????01???????001
2026-05-20 19:33:34.383 INFO  o.c.ApplicationCloseListener - <tcpserver><info> ApplicationContextClosedEvent detected
2026-05-20 19:33:34.388 INFO  org.code_studio.BarcodeConfig - <tcpserver><info> Barcode communication - COM port closed: COM3
2026-05-20 19:33:34.388 INFO  o.c.ApplicationCloseListener - <tcpserver><info> Waiting for 3000 msec to receive DAYEND confirmation from CRANE, and then close the TCP connection.
2026-05-20 19:33:37.418 INFO  o.c.TcpServerConfig$$SpringCGLIB$$0 - <tcpclient><info> Connection closed: 127.0.0.1:18196:63719:3e20169c-6a54-4b60-8b0b-cf235d88c85c
2026-05-20 19:33:37.455 INFO  o.c.TcpServerConfig$$SpringCGLIB$$0 - <tcpserver><info> Connection closed: 127.0.0.1:63719:18196:fff4761f-cf7a-44ff-b231-ffcb7d4080f8
2026-05-20 19:33:49.058 INFO  o.code_studio.ComPortSchedulerTask - <tcpserver><info> Trying to open COM port for Barcode communication
2026-05-20 19:33:49.231 INFO  o.c.WebSocketServerConfig$$SpringCGLIB$$0 - <wsserver><info> Created WS channel: /app/topic
2026-05-20 19:33:49.431 INFO  o.c.TcpServerConfig$$SpringCGLIB$$0 - <tcpserver><info> TCP server started on port: 18196
2026-05-20 19:33:49.441 INFO  o.c.TcpClientConfig$$SpringCGLIB$$0 - <tcpclient><info> TCP client has been created for server: localhost:18196
2026-05-20 19:33:49.566 INFO  o.c.WebSocketServerConfig$$SpringCGLIB$$0 - <wsserver><info> Created WS server on endpoint: /ws
2026-05-20 19:33:50.900 INFO  o.c.TcpServerConfig$$SpringCGLIB$$0 - <tcpclient><info> Connection established: 127.0.0.1:18196:63801:601ff3ed-604e-4bb0-ab29-66b9c90c1b41
2026-05-20 19:33:50.900 INFO  o.c.TcpServerConfig$$SpringCGLIB$$0 - <tcpserver><info> Connection established: 127.0.0.1:63801:18196:28afdc4e-c931-4f7b-bd13-af56b95f07a2
2026-05-20 19:33:50.902 INFO  o.c.CraneClientConnectedListener - <tcpsvr><info> CraneClientConnectedEvent detected
2026-05-20 19:33:50.958 WARN  o.c.ApplicationReadyListener - <tcpsvr><info> Message Flow Automation Debug is ENABLED
2026-05-20 19:33:50.968 INFO  o.c.controller.TcpMessageController - <tcpclient><send> LVS1UST1DA210020052026193350????????01???????001
2026-05-20 19:33:50.985 INFO  o.c.CraneClientConnectedListener - <tcpclient><send> DAYSTART message sent to Crane server
2026-05-20 19:33:51.008 INFO  o.c.TcpServerConfig$$SpringCGLIB$$0 - <tcpserver><recv> LVS1UST1DA210020052026193350????????01???????001
2026-05-20 19:33:51.101 WARN  o.c.m.IncomingMessageProcessor - MessageProcessor::handleError->StatusCode.STATUSUNKNOWN
2026-05-20 19:33:51.105 INFO  o.c.m.IncomingMessageProcessor - SENDER LVS1 | RECEIVER UST1 | MESSAGETYPE DAYSTART | ORDINAL 21 | ERRORCODE OK | SOURCE 20052026 | TARGET 193351 | REPORTPOINT RPUNKNOWN | LETYPE LEUNKNOWN | STATUSCODE AUTOMATIONENABLED | USERDATA null | RAWMESSAGE LVS1UST1DA210020052026193350????????01???????001
2026-05-20 19:33:51.215 INFO  o.code_studio.ComPortSchedulerTask - <tcpserver><info> Barcode communication enabled. COM port open: COM3
2026-05-20 19:33:54.130 INFO  o.c.controller.TcpMessageController - <tcpclient><send> UST1LVS111220020052026193351????????01???????001
2026-05-20 19:33:54.141 INFO  o.c.TcpClientConfig$$SpringCGLIB$$0 - <tcpclient><recv> LVS1UST1DA210020052026193350????????01???????001
2026-05-20 19:33:54.143 INFO  o.c.TcpServerConfig$$SpringCGLIB$$0 - <tcpserver><recv> UST1LVS111220020052026193351????????01???????001
2026-05-20 19:33:54.146 WARN  o.c.m.IncomingMessageProcessor - MessageProcessor::handleError->StatusCode.STATUSUNKNOWN
2026-05-20 19:33:54.146 INFO  o.c.m.IncomingMessageProcessor - SENDER UST1 | RECEIVER LVS1 | MESSAGETYPE DAYSTART | ORDINAL 22 | ERRORCODE OK | SOURCE 20052026 | TARGET 193354 | REPORTPOINT RPUNKNOWN | LETYPE LEUNKNOWN | STATUSCODE AUTOMATIONENABLED | USERDATA null | RAWMESSAGE UST1LVS111220020052026193351????????01???????001
2026-05-20 19:33:54.152 INFO  o.c.TcpClientConfig$$SpringCGLIB$$0 - <tcpclient><recv> LVS1UST1AA220020052026193351????????01???????001
2026-05-20 19:35:03.078 INFO  o.c.ApplicationCloseListener - <tcpserver><info> ApplicationContextClosedEvent detected
2026-05-20 19:35:03.080 INFO  org.code_studio.BarcodeConfig - <tcpserver><info> Barcode communication - COM port closed: COM3
2026-05-20 19:35:03.080 INFO  o.c.ApplicationCloseListener - <tcpserver><info> Waiting for 3000 msec to receive DAYEND confirmation from CRANE, and then close the TCP connection.
2026-05-20 19:35:06.093 INFO  o.c.TcpServerConfig$$SpringCGLIB$$0 - <tcpclient><info> Connection closed: 127.0.0.1:18196:63801:601ff3ed-604e-4bb0-ab29-66b9c90c1b41
2026-05-20 19:35:06.097 INFO  o.c.TcpServerConfig$$SpringCGLIB$$0 - <tcpserver><info> Connection closed: 127.0.0.1:63801:18196:28afdc4e-c931-4f7b-bd13-af56b95f07a2
2026-05-20 19:35:24.450 INFO  o.code_studio.ComPortSchedulerTask - <tcpserver><info> Trying to open COM port for Barcode communication
2026-05-20 19:35:24.604 INFO  o.c.WebSocketServerConfig$$SpringCGLIB$$0 - <wsserver><info> Created WS channel: /app/topic
2026-05-20 19:35:24.844 INFO  o.c.TcpServerConfig$$SpringCGLIB$$0 - <tcpserver><info> TCP server started on port: 18196
2026-05-20 19:35:24.857 INFO  o.c.TcpClientConfig$$SpringCGLIB$$0 - <tcpclient><info> TCP client has been created for server: localhost:18196
2026-05-20 19:35:24.958 INFO  o.c.WebSocketServerConfig$$SpringCGLIB$$0 - <wsserver><info> Created WS server on endpoint: /ws
2026-05-20 19:35:25.910 INFO  o.code_studio.ComPortSchedulerTask - <tcpserver><info> Barcode communication enabled. COM port open: COM3
2026-05-20 19:35:26.225 INFO  o.c.TcpServerConfig$$SpringCGLIB$$0 - <tcpserver><info> Connection established: 127.0.0.1:63849:18196:97d80c73-2e73-46b6-9cec-9567250f714d
2026-05-20 19:35:26.227 INFO  o.c.CraneClientConnectedListener - <tcpsvr><info> CraneClientConnectedEvent detected
2026-05-20 19:35:26.227 INFO  o.c.TcpServerConfig$$SpringCGLIB$$0 - <tcpclient><info> Connection established: 127.0.0.1:18196:63849:3da9537a-cdbe-4cbe-8203-9c034df66a30
2026-05-20 19:35:26.286 WARN  o.c.ApplicationReadyListener - <tcpsvr><info> Message Flow Automation Debug is ENABLED
2026-05-20 19:35:26.286 INFO  o.c.controller.TcpMessageController - <tcpclient><send> LVS1UST1DA230020052026193526????????01???????001
2026-05-20 19:35:26.301 INFO  o.c.CraneClientConnectedListener - <tcpclient><send> DAYSTART message sent to Crane server
2026-05-20 19:35:26.338 INFO  o.c.TcpServerConfig$$SpringCGLIB$$0 - <tcpserver><recv> LVS1UST1DA230020052026193526????????01???????001
2026-05-20 19:35:26.385 WARN  o.c.m.IncomingMessageProcessor - MessageProcessor::handleError->StatusCode.STATUSUNKNOWN
2026-05-20 19:35:26.398 INFO  o.c.m.IncomingMessageProcessor - SENDER LVS1 | RECEIVER UST1 | MESSAGETYPE DAYSTART | ORDINAL 23 | ERRORCODE OK | SOURCE 20052026 | TARGET 193526 | REPORTPOINT RPUNKNOWN | LETYPE LEUNKNOWN | STATUSCODE AUTOMATIONENABLED | USERDATA null | RAWMESSAGE LVS1UST1DA230020052026193526????????01???????001
2026-05-20 19:35:29.569 INFO  o.c.controller.TcpMessageController - <tcpclient><send> UST1LVS111240020052026193526????????01???????001
2026-05-20 19:35:29.572 INFO  o.c.TcpClientConfig$$SpringCGLIB$$0 - <tcpclient><recv> LVS1UST1DA230020052026193526????????01???????001
2026-05-20 19:35:29.573 INFO  o.c.TcpServerConfig$$SpringCGLIB$$0 - <tcpserver><recv> UST1LVS111240020052026193526????????01???????001
2026-05-20 19:35:29.574 WARN  o.c.m.IncomingMessageProcessor - MessageProcessor::handleError->StatusCode.STATUSUNKNOWN
2026-05-20 19:35:29.574 INFO  o.c.m.IncomingMessageProcessor - SENDER UST1 | RECEIVER LVS1 | MESSAGETYPE DAYSTART | ORDINAL 24 | ERRORCODE OK | SOURCE 20052026 | TARGET 193529 | REPORTPOINT RPUNKNOWN | LETYPE LEUNKNOWN | STATUSCODE AUTOMATIONENABLED | USERDATA null | RAWMESSAGE UST1LVS111240020052026193526????????01???????001
2026-05-20 19:35:29.576 INFO  o.c.TcpClientConfig$$SpringCGLIB$$0 - <tcpclient><recv> LVS1UST1AA240020052026193526????????01???????001
2026-05-20 19:36:38.287 INFO  o.c.ApplicationCloseListener - <tcpserver><info> ApplicationContextClosedEvent detected
2026-05-20 19:36:38.296 INFO  org.code_studio.BarcodeConfig - <tcpserver><info> Barcode communication - COM port closed: COM3
2026-05-20 19:36:38.296 INFO  o.c.ApplicationCloseListener - <tcpserver><info> Waiting for 3000 msec to receive DAYEND confirmation from CRANE, and then close the TCP connection.
2026-05-20 19:36:41.306 INFO  o.c.TcpServerConfig$$SpringCGLIB$$0 - <tcpclient><info> Connection closed: 127.0.0.1:18196:63849:3da9537a-cdbe-4cbe-8203-9c034df66a30
2026-05-20 19:36:41.311 INFO  o.c.TcpServerConfig$$SpringCGLIB$$0 - <tcpserver><info> Connection closed: 127.0.0.1:63849:18196:97d80c73-2e73-46b6-9cec-9567250f714d
2026-05-20 19:39:03.971 INFO  o.code_studio.ComPortSchedulerTask - <tcpserver><info> Trying to open COM port for Barcode communication
2026-05-20 19:39:04.303 INFO  o.c.WebSocketServerConfig$$SpringCGLIB$$0 - <wsserver><info> Created WS channel: /app/topic
2026-05-20 19:39:04.716 INFO  o.c.TcpServerConfig$$SpringCGLIB$$0 - <tcpserver><info> TCP server started on port: 18196
2026-05-20 19:39:04.729 INFO  o.c.TcpClientConfig$$SpringCGLIB$$0 - <tcpclient><info> TCP client has been created for server: localhost:18196
2026-05-20 19:39:04.858 INFO  o.c.WebSocketServerConfig$$SpringCGLIB$$0 - <wsserver><info> Created WS server on endpoint: /ws
2026-05-20 19:39:04.866 INFO  o.code_studio.ComPortSchedulerTask - <tcpserver><info> Barcode communication enabled. COM port open: COM3
2026-05-20 19:39:07.913 INFO  o.c.TcpServerConfig$$SpringCGLIB$$0 - <tcpserver><info> Connection established: 127.0.0.1:63953:18196:a5f48869-2245-488d-b704-9b71ad65316e
2026-05-20 19:39:07.913 INFO  o.c.TcpServerConfig$$SpringCGLIB$$0 - <tcpclient><info> Connection established: 127.0.0.1:18196:63953:4a4e558f-521c-4a87-bff5-dc8df325a61f
2026-05-20 19:39:07.916 INFO  o.c.CraneClientConnectedListener - <tcpsvr><info> CraneClientConnectedEvent detected
2026-05-20 19:39:07.971 WARN  o.c.ApplicationReadyListener - <tcpsvr><info> Message Flow Automation Debug is ENABLED
2026-05-20 19:39:07.992 INFO  o.c.controller.TcpMessageController - <tcpclient><send> LVS1UST1DA250020052026193907????????01???????001
2026-05-20 19:39:08.016 INFO  o.c.CraneClientConnectedListener - <tcpclient><send> DAYSTART message sent to Crane server
2026-05-20 19:39:08.044 INFO  o.c.TcpServerConfig$$SpringCGLIB$$0 - <tcpserver><recv> LVS1UST1DA250020052026193907????????01???????001
2026-05-20 19:39:08.079 WARN  o.c.m.IncomingMessageProcessor - MessageProcessor::handleError->StatusCode.STATUSUNKNOWN
2026-05-20 19:39:08.083 INFO  o.c.m.IncomingMessageProcessor - SENDER LVS1 | RECEIVER UST1 | MESSAGETYPE DAYSTART | ORDINAL 25 | ERRORCODE OK | SOURCE 20052026 | TARGET 193908 | REPORTPOINT RPUNKNOWN | LETYPE LEUNKNOWN | STATUSCODE AUTOMATIONENABLED | USERDATA null | RAWMESSAGE LVS1UST1DA250020052026193907????????01???????001
2026-05-20 19:39:11.111 INFO  o.c.controller.TcpMessageController - <tcpclient><send> UST1LVS111260020052026193908????????01???????001
2026-05-20 19:39:11.115 INFO  o.c.TcpClientConfig$$SpringCGLIB$$0 - <tcpclient><recv> LVS1UST1DA250020052026193907????????01???????001
2026-05-20 19:39:11.116 INFO  o.c.TcpServerConfig$$SpringCGLIB$$0 - <tcpserver><recv> UST1LVS111260020052026193908????????01???????001
2026-05-20 19:39:11.117 WARN  o.c.m.IncomingMessageProcessor - MessageProcessor::handleError->StatusCode.STATUSUNKNOWN
2026-05-20 19:39:11.117 INFO  o.c.m.IncomingMessageProcessor - SENDER UST1 | RECEIVER LVS1 | MESSAGETYPE DAYSTART | ORDINAL 26 | ERRORCODE OK | SOURCE 20052026 | TARGET 193911 | REPORTPOINT RPUNKNOWN | LETYPE LEUNKNOWN | STATUSCODE AUTOMATIONENABLED | USERDATA null | RAWMESSAGE UST1LVS111260020052026193908????????01???????001
2026-05-20 19:39:11.119 INFO  o.c.TcpClientConfig$$SpringCGLIB$$0 - <tcpclient><recv> LVS1UST1AA260020052026193908????????01???????001
2026-05-20 19:42:45.852 INFO  o.c.ApplicationCloseListener - <tcpserver><info> ApplicationContextClosedEvent detected
2026-05-20 19:42:45.870 INFO  org.code_studio.BarcodeConfig - <tcpserver><info> Barcode communication - COM port closed: COM3
2026-05-20 19:42:45.871 INFO  o.c.ApplicationCloseListener - <tcpserver><info> Waiting for 3000 msec to receive DAYEND confirmation from CRANE, and then close the TCP connection.
2026-05-20 19:42:48.971 INFO  o.c.TcpServerConfig$$SpringCGLIB$$0 - <tcpclient><info> Connection closed: 127.0.0.1:18196:63953:4a4e558f-521c-4a87-bff5-dc8df325a61f
2026-05-20 19:42:48.983 INFO  o.c.TcpServerConfig$$SpringCGLIB$$0 - <tcpserver><info> Connection closed: 127.0.0.1:63953:18196:a5f48869-2245-488d-b704-9b71ad65316e
2026-05-20 19:44:01.664 INFO  o.code_studio.ComPortSchedulerTask - <tcpserver><info> Trying to open COM port for Barcode communication
2026-05-20 19:44:01.896 INFO  o.c.WebSocketServerConfig$$SpringCGLIB$$0 - <wsserver><info> Created WS channel: /app/topic
2026-05-20 19:44:02.214 INFO  o.c.TcpServerConfig$$SpringCGLIB$$0 - <tcpserver><info> TCP server started on port: 18196
2026-05-20 19:44:02.227 INFO  o.c.TcpClientConfig$$SpringCGLIB$$0 - <tcpclient><info> TCP client has been created for server: localhost:18196
2026-05-20 19:44:02.369 INFO  o.c.WebSocketServerConfig$$SpringCGLIB$$0 - <wsserver><info> Created WS server on endpoint: /ws
2026-05-20 19:44:03.082 INFO  o.code_studio.ComPortSchedulerTask - <tcpserver><info> Barcode communication enabled. COM port open: COM3
2026-05-20 19:44:04.759 INFO  o.c.TcpServerConfig$$SpringCGLIB$$0 - <tcpserver><info> Connection established: 127.0.0.1:64492:18196:e0bab364-cdb3-4129-8df2-8aab5b9adab1
2026-05-20 19:44:04.759 INFO  o.c.TcpServerConfig$$SpringCGLIB$$0 - <tcpclient><info> Connection established: 127.0.0.1:18196:64492:3b5d343c-2a6b-458e-993b-eb94d4d87d4b
2026-05-20 19:44:04.761 INFO  o.c.CraneClientConnectedListener - <tcpsvr><info> CraneClientConnectedEvent detected
2026-05-20 19:44:04.827 WARN  o.c.ApplicationReadyListener - <tcpsvr><info> Message Flow Automation Debug is ENABLED
2026-05-20 19:44:04.848 INFO  o.c.controller.TcpMessageController - <tcpclient><send> LVS1UST1DA270020052026194404????????01???????001
2026-05-20 19:44:04.858 INFO  o.c.CraneClientConnectedListener - <tcpclient><send> DAYSTART message sent to Crane server
2026-05-20 19:44:04.903 INFO  o.c.TcpServerConfig$$SpringCGLIB$$0 - <tcpserver><recv> LVS1UST1DA270020052026194404????????01???????001
2026-05-20 19:44:04.936 WARN  o.c.m.IncomingMessageProcessor - MessageProcessor::handleError->StatusCode.STATUSUNKNOWN
2026-05-20 19:44:04.939 INFO  o.c.m.IncomingMessageProcessor - SENDER LVS1 | RECEIVER UST1 | MESSAGETYPE DAYSTART | ORDINAL 27 | ERRORCODE OK | SOURCE 20052026 | TARGET 194404 | REPORTPOINT RPUNKNOWN | LETYPE LEUNKNOWN | STATUSCODE AUTOMATIONENABLED | USERDATA null | RAWMESSAGE LVS1UST1DA270020052026194404????????01???????001
2026-05-20 19:44:07.996 INFO  o.c.controller.TcpMessageController - <tcpclient><send> UST1LVS111280020052026194404????????01???????001
2026-05-20 19:44:08.003 INFO  o.c.TcpClientConfig$$SpringCGLIB$$0 - <tcpclient><recv> LVS1UST1DA270020052026194404????????01???????001
2026-05-20 19:44:08.007 INFO  o.c.TcpServerConfig$$SpringCGLIB$$0 - <tcpserver><recv> UST1LVS111280020052026194404????????01???????001
2026-05-20 19:44:08.008 WARN  o.c.m.IncomingMessageProcessor - MessageProcessor::handleError->StatusCode.STATUSUNKNOWN
2026-05-20 19:44:08.009 INFO  o.c.m.IncomingMessageProcessor - SENDER UST1 | RECEIVER LVS1 | MESSAGETYPE DAYSTART | ORDINAL 28 | ERRORCODE OK | SOURCE 20052026 | TARGET 194408 | REPORTPOINT RPUNKNOWN | LETYPE LEUNKNOWN | STATUSCODE AUTOMATIONENABLED | USERDATA null | RAWMESSAGE UST1LVS111280020052026194404????????01???????001
2026-05-20 19:44:08.015 INFO  o.c.TcpClientConfig$$SpringCGLIB$$0 - <tcpclient><recv> LVS1UST1AA280020052026194404????????01???????001
2026-05-20 19:46:58.417 INFO  o.c.ApplicationCloseListener - <tcpserver><info> ApplicationContextClosedEvent detected
2026-05-20 19:46:58.424 INFO  org.code_studio.BarcodeConfig - <tcpserver><info> Barcode communication - COM port closed: COM3
2026-05-20 19:46:58.425 INFO  o.c.ApplicationCloseListener - <tcpserver><info> Waiting for 3000 msec to receive DAYEND confirmation from CRANE, and then close the TCP connection.
2026-05-20 19:47:01.493 INFO  o.c.TcpServerConfig$$SpringCGLIB$$0 - <tcpclient><info> Connection closed: 127.0.0.1:18196:64492:3b5d343c-2a6b-458e-993b-eb94d4d87d4b
2026-05-20 19:47:01.534 INFO  o.c.TcpServerConfig$$SpringCGLIB$$0 - <tcpserver><info> Connection closed: 127.0.0.1:64492:18196:e0bab364-cdb3-4129-8df2-8aab5b9adab1
2026-05-20 19:47:23.719 INFO  o.code_studio.ComPortSchedulerTask - <tcpserver><info> Trying to open COM port for Barcode communication
2026-05-20 19:47:23.880 INFO  o.c.WebSocketServerConfig$$SpringCGLIB$$0 - <wsserver><info> Created WS channel: /app/topic
2026-05-20 19:47:24.117 INFO  o.c.TcpServerConfig$$SpringCGLIB$$0 - <tcpserver><info> TCP server started on port: 18196
2026-05-20 19:47:24.128 INFO  o.c.TcpClientConfig$$SpringCGLIB$$0 - <tcpclient><info> TCP client has been created for server: localhost:18196
2026-05-20 19:47:24.222 INFO  o.c.WebSocketServerConfig$$SpringCGLIB$$0 - <wsserver><info> Created WS server on endpoint: /ws
2026-05-20 19:47:25.454 INFO  o.c.TcpServerConfig$$SpringCGLIB$$0 - <tcpclient><info> Connection established: 127.0.0.1:18196:64668:d5ac63b8-aa71-43c5-83d2-75e09793bed8
2026-05-20 19:47:25.455 INFO  o.c.TcpServerConfig$$SpringCGLIB$$0 - <tcpserver><info> Connection established: 127.0.0.1:64668:18196:fa3db62f-b854-4561-8bd3-a6e4c57593fe
2026-05-20 19:47:25.458 INFO  o.c.CraneClientConnectedListener - <tcpsvr><info> CraneClientConnectedEvent detected
2026-05-20 19:47:25.506 WARN  o.c.ApplicationReadyListener - <tcpsvr><info> Message Flow Automation Debug is ENABLED
2026-05-20 19:47:25.526 INFO  o.c.controller.TcpMessageController - <tcpclient><send> LVS1UST1DA290020052026194725????????01???????001
2026-05-20 19:47:25.541 INFO  o.c.CraneClientConnectedListener - <tcpclient><send> DAYSTART message sent to Crane server
2026-05-20 19:47:25.679 INFO  o.c.TcpServerConfig$$SpringCGLIB$$0 - <tcpserver><recv> LVS1UST1DA290020052026194725????????01???????001
2026-05-20 19:47:25.702 WARN  o.c.m.IncomingMessageProcessor - MessageProcessor::handleError->StatusCode.STATUSUNKNOWN
2026-05-20 19:47:25.708 INFO  o.c.m.IncomingMessageProcessor - SENDER LVS1 | RECEIVER UST1 | MESSAGETYPE DAYSTART | ORDINAL 29 | ERRORCODE OK | SOURCE 20052026 | TARGET 194725 | REPORTPOINT RPUNKNOWN | LETYPE LEUNKNOWN | STATUSCODE AUTOMATIONENABLED | USERDATA null | RAWMESSAGE LVS1UST1DA290020052026194725????????01???????001
2026-05-20 19:47:28.730 INFO  o.c.controller.TcpMessageController - <tcpclient><send> UST1LVS111300020052026194725????????01???????001
2026-05-20 19:47:28.734 INFO  o.c.TcpClientConfig$$SpringCGLIB$$0 - <tcpclient><recv> LVS1UST1DA290020052026194725????????01???????001
2026-05-20 19:47:28.737 INFO  o.c.TcpServerConfig$$SpringCGLIB$$0 - <tcpserver><recv> UST1LVS111300020052026194725????????01???????001
2026-05-20 19:47:28.738 WARN  o.c.m.IncomingMessageProcessor - MessageProcessor::handleError->StatusCode.STATUSUNKNOWN
2026-05-20 19:47:28.740 INFO  o.c.m.IncomingMessageProcessor - SENDER UST1 | RECEIVER LVS1 | MESSAGETYPE DAYSTART | ORDINAL 30 | ERRORCODE OK | SOURCE 20052026 | TARGET 194728 | REPORTPOINT RPUNKNOWN | LETYPE LEUNKNOWN | STATUSCODE AUTOMATIONENABLED | USERDATA null | RAWMESSAGE UST1LVS111300020052026194725????????01???????001
2026-05-20 19:47:28.742 INFO  o.c.TcpClientConfig$$SpringCGLIB$$0 - <tcpclient><recv> LVS1UST1AA300020052026194725????????01???????001
2026-05-20 19:48:25.251 ERROR o.code_studio.ComPortSchedulerTask - <tcpserver><err> Barcode communication - Unable to open COM port: COM3. Barcode functionality will be DISABLED until COM port gets connected
2026-05-20 19:50:02.861 INFO  o.c.ApplicationCloseListener - <tcpserver><info> ApplicationContextClosedEvent detected
2026-05-20 19:50:02.863 INFO  o.c.ApplicationCloseListener - <tcpserver><info> Waiting for 3000 msec to receive DAYEND confirmation from CRANE, and then close the TCP connection.
2026-05-20 19:50:05.911 INFO  o.c.TcpServerConfig$$SpringCGLIB$$0 - <tcpclient><info> Connection closed: 127.0.0.1:18196:64668:d5ac63b8-aa71-43c5-83d2-75e09793bed8
2026-05-20 19:50:05.919 INFO  o.c.TcpServerConfig$$SpringCGLIB$$0 - <tcpserver><info> Connection closed: 127.0.0.1:64668:18196:fa3db62f-b854-4561-8bd3-a6e4c57593fe
2026-05-20 19:50:26.079 INFO  o.code_studio.ComPortSchedulerTask - <tcpserver><info> Trying to open COM port for Barcode communication
2026-05-20 19:50:26.310 INFO  o.c.WebSocketServerConfig$$SpringCGLIB$$0 - <wsserver><info> Created WS channel: /app/topic
2026-05-20 19:50:26.572 INFO  o.c.TcpServerConfig$$SpringCGLIB$$0 - <tcpserver><info> TCP server started on port: 18196
2026-05-20 19:50:26.581 INFO  o.c.TcpClientConfig$$SpringCGLIB$$0 - <tcpclient><info> TCP client has been created for server: localhost:18196
2026-05-20 19:50:26.694 INFO  o.c.WebSocketServerConfig$$SpringCGLIB$$0 - <wsserver><info> Created WS server on endpoint: /ws
2026-05-20 19:50:28.229 INFO  o.c.TcpServerConfig$$SpringCGLIB$$0 - <tcpserver><info> Connection established: 127.0.0.1:64753:18196:d60fba50-8697-4c9c-9ee9-0d76ccaacb47
2026-05-20 19:50:28.239 INFO  o.c.CraneClientConnectedListener - <tcpsvr><info> CraneClientConnectedEvent detected
2026-05-20 19:50:28.247 INFO  o.c.TcpServerConfig$$SpringCGLIB$$0 - <tcpclient><info> Connection established: 127.0.0.1:18196:64753:4debd62c-ecfc-4fcf-aaf2-5b1caa6c9d2d
2026-05-20 19:50:28.272 WARN  o.c.ApplicationReadyListener - <tcpsvr><info> Message Flow Automation Debug is ENABLED
2026-05-20 19:50:28.344 INFO  o.c.controller.TcpMessageController - <tcpclient><send> LVS1UST1DA310020052026195028????????01???????001
2026-05-20 19:50:28.375 INFO  o.c.CraneClientConnectedListener - <tcpclient><send> DAYSTART message sent to Crane server
2026-05-20 19:50:28.397 INFO  o.c.TcpServerConfig$$SpringCGLIB$$0 - <tcpserver><recv> LVS1UST1DA310020052026195028????????01???????001
2026-05-20 19:50:28.467 WARN  o.c.m.IncomingMessageProcessor - MessageProcessor::handleError->StatusCode.STATUSUNKNOWN
2026-05-20 19:50:28.477 INFO  o.c.m.IncomingMessageProcessor - SENDER LVS1 | RECEIVER UST1 | MESSAGETYPE DAYSTART | ORDINAL 31 | ERRORCODE OK | SOURCE 20052026 | TARGET 195028 | REPORTPOINT RPUNKNOWN | LETYPE LEUNKNOWN | STATUSCODE AUTOMATIONENABLED | USERDATA null | RAWMESSAGE LVS1UST1DA310020052026195028????????01???????001
2026-05-20 19:50:28.576 INFO  o.code_studio.ComPortSchedulerTask - <tcpserver><info> Barcode communication enabled. COM port open: COM3
2026-05-20 19:50:31.523 INFO  o.c.controller.TcpMessageController - <tcpclient><send> UST1LVS111320020052026195028????????01???????001
2026-05-20 19:50:31.526 INFO  o.c.TcpClientConfig$$SpringCGLIB$$0 - <tcpclient><recv> LVS1UST1DA310020052026195028????????01???????001
2026-05-20 19:50:31.526 INFO  o.c.TcpServerConfig$$SpringCGLIB$$0 - <tcpserver><recv> UST1LVS111320020052026195028????????01???????001
2026-05-20 19:50:31.528 WARN  o.c.m.IncomingMessageProcessor - MessageProcessor::handleError->StatusCode.STATUSUNKNOWN
2026-05-20 19:50:31.529 INFO  o.c.m.IncomingMessageProcessor - SENDER UST1 | RECEIVER LVS1 | MESSAGETYPE DAYSTART | ORDINAL 32 | ERRORCODE OK | SOURCE 20052026 | TARGET 195031 | REPORTPOINT RPUNKNOWN | LETYPE LEUNKNOWN | STATUSCODE AUTOMATIONENABLED | USERDATA null | RAWMESSAGE UST1LVS111320020052026195028????????01???????001
2026-05-20 19:50:31.530 INFO  o.c.TcpClientConfig$$SpringCGLIB$$0 - <tcpclient><recv> LVS1UST1AA320020052026195028????????01???????001
2026-05-20 19:56:16.679 INFO  o.c.ApplicationCloseListener - <tcpserver><info> ApplicationContextClosedEvent detected
2026-05-20 19:56:16.695 INFO  org.code_studio.BarcodeConfig - <tcpserver><info> Barcode communication - COM port closed: COM3
2026-05-20 19:56:16.696 INFO  o.c.ApplicationCloseListener - <tcpserver><info> Waiting for 3000 msec to receive DAYEND confirmation from CRANE, and then close the TCP connection.
2026-05-20 19:56:19.771 INFO  o.c.TcpServerConfig$$SpringCGLIB$$0 - <tcpclient><info> Connection closed: 127.0.0.1:18196:64753:4debd62c-ecfc-4fcf-aaf2-5b1caa6c9d2d
2026-05-20 19:56:19.786 INFO  o.c.TcpServerConfig$$SpringCGLIB$$0 - <tcpserver><info> Connection closed: 127.0.0.1:64753:18196:d60fba50-8697-4c9c-9ee9-0d76ccaacb47
2026-05-20 19:57:53.113 INFO  o.code_studio.ComPortSchedulerTask - <tcpserver><info> Trying to open COM port for Barcode communication
2026-05-20 19:57:53.269 INFO  o.c.WebSocketServerConfig$$SpringCGLIB$$0 - <wsserver><info> Created WS channel: /app/topic
2026-05-20 19:57:53.487 INFO  o.c.TcpServerConfig$$SpringCGLIB$$0 - <tcpserver><info> TCP server started on port: 18196
2026-05-20 19:57:53.495 INFO  o.c.TcpClientConfig$$SpringCGLIB$$0 - <tcpclient><info> TCP client has been created for server: localhost:18196
2026-05-20 19:57:53.592 INFO  o.c.WebSocketServerConfig$$SpringCGLIB$$0 - <wsserver><info> Created WS server on endpoint: /ws
2026-05-20 19:57:53.867 INFO  o.code_studio.ComPortSchedulerTask - <tcpserver><info> Barcode communication enabled. COM port open: COM3
2026-05-20 19:57:55.200 INFO  o.c.TcpServerConfig$$SpringCGLIB$$0 - <tcpserver><info> Connection established: 127.0.0.1:65105:18196:22ec76b5-d1dd-40c6-a58c-2394981099e5
2026-05-20 19:57:55.203 INFO  o.c.CraneClientConnectedListener - <tcpsvr><info> CraneClientConnectedEvent detected
2026-05-20 19:57:55.203 INFO  o.c.TcpServerConfig$$SpringCGLIB$$0 - <tcpclient><info> Connection established: 127.0.0.1:18196:65105:936944de-cd45-4f4a-8609-fdf48ed2be67
2026-05-20 19:57:55.254 WARN  o.c.ApplicationReadyListener - <tcpsvr><info> Message Flow Automation Debug is ENABLED
2026-05-20 19:57:55.283 INFO  o.c.controller.TcpMessageController - <tcpclient><send> LVS1UST1DA330020052026195755????????01???????001
2026-05-20 19:57:55.297 INFO  o.c.CraneClientConnectedListener - <tcpclient><send> DAYSTART message sent to Crane server
2026-05-20 19:57:55.344 INFO  o.c.TcpServerConfig$$SpringCGLIB$$0 - <tcpserver><recv> LVS1UST1DA330020052026195755????????01???????001
2026-05-20 19:57:55.372 WARN  o.c.m.IncomingMessageProcessor - MessageProcessor::handleError->StatusCode.STATUSUNKNOWN
2026-05-20 19:57:55.381 INFO  o.c.m.IncomingMessageProcessor - SENDER LVS1 | RECEIVER UST1 | MESSAGETYPE DAYSTART | ORDINAL 33 | ERRORCODE OK | SOURCE 20052026 | TARGET 195755 | REPORTPOINT RPUNKNOWN | LETYPE LEUNKNOWN | STATUSCODE AUTOMATIONENABLED | USERDATA null | RAWMESSAGE LVS1UST1DA330020052026195755????????01???????001
2026-05-20 19:57:58.399 INFO  o.c.controller.TcpMessageController - <tcpclient><send> UST1LVS111340020052026195755????????01???????001
2026-05-20 19:57:58.402 INFO  o.c.TcpClientConfig$$SpringCGLIB$$0 - <tcpclient><recv> LVS1UST1DA330020052026195755????????01???????001
2026-05-20 19:57:58.402 INFO  o.c.TcpServerConfig$$SpringCGLIB$$0 - <tcpserver><recv> UST1LVS111340020052026195755????????01???????001
2026-05-20 19:57:58.403 WARN  o.c.m.IncomingMessageProcessor - MessageProcessor::handleError->StatusCode.STATUSUNKNOWN
2026-05-20 19:57:58.404 INFO  o.c.m.IncomingMessageProcessor - SENDER UST1 | RECEIVER LVS1 | MESSAGETYPE DAYSTART | ORDINAL 34 | ERRORCODE OK | SOURCE 20052026 | TARGET 195758 | REPORTPOINT RPUNKNOWN | LETYPE LEUNKNOWN | STATUSCODE AUTOMATIONENABLED | USERDATA null | RAWMESSAGE UST1LVS111340020052026195755????????01???????001
2026-05-20 19:57:58.406 INFO  o.c.TcpClientConfig$$SpringCGLIB$$0 - <tcpclient><recv> LVS1UST1AA340020052026195755????????01???????001
2026-05-20 20:00:34.321 INFO  o.c.ApplicationCloseListener - <tcpserver><info> ApplicationContextClosedEvent detected
2026-05-20 20:00:34.353 INFO  org.code_studio.BarcodeConfig - <tcpserver><info> Barcode communication - COM port closed: COM3
2026-05-20 20:00:34.355 INFO  o.c.ApplicationCloseListener - <tcpserver><info> Waiting for 3000 msec to receive DAYEND confirmation from CRANE, and then close the TCP connection.
2026-05-20 20:00:37.429 INFO  o.c.TcpServerConfig$$SpringCGLIB$$0 - <tcpclient><info> Connection closed: 127.0.0.1:18196:65105:936944de-cd45-4f4a-8609-fdf48ed2be67
2026-05-20 20:00:37.448 INFO  o.c.TcpServerConfig$$SpringCGLIB$$0 - <tcpserver><info> Connection closed: 127.0.0.1:65105:18196:22ec76b5-d1dd-40c6-a58c-2394981099e5
2026-05-20 20:04:18.632 INFO  o.code_studio.ComPortSchedulerTask - <tcpserver><info> Trying to open COM port for Barcode communication
2026-05-20 20:04:18.789 INFO  o.c.WebSocketServerConfig$$SpringCGLIB$$0 - <wsserver><info> Created WS channel: /app/topic
2026-05-20 20:04:19.022 INFO  o.c.TcpServerConfig$$SpringCGLIB$$0 - <tcpserver><info> TCP server started on port: 18196
2026-05-20 20:04:19.029 INFO  o.c.TcpClientConfig$$SpringCGLIB$$0 - <tcpclient><info> TCP client has been created for server: localhost:18196
2026-05-20 20:04:19.125 INFO  o.c.WebSocketServerConfig$$SpringCGLIB$$0 - <wsserver><info> Created WS server on endpoint: /ws
2026-05-20 20:04:20.134 INFO  o.c.TcpServerConfig$$SpringCGLIB$$0 - <tcpserver><info> Connection established: 127.0.0.1:65245:18196:f2dd5f23-4afd-4d67-a1d3-ae0f6c0c60dc
2026-05-20 20:04:20.134 INFO  o.c.TcpServerConfig$$SpringCGLIB$$0 - <tcpclient><info> Connection established: 127.0.0.1:18196:65245:9887d70d-b196-4708-bfd2-a12dfb5a93b8
2026-05-20 20:04:20.136 INFO  o.c.CraneClientConnectedListener - <tcpsvr><info> CraneClientConnectedEvent detected
2026-05-20 20:04:20.206 INFO  o.c.controller.TcpMessageController - <tcpclient><send> LVS1UST1DA350020052026200420????????01???????001
2026-05-20 20:04:20.217 WARN  o.c.ApplicationReadyListener - <tcpsvr><info> Message Flow Automation Debug is ENABLED
2026-05-20 20:04:20.222 INFO  o.c.CraneClientConnectedListener - <tcpclient><send> DAYSTART message sent to Crane server
2026-05-20 20:04:20.247 INFO  o.c.TcpServerConfig$$SpringCGLIB$$0 - <tcpserver><recv> LVS1UST1DA350020052026200420????????01???????001
2026-05-20 20:04:20.271 WARN  o.c.m.IncomingMessageProcessor - MessageProcessor::handleError->StatusCode.STATUSUNKNOWN
2026-05-20 20:04:20.277 INFO  o.c.m.IncomingMessageProcessor - SENDER LVS1 | RECEIVER UST1 | MESSAGETYPE DAYSTART | ORDINAL 35 | ERRORCODE OK | SOURCE 20052026 | TARGET 200420 | REPORTPOINT RPUNKNOWN | LETYPE LEUNKNOWN | STATUSCODE AUTOMATIONENABLED | USERDATA null | RAWMESSAGE LVS1UST1DA350020052026200420????????01???????001
2026-05-20 20:04:20.323 INFO  o.code_studio.ComPortSchedulerTask - <tcpserver><info> Barcode communication enabled. COM port open: COM3
2026-05-20 20:04:23.305 INFO  o.c.controller.TcpMessageController - <tcpclient><send> UST1LVS111360020052026200420????????01???????001
2026-05-20 20:04:23.309 INFO  o.c.TcpClientConfig$$SpringCGLIB$$0 - <tcpclient><recv> LVS1UST1DA350020052026200420????????01???????001
2026-05-20 20:04:23.310 INFO  o.c.TcpServerConfig$$SpringCGLIB$$0 - <tcpserver><recv> UST1LVS111360020052026200420????????01???????001
2026-05-20 20:04:23.311 WARN  o.c.m.IncomingMessageProcessor - MessageProcessor::handleError->StatusCode.STATUSUNKNOWN
2026-05-20 20:04:23.312 INFO  o.c.m.IncomingMessageProcessor - SENDER UST1 | RECEIVER LVS1 | MESSAGETYPE DAYSTART | ORDINAL 36 | ERRORCODE OK | SOURCE 20052026 | TARGET 200423 | REPORTPOINT RPUNKNOWN | LETYPE LEUNKNOWN | STATUSCODE AUTOMATIONENABLED | USERDATA null | RAWMESSAGE UST1LVS111360020052026200420????????01???????001
2026-05-20 20:04:23.314 INFO  o.c.TcpClientConfig$$SpringCGLIB$$0 - <tcpclient><recv> LVS1UST1AA360020052026200420????????01???????001
2026-05-20 20:08:04.113 INFO  o.c.ApplicationCloseListener - <tcpserver><info> ApplicationContextClosedEvent detected
2026-05-20 20:08:04.127 INFO  org.code_studio.BarcodeConfig - <tcpserver><info> Barcode communication - COM port closed: COM3
2026-05-20 20:08:04.127 INFO  o.c.ApplicationCloseListener - <tcpserver><info> Waiting for 3000 msec to receive DAYEND confirmation from CRANE, and then close the TCP connection.
2026-05-20 20:08:07.369 INFO  o.c.TcpServerConfig$$SpringCGLIB$$0 - <tcpclient><info> Connection closed: 127.0.0.1:18196:65245:9887d70d-b196-4708-bfd2-a12dfb5a93b8
2026-05-20 20:08:07.382 INFO  o.c.TcpServerConfig$$SpringCGLIB$$0 - <tcpserver><info> Connection closed: 127.0.0.1:65245:18196:f2dd5f23-4afd-4d67-a1d3-ae0f6c0c60dc
2026-05-20 20:08:23.391 INFO  o.code_studio.ComPortSchedulerTask - <tcpserver><info> Trying to open COM port for Barcode communication
2026-05-20 20:08:23.746 INFO  o.c.WebSocketServerConfig$$SpringCGLIB$$0 - <wsserver><info> Created WS channel: /app/topic
2026-05-20 20:08:24.364 INFO  o.c.TcpServerConfig$$SpringCGLIB$$0 - <tcpserver><info> TCP server started on port: 18196
2026-05-20 20:08:24.374 INFO  o.c.TcpClientConfig$$SpringCGLIB$$0 - <tcpclient><info> TCP client has been created for server: localhost:18196
2026-05-20 20:08:24.480 INFO  o.c.WebSocketServerConfig$$SpringCGLIB$$0 - <wsserver><info> Created WS server on endpoint: /ws
2026-05-20 20:08:25.149 INFO  o.code_studio.ComPortSchedulerTask - <tcpserver><info> Barcode communication enabled. COM port open: COM3
2026-05-20 20:08:28.003 INFO  o.c.TcpServerConfig$$SpringCGLIB$$0 - <tcpserver><info> Connection established: 127.0.0.1:65323:18196:9d2ea32b-7456-43eb-99fd-bdb7a97de502
2026-05-20 20:08:28.004 INFO  o.c.TcpServerConfig$$SpringCGLIB$$0 - <tcpclient><info> Connection established: 127.0.0.1:18196:65323:dcf24e79-1874-4fc2-aab4-8f9416665d2b
2026-05-20 20:08:28.016 INFO  o.c.CraneClientConnectedListener - <tcpsvr><info> CraneClientConnectedEvent detected
2026-05-20 20:08:28.054 WARN  o.c.ApplicationReadyListener - <tcpsvr><info> Message Flow Automation Debug is ENABLED
2026-05-20 20:08:28.147 INFO  o.c.controller.TcpMessageController - <tcpclient><send> LVS1UST1DA370020052026200828????????01???????001
2026-05-20 20:08:28.333 INFO  o.c.CraneClientConnectedListener - <tcpclient><send> DAYSTART message sent to Crane server
2026-05-20 20:08:28.364 INFO  o.c.TcpServerConfig$$SpringCGLIB$$0 - <tcpserver><recv> LVS1UST1DA370020052026200828????????01???????001
2026-05-20 20:08:28.416 WARN  o.c.m.IncomingMessageProcessor - MessageProcessor::handleError->StatusCode.STATUSUNKNOWN
2026-05-20 20:08:28.420 INFO  o.c.m.IncomingMessageProcessor - SENDER LVS1 | RECEIVER UST1 | MESSAGETYPE DAYSTART | ORDINAL 37 | ERRORCODE OK | SOURCE 20052026 | TARGET 200828 | REPORTPOINT RPUNKNOWN | LETYPE LEUNKNOWN | STATUSCODE AUTOMATIONENABLED | USERDATA null | RAWMESSAGE LVS1UST1DA370020052026200828????????01???????001
2026-05-20 20:08:31.706 INFO  o.c.controller.TcpMessageController - <tcpclient><send> UST1LVS111380020052026200828????????01???????001
2026-05-20 20:08:31.708 INFO  o.c.TcpClientConfig$$SpringCGLIB$$0 - <tcpclient><recv> LVS1UST1DA370020052026200828????????01???????001
2026-05-20 20:08:31.708 INFO  o.c.TcpServerConfig$$SpringCGLIB$$0 - <tcpserver><recv> UST1LVS111380020052026200828????????01???????001
2026-05-20 20:08:31.709 WARN  o.c.m.IncomingMessageProcessor - MessageProcessor::handleError->StatusCode.STATUSUNKNOWN
2026-05-20 20:08:31.709 INFO  o.c.m.IncomingMessageProcessor - SENDER UST1 | RECEIVER LVS1 | MESSAGETYPE DAYSTART | ORDINAL 38 | ERRORCODE OK | SOURCE 20052026 | TARGET 200831 | REPORTPOINT RPUNKNOWN | LETYPE LEUNKNOWN | STATUSCODE AUTOMATIONENABLED | USERDATA null | RAWMESSAGE UST1LVS111380020052026200828????????01???????001
2026-05-20 20:08:31.711 INFO  o.c.TcpClientConfig$$SpringCGLIB$$0 - <tcpclient><recv> LVS1UST1AA380020052026200828????????01???????001
2026-05-20 20:10:07.636 INFO  o.c.ApplicationCloseListener - <tcpserver><info> ApplicationContextClosedEvent detected
2026-05-20 20:10:07.638 INFO  org.code_studio.BarcodeConfig - <tcpserver><info> Barcode communication - COM port closed: COM3
2026-05-20 20:10:07.639 INFO  o.c.ApplicationCloseListener - <tcpserver><info> Waiting for 3000 msec to receive DAYEND confirmation from CRANE, and then close the TCP connection.
2026-05-20 20:10:10.673 INFO  o.c.TcpServerConfig$$SpringCGLIB$$0 - <tcpclient><info> Connection closed: 127.0.0.1:18196:65323:dcf24e79-1874-4fc2-aab4-8f9416665d2b
2026-05-20 20:10:10.681 INFO  o.c.TcpServerConfig$$SpringCGLIB$$0 - <tcpserver><info> Connection closed: 127.0.0.1:65323:18196:9d2ea32b-7456-43eb-99fd-bdb7a97de502
2026-05-20 20:10:24.713 INFO  o.code_studio.ComPortSchedulerTask - <tcpserver><info> Trying to open COM port for Barcode communication
2026-05-20 20:10:25.104 INFO  o.c.WebSocketServerConfig$$SpringCGLIB$$0 - <wsserver><info> Created WS channel: /app/topic
2026-05-20 20:10:25.592 INFO  o.c.TcpServerConfig$$SpringCGLIB$$0 - <tcpserver><info> TCP server started on port: 18196
2026-05-20 20:10:25.599 INFO  o.c.TcpClientConfig$$SpringCGLIB$$0 - <tcpclient><info> TCP client has been created for server: localhost:18196
2026-05-20 20:10:25.691 INFO  o.c.WebSocketServerConfig$$SpringCGLIB$$0 - <wsserver><info> Created WS server on endpoint: /ws
2026-05-20 20:10:26.394 INFO  o.code_studio.ComPortSchedulerTask - <tcpserver><info> Barcode communication enabled. COM port open: COM3
2026-05-20 20:10:26.887 INFO  o.c.TcpServerConfig$$SpringCGLIB$$0 - <tcpserver><info> Connection established: 127.0.0.1:65365:18196:12167e50-0fb6-4175-ae03-9809e85f9e5c
2026-05-20 20:10:26.887 INFO  o.c.TcpServerConfig$$SpringCGLIB$$0 - <tcpclient><info> Connection established: 127.0.0.1:18196:65365:521069f9-148b-4a73-a4ee-c97a6ada756b
2026-05-20 20:10:26.888 INFO  o.c.CraneClientConnectedListener - <tcpsvr><info> CraneClientConnectedEvent detected
2026-05-20 20:10:26.947 WARN  o.c.ApplicationReadyListener - <tcpsvr><info> Message Flow Automation Debug is ENABLED
2026-05-20 20:10:26.953 INFO  o.c.controller.TcpMessageController - <tcpclient><send> LVS1UST1DA390020052026201026????????01???????001
2026-05-20 20:10:26.975 INFO  o.c.CraneClientConnectedListener - <tcpclient><send> DAYSTART message sent to Crane server
2026-05-20 20:10:26.998 INFO  o.c.TcpServerConfig$$SpringCGLIB$$0 - <tcpserver><recv> LVS1UST1DA390020052026201026????????01???????001
2026-05-20 20:10:27.041 WARN  o.c.m.IncomingMessageProcessor - MessageProcessor::handleError->StatusCode.STATUSUNKNOWN
2026-05-20 20:10:27.062 INFO  o.c.m.IncomingMessageProcessor - SENDER LVS1 | RECEIVER UST1 | MESSAGETYPE DAYSTART | ORDINAL 39 | ERRORCODE OK | SOURCE 20052026 | TARGET 201027 | REPORTPOINT RPUNKNOWN | LETYPE LEUNKNOWN | STATUSCODE AUTOMATIONENABLED | USERDATA null | RAWMESSAGE LVS1UST1DA390020052026201026????????01???????001
2026-05-20 20:10:30.087 INFO  o.c.controller.TcpMessageController - <tcpclient><send> UST1LVS111400020052026201027????????01???????001
2026-05-20 20:10:30.092 INFO  o.c.TcpClientConfig$$SpringCGLIB$$0 - <tcpclient><recv> LVS1UST1DA390020052026201026????????01???????001
2026-05-20 20:10:30.093 INFO  o.c.TcpServerConfig$$SpringCGLIB$$0 - <tcpserver><recv> UST1LVS111400020052026201027????????01???????001
2026-05-20 20:10:30.095 WARN  o.c.m.IncomingMessageProcessor - MessageProcessor::handleError->StatusCode.STATUSUNKNOWN
2026-05-20 20:10:30.096 INFO  o.c.m.IncomingMessageProcessor - SENDER UST1 | RECEIVER LVS1 | MESSAGETYPE DAYSTART | ORDINAL 40 | ERRORCODE OK | SOURCE 20052026 | TARGET 201030 | REPORTPOINT RPUNKNOWN | LETYPE LEUNKNOWN | STATUSCODE AUTOMATIONENABLED | USERDATA null | RAWMESSAGE UST1LVS111400020052026201027????????01???????001
2026-05-20 20:10:30.097 INFO  o.c.TcpClientConfig$$SpringCGLIB$$0 - <tcpclient><recv> LVS1UST1AA400020052026201027????????01???????001
2026-05-20 20:13:50.519 INFO  o.c.ApplicationCloseListener - <tcpserver><info> ApplicationContextClosedEvent detected
2026-05-20 20:13:50.535 INFO  org.code_studio.BarcodeConfig - <tcpserver><info> Barcode communication - COM port closed: COM3
2026-05-20 20:13:50.536 INFO  o.c.ApplicationCloseListener - <tcpserver><info> Waiting for 3000 msec to receive DAYEND confirmation from CRANE, and then close the TCP connection.
2026-05-20 20:13:53.609 INFO  o.c.TcpServerConfig$$SpringCGLIB$$0 - <tcpclient><info> Connection closed: 127.0.0.1:18196:65365:521069f9-148b-4a73-a4ee-c97a6ada756b
2026-05-20 20:13:53.647 INFO  o.c.TcpServerConfig$$SpringCGLIB$$0 - <tcpserver><info> Connection closed: 127.0.0.1:65365:18196:12167e50-0fb6-4175-ae03-9809e85f9e5c
2026-05-20 20:14:07.701 INFO  o.code_studio.ComPortSchedulerTask - <tcpserver><info> Trying to open COM port for Barcode communication
2026-05-20 20:14:07.916 INFO  o.c.WebSocketServerConfig$$SpringCGLIB$$0 - <wsserver><info> Created WS channel: /app/topic
2026-05-20 20:14:08.168 INFO  o.c.TcpServerConfig$$SpringCGLIB$$0 - <tcpserver><info> TCP server started on port: 18196
2026-05-20 20:14:08.180 INFO  o.c.TcpClientConfig$$SpringCGLIB$$0 - <tcpclient><info> TCP client has been created for server: localhost:18196
2026-05-20 20:14:08.323 INFO  o.c.WebSocketServerConfig$$SpringCGLIB$$0 - <wsserver><info> Created WS server on endpoint: /ws
2026-05-20 20:14:09.897 INFO  o.c.TcpServerConfig$$SpringCGLIB$$0 - <tcpserver><info> Connection established: 127.0.0.1:65453:18196:79297f52-bacf-4c1a-8377-aa54abe7c161
2026-05-20 20:14:09.897 INFO  o.c.TcpServerConfig$$SpringCGLIB$$0 - <tcpclient><info> Connection established: 127.0.0.1:18196:65453:7374d707-3241-4ebc-833b-fe4ef9fe278f
2026-05-20 20:14:09.899 INFO  o.c.CraneClientConnectedListener - <tcpsvr><info> CraneClientConnectedEvent detected
2026-05-20 20:14:09.957 WARN  o.c.ApplicationReadyListener - <tcpsvr><info> Message Flow Automation Debug is ENABLED
2026-05-20 20:14:09.960 INFO  o.c.controller.TcpMessageController - <tcpclient><send> LVS1UST1DA410020052026201409????????01???????001
2026-05-20 20:14:09.973 INFO  o.c.CraneClientConnectedListener - <tcpclient><send> DAYSTART message sent to Crane server
2026-05-20 20:14:09.998 INFO  o.c.TcpServerConfig$$SpringCGLIB$$0 - <tcpserver><recv> LVS1UST1DA410020052026201409????????01???????001
2026-05-20 20:14:10.077 WARN  o.c.m.IncomingMessageProcessor - MessageProcessor::handleError->StatusCode.STATUSUNKNOWN
2026-05-20 20:14:10.105 INFO  o.c.m.IncomingMessageProcessor - SENDER LVS1 | RECEIVER UST1 | MESSAGETYPE DAYSTART | ORDINAL 41 | ERRORCODE OK | SOURCE 20052026 | TARGET 201410 | REPORTPOINT RPUNKNOWN | LETYPE LEUNKNOWN | STATUSCODE AUTOMATIONENABLED | USERDATA null | RAWMESSAGE LVS1UST1DA410020052026201409????????01???????001
2026-05-20 20:14:10.487 INFO  o.code_studio.ComPortSchedulerTask - <tcpserver><info> Barcode communication enabled. COM port open: COM3
2026-05-20 20:14:13.251 INFO  o.c.controller.TcpMessageController - <tcpclient><send> UST1LVS111420020052026201410????????01???????001
2026-05-20 20:14:13.255 INFO  o.c.TcpClientConfig$$SpringCGLIB$$0 - <tcpclient><recv> LVS1UST1DA410020052026201409????????01???????001
2026-05-20 20:14:13.255 INFO  o.c.TcpServerConfig$$SpringCGLIB$$0 - <tcpserver><recv> UST1LVS111420020052026201410????????01???????001
2026-05-20 20:14:13.257 WARN  o.c.m.IncomingMessageProcessor - MessageProcessor::handleError->StatusCode.STATUSUNKNOWN
2026-05-20 20:14:13.258 INFO  o.c.m.IncomingMessageProcessor - SENDER UST1 | RECEIVER LVS1 | MESSAGETYPE DAYSTART | ORDINAL 42 | ERRORCODE OK | SOURCE 20052026 | TARGET 201413 | REPORTPOINT RPUNKNOWN | LETYPE LEUNKNOWN | STATUSCODE AUTOMATIONENABLED | USERDATA null | RAWMESSAGE UST1LVS111420020052026201410????????01???????001
2026-05-20 20:14:13.260 INFO  o.c.TcpClientConfig$$SpringCGLIB$$0 - <tcpclient><recv> LVS1UST1AA420020052026201410????????01???????001
2026-05-20 20:15:44.935 INFO  o.c.ApplicationCloseListener - <tcpserver><info> ApplicationContextClosedEvent detected
2026-05-20 20:15:44.937 INFO  org.code_studio.BarcodeConfig - <tcpserver><info> Barcode communication - COM port closed: COM3
2026-05-20 20:15:44.937 INFO  o.c.ApplicationCloseListener - <tcpserver><info> Waiting for 3000 msec to receive DAYEND confirmation from CRANE, and then close the TCP connection.
2026-05-20 20:15:47.949 INFO  o.c.TcpServerConfig$$SpringCGLIB$$0 - <tcpclient><info> Connection closed: 127.0.0.1:18196:65453:7374d707-3241-4ebc-833b-fe4ef9fe278f
2026-05-20 20:15:47.963 INFO  o.c.TcpServerConfig$$SpringCGLIB$$0 - <tcpserver><info> Connection closed: 127.0.0.1:65453:18196:79297f52-bacf-4c1a-8377-aa54abe7c161
2026-05-20 20:16:24.852 INFO  o.code_studio.ComPortSchedulerTask - <tcpserver><info> Trying to open COM port for Barcode communication
2026-05-20 20:16:25.046 INFO  o.c.WebSocketServerConfig$$SpringCGLIB$$0 - <wsserver><info> Created WS channel: /app/topic
2026-05-20 20:16:25.269 INFO  o.c.TcpServerConfig$$SpringCGLIB$$0 - <tcpserver><info> TCP server started on port: 18196
2026-05-20 20:16:25.280 INFO  o.c.TcpClientConfig$$SpringCGLIB$$0 - <tcpclient><info> TCP client has been created for server: localhost:18196
2026-05-20 20:16:25.404 INFO  o.c.WebSocketServerConfig$$SpringCGLIB$$0 - <wsserver><info> Created WS server on endpoint: /ws
2026-05-20 20:16:26.191 INFO  o.code_studio.ComPortSchedulerTask - <tcpserver><info> Barcode communication enabled. COM port open: COM3
2026-05-20 20:16:26.528 INFO  o.c.TcpServerConfig$$SpringCGLIB$$0 - <tcpclient><info> Connection established: 127.0.0.1:18196:65519:3f0ee006-a402-4172-9728-7e1724aa25ba
2026-05-20 20:16:26.528 INFO  o.c.TcpServerConfig$$SpringCGLIB$$0 - <tcpserver><info> Connection established: 127.0.0.1:65519:18196:21ab4a8e-31cd-4088-b285-f829267ebc75
2026-05-20 20:16:26.530 INFO  o.c.CraneClientConnectedListener - <tcpsvr><info> CraneClientConnectedEvent detected
2026-05-20 20:16:26.578 WARN  o.c.ApplicationReadyListener - <tcpsvr><info> Message Flow Automation Debug is ENABLED
2026-05-20 20:16:26.593 INFO  o.c.controller.TcpMessageController - <tcpclient><send> LVS1UST1DA430020052026201626????????01???????001
2026-05-20 20:16:26.608 INFO  o.c.CraneClientConnectedListener - <tcpclient><send> DAYSTART message sent to Crane server
2026-05-20 20:16:26.630 INFO  o.c.TcpServerConfig$$SpringCGLIB$$0 - <tcpserver><recv> LVS1UST1DA430020052026201626????????01???????001
2026-05-20 20:16:26.654 WARN  o.c.m.IncomingMessageProcessor - MessageProcessor::handleError->StatusCode.STATUSUNKNOWN
2026-05-20 20:16:26.659 INFO  o.c.m.IncomingMessageProcessor - SENDER LVS1 | RECEIVER UST1 | MESSAGETYPE DAYSTART | ORDINAL 43 | ERRORCODE OK | SOURCE 20052026 | TARGET 201626 | REPORTPOINT RPUNKNOWN | LETYPE LEUNKNOWN | STATUSCODE AUTOMATIONENABLED | USERDATA null | RAWMESSAGE LVS1UST1DA430020052026201626????????01???????001
2026-05-20 20:16:29.681 INFO  o.c.controller.TcpMessageController - <tcpclient><send> UST1LVS111440020052026201626????????01???????001
2026-05-20 20:16:29.685 INFO  o.c.TcpClientConfig$$SpringCGLIB$$0 - <tcpclient><recv> LVS1UST1DA430020052026201626????????01???????001
2026-05-20 20:16:29.687 INFO  o.c.TcpServerConfig$$SpringCGLIB$$0 - <tcpserver><recv> UST1LVS111440020052026201626????????01???????001
2026-05-20 20:16:29.688 WARN  o.c.m.IncomingMessageProcessor - MessageProcessor::handleError->StatusCode.STATUSUNKNOWN
2026-05-20 20:16:29.689 INFO  o.c.m.IncomingMessageProcessor - SENDER UST1 | RECEIVER LVS1 | MESSAGETYPE DAYSTART | ORDINAL 44 | ERRORCODE OK | SOURCE 20052026 | TARGET 201629 | REPORTPOINT RPUNKNOWN | LETYPE LEUNKNOWN | STATUSCODE AUTOMATIONENABLED | USERDATA null | RAWMESSAGE UST1LVS111440020052026201626????????01???????001
2026-05-20 20:16:29.691 INFO  o.c.TcpClientConfig$$SpringCGLIB$$0 - <tcpclient><recv> LVS1UST1AA440020052026201626????????01???????001
2026-05-20 20:19:02.306 INFO  o.c.ApplicationCloseListener - <tcpserver><info> ApplicationContextClosedEvent detected
2026-05-20 20:19:02.310 INFO  org.code_studio.BarcodeConfig - <tcpserver><info> Barcode communication - COM port closed: COM3
2026-05-20 20:19:02.310 INFO  o.c.ApplicationCloseListener - <tcpserver><info> Waiting for 3000 msec to receive DAYEND confirmation from CRANE, and then close the TCP connection.
2026-05-20 20:19:05.324 INFO  o.c.TcpServerConfig$$SpringCGLIB$$0 - <tcpclient><info> Connection closed: 127.0.0.1:18196:65519:3f0ee006-a402-4172-9728-7e1724aa25ba
2026-05-20 20:19:05.328 INFO  o.c.TcpServerConfig$$SpringCGLIB$$0 - <tcpserver><info> Connection closed: 127.0.0.1:65519:18196:21ab4a8e-31cd-4088-b285-f829267ebc75
2026-05-20 20:19:33.248 INFO  o.code_studio.ComPortSchedulerTask - <tcpserver><info> Trying to open COM port for Barcode communication
2026-05-20 20:19:33.427 INFO  o.c.WebSocketServerConfig$$SpringCGLIB$$0 - <wsserver><info> Created WS channel: /app/topic
2026-05-20 20:19:33.673 INFO  o.c.TcpServerConfig$$SpringCGLIB$$0 - <tcpserver><info> TCP server started on port: 18196
2026-05-20 20:19:33.683 INFO  o.c.TcpClientConfig$$SpringCGLIB$$0 - <tcpclient><info> TCP client has been created for server: localhost:18196
2026-05-20 20:19:33.787 INFO  o.c.WebSocketServerConfig$$SpringCGLIB$$0 - <wsserver><info> Created WS server on endpoint: /ws
2026-05-20 20:19:34.832 INFO  o.c.TcpServerConfig$$SpringCGLIB$$0 - <tcpserver><info> Connection established: 127.0.0.1:49233:18196:6c1fece3-f635-4c81-97a0-f56a2c3ac5fb
2026-05-20 20:19:34.832 INFO  o.c.TcpServerConfig$$SpringCGLIB$$0 - <tcpclient><info> Connection established: 127.0.0.1:18196:49233:b3638acb-680e-4983-ab55-a402720667ac
2026-05-20 20:19:34.834 INFO  o.c.CraneClientConnectedListener - <tcpsvr><info> CraneClientConnectedEvent detected
2026-05-20 20:19:34.877 WARN  o.c.ApplicationReadyListener - <tcpsvr><info> Message Flow Automation Debug is ENABLED
2026-05-20 20:19:34.896 INFO  o.c.controller.TcpMessageController - <tcpclient><send> LVS1UST1DA450020052026201934????????01???????001
2026-05-20 20:19:34.905 INFO  o.c.CraneClientConnectedListener - <tcpclient><send> DAYSTART message sent to Crane server
2026-05-20 20:19:34.922 INFO  o.c.TcpServerConfig$$SpringCGLIB$$0 - <tcpserver><recv> LVS1UST1DA450020052026201934????????01???????001
2026-05-20 20:19:34.945 WARN  o.c.m.IncomingMessageProcessor - MessageProcessor::handleError->StatusCode.STATUSUNKNOWN
2026-05-20 20:19:34.949 INFO  o.c.m.IncomingMessageProcessor - SENDER LVS1 | RECEIVER UST1 | MESSAGETYPE DAYSTART | ORDINAL 45 | ERRORCODE OK | SOURCE 20052026 | TARGET 201934 | REPORTPOINT RPUNKNOWN | LETYPE LEUNKNOWN | STATUSCODE AUTOMATIONENABLED | USERDATA null | RAWMESSAGE LVS1UST1DA450020052026201934????????01???????001
2026-05-20 20:19:35.549 INFO  o.code_studio.ComPortSchedulerTask - <tcpserver><info> Barcode communication enabled. COM port open: COM3
2026-05-20 20:19:37.968 INFO  o.c.controller.TcpMessageController - <tcpclient><send> UST1LVS111460020052026201934????????01???????001
2026-05-20 20:19:37.972 INFO  o.c.TcpClientConfig$$SpringCGLIB$$0 - <tcpclient><recv> LVS1UST1DA450020052026201934????????01???????001
2026-05-20 20:19:37.973 INFO  o.c.TcpServerConfig$$SpringCGLIB$$0 - <tcpserver><recv> UST1LVS111460020052026201934????????01???????001
2026-05-20 20:19:37.974 WARN  o.c.m.IncomingMessageProcessor - MessageProcessor::handleError->StatusCode.STATUSUNKNOWN
2026-05-20 20:19:37.975 INFO  o.c.m.IncomingMessageProcessor - SENDER UST1 | RECEIVER LVS1 | MESSAGETYPE DAYSTART | ORDINAL 46 | ERRORCODE OK | SOURCE 20052026 | TARGET 201937 | REPORTPOINT RPUNKNOWN | LETYPE LEUNKNOWN | STATUSCODE AUTOMATIONENABLED | USERDATA null | RAWMESSAGE UST1LVS111460020052026201934????????01???????001
2026-05-20 20:19:37.976 INFO  o.c.TcpClientConfig$$SpringCGLIB$$0 - <tcpclient><recv> LVS1UST1AA460020052026201934????????01???????001
2026-05-20 20:22:06.946 INFO  o.c.ApplicationCloseListener - <tcpserver><info> ApplicationContextClosedEvent detected
2026-05-20 20:22:06.968 INFO  org.code_studio.BarcodeConfig - <tcpserver><info> Barcode communication - COM port closed: COM3
2026-05-20 20:22:06.969 INFO  o.c.ApplicationCloseListener - <tcpserver><info> Waiting for 3000 msec to receive DAYEND confirmation from CRANE, and then close the TCP connection.
2026-05-20 20:22:10.028 INFO  o.c.TcpServerConfig$$SpringCGLIB$$0 - <tcpclient><info> Connection closed: 127.0.0.1:18196:49233:b3638acb-680e-4983-ab55-a402720667ac
2026-05-20 20:22:10.041 INFO  o.c.TcpServerConfig$$SpringCGLIB$$0 - <tcpserver><info> Connection closed: 127.0.0.1:49233:18196:6c1fece3-f635-4c81-97a0-f56a2c3ac5fb
2026-05-20 20:22:25.261 INFO  o.code_studio.ComPortSchedulerTask - <tcpserver><info> Trying to open COM port for Barcode communication
2026-05-20 20:22:25.432 INFO  o.c.WebSocketServerConfig$$SpringCGLIB$$0 - <wsserver><info> Created WS channel: /app/topic
2026-05-20 20:22:25.620 INFO  o.c.TcpServerConfig$$SpringCGLIB$$0 - <tcpserver><info> TCP server started on port: 18196
2026-05-20 20:22:25.631 INFO  o.c.TcpClientConfig$$SpringCGLIB$$0 - <tcpclient><info> TCP client has been created for server: localhost:18196
2026-05-20 20:22:26.827 INFO  o.code_studio.ComPortSchedulerTask - <tcpserver><info> Barcode communication enabled. COM port open: COM3
2026-05-20 20:22:26.860 INFO  o.c.WebSocketServerConfig$$SpringCGLIB$$0 - <wsserver><info> Created WS server on endpoint: /ws
2026-05-20 20:22:28.266 INFO  o.c.TcpServerConfig$$SpringCGLIB$$0 - <tcpclient><info> Connection established: 127.0.0.1:18196:49346:9dc04c80-c6cd-4afd-ba99-1e81afe89024
2026-05-20 20:22:28.266 INFO  o.c.TcpServerConfig$$SpringCGLIB$$0 - <tcpserver><info> Connection established: 127.0.0.1:49346:18196:0350e2fb-dbe6-4caf-9a5d-1ed2de5b7789
2026-05-20 20:22:28.267 INFO  o.c.CraneClientConnectedListener - <tcpsvr><info> CraneClientConnectedEvent detected
2026-05-20 20:22:28.351 INFO  o.c.controller.TcpMessageController - <tcpclient><send> LVS1UST1DA470020052026202228????????01???????001
2026-05-20 20:22:28.367 INFO  o.c.CraneClientConnectedListener - <tcpclient><send> DAYSTART message sent to Crane server
2026-05-20 20:22:28.381 WARN  o.c.ApplicationReadyListener - <tcpsvr><info> Message Flow Automation Debug is ENABLED
2026-05-20 20:22:28.393 INFO  o.c.TcpServerConfig$$SpringCGLIB$$0 - <tcpserver><recv> LVS1UST1DA470020052026202228????????01???????001
2026-05-20 20:22:28.420 WARN  o.c.m.IncomingMessageProcessor - MessageProcessor::handleError->StatusCode.STATUSUNKNOWN
2026-05-20 20:22:28.425 INFO  o.c.m.IncomingMessageProcessor - SENDER LVS1 | RECEIVER UST1 | MESSAGETYPE DAYSTART | ORDINAL 47 | ERRORCODE OK | SOURCE 20052026 | TARGET 202228 | REPORTPOINT RPUNKNOWN | LETYPE LEUNKNOWN | STATUSCODE AUTOMATIONENABLED | USERDATA null | RAWMESSAGE LVS1UST1DA470020052026202228????????01???????001
2026-05-20 20:22:31.452 INFO  o.c.controller.TcpMessageController - <tcpclient><send> UST1LVS111480020052026202228????????01???????001
2026-05-20 20:22:31.456 INFO  o.c.TcpClientConfig$$SpringCGLIB$$0 - <tcpclient><recv> LVS1UST1DA470020052026202228????????01???????001
2026-05-20 20:22:31.457 INFO  o.c.TcpServerConfig$$SpringCGLIB$$0 - <tcpserver><recv> UST1LVS111480020052026202228????????01???????001
2026-05-20 20:22:31.458 WARN  o.c.m.IncomingMessageProcessor - MessageProcessor::handleError->StatusCode.STATUSUNKNOWN
2026-05-20 20:22:31.459 INFO  o.c.m.IncomingMessageProcessor - SENDER UST1 | RECEIVER LVS1 | MESSAGETYPE DAYSTART | ORDINAL 48 | ERRORCODE OK | SOURCE 20052026 | TARGET 202231 | REPORTPOINT RPUNKNOWN | LETYPE LEUNKNOWN | STATUSCODE AUTOMATIONENABLED | USERDATA null | RAWMESSAGE UST1LVS111480020052026202228????????01???????001
2026-05-20 20:22:31.461 INFO  o.c.TcpClientConfig$$SpringCGLIB$$0 - <tcpclient><recv> LVS1UST1AA480020052026202228????????01???????001
2026-05-20 20:22:35.688 INFO  o.c.ApplicationCloseListener - <tcpserver><info> ApplicationContextClosedEvent detected
2026-05-20 20:22:35.703 INFO  org.code_studio.BarcodeConfig - <tcpserver><info> Barcode communication - COM port closed: COM3
2026-05-20 20:22:35.703 INFO  o.c.ApplicationCloseListener - <tcpserver><info> Waiting for 3000 msec to receive DAYEND confirmation from CRANE, and then close the TCP connection.
2026-05-20 20:22:38.716 INFO  o.c.TcpServerConfig$$SpringCGLIB$$0 - <tcpclient><info> Connection closed: 127.0.0.1:18196:49346:9dc04c80-c6cd-4afd-ba99-1e81afe89024
2026-05-20 20:22:38.722 INFO  o.c.TcpServerConfig$$SpringCGLIB$$0 - <tcpserver><info> Connection closed: 127.0.0.1:49346:18196:0350e2fb-dbe6-4caf-9a5d-1ed2de5b7789
2026-05-20 20:23:00.246 INFO  o.code_studio.ComPortSchedulerTask - <tcpserver><info> Trying to open COM port for Barcode communication
2026-05-20 20:23:00.403 INFO  o.c.WebSocketServerConfig$$SpringCGLIB$$0 - <wsserver><info> Created WS channel: /app/topic
2026-05-20 20:23:00.601 INFO  o.c.TcpServerConfig$$SpringCGLIB$$0 - <tcpserver><info> TCP server started on port: 18196
2026-05-20 20:23:00.613 INFO  o.c.TcpClientConfig$$SpringCGLIB$$0 - <tcpclient><info> TCP client has been created for server: localhost:18196
2026-05-20 20:23:00.722 INFO  o.c.WebSocketServerConfig$$SpringCGLIB$$0 - <wsserver><info> Created WS server on endpoint: /ws
2026-05-20 20:23:01.614 INFO  o.code_studio.ComPortSchedulerTask - <tcpserver><info> Barcode communication enabled. COM port open: COM3
2026-05-20 20:23:01.818 INFO  o.c.TcpServerConfig$$SpringCGLIB$$0 - <tcpclient><info> Connection established: 127.0.0.1:18196:49370:a7ab319e-af65-417a-aba8-6291272faeec
2026-05-20 20:23:01.818 INFO  o.c.TcpServerConfig$$SpringCGLIB$$0 - <tcpserver><info> Connection established: 127.0.0.1:49370:18196:fec6be39-dd22-4bab-afd9-5c6616d65e67
2026-05-20 20:23:01.822 INFO  o.c.CraneClientConnectedListener - <tcpsvr><info> CraneClientConnectedEvent detected
2026-05-20 20:23:01.862 WARN  o.c.ApplicationReadyListener - <tcpsvr><info> Message Flow Automation Debug is ENABLED
2026-05-20 20:23:01.887 INFO  o.c.controller.TcpMessageController - <tcpclient><send> LVS1UST1DA490020052026202301????????01???????001
2026-05-20 20:23:01.899 INFO  o.c.CraneClientConnectedListener - <tcpclient><send> DAYSTART message sent to Crane server
2026-05-20 20:23:01.918 INFO  o.c.TcpServerConfig$$SpringCGLIB$$0 - <tcpserver><recv> LVS1UST1DA490020052026202301????????01???????001
2026-05-20 20:23:01.940 WARN  o.c.m.IncomingMessageProcessor - MessageProcessor::handleError->StatusCode.STATUSUNKNOWN
2026-05-20 20:23:01.945 INFO  o.c.m.IncomingMessageProcessor - SENDER LVS1 | RECEIVER UST1 | MESSAGETYPE DAYSTART | ORDINAL 49 | ERRORCODE OK | SOURCE 20052026 | TARGET 202301 | REPORTPOINT RPUNKNOWN | LETYPE LEUNKNOWN | STATUSCODE AUTOMATIONENABLED | USERDATA null | RAWMESSAGE LVS1UST1DA490020052026202301????????01???????001
2026-05-20 20:23:04.963 INFO  o.c.controller.TcpMessageController - <tcpclient><send> UST1LVS111500020052026202301????????01???????001
2026-05-20 20:23:04.966 INFO  o.c.TcpClientConfig$$SpringCGLIB$$0 - <tcpclient><recv> LVS1UST1DA490020052026202301????????01???????001
2026-05-20 20:23:04.967 INFO  o.c.TcpServerConfig$$SpringCGLIB$$0 - <tcpserver><recv> UST1LVS111500020052026202301????????01???????001
2026-05-20 20:23:04.968 WARN  o.c.m.IncomingMessageProcessor - MessageProcessor::handleError->StatusCode.STATUSUNKNOWN
2026-05-20 20:23:04.968 INFO  o.c.m.IncomingMessageProcessor - SENDER UST1 | RECEIVER LVS1 | MESSAGETYPE DAYSTART | ORDINAL 50 | ERRORCODE OK | SOURCE 20052026 | TARGET 202304 | REPORTPOINT RPUNKNOWN | LETYPE LEUNKNOWN | STATUSCODE AUTOMATIONENABLED | USERDATA null | RAWMESSAGE UST1LVS111500020052026202301????????01???????001
2026-05-20 20:23:04.974 INFO  o.c.TcpClientConfig$$SpringCGLIB$$0 - <tcpclient><recv> LVS1UST1AA500020052026202301????????01???????001
2026-05-20 20:25:23.257 INFO  o.c.ApplicationCloseListener - <tcpserver><info> ApplicationContextClosedEvent detected
2026-05-20 20:25:23.269 INFO  org.code_studio.BarcodeConfig - <tcpserver><info> Barcode communication - COM port closed: COM3
2026-05-20 20:25:23.269 INFO  o.c.ApplicationCloseListener - <tcpserver><info> Waiting for 3000 msec to receive DAYEND confirmation from CRANE, and then close the TCP connection.
2026-05-20 20:25:26.306 INFO  o.c.TcpServerConfig$$SpringCGLIB$$0 - <tcpclient><info> Connection closed: 127.0.0.1:18196:49370:a7ab319e-af65-417a-aba8-6291272faeec
2026-05-20 20:25:26.314 INFO  o.c.TcpServerConfig$$SpringCGLIB$$0 - <tcpserver><info> Connection closed: 127.0.0.1:49370:18196:fec6be39-dd22-4bab-afd9-5c6616d65e67
2026-05-20 20:25:50.976 INFO  o.code_studio.ComPortSchedulerTask - <tcpserver><info> Trying to open COM port for Barcode communication
2026-05-20 20:25:51.184 INFO  o.c.WebSocketServerConfig$$SpringCGLIB$$0 - <wsserver><info> Created WS channel: /app/topic
2026-05-20 20:25:51.424 INFO  o.c.TcpServerConfig$$SpringCGLIB$$0 - <tcpserver><info> TCP server started on port: 18196
2026-05-20 20:25:51.432 INFO  o.c.TcpClientConfig$$SpringCGLIB$$0 - <tcpclient><info> TCP client has been created for server: localhost:18196
2026-05-20 20:25:51.550 INFO  o.c.WebSocketServerConfig$$SpringCGLIB$$0 - <wsserver><info> Created WS server on endpoint: /ws
2026-05-20 20:25:51.928 INFO  o.code_studio.ComPortSchedulerTask - <tcpserver><info> Barcode communication enabled. COM port open: COM3
2026-05-20 20:25:52.796 INFO  o.c.TcpServerConfig$$SpringCGLIB$$0 - <tcpserver><info> Connection established: 127.0.0.1:49458:18196:ba337f0e-5d14-419c-a469-d58057c92855
2026-05-20 20:25:52.799 INFO  o.c.CraneClientConnectedListener - <tcpsvr><info> CraneClientConnectedEvent detected
2026-05-20 20:25:52.805 INFO  o.c.TcpServerConfig$$SpringCGLIB$$0 - <tcpclient><info> Connection established: 127.0.0.1:18196:49458:b35bb539-c51d-4bc7-9fb4-a5246a9092dc
2026-05-20 20:25:52.856 WARN  o.c.ApplicationReadyListener - <tcpsvr><info> Message Flow Automation Debug is ENABLED
2026-05-20 20:25:52.897 INFO  o.c.controller.TcpMessageController - <tcpclient><send> LVS1UST1DA510020052026202552????????01???????001
2026-05-20 20:25:52.925 INFO  o.c.CraneClientConnectedListener - <tcpclient><send> DAYSTART message sent to Crane server
2026-05-20 20:25:52.950 INFO  o.c.TcpServerConfig$$SpringCGLIB$$0 - <tcpserver><recv> LVS1UST1DA510020052026202552????????01???????001
2026-05-20 20:25:52.982 WARN  o.c.m.IncomingMessageProcessor - MessageProcessor::handleError->StatusCode.STATUSUNKNOWN
2026-05-20 20:25:52.987 INFO  o.c.m.IncomingMessageProcessor - SENDER LVS1 | RECEIVER UST1 | MESSAGETYPE DAYSTART | ORDINAL 51 | ERRORCODE OK | SOURCE 20052026 | TARGET 202552 | REPORTPOINT RPUNKNOWN | LETYPE LEUNKNOWN | STATUSCODE AUTOMATIONENABLED | USERDATA null | RAWMESSAGE LVS1UST1DA510020052026202552????????01???????001
2026-05-20 20:25:56.009 INFO  o.c.controller.TcpMessageController - <tcpclient><send> UST1LVS111520020052026202552????????01???????001
2026-05-20 20:25:56.012 INFO  o.c.TcpClientConfig$$SpringCGLIB$$0 - <tcpclient><recv> LVS1UST1DA510020052026202552????????01???????001
2026-05-20 20:25:56.012 INFO  o.c.TcpServerConfig$$SpringCGLIB$$0 - <tcpserver><recv> UST1LVS111520020052026202552????????01???????001
2026-05-20 20:25:56.014 WARN  o.c.m.IncomingMessageProcessor - MessageProcessor::handleError->StatusCode.STATUSUNKNOWN
2026-05-20 20:25:56.015 INFO  o.c.m.IncomingMessageProcessor - SENDER UST1 | RECEIVER LVS1 | MESSAGETYPE DAYSTART | ORDINAL 52 | ERRORCODE OK | SOURCE 20052026 | TARGET 202556 | REPORTPOINT RPUNKNOWN | LETYPE LEUNKNOWN | STATUSCODE AUTOMATIONENABLED | USERDATA null | RAWMESSAGE UST1LVS111520020052026202552????????01???????001
2026-05-20 20:25:56.016 INFO  o.c.TcpClientConfig$$SpringCGLIB$$0 - <tcpclient><recv> LVS1UST1AA520020052026202552????????01???????001
2026-05-20 20:27:23.687 INFO  o.c.ApplicationCloseListener - <tcpserver><info> ApplicationContextClosedEvent detected
2026-05-20 20:27:23.691 INFO  org.code_studio.BarcodeConfig - <tcpserver><info> Barcode communication - COM port closed: COM3
2026-05-20 20:27:23.692 INFO  o.c.ApplicationCloseListener - <tcpserver><info> Waiting for 3000 msec to receive DAYEND confirmation from CRANE, and then close the TCP connection.
2026-05-20 20:27:28.383 INFO  o.c.TcpServerConfig$$SpringCGLIB$$0 - <tcpclient><info> Connection closed: 127.0.0.1:18196:49458:b35bb539-c51d-4bc7-9fb4-a5246a9092dc
2026-05-20 20:27:28.390 INFO  o.c.TcpServerConfig$$SpringCGLIB$$0 - <tcpserver><info> Connection closed: 127.0.0.1:49458:18196:ba337f0e-5d14-419c-a469-d58057c92855
2026-05-20 20:27:46.086 INFO  o.code_studio.ComPortSchedulerTask - <tcpserver><info> Trying to open COM port for Barcode communication
2026-05-20 20:27:46.247 INFO  o.c.WebSocketServerConfig$$SpringCGLIB$$0 - <wsserver><info> Created WS channel: /app/topic
2026-05-20 20:27:46.448 INFO  o.c.TcpServerConfig$$SpringCGLIB$$0 - <tcpserver><info> TCP server started on port: 18196
2026-05-20 20:27:46.462 INFO  o.c.TcpClientConfig$$SpringCGLIB$$0 - <tcpclient><info> TCP client has been created for server: localhost:18196
2026-05-20 20:27:46.563 INFO  o.c.WebSocketServerConfig$$SpringCGLIB$$0 - <wsserver><info> Created WS server on endpoint: /ws
2026-05-20 20:27:47.075 INFO  o.code_studio.ComPortSchedulerTask - <tcpserver><info> Barcode communication enabled. COM port open: COM3
2026-05-20 20:27:47.894 INFO  o.c.TcpServerConfig$$SpringCGLIB$$0 - <tcpserver><info> Connection established: 127.0.0.1:49515:18196:a435940f-1e7f-4a58-abd5-39dc5579dfa4
2026-05-20 20:27:47.897 INFO  o.c.CraneClientConnectedListener - <tcpsvr><info> CraneClientConnectedEvent detected
2026-05-20 20:27:47.895 INFO  o.c.TcpServerConfig$$SpringCGLIB$$0 - <tcpclient><info> Connection established: 127.0.0.1:18196:49515:6bbba5b1-7c9f-4031-b247-363cbeedfd31
2026-05-20 20:27:47.955 WARN  o.c.ApplicationReadyListener - <tcpsvr><info> Message Flow Automation Debug is ENABLED
2026-05-20 20:27:48.015 INFO  o.c.controller.TcpMessageController - <tcpclient><send> LVS1UST1DA530020052026202748????????01???????001
2026-05-20 20:27:48.035 INFO  o.c.CraneClientConnectedListener - <tcpclient><send> DAYSTART message sent to Crane server
2026-05-20 20:27:48.062 INFO  o.c.TcpServerConfig$$SpringCGLIB$$0 - <tcpserver><recv> LVS1UST1DA530020052026202748????????01???????001
2026-05-20 20:27:48.097 WARN  o.c.m.IncomingMessageProcessor - MessageProcessor::handleError->StatusCode.STATUSUNKNOWN
2026-05-20 20:27:48.105 INFO  o.c.m.IncomingMessageProcessor - SENDER LVS1 | RECEIVER UST1 | MESSAGETYPE DAYSTART | ORDINAL 53 | ERRORCODE OK | SOURCE 20052026 | TARGET 202748 | REPORTPOINT RPUNKNOWN | LETYPE LEUNKNOWN | STATUSCODE AUTOMATIONENABLED | USERDATA null | RAWMESSAGE LVS1UST1DA530020052026202748????????01???????001
2026-05-20 20:27:51.138 INFO  o.c.controller.TcpMessageController - <tcpclient><send> UST1LVS111540020052026202748????????01???????001
2026-05-20 20:27:51.142 INFO  o.c.TcpClientConfig$$SpringCGLIB$$0 - <tcpclient><recv> LVS1UST1DA530020052026202748????????01???????001
2026-05-20 20:27:51.143 INFO  o.c.TcpServerConfig$$SpringCGLIB$$0 - <tcpserver><recv> UST1LVS111540020052026202748????????01???????001
2026-05-20 20:27:51.147 WARN  o.c.m.IncomingMessageProcessor - MessageProcessor::handleError->StatusCode.STATUSUNKNOWN
2026-05-20 20:27:51.148 INFO  o.c.m.IncomingMessageProcessor - SENDER UST1 | RECEIVER LVS1 | MESSAGETYPE DAYSTART | ORDINAL 54 | ERRORCODE OK | SOURCE 20052026 | TARGET 202751 | REPORTPOINT RPUNKNOWN | LETYPE LEUNKNOWN | STATUSCODE AUTOMATIONENABLED | USERDATA null | RAWMESSAGE UST1LVS111540020052026202748????????01???????001
2026-05-20 20:27:51.149 INFO  o.c.TcpClientConfig$$SpringCGLIB$$0 - <tcpclient><recv> LVS1UST1AA540020052026202748????????01???????001
2026-05-20 20:35:28.288 INFO  o.c.ApplicationCloseListener - <tcpserver><info> ApplicationContextClosedEvent detected
2026-05-20 20:35:28.345 INFO  org.code_studio.BarcodeConfig - <tcpserver><info> Barcode communication - COM port closed: COM3
2026-05-20 20:35:28.346 INFO  o.c.ApplicationCloseListener - <tcpserver><info> Waiting for 3000 msec to receive DAYEND confirmation from CRANE, and then close the TCP connection.
2026-05-20 20:35:31.447 INFO  o.c.TcpServerConfig$$SpringCGLIB$$0 - <tcpclient><info> Connection closed: 127.0.0.1:18196:49515:6bbba5b1-7c9f-4031-b247-363cbeedfd31
2026-05-20 20:35:31.483 INFO  o.c.TcpServerConfig$$SpringCGLIB$$0 - <tcpserver><info> Connection closed: 127.0.0.1:49515:18196:a435940f-1e7f-4a58-abd5-39dc5579dfa4
2026-05-20 20:35:43.873 INFO  o.code_studio.ComPortSchedulerTask - <tcpserver><info> Trying to open COM port for Barcode communication
2026-05-20 20:35:44.071 INFO  o.c.WebSocketServerConfig$$SpringCGLIB$$0 - <wsserver><info> Created WS channel: /app/topic
2026-05-20 20:35:44.298 INFO  o.c.TcpServerConfig$$SpringCGLIB$$0 - <tcpserver><info> TCP server started on port: 18196
2026-05-20 20:35:44.309 INFO  o.c.TcpClientConfig$$SpringCGLIB$$0 - <tcpclient><info> TCP client has been created for server: localhost:18196
2026-05-20 20:35:44.459 INFO  o.c.WebSocketServerConfig$$SpringCGLIB$$0 - <wsserver><info> Created WS server on endpoint: /ws
2026-05-20 20:35:44.533 INFO  o.code_studio.ComPortSchedulerTask - <tcpserver><info> Barcode communication enabled. COM port open: COM3
2026-05-20 20:35:46.530 INFO  o.c.TcpServerConfig$$SpringCGLIB$$0 - <tcpserver><info> Connection established: 127.0.0.1:49714:18196:d71a4b83-76bb-4ed2-b57f-d2e5f91aa870
2026-05-20 20:35:46.531 INFO  o.c.CraneClientConnectedListener - <tcpsvr><info> CraneClientConnectedEvent detected
2026-05-20 20:35:46.531 INFO  o.c.TcpServerConfig$$SpringCGLIB$$0 - <tcpclient><info> Connection established: 127.0.0.1:18196:49714:e657413e-1753-4888-a11c-ac232ae16f20
2026-05-20 20:35:46.614 INFO  o.c.controller.TcpMessageController - <tcpclient><send> LVS1UST1DA550020052026203546????????01???????001
2026-05-20 20:35:46.627 WARN  o.c.ApplicationReadyListener - <tcpsvr><info> Message Flow Automation Debug is ENABLED
2026-05-20 20:35:46.631 INFO  o.c.CraneClientConnectedListener - <tcpclient><send> DAYSTART message sent to Crane server
2026-05-20 20:35:46.677 INFO  o.c.TcpServerConfig$$SpringCGLIB$$0 - <tcpserver><recv> LVS1UST1DA550020052026203546????????01???????001
2026-05-20 20:35:46.749 WARN  o.c.m.IncomingMessageProcessor - MessageProcessor::handleError->StatusCode.STATUSUNKNOWN
2026-05-20 20:35:46.753 INFO  o.c.m.IncomingMessageProcessor - SENDER LVS1 | RECEIVER UST1 | MESSAGETYPE DAYSTART | ORDINAL 55 | ERRORCODE OK | SOURCE 20052026 | TARGET 203546 | REPORTPOINT RPUNKNOWN | LETYPE LEUNKNOWN | STATUSCODE AUTOMATIONENABLED | USERDATA null | RAWMESSAGE LVS1UST1DA550020052026203546????????01???????001
2026-05-20 20:35:50.043 INFO  o.c.controller.TcpMessageController - <tcpclient><send> UST1LVS111560020052026203546????????01???????001
2026-05-20 20:35:50.049 INFO  o.c.TcpClientConfig$$SpringCGLIB$$0 - <tcpclient><recv> LVS1UST1DA550020052026203546????????01???????001
2026-05-20 20:35:50.055 INFO  o.c.TcpServerConfig$$SpringCGLIB$$0 - <tcpserver><recv> UST1LVS111560020052026203546????????01???????001
2026-05-20 20:35:50.060 WARN  o.c.m.IncomingMessageProcessor - MessageProcessor::handleError->StatusCode.STATUSUNKNOWN
2026-05-20 20:35:50.062 INFO  o.c.m.IncomingMessageProcessor - SENDER UST1 | RECEIVER LVS1 | MESSAGETYPE DAYSTART | ORDINAL 56 | ERRORCODE OK | SOURCE 20052026 | TARGET 203550 | REPORTPOINT RPUNKNOWN | LETYPE LEUNKNOWN | STATUSCODE AUTOMATIONENABLED | USERDATA null | RAWMESSAGE UST1LVS111560020052026203546????????01???????001
2026-05-20 20:35:50.067 INFO  o.c.TcpClientConfig$$SpringCGLIB$$0 - <tcpclient><recv> LVS1UST1AA560020052026203546????????01???????001
2026-05-20 20:40:24.715 INFO  o.c.ApplicationCloseListener - <tcpserver><info> ApplicationContextClosedEvent detected
2026-05-20 20:40:24.733 INFO  org.code_studio.BarcodeConfig - <tcpserver><info> Barcode communication - COM port closed: COM3
2026-05-20 20:40:24.735 INFO  o.c.ApplicationCloseListener - <tcpserver><info> Waiting for 3000 msec to receive DAYEND confirmation from CRANE, and then close the TCP connection.
2026-05-20 20:40:27.807 INFO  o.c.TcpServerConfig$$SpringCGLIB$$0 - <tcpclient><info> Connection closed: 127.0.0.1:18196:49714:e657413e-1753-4888-a11c-ac232ae16f20
2026-05-20 20:40:27.823 INFO  o.c.TcpServerConfig$$SpringCGLIB$$0 - <tcpserver><info> Connection closed: 127.0.0.1:49714:18196:d71a4b83-76bb-4ed2-b57f-d2e5f91aa870
2026-05-20 20:40:51.989 INFO  o.code_studio.ComPortSchedulerTask - <tcpserver><info> Trying to open COM port for Barcode communication
2026-05-20 20:40:52.150 INFO  o.c.WebSocketServerConfig$$SpringCGLIB$$0 - <wsserver><info> Created WS channel: /app/topic
2026-05-20 20:40:52.397 INFO  o.c.TcpServerConfig$$SpringCGLIB$$0 - <tcpserver><info> TCP server started on port: 18196
2026-05-20 20:40:52.404 INFO  o.c.TcpClientConfig$$SpringCGLIB$$0 - <tcpclient><info> TCP client has been created for server: localhost:18196
2026-05-20 20:40:52.501 INFO  o.c.WebSocketServerConfig$$SpringCGLIB$$0 - <wsserver><info> Created WS server on endpoint: /ws
2026-05-20 20:40:52.971 INFO  o.code_studio.ComPortSchedulerTask - <tcpserver><info> Barcode communication enabled. COM port open: COM3
2026-05-20 20:40:53.902 INFO  o.c.TcpServerConfig$$SpringCGLIB$$0 - <tcpserver><info> Connection established: 127.0.0.1:50369:18196:a10112b4-f764-42df-b585-1df4c0ee4b60
2026-05-20 20:40:53.904 INFO  o.c.CraneClientConnectedListener - <tcpsvr><info> CraneClientConnectedEvent detected
2026-05-20 20:40:53.921 INFO  o.c.TcpServerConfig$$SpringCGLIB$$0 - <tcpclient><info> Connection established: 127.0.0.1:18196:50369:38398dc5-e433-4ae1-8422-0b86ce3152ca
2026-05-20 20:40:53.970 WARN  o.c.ApplicationReadyListener - <tcpsvr><info> Message Flow Automation Debug is ENABLED
2026-05-20 20:40:54.015 INFO  o.c.controller.TcpMessageController - <tcpclient><send> LVS1UST1DA570020052026204054????????01???????001
2026-05-20 20:40:54.030 INFO  o.c.CraneClientConnectedListener - <tcpclient><send> DAYSTART message sent to Crane server
2026-05-20 20:40:54.059 INFO  o.c.TcpServerConfig$$SpringCGLIB$$0 - <tcpserver><recv> LVS1UST1DA570020052026204054????????01???????001
2026-05-20 20:40:54.093 WARN  o.c.m.IncomingMessageProcessor - MessageProcessor::handleError->StatusCode.STATUSUNKNOWN
2026-05-20 20:40:54.098 INFO  o.c.m.IncomingMessageProcessor - SENDER LVS1 | RECEIVER UST1 | MESSAGETYPE DAYSTART | ORDINAL 57 | ERRORCODE OK | SOURCE 20052026 | TARGET 204054 | REPORTPOINT RPUNKNOWN | LETYPE LEUNKNOWN | STATUSCODE AUTOMATIONENABLED | USERDATA null | RAWMESSAGE LVS1UST1DA570020052026204054????????01???????001
2026-05-20 20:40:57.125 INFO  o.c.controller.TcpMessageController - <tcpclient><send> UST1LVS111580020052026204054????????01???????001
2026-05-20 20:40:57.129 INFO  o.c.TcpClientConfig$$SpringCGLIB$$0 - <tcpclient><recv> LVS1UST1DA570020052026204054????????01???????001
2026-05-20 20:40:57.134 INFO  o.c.TcpServerConfig$$SpringCGLIB$$0 - <tcpserver><recv> UST1LVS111580020052026204054????????01???????001
2026-05-20 20:40:57.139 WARN  o.c.m.IncomingMessageProcessor - MessageProcessor::handleError->StatusCode.STATUSUNKNOWN
2026-05-20 20:40:57.140 INFO  o.c.m.IncomingMessageProcessor - SENDER UST1 | RECEIVER LVS1 | MESSAGETYPE DAYSTART | ORDINAL 58 | ERRORCODE OK | SOURCE 20052026 | TARGET 204057 | REPORTPOINT RPUNKNOWN | LETYPE LEUNKNOWN | STATUSCODE AUTOMATIONENABLED | USERDATA null | RAWMESSAGE UST1LVS111580020052026204054????????01???????001
2026-05-20 20:40:57.144 INFO  o.c.TcpClientConfig$$SpringCGLIB$$0 - <tcpclient><recv> LVS1UST1AA580020052026204054????????01???????001
2026-05-20 20:42:32.907 INFO  o.c.ApplicationCloseListener - <tcpserver><info> ApplicationContextClosedEvent detected
2026-05-20 20:42:32.910 INFO  org.code_studio.BarcodeConfig - <tcpserver><info> Barcode communication - COM port closed: COM3
2026-05-20 20:42:32.911 INFO  o.c.ApplicationCloseListener - <tcpserver><info> Waiting for 3000 msec to receive DAYEND confirmation from CRANE, and then close the TCP connection.
2026-05-20 20:42:35.927 INFO  o.c.TcpServerConfig$$SpringCGLIB$$0 - <tcpclient><info> Connection closed: 127.0.0.1:18196:50369:38398dc5-e433-4ae1-8422-0b86ce3152ca
2026-05-20 20:42:35.933 INFO  o.c.TcpServerConfig$$SpringCGLIB$$0 - <tcpserver><info> Connection closed: 127.0.0.1:50369:18196:a10112b4-f764-42df-b585-1df4c0ee4b60
2026-05-20 20:42:46.272 INFO  o.code_studio.ComPortSchedulerTask - <tcpserver><info> Trying to open COM port for Barcode communication
2026-05-20 20:42:46.523 INFO  o.c.WebSocketServerConfig$$SpringCGLIB$$0 - <wsserver><info> Created WS channel: /app/topic
2026-05-20 20:42:46.800 INFO  o.c.TcpServerConfig$$SpringCGLIB$$0 - <tcpserver><info> TCP server started on port: 18196
2026-05-20 20:42:46.818 INFO  o.c.TcpClientConfig$$SpringCGLIB$$0 - <tcpclient><info> TCP client has been created for server: localhost:18196
2026-05-20 20:42:46.958 INFO  o.c.WebSocketServerConfig$$SpringCGLIB$$0 - <wsserver><info> Created WS server on endpoint: /ws
2026-05-20 20:42:48.174 INFO  o.code_studio.ComPortSchedulerTask - <tcpserver><info> Barcode communication enabled. COM port open: COM3
2026-05-20 20:42:48.429 INFO  o.c.TcpServerConfig$$SpringCGLIB$$0 - <tcpserver><info> Connection established: 127.0.0.1:50454:18196:f6517b90-01c0-4366-98a3-7faffc3815c9
2026-05-20 20:42:48.429 INFO  o.c.TcpServerConfig$$SpringCGLIB$$0 - <tcpclient><info> Connection established: 127.0.0.1:18196:50454:09cd563e-1ea6-41c7-85b7-95a762990173
2026-05-20 20:42:48.431 INFO  o.c.CraneClientConnectedListener - <tcpsvr><info> CraneClientConnectedEvent detected
2026-05-20 20:42:48.488 WARN  o.c.ApplicationReadyListener - <tcpsvr><info> Message Flow Automation Debug is ENABLED
2026-05-20 20:42:48.510 INFO  o.c.controller.TcpMessageController - <tcpclient><send> LVS1UST1DA590020052026204248????????01???????001
2026-05-20 20:42:48.532 INFO  o.c.CraneClientConnectedListener - <tcpclient><send> DAYSTART message sent to Crane server
2026-05-20 20:42:48.558 INFO  o.c.TcpServerConfig$$SpringCGLIB$$0 - <tcpserver><recv> LVS1UST1DA590020052026204248????????01???????001
2026-05-20 20:42:48.591 WARN  o.c.m.IncomingMessageProcessor - MessageProcessor::handleError->StatusCode.STATUSUNKNOWN
2026-05-20 20:42:48.599 INFO  o.c.m.IncomingMessageProcessor - SENDER LVS1 | RECEIVER UST1 | MESSAGETYPE DAYSTART | ORDINAL 59 | ERRORCODE OK | SOURCE 20052026 | TARGET 204248 | REPORTPOINT RPUNKNOWN | LETYPE LEUNKNOWN | STATUSCODE AUTOMATIONENABLED | USERDATA null | RAWMESSAGE LVS1UST1DA590020052026204248????????01???????001
2026-05-20 20:42:51.623 INFO  o.c.controller.TcpMessageController - <tcpclient><send> UST1LVS111600020052026204248????????01???????001
2026-05-20 20:42:51.627 INFO  o.c.TcpClientConfig$$SpringCGLIB$$0 - <tcpclient><recv> LVS1UST1DA590020052026204248????????01???????001
2026-05-20 20:42:51.627 INFO  o.c.TcpServerConfig$$SpringCGLIB$$0 - <tcpserver><recv> UST1LVS111600020052026204248????????01???????001
2026-05-20 20:42:51.628 WARN  o.c.m.IncomingMessageProcessor - MessageProcessor::handleError->StatusCode.STATUSUNKNOWN
2026-05-20 20:42:51.628 INFO  o.c.m.IncomingMessageProcessor - SENDER UST1 | RECEIVER LVS1 | MESSAGETYPE DAYSTART | ORDINAL 60 | ERRORCODE OK | SOURCE 20052026 | TARGET 204251 | REPORTPOINT RPUNKNOWN | LETYPE LEUNKNOWN | STATUSCODE AUTOMATIONENABLED | USERDATA null | RAWMESSAGE UST1LVS111600020052026204248????????01???????001
2026-05-20 20:42:51.630 INFO  o.c.TcpClientConfig$$SpringCGLIB$$0 - <tcpclient><recv> LVS1UST1AA600020052026204248????????01???????001
2026-05-20 20:49:44.597 INFO  o.c.ApplicationCloseListener - <tcpserver><info> ApplicationContextClosedEvent detected
2026-05-20 20:49:44.631 INFO  org.code_studio.BarcodeConfig - <tcpserver><info> Barcode communication - COM port closed: COM3
2026-05-20 20:49:44.632 INFO  o.c.ApplicationCloseListener - <tcpserver><info> Waiting for 3000 msec to receive DAYEND confirmation from CRANE, and then close the TCP connection.
2026-05-20 20:49:47.745 INFO  o.c.TcpServerConfig$$SpringCGLIB$$0 - <tcpclient><info> Connection closed: 127.0.0.1:18196:50454:09cd563e-1ea6-41c7-85b7-95a762990173
2026-05-20 20:49:47.754 INFO  o.c.TcpServerConfig$$SpringCGLIB$$0 - <tcpserver><info> Connection closed: 127.0.0.1:50454:18196:f6517b90-01c0-4366-98a3-7faffc3815c9
2026-05-20 20:50:00.851 INFO  o.code_studio.ComPortSchedulerTask - <tcpserver><info> Trying to open COM port for Barcode communication
2026-05-20 20:50:01.025 INFO  o.c.WebSocketServerConfig$$SpringCGLIB$$0 - <wsserver><info> Created WS channel: /app/topic
2026-05-20 20:50:01.263 INFO  o.c.TcpServerConfig$$SpringCGLIB$$0 - <tcpserver><info> TCP server started on port: 18196
2026-05-20 20:50:01.272 INFO  o.c.TcpClientConfig$$SpringCGLIB$$0 - <tcpclient><info> TCP client has been created for server: localhost:18196
2026-05-20 20:50:01.400 INFO  o.c.WebSocketServerConfig$$SpringCGLIB$$0 - <wsserver><info> Created WS server on endpoint: /ws
2026-05-20 20:50:02.060 INFO  o.code_studio.ComPortSchedulerTask - <tcpserver><info> Barcode communication enabled. COM port open: COM3
2026-05-20 20:50:03.204 INFO  o.c.TcpServerConfig$$SpringCGLIB$$0 - <tcpserver><info> Connection established: 127.0.0.1:50592:18196:99dbbcb0-4838-449d-8e6c-1fafbc9b412f
2026-05-20 20:50:03.206 INFO  o.c.TcpServerConfig$$SpringCGLIB$$0 - <tcpclient><info> Connection established: 127.0.0.1:18196:50592:3074ffe1-919c-4a47-b369-0f32bf815b89
2026-05-20 20:50:03.209 INFO  o.c.CraneClientConnectedListener - <tcpsvr><info> CraneClientConnectedEvent detected
2026-05-20 20:50:03.271 WARN  o.c.ApplicationReadyListener - <tcpsvr><info> Message Flow Automation Debug is ENABLED
2026-05-20 20:50:03.291 INFO  o.c.controller.TcpMessageController - <tcpclient><send> LVS1UST1DA610020052026205003????????01???????001
2026-05-20 20:50:03.306 INFO  o.c.CraneClientConnectedListener - <tcpclient><send> DAYSTART message sent to Crane server
2026-05-20 20:50:03.333 INFO  o.c.TcpServerConfig$$SpringCGLIB$$0 - <tcpserver><recv> LVS1UST1DA610020052026205003????????01???????001
2026-05-20 20:50:03.367 WARN  o.c.m.IncomingMessageProcessor - MessageProcessor::handleError->StatusCode.STATUSUNKNOWN
2026-05-20 20:50:03.373 INFO  o.c.m.IncomingMessageProcessor - SENDER LVS1 | RECEIVER UST1 | MESSAGETYPE DAYSTART | ORDINAL 61 | ERRORCODE OK | SOURCE 20052026 | TARGET 205003 | REPORTPOINT RPUNKNOWN | LETYPE LEUNKNOWN | STATUSCODE AUTOMATIONENABLED | USERDATA null | RAWMESSAGE LVS1UST1DA610020052026205003????????01???????001
2026-05-20 20:50:06.398 INFO  o.c.controller.TcpMessageController - <tcpclient><send> UST1LVS111620020052026205003????????01???????001
2026-05-20 20:50:06.402 INFO  o.c.TcpClientConfig$$SpringCGLIB$$0 - <tcpclient><recv> LVS1UST1DA610020052026205003????????01???????001
2026-05-20 20:50:06.402 INFO  o.c.TcpServerConfig$$SpringCGLIB$$0 - <tcpserver><recv> UST1LVS111620020052026205003????????01???????001
2026-05-20 20:50:06.403 WARN  o.c.m.IncomingMessageProcessor - MessageProcessor::handleError->StatusCode.STATUSUNKNOWN
2026-05-20 20:50:06.403 INFO  o.c.m.IncomingMessageProcessor - SENDER UST1 | RECEIVER LVS1 | MESSAGETYPE DAYSTART | ORDINAL 62 | ERRORCODE OK | SOURCE 20052026 | TARGET 205006 | REPORTPOINT RPUNKNOWN | LETYPE LEUNKNOWN | STATUSCODE AUTOMATIONENABLED | USERDATA null | RAWMESSAGE UST1LVS111620020052026205003????????01???????001
2026-05-20 20:50:06.405 INFO  o.c.TcpClientConfig$$SpringCGLIB$$0 - <tcpclient><recv> LVS1UST1AA620020052026205003????????01???????001
2026-05-20 20:52:26.784 INFO  o.c.ApplicationCloseListener - <tcpserver><info> ApplicationContextClosedEvent detected
2026-05-20 20:52:26.789 INFO  org.code_studio.BarcodeConfig - <tcpserver><info> Barcode communication - COM port closed: COM3
2026-05-20 20:52:26.790 INFO  o.c.ApplicationCloseListener - <tcpserver><info> Waiting for 3000 msec to receive DAYEND confirmation from CRANE, and then close the TCP connection.
2026-05-20 20:52:29.812 INFO  o.c.TcpServerConfig$$SpringCGLIB$$0 - <tcpclient><info> Connection closed: 127.0.0.1:18196:50592:3074ffe1-919c-4a47-b369-0f32bf815b89
2026-05-20 20:52:29.820 INFO  o.c.TcpServerConfig$$SpringCGLIB$$0 - <tcpserver><info> Connection closed: 127.0.0.1:50592:18196:99dbbcb0-4838-449d-8e6c-1fafbc9b412f
2026-05-20 20:53:49.121 INFO  o.code_studio.ComPortSchedulerTask - <tcpserver><info> Trying to open COM port for Barcode communication
2026-05-20 20:53:49.351 INFO  o.c.WebSocketServerConfig$$SpringCGLIB$$0 - <wsserver><info> Created WS channel: /app/topic
2026-05-20 20:53:49.630 INFO  o.c.TcpServerConfig$$SpringCGLIB$$0 - <tcpserver><info> TCP server started on port: 18196
2026-05-20 20:53:49.641 INFO  o.c.TcpClientConfig$$SpringCGLIB$$0 - <tcpclient><info> TCP client has been created for server: localhost:18196
2026-05-20 20:53:49.751 INFO  o.c.WebSocketServerConfig$$SpringCGLIB$$0 - <wsserver><info> Created WS server on endpoint: /ws
2026-05-20 20:53:49.997 INFO  o.code_studio.ComPortSchedulerTask - <tcpserver><info> Barcode communication enabled. COM port open: COM3
2026-05-20 20:53:51.409 INFO  o.c.TcpServerConfig$$SpringCGLIB$$0 - <tcpclient><info> Connection established: 127.0.0.1:18196:50699:8b2814b3-adeb-4b7f-a649-50420b1bb1d3
2026-05-20 20:53:51.410 INFO  o.c.TcpServerConfig$$SpringCGLIB$$0 - <tcpserver><info> Connection established: 127.0.0.1:50699:18196:ce5297b7-00d8-4601-8635-aa01d304a59f
2026-05-20 20:53:51.413 INFO  o.c.CraneClientConnectedListener - <tcpsvr><info> CraneClientConnectedEvent detected
2026-05-20 20:53:51.479 WARN  o.c.ApplicationReadyListener - <tcpsvr><info> Message Flow Automation Debug is ENABLED
2026-05-20 20:53:51.534 INFO  o.c.controller.TcpMessageController - <tcpclient><send> LVS1UST1DA630020052026205351????????01???????001
2026-05-20 20:53:51.547 INFO  o.c.CraneClientConnectedListener - <tcpclient><send> DAYSTART message sent to Crane server
2026-05-20 20:53:51.572 INFO  o.c.TcpServerConfig$$SpringCGLIB$$0 - <tcpserver><recv> LVS1UST1DA630020052026205351????????01???????001
2026-05-20 20:53:51.596 WARN  o.c.m.IncomingMessageProcessor - MessageProcessor::handleError->StatusCode.STATUSUNKNOWN
2026-05-20 20:53:51.599 INFO  o.c.m.IncomingMessageProcessor - SENDER LVS1 | RECEIVER UST1 | MESSAGETYPE DAYSTART | ORDINAL 63 | ERRORCODE OK | SOURCE 20052026 | TARGET 205351 | REPORTPOINT RPUNKNOWN | LETYPE LEUNKNOWN | STATUSCODE AUTOMATIONENABLED | USERDATA null | RAWMESSAGE LVS1UST1DA630020052026205351????????01???????001
2026-05-20 20:53:54.637 INFO  o.c.controller.TcpMessageController - <tcpclient><send> UST1LVS111640020052026205351????????01???????001
2026-05-20 20:53:54.640 INFO  o.c.TcpClientConfig$$SpringCGLIB$$0 - <tcpclient><recv> LVS1UST1DA630020052026205351????????01???????001
2026-05-20 20:53:54.641 INFO  o.c.TcpServerConfig$$SpringCGLIB$$0 - <tcpserver><recv> UST1LVS111640020052026205351????????01???????001
2026-05-20 20:53:54.641 WARN  o.c.m.IncomingMessageProcessor - MessageProcessor::handleError->StatusCode.STATUSUNKNOWN
2026-05-20 20:53:54.642 INFO  o.c.m.IncomingMessageProcessor - SENDER UST1 | RECEIVER LVS1 | MESSAGETYPE DAYSTART | ORDINAL 64 | ERRORCODE OK | SOURCE 20052026 | TARGET 205354 | REPORTPOINT RPUNKNOWN | LETYPE LEUNKNOWN | STATUSCODE AUTOMATIONENABLED | USERDATA null | RAWMESSAGE UST1LVS111640020052026205351????????01???????001
2026-05-20 20:53:54.643 INFO  o.c.TcpClientConfig$$SpringCGLIB$$0 - <tcpclient><recv> LVS1UST1AA640020052026205351????????01???????001
2026-05-20 20:57:49.204 INFO  o.c.ApplicationCloseListener - <tcpserver><info> ApplicationContextClosedEvent detected
2026-05-20 20:57:49.221 INFO  org.code_studio.BarcodeConfig - <tcpserver><info> Barcode communication - COM port closed: COM3
2026-05-20 20:57:49.222 INFO  o.c.ApplicationCloseListener - <tcpserver><info> Waiting for 3000 msec to receive DAYEND confirmation from CRANE, and then close the TCP connection.
2026-05-20 20:57:52.331 INFO  o.c.TcpServerConfig$$SpringCGLIB$$0 - <tcpclient><info> Connection closed: 127.0.0.1:18196:50699:8b2814b3-adeb-4b7f-a649-50420b1bb1d3
2026-05-20 20:57:52.352 INFO  o.c.TcpServerConfig$$SpringCGLIB$$0 - <tcpserver><info> Connection closed: 127.0.0.1:50699:18196:ce5297b7-00d8-4601-8635-aa01d304a59f
2026-05-20 20:58:06.961 INFO  o.code_studio.ComPortSchedulerTask - <tcpserver><info> Trying to open COM port for Barcode communication
2026-05-20 20:58:07.173 INFO  o.c.WebSocketServerConfig$$SpringCGLIB$$0 - <wsserver><info> Created WS channel: /app/topic
2026-05-20 20:58:07.445 INFO  o.c.TcpServerConfig$$SpringCGLIB$$0 - <tcpserver><info> TCP server started on port: 18196
2026-05-20 20:58:07.455 INFO  o.c.TcpClientConfig$$SpringCGLIB$$0 - <tcpclient><info> TCP client has been created for server: localhost:18196
2026-05-20 20:58:07.578 INFO  o.c.WebSocketServerConfig$$SpringCGLIB$$0 - <wsserver><info> Created WS server on endpoint: /ws
2026-05-20 20:58:08.729 INFO  o.code_studio.ComPortSchedulerTask - <tcpserver><info> Barcode communication enabled. COM port open: COM3
2026-05-20 20:58:09.057 INFO  o.c.TcpServerConfig$$SpringCGLIB$$0 - <tcpserver><info> Connection established: 127.0.0.1:50831:18196:192e9512-13bd-4dc6-a8b6-6c2c7e5649fe
2026-05-20 20:58:09.058 INFO  o.c.CraneClientConnectedListener - <tcpsvr><info> CraneClientConnectedEvent detected
2026-05-20 20:58:09.059 INFO  o.c.TcpServerConfig$$SpringCGLIB$$0 - <tcpclient><info> Connection established: 127.0.0.1:18196:50831:5e3d1195-7ac3-4c1a-9cb7-cabce2614590
2026-05-20 20:58:09.131 WARN  o.c.ApplicationReadyListener - <tcpsvr><info> Message Flow Automation Debug is ENABLED
2026-05-20 20:58:09.138 INFO  o.c.controller.TcpMessageController - <tcpclient><send> LVS1UST1DA650020052026205809????????01???????001
2026-05-20 20:58:09.154 INFO  o.c.CraneClientConnectedListener - <tcpclient><send> DAYSTART message sent to Crane server
2026-05-20 20:58:09.191 INFO  o.c.TcpServerConfig$$SpringCGLIB$$0 - <tcpserver><recv> LVS1UST1DA650020052026205809????????01???????001
2026-05-20 20:58:09.236 WARN  o.c.m.IncomingMessageProcessor - MessageProcessor::handleError->StatusCode.STATUSUNKNOWN
2026-05-20 20:58:09.241 INFO  o.c.m.IncomingMessageProcessor - SENDER LVS1 | RECEIVER UST1 | MESSAGETYPE DAYSTART | ORDINAL 65 | ERRORCODE OK | SOURCE 20052026 | TARGET 205809 | REPORTPOINT RPUNKNOWN | LETYPE LEUNKNOWN | STATUSCODE AUTOMATIONENABLED | USERDATA null | RAWMESSAGE LVS1UST1DA650020052026205809????????01???????001
2026-05-20 20:58:12.315 INFO  o.c.controller.TcpMessageController - <tcpclient><send> UST1LVS111660020052026205809????????01???????001
2026-05-20 20:58:12.318 INFO  o.c.TcpClientConfig$$SpringCGLIB$$0 - <tcpclient><recv> LVS1UST1DA650020052026205809????????01???????001
2026-05-20 20:58:12.319 INFO  o.c.TcpServerConfig$$SpringCGLIB$$0 - <tcpserver><recv> UST1LVS111660020052026205809????????01???????001
2026-05-20 20:58:12.322 WARN  o.c.m.IncomingMessageProcessor - MessageProcessor::handleError->StatusCode.STATUSUNKNOWN
2026-05-20 20:58:12.322 INFO  o.c.m.IncomingMessageProcessor - SENDER UST1 | RECEIVER LVS1 | MESSAGETYPE DAYSTART | ORDINAL 66 | ERRORCODE OK | SOURCE 20052026 | TARGET 205812 | REPORTPOINT RPUNKNOWN | LETYPE LEUNKNOWN | STATUSCODE AUTOMATIONENABLED | USERDATA null | RAWMESSAGE UST1LVS111660020052026205809????????01???????001
2026-05-20 20:58:12.327 INFO  o.c.TcpClientConfig$$SpringCGLIB$$0 - <tcpclient><recv> LVS1UST1AA660020052026205809????????01???????001
2026-05-20 21:00:49.487 INFO  o.c.ApplicationCloseListener - <tcpserver><info> ApplicationContextClosedEvent detected
2026-05-20 21:00:49.924 INFO  org.code_studio.BarcodeConfig - <tcpserver><info> Barcode communication - COM port closed: COM3
2026-05-20 21:00:49.927 INFO  o.c.ApplicationCloseListener - <tcpserver><info> Waiting for 3000 msec to receive DAYEND confirmation from CRANE, and then close the TCP connection.
2026-05-20 21:00:52.990 INFO  o.c.TcpServerConfig$$SpringCGLIB$$0 - <tcpclient><info> Connection closed: 127.0.0.1:18196:50831:5e3d1195-7ac3-4c1a-9cb7-cabce2614590
2026-05-20 21:00:53.018 INFO  o.c.TcpServerConfig$$SpringCGLIB$$0 - <tcpserver><info> Connection closed: 127.0.0.1:50831:18196:192e9512-13bd-4dc6-a8b6-6c2c7e5649fe
2026-05-20 21:01:03.707 INFO  o.code_studio.ComPortSchedulerTask - <tcpserver><info> Trying to open COM port for Barcode communication
2026-05-20 21:01:03.914 INFO  o.c.WebSocketServerConfig$$SpringCGLIB$$0 - <wsserver><info> Created WS channel: /app/topic
2026-05-20 21:01:04.175 INFO  o.c.TcpServerConfig$$SpringCGLIB$$0 - <tcpserver><info> TCP server started on port: 18196
2026-05-20 21:01:04.186 INFO  o.c.TcpClientConfig$$SpringCGLIB$$0 - <tcpclient><info> TCP client has been created for server: localhost:18196
2026-05-20 21:01:04.308 INFO  o.c.WebSocketServerConfig$$SpringCGLIB$$0 - <wsserver><info> Created WS server on endpoint: /ws
2026-05-20 21:01:05.168 INFO  o.code_studio.ComPortSchedulerTask - <tcpserver><info> Barcode communication enabled. COM port open: COM3
2026-05-20 21:01:05.671 INFO  o.c.TcpServerConfig$$SpringCGLIB$$0 - <tcpclient><info> Connection established: 127.0.0.1:18196:50936:47c3186c-d701-43de-a3ce-4a9c48304615
2026-05-20 21:01:05.673 INFO  o.c.TcpServerConfig$$SpringCGLIB$$0 - <tcpserver><info> Connection established: 127.0.0.1:50936:18196:23c6d2de-99d5-45ac-b563-6c6478ca0934
2026-05-20 21:01:05.675 INFO  o.c.CraneClientConnectedListener - <tcpsvr><info> CraneClientConnectedEvent detected
2026-05-20 21:01:05.737 INFO  o.c.controller.TcpMessageController - <tcpclient><send> LVS1UST1DA670020052026210105????????01???????001
2026-05-20 21:01:05.747 WARN  o.c.ApplicationReadyListener - <tcpsvr><info> Message Flow Automation Debug is ENABLED
2026-05-20 21:01:05.753 INFO  o.c.CraneClientConnectedListener - <tcpclient><send> DAYSTART message sent to Crane server
2026-05-20 21:01:05.779 INFO  o.c.TcpServerConfig$$SpringCGLIB$$0 - <tcpserver><recv> LVS1UST1DA670020052026210105????????01???????001
2026-05-20 21:01:05.806 WARN  o.c.m.IncomingMessageProcessor - MessageProcessor::handleError->StatusCode.STATUSUNKNOWN
2026-05-20 21:01:05.812 INFO  o.c.m.IncomingMessageProcessor - SENDER LVS1 | RECEIVER UST1 | MESSAGETYPE DAYSTART | ORDINAL 67 | ERRORCODE OK | SOURCE 20052026 | TARGET 210105 | REPORTPOINT RPUNKNOWN | LETYPE LEUNKNOWN | STATUSCODE AUTOMATIONENABLED | USERDATA null | RAWMESSAGE LVS1UST1DA670020052026210105????????01???????001
2026-05-20 21:01:08.833 INFO  o.c.controller.TcpMessageController - <tcpclient><send> UST1LVS111680020052026210105????????01???????001
2026-05-20 21:01:08.836 INFO  o.c.TcpClientConfig$$SpringCGLIB$$0 - <tcpclient><recv> LVS1UST1DA670020052026210105????????01???????001
2026-05-20 21:01:08.836 INFO  o.c.TcpServerConfig$$SpringCGLIB$$0 - <tcpserver><recv> UST1LVS111680020052026210105????????01???????001
2026-05-20 21:01:08.837 WARN  o.c.m.IncomingMessageProcessor - MessageProcessor::handleError->StatusCode.STATUSUNKNOWN
2026-05-20 21:01:08.837 INFO  o.c.m.IncomingMessageProcessor - SENDER UST1 | RECEIVER LVS1 | MESSAGETYPE DAYSTART | ORDINAL 68 | ERRORCODE OK | SOURCE 20052026 | TARGET 210108 | REPORTPOINT RPUNKNOWN | LETYPE LEUNKNOWN | STATUSCODE AUTOMATIONENABLED | USERDATA null | RAWMESSAGE UST1LVS111680020052026210105????????01???????001
2026-05-20 21:01:08.839 INFO  o.c.TcpClientConfig$$SpringCGLIB$$0 - <tcpclient><recv> LVS1UST1AA680020052026210105????????01???????001
2026-05-20 21:05:41.151 INFO  o.c.ApplicationCloseListener - <tcpserver><info> ApplicationContextClosedEvent detected
2026-05-20 21:05:41.168 INFO  org.code_studio.BarcodeConfig - <tcpserver><info> Barcode communication - COM port closed: COM3
2026-05-20 21:05:41.170 INFO  o.c.ApplicationCloseListener - <tcpserver><info> Waiting for 3000 msec to receive DAYEND confirmation from CRANE, and then close the TCP connection.
2026-05-20 21:05:44.683 INFO  o.c.TcpServerConfig$$SpringCGLIB$$0 - <tcpclient><info> Connection closed: 127.0.0.1:18196:50936:47c3186c-d701-43de-a3ce-4a9c48304615
2026-05-20 21:05:44.730 INFO  o.c.TcpServerConfig$$SpringCGLIB$$0 - <tcpserver><info> Connection closed: 127.0.0.1:50936:18196:23c6d2de-99d5-45ac-b563-6c6478ca0934
2026-05-20 21:05:56.370 INFO  o.code_studio.ComPortSchedulerTask - <tcpserver><info> Trying to open COM port for Barcode communication
2026-05-20 21:05:56.514 INFO  o.c.WebSocketServerConfig$$SpringCGLIB$$0 - <wsserver><info> Created WS channel: /app/topic
2026-05-20 21:05:56.697 INFO  o.c.TcpServerConfig$$SpringCGLIB$$0 - <tcpserver><info> TCP server started on port: 18196
2026-05-20 21:05:56.706 INFO  o.c.TcpClientConfig$$SpringCGLIB$$0 - <tcpclient><info> TCP client has been created for server: localhost:18196
2026-05-20 21:05:56.825 INFO  o.c.WebSocketServerConfig$$SpringCGLIB$$0 - <wsserver><info> Created WS server on endpoint: /ws
2026-05-20 21:05:57.924 INFO  o.c.TcpServerConfig$$SpringCGLIB$$0 - <tcpserver><info> Connection established: 127.0.0.1:51050:18196:3d3ebb0c-7c06-48f3-99c8-672f38ab6088
2026-05-20 21:05:57.925 INFO  o.c.CraneClientConnectedListener - <tcpsvr><info> CraneClientConnectedEvent detected
2026-05-20 21:05:57.926 INFO  o.c.TcpServerConfig$$SpringCGLIB$$0 - <tcpclient><info> Connection established: 127.0.0.1:18196:51050:6330aa74-be18-4a3c-a357-5967f8c66ee2
2026-05-20 21:05:57.982 WARN  o.c.ApplicationReadyListener - <tcpsvr><info> Message Flow Automation Debug is ENABLED
2026-05-20 21:05:58.005 INFO  o.c.controller.TcpMessageController - <tcpclient><send> LVS1UST1DA690020052026210558????????01???????001
2026-05-20 21:05:58.020 INFO  o.c.CraneClientConnectedListener - <tcpclient><send> DAYSTART message sent to Crane server
2026-05-20 21:05:58.037 INFO  o.c.TcpServerConfig$$SpringCGLIB$$0 - <tcpserver><recv> LVS1UST1DA690020052026210558????????01???????001
2026-05-20 21:05:58.094 WARN  o.c.m.IncomingMessageProcessor - MessageProcessor::handleError->StatusCode.STATUSUNKNOWN
2026-05-20 21:05:58.100 INFO  o.c.m.IncomingMessageProcessor - SENDER LVS1 | RECEIVER UST1 | MESSAGETYPE DAYSTART | ORDINAL 69 | ERRORCODE OK | SOURCE 20052026 | TARGET 210558 | REPORTPOINT RPUNKNOWN | LETYPE LEUNKNOWN | STATUSCODE AUTOMATIONENABLED | USERDATA null | RAWMESSAGE LVS1UST1DA690020052026210558????????01???????001
2026-05-20 21:05:58.284 INFO  o.code_studio.ComPortSchedulerTask - <tcpserver><info> Barcode communication enabled. COM port open: COM3
2026-05-20 21:06:01.125 INFO  o.c.controller.TcpMessageController - <tcpclient><send> UST1LVS111700020052026210558????????01???????001
2026-05-20 21:06:01.132 INFO  o.c.TcpClientConfig$$SpringCGLIB$$0 - <tcpclient><recv> LVS1UST1DA690020052026210558????????01???????001
2026-05-20 21:06:01.135 INFO  o.c.TcpServerConfig$$SpringCGLIB$$0 - <tcpserver><recv> UST1LVS111700020052026210558????????01???????001
2026-05-20 21:06:01.136 WARN  o.c.m.IncomingMessageProcessor - MessageProcessor::handleError->StatusCode.STATUSUNKNOWN
2026-05-20 21:06:01.137 INFO  o.c.m.IncomingMessageProcessor - SENDER UST1 | RECEIVER LVS1 | MESSAGETYPE DAYSTART | ORDINAL 70 | ERRORCODE OK | SOURCE 20052026 | TARGET 210601 | REPORTPOINT RPUNKNOWN | LETYPE LEUNKNOWN | STATUSCODE AUTOMATIONENABLED | USERDATA null | RAWMESSAGE UST1LVS111700020052026210558????????01???????001
2026-05-20 21:06:01.138 INFO  o.c.TcpClientConfig$$SpringCGLIB$$0 - <tcpclient><recv> LVS1UST1AA700020052026210558????????01???????001
2026-05-20 21:09:42.533 INFO  o.c.ApplicationCloseListener - <tcpserver><info> ApplicationContextClosedEvent detected
2026-05-20 21:09:42.558 INFO  org.code_studio.BarcodeConfig - <tcpserver><info> Barcode communication - COM port closed: COM3
2026-05-20 21:09:42.559 INFO  o.c.ApplicationCloseListener - <tcpserver><info> Waiting for 3000 msec to receive DAYEND confirmation from CRANE, and then close the TCP connection.
2026-05-20 21:09:45.654 INFO  o.c.TcpServerConfig$$SpringCGLIB$$0 - <tcpclient><info> Connection closed: 127.0.0.1:18196:51050:6330aa74-be18-4a3c-a357-5967f8c66ee2
2026-05-20 21:09:45.674 INFO  o.c.TcpServerConfig$$SpringCGLIB$$0 - <tcpserver><info> Connection closed: 127.0.0.1:51050:18196:3d3ebb0c-7c06-48f3-99c8-672f38ab6088
2026-05-20 21:13:16.683 INFO  o.code_studio.ComPortSchedulerTask - <tcpserver><info> Trying to open COM port for Barcode communication
2026-05-20 21:13:16.915 INFO  o.c.WebSocketServerConfig$$SpringCGLIB$$0 - <wsserver><info> Created WS channel: /app/topic
2026-05-20 21:13:17.206 INFO  o.c.TcpServerConfig$$SpringCGLIB$$0 - <tcpserver><info> TCP server started on port: 18196
2026-05-20 21:13:17.219 INFO  o.c.TcpClientConfig$$SpringCGLIB$$0 - <tcpclient><info> TCP client has been created for server: localhost:18196
2026-05-20 21:13:17.362 INFO  o.c.WebSocketServerConfig$$SpringCGLIB$$0 - <wsserver><info> Created WS server on endpoint: /ws
2026-05-20 21:13:18.699 INFO  o.code_studio.ComPortSchedulerTask - <tcpserver><info> Barcode communication enabled. COM port open: COM3
2026-05-20 21:13:18.867 INFO  o.c.TcpServerConfig$$SpringCGLIB$$0 - <tcpserver><info> Connection established: 127.0.0.1:51178:18196:12613fe1-30d5-4a32-9b7e-cf1b1bf990e9
2026-05-20 21:13:18.867 INFO  o.c.TcpServerConfig$$SpringCGLIB$$0 - <tcpclient><info> Connection established: 127.0.0.1:18196:51178:c017c2d0-4901-4a13-806e-dbd5ac6987b1
2026-05-20 21:13:18.868 INFO  o.c.CraneClientConnectedListener - <tcpsvr><info> CraneClientConnectedEvent detected
2026-05-20 21:13:18.930 WARN  o.c.ApplicationReadyListener - <tcpsvr><info> Message Flow Automation Debug is ENABLED
2026-05-20 21:13:18.942 INFO  o.c.controller.TcpMessageController - <tcpclient><send> LVS1UST1DA710020052026211318????????01???????001
2026-05-20 21:13:18.958 INFO  o.c.CraneClientConnectedListener - <tcpclient><send> DAYSTART message sent to Crane server
2026-05-20 21:13:18.982 INFO  o.c.TcpServerConfig$$SpringCGLIB$$0 - <tcpserver><recv> LVS1UST1DA710020052026211318????????01???????001
2026-05-20 21:13:19.011 WARN  o.c.m.IncomingMessageProcessor - MessageProcessor::handleError->StatusCode.STATUSUNKNOWN
2026-05-20 21:13:19.016 INFO  o.c.m.IncomingMessageProcessor - SENDER LVS1 | RECEIVER UST1 | MESSAGETYPE DAYSTART | ORDINAL 71 | ERRORCODE OK | SOURCE 20052026 | TARGET 211319 | REPORTPOINT RPUNKNOWN | LETYPE LEUNKNOWN | STATUSCODE AUTOMATIONENABLED | USERDATA null | RAWMESSAGE LVS1UST1DA710020052026211318????????01???????001
2026-05-20 21:13:22.052 INFO  o.c.controller.TcpMessageController - <tcpclient><send> UST1LVS111720020052026211319????????01???????001
2026-05-20 21:13:22.055 INFO  o.c.TcpClientConfig$$SpringCGLIB$$0 - <tcpclient><recv> LVS1UST1DA710020052026211318????????01???????001
2026-05-20 21:13:22.055 INFO  o.c.TcpServerConfig$$SpringCGLIB$$0 - <tcpserver><recv> UST1LVS111720020052026211319????????01???????001
2026-05-20 21:13:22.056 WARN  o.c.m.IncomingMessageProcessor - MessageProcessor::handleError->StatusCode.STATUSUNKNOWN
2026-05-20 21:13:22.056 INFO  o.c.m.IncomingMessageProcessor - SENDER UST1 | RECEIVER LVS1 | MESSAGETYPE DAYSTART | ORDINAL 72 | ERRORCODE OK | SOURCE 20052026 | TARGET 211322 | REPORTPOINT RPUNKNOWN | LETYPE LEUNKNOWN | STATUSCODE AUTOMATIONENABLED | USERDATA null | RAWMESSAGE UST1LVS111720020052026211319????????01???????001
2026-05-20 21:13:22.058 INFO  o.c.TcpClientConfig$$SpringCGLIB$$0 - <tcpclient><recv> LVS1UST1AA720020052026211319????????01???????001
2026-05-20 21:15:59.930 INFO  o.c.ApplicationCloseListener - <tcpserver><info> ApplicationContextClosedEvent detected
2026-05-20 21:16:00.030 INFO  org.code_studio.BarcodeConfig - <tcpserver><info> Barcode communication - COM port closed: COM3
2026-05-20 21:16:00.032 INFO  o.c.ApplicationCloseListener - <tcpserver><info> Waiting for 3000 msec to receive DAYEND confirmation from CRANE, and then close the TCP connection.
2026-05-20 21:16:03.081 INFO  o.c.TcpServerConfig$$SpringCGLIB$$0 - <tcpclient><info> Connection closed: 127.0.0.1:18196:51178:c017c2d0-4901-4a13-806e-dbd5ac6987b1
2026-05-20 21:16:03.092 INFO  o.c.TcpServerConfig$$SpringCGLIB$$0 - <tcpserver><info> Connection closed: 127.0.0.1:51178:18196:12613fe1-30d5-4a32-9b7e-cf1b1bf990e9
2026-05-20 21:16:24.376 INFO  o.code_studio.ComPortSchedulerTask - <tcpserver><info> Trying to open COM port for Barcode communication
2026-05-20 21:16:24.627 INFO  o.c.WebSocketServerConfig$$SpringCGLIB$$0 - <wsserver><info> Created WS channel: /app/topic
2026-05-20 21:16:24.898 INFO  o.c.TcpServerConfig$$SpringCGLIB$$0 - <tcpserver><info> TCP server started on port: 18196
2026-05-20 21:16:24.909 INFO  o.c.TcpClientConfig$$SpringCGLIB$$0 - <tcpclient><info> TCP client has been created for server: localhost:18196
2026-05-20 21:16:25.085 INFO  o.c.WebSocketServerConfig$$SpringCGLIB$$0 - <wsserver><info> Created WS server on endpoint: /ws
2026-05-20 21:16:27.741 INFO  o.c.TcpServerConfig$$SpringCGLIB$$0 - <tcpclient><info> Connection established: 127.0.0.1:18196:51290:769f23ee-99d6-4957-8e13-b6845620d9d8
2026-05-20 21:16:27.741 INFO  o.c.TcpServerConfig$$SpringCGLIB$$0 - <tcpserver><info> Connection established: 127.0.0.1:51290:18196:f4a40a57-e680-4d71-a7f3-6d6432397600
2026-05-20 21:16:27.744 INFO  o.c.CraneClientConnectedListener - <tcpsvr><info> CraneClientConnectedEvent detected
2026-05-20 21:16:27.804 WARN  o.c.ApplicationReadyListener - <tcpsvr><info> Message Flow Automation Debug is ENABLED
2026-05-20 21:16:27.809 INFO  o.c.controller.TcpMessageController - <tcpclient><send> LVS1UST1DA730020052026211627????????01???????001
2026-05-20 21:16:27.824 INFO  o.c.CraneClientConnectedListener - <tcpclient><send> DAYSTART message sent to Crane server
2026-05-20 21:16:27.857 INFO  o.c.TcpServerConfig$$SpringCGLIB$$0 - <tcpserver><recv> LVS1UST1DA730020052026211627????????01???????001
2026-05-20 21:16:27.928 WARN  o.c.m.IncomingMessageProcessor - MessageProcessor::handleError->StatusCode.STATUSUNKNOWN
2026-05-20 21:16:27.933 INFO  o.c.m.IncomingMessageProcessor - SENDER LVS1 | RECEIVER UST1 | MESSAGETYPE DAYSTART | ORDINAL 73 | ERRORCODE OK | SOURCE 20052026 | TARGET 211627 | REPORTPOINT RPUNKNOWN | LETYPE LEUNKNOWN | STATUSCODE AUTOMATIONENABLED | USERDATA null | RAWMESSAGE LVS1UST1DA730020052026211627????????01???????001
2026-05-20 21:16:28.033 INFO  o.code_studio.ComPortSchedulerTask - <tcpserver><info> Barcode communication enabled. COM port open: COM3
2026-05-20 21:16:30.961 INFO  o.c.controller.TcpMessageController - <tcpclient><send> UST1LVS111740020052026211627????????01???????001
2026-05-20 21:16:30.964 INFO  o.c.TcpClientConfig$$SpringCGLIB$$0 - <tcpclient><recv> LVS1UST1DA730020052026211627????????01???????001
2026-05-20 21:16:30.965 INFO  o.c.TcpServerConfig$$SpringCGLIB$$0 - <tcpserver><recv> UST1LVS111740020052026211627????????01???????001
2026-05-20 21:16:30.966 WARN  o.c.m.IncomingMessageProcessor - MessageProcessor::handleError->StatusCode.STATUSUNKNOWN
2026-05-20 21:16:30.967 INFO  o.c.m.IncomingMessageProcessor - SENDER UST1 | RECEIVER LVS1 | MESSAGETYPE DAYSTART | ORDINAL 74 | ERRORCODE OK | SOURCE 20052026 | TARGET 211630 | REPORTPOINT RPUNKNOWN | LETYPE LEUNKNOWN | STATUSCODE AUTOMATIONENABLED | USERDATA null | RAWMESSAGE UST1LVS111740020052026211627????????01???????001
2026-05-20 21:16:30.968 INFO  o.c.TcpClientConfig$$SpringCGLIB$$0 - <tcpclient><recv> LVS1UST1AA740020052026211627????????01???????001
2026-05-20 21:39:02.692 INFO  o.c.ApplicationCloseListener - <tcpserver><info> ApplicationContextClosedEvent detected
2026-05-20 21:39:02.734 INFO  org.code_studio.BarcodeConfig - <tcpserver><info> Barcode communication - COM port closed: COM3
2026-05-20 21:39:02.738 INFO  o.c.ApplicationCloseListener - <tcpserver><info> Waiting for 3000 msec to receive DAYEND confirmation from CRANE, and then close the TCP connection.
2026-05-20 21:39:06.007 INFO  o.c.TcpServerConfig$$SpringCGLIB$$0 - <tcpclient><info> Connection closed: 127.0.0.1:18196:51290:769f23ee-99d6-4957-8e13-b6845620d9d8
2026-05-20 21:39:06.038 INFO  o.c.TcpServerConfig$$SpringCGLIB$$0 - <tcpserver><info> Connection closed: 127.0.0.1:51290:18196:f4a40a57-e680-4d71-a7f3-6d6432397600
2026-05-20 21:39:20.007 INFO  o.code_studio.ComPortSchedulerTask - <tcpserver><info> Trying to open COM port for Barcode communication
2026-05-20 21:39:20.165 INFO  o.c.WebSocketServerConfig$$SpringCGLIB$$0 - <wsserver><info> Created WS channel: /app/topic
2026-05-20 21:39:20.426 INFO  o.c.TcpServerConfig$$SpringCGLIB$$0 - <tcpserver><info> TCP server started on port: 18196
2026-05-20 21:39:20.437 INFO  o.c.TcpClientConfig$$SpringCGLIB$$0 - <tcpclient><info> TCP client has been created for server: localhost:18196
2026-05-20 21:39:20.583 INFO  o.c.WebSocketServerConfig$$SpringCGLIB$$0 - <wsserver><info> Created WS server on endpoint: /ws
2026-05-20 21:39:21.449 INFO  o.code_studio.ComPortSchedulerTask - <tcpserver><info> Barcode communication enabled. COM port open: COM3
2026-05-20 21:39:22.078 INFO  o.c.TcpServerConfig$$SpringCGLIB$$0 - <tcpclient><info> Connection established: 127.0.0.1:18196:51687:5564b25d-e363-4dd6-9c9a-4955ba7f2141
2026-05-20 21:39:22.077 INFO  o.c.TcpServerConfig$$SpringCGLIB$$0 - <tcpserver><info> Connection established: 127.0.0.1:51687:18196:54e38e4d-6ad2-412d-9b8b-32ea4fd8b720
2026-05-20 21:39:22.083 INFO  o.c.CraneClientConnectedListener - <tcpsvr><info> CraneClientConnectedEvent detected
2026-05-20 21:39:22.143 WARN  o.c.ApplicationReadyListener - <tcpsvr><info> Message Flow Automation Debug is ENABLED
2026-05-20 21:39:22.186 INFO  o.c.controller.TcpMessageController - <tcpclient><send> LVS1UST1DA750020052026213922????????01???????001
2026-05-20 21:39:22.204 INFO  o.c.CraneClientConnectedListener - <tcpclient><send> DAYSTART message sent to Crane server
2026-05-20 21:39:22.235 INFO  o.c.TcpServerConfig$$SpringCGLIB$$0 - <tcpserver><recv> LVS1UST1DA750020052026213922????????01???????001
2026-05-20 21:39:22.259 WARN  o.c.m.IncomingMessageProcessor - MessageProcessor::handleError->StatusCode.STATUSUNKNOWN
2026-05-20 21:39:22.263 INFO  o.c.m.IncomingMessageProcessor - SENDER LVS1 | RECEIVER UST1 | MESSAGETYPE DAYSTART | ORDINAL 75 | ERRORCODE OK | SOURCE 20052026 | TARGET 213922 | REPORTPOINT RPUNKNOWN | LETYPE LEUNKNOWN | STATUSCODE AUTOMATIONENABLED | USERDATA null | RAWMESSAGE LVS1UST1DA750020052026213922????????01???????001
2026-05-20 21:39:25.286 INFO  o.c.controller.TcpMessageController - <tcpclient><send> UST1LVS111760020052026213922????????01???????001
2026-05-20 21:39:25.290 INFO  o.c.TcpClientConfig$$SpringCGLIB$$0 - <tcpclient><recv> LVS1UST1DA750020052026213922????????01???????001
2026-05-20 21:39:25.290 INFO  o.c.TcpServerConfig$$SpringCGLIB$$0 - <tcpserver><recv> UST1LVS111760020052026213922????????01???????001
2026-05-20 21:39:25.291 WARN  o.c.m.IncomingMessageProcessor - MessageProcessor::handleError->StatusCode.STATUSUNKNOWN
2026-05-20 21:39:25.292 INFO  o.c.m.IncomingMessageProcessor - SENDER UST1 | RECEIVER LVS1 | MESSAGETYPE DAYSTART | ORDINAL 76 | ERRORCODE OK | SOURCE 20052026 | TARGET 213925 | REPORTPOINT RPUNKNOWN | LETYPE LEUNKNOWN | STATUSCODE AUTOMATIONENABLED | USERDATA null | RAWMESSAGE UST1LVS111760020052026213922????????01???????001
2026-05-20 21:39:25.294 INFO  o.c.TcpClientConfig$$SpringCGLIB$$0 - <tcpclient><recv> LVS1UST1AA760020052026213922????????01???????001
2026-05-20 21:50:24.765 INFO  o.c.ApplicationCloseListener - <tcpserver><info> ApplicationContextClosedEvent detected
2026-05-20 21:50:24.804 INFO  org.code_studio.BarcodeConfig - <tcpserver><info> Barcode communication - COM port closed: COM3
2026-05-20 21:50:24.807 INFO  o.c.ApplicationCloseListener - <tcpserver><info> Waiting for 3000 msec to receive DAYEND confirmation from CRANE, and then close the TCP connection.
2026-05-20 21:50:27.938 INFO  o.c.TcpServerConfig$$SpringCGLIB$$0 - <tcpclient><info> Connection closed: 127.0.0.1:18196:51687:5564b25d-e363-4dd6-9c9a-4955ba7f2141
2026-05-20 21:50:28.039 INFO  o.c.TcpServerConfig$$SpringCGLIB$$0 - <tcpserver><info> Connection closed: 127.0.0.1:51687:18196:54e38e4d-6ad2-412d-9b8b-32ea4fd8b720
2026-05-20 21:50:43.240 INFO  o.code_studio.ComPortSchedulerTask - <tcpserver><info> Trying to open COM port for Barcode communication
2026-05-20 21:50:43.428 INFO  o.c.WebSocketServerConfig$$SpringCGLIB$$0 - <wsserver><info> Created WS channel: /app/topic
2026-05-20 21:50:43.661 INFO  o.c.TcpServerConfig$$SpringCGLIB$$0 - <tcpserver><info> TCP server started on port: 18196
2026-05-20 21:50:43.671 INFO  o.c.TcpClientConfig$$SpringCGLIB$$0 - <tcpclient><info> TCP client has been created for server: localhost:18196
2026-05-20 21:50:43.792 INFO  o.c.WebSocketServerConfig$$SpringCGLIB$$0 - <wsserver><info> Created WS server on endpoint: /ws
2026-05-20 21:50:44.973 INFO  o.code_studio.ComPortSchedulerTask - <tcpserver><info> Barcode communication enabled. COM port open: COM3
2026-05-20 21:50:46.662 INFO  o.c.TcpServerConfig$$SpringCGLIB$$0 - <tcpclient><info> Connection established: 127.0.0.1:18196:51843:1232639f-c08b-48b9-911b-46f54652e061
2026-05-20 21:50:46.663 INFO  o.c.TcpServerConfig$$SpringCGLIB$$0 - <tcpserver><info> Connection established: 127.0.0.1:51843:18196:33f52cb7-b20e-4e9f-bce7-d9ffa6827a3e
2026-05-20 21:50:46.667 INFO  o.c.CraneClientConnectedListener - <tcpsvr><info> CraneClientConnectedEvent detected
2026-05-20 21:50:46.826 WARN  o.c.ApplicationReadyListener - <tcpsvr><info> Message Flow Automation Debug is ENABLED
2026-05-20 21:50:47.212 INFO  o.c.controller.TcpMessageController - <tcpclient><send> LVS1UST1DA770020052026215047????????01???????001
2026-05-20 21:50:47.241 INFO  o.c.CraneClientConnectedListener - <tcpclient><send> DAYSTART message sent to Crane server
2026-05-20 21:50:47.295 INFO  o.c.TcpServerConfig$$SpringCGLIB$$0 - <tcpserver><recv> LVS1UST1DA770020052026215047????????01???????001
2026-05-20 21:50:47.370 WARN  o.c.m.IncomingMessageProcessor - MessageProcessor::handleError->StatusCode.STATUSUNKNOWN
2026-05-20 21:50:47.378 INFO  o.c.m.IncomingMessageProcessor - SENDER LVS1 | RECEIVER UST1 | MESSAGETYPE DAYSTART | ORDINAL 77 | ERRORCODE OK | SOURCE 20052026 | TARGET 215047 | REPORTPOINT RPUNKNOWN | LETYPE LEUNKNOWN | STATUSCODE AUTOMATIONENABLED | USERDATA null | RAWMESSAGE LVS1UST1DA770020052026215047????????01???????001
2026-05-20 21:50:50.411 INFO  o.c.controller.TcpMessageController - <tcpclient><send> UST1LVS111780020052026215047????????01???????001
2026-05-20 21:50:50.414 INFO  o.c.TcpClientConfig$$SpringCGLIB$$0 - <tcpclient><recv> LVS1UST1DA770020052026215047????????01???????001
2026-05-20 21:50:50.416 INFO  o.c.TcpServerConfig$$SpringCGLIB$$0 - <tcpserver><recv> UST1LVS111780020052026215047????????01???????001
2026-05-20 21:50:50.417 WARN  o.c.m.IncomingMessageProcessor - MessageProcessor::handleError->StatusCode.STATUSUNKNOWN
2026-05-20 21:50:50.418 INFO  o.c.m.IncomingMessageProcessor - SENDER UST1 | RECEIVER LVS1 | MESSAGETYPE DAYSTART | ORDINAL 78 | ERRORCODE OK | SOURCE 20052026 | TARGET 215050 | REPORTPOINT RPUNKNOWN | LETYPE LEUNKNOWN | STATUSCODE AUTOMATIONENABLED | USERDATA null | RAWMESSAGE UST1LVS111780020052026215047????????01???????001
2026-05-20 21:50:50.419 INFO  o.c.TcpClientConfig$$SpringCGLIB$$0 - <tcpclient><recv> LVS1UST1AA780020052026215047????????01???????001
2026-05-20 21:52:58.224 INFO  o.c.ApplicationCloseListener - <tcpserver><info> ApplicationContextClosedEvent detected
2026-05-20 21:52:58.226 INFO  org.code_studio.BarcodeConfig - <tcpserver><info> Barcode communication - COM port closed: COM3
2026-05-20 21:52:58.226 INFO  o.c.ApplicationCloseListener - <tcpserver><info> Waiting for 3000 msec to receive DAYEND confirmation from CRANE, and then close the TCP connection.
2026-05-20 21:53:01.235 INFO  o.c.TcpServerConfig$$SpringCGLIB$$0 - <tcpclient><info> Connection closed: 127.0.0.1:18196:51843:1232639f-c08b-48b9-911b-46f54652e061
2026-05-20 21:53:01.239 INFO  o.c.TcpServerConfig$$SpringCGLIB$$0 - <tcpserver><info> Connection closed: 127.0.0.1:51843:18196:33f52cb7-b20e-4e9f-bce7-d9ffa6827a3e
2026-05-20 21:53:26.775 INFO  o.code_studio.ComPortSchedulerTask - <tcpserver><info> Trying to open COM port for Barcode communication
2026-05-20 21:53:26.942 INFO  o.c.WebSocketServerConfig$$SpringCGLIB$$0 - <wsserver><info> Created WS channel: /app/topic
2026-05-20 21:53:27.155 INFO  o.c.TcpServerConfig$$SpringCGLIB$$0 - <tcpserver><info> TCP server started on port: 18196
2026-05-20 21:53:27.164 INFO  o.c.TcpClientConfig$$SpringCGLIB$$0 - <tcpclient><info> TCP client has been created for server: localhost:18196
2026-05-20 21:53:27.259 INFO  o.c.WebSocketServerConfig$$SpringCGLIB$$0 - <wsserver><info> Created WS server on endpoint: /ws
2026-05-20 21:53:27.568 INFO  o.code_studio.ComPortSchedulerTask - <tcpserver><info> Barcode communication enabled. COM port open: COM3
2026-05-20 21:53:28.487 INFO  o.c.TcpServerConfig$$SpringCGLIB$$0 - <tcpserver><info> Connection established: 127.0.0.1:51894:18196:6708a081-4868-43ce-ada5-b26465a12571
2026-05-20 21:53:28.491 INFO  o.c.CraneClientConnectedListener - <tcpsvr><info> CraneClientConnectedEvent detected
2026-05-20 21:53:28.494 INFO  o.c.TcpServerConfig$$SpringCGLIB$$0 - <tcpclient><info> Connection established: 127.0.0.1:18196:51894:5f405ee5-b41f-4665-bf3b-43791ba4d665
2026-05-20 21:53:28.546 INFO  o.c.controller.TcpMessageController - <tcpclient><send> LVS1UST1DA790020052026215328????????01???????001
2026-05-20 21:53:28.561 INFO  o.c.CraneClientConnectedListener - <tcpclient><send> DAYSTART message sent to Crane server
2026-05-20 21:53:28.571 WARN  o.c.ApplicationReadyListener - <tcpsvr><info> Message Flow Automation Debug is ENABLED
2026-05-20 21:53:28.583 INFO  o.c.TcpServerConfig$$SpringCGLIB$$0 - <tcpserver><recv> LVS1UST1DA790020052026215328????????01???????001
2026-05-20 21:53:28.604 WARN  o.c.m.IncomingMessageProcessor - MessageProcessor::handleError->StatusCode.STATUSUNKNOWN
2026-05-20 21:53:28.610 INFO  o.c.m.IncomingMessageProcessor - SENDER LVS1 | RECEIVER UST1 | MESSAGETYPE DAYSTART | ORDINAL 79 | ERRORCODE OK | SOURCE 20052026 | TARGET 215328 | REPORTPOINT RPUNKNOWN | LETYPE LEUNKNOWN | STATUSCODE AUTOMATIONENABLED | USERDATA null | RAWMESSAGE LVS1UST1DA790020052026215328????????01???????001
2026-05-20 21:53:31.633 INFO  o.c.controller.TcpMessageController - <tcpclient><send> UST1LVS111800020052026215328????????01???????001
2026-05-20 21:53:31.638 INFO  o.c.TcpClientConfig$$SpringCGLIB$$0 - <tcpclient><recv> LVS1UST1DA790020052026215328????????01???????001
2026-05-20 21:53:31.640 INFO  o.c.TcpServerConfig$$SpringCGLIB$$0 - <tcpserver><recv> UST1LVS111800020052026215328????????01???????001
2026-05-20 21:53:31.643 WARN  o.c.m.IncomingMessageProcessor - MessageProcessor::handleError->StatusCode.STATUSUNKNOWN
2026-05-20 21:53:31.644 INFO  o.c.m.IncomingMessageProcessor - SENDER UST1 | RECEIVER LVS1 | MESSAGETYPE DAYSTART | ORDINAL 80 | ERRORCODE OK | SOURCE 20052026 | TARGET 215331 | REPORTPOINT RPUNKNOWN | LETYPE LEUNKNOWN | STATUSCODE AUTOMATIONENABLED | USERDATA null | RAWMESSAGE UST1LVS111800020052026215328????????01???????001
2026-05-20 21:53:31.646 INFO  o.c.TcpClientConfig$$SpringCGLIB$$0 - <tcpclient><recv> LVS1UST1AA800020052026215328????????01???????001
2026-05-20 21:55:58.920 INFO  o.c.ApplicationCloseListener - <tcpserver><info> ApplicationContextClosedEvent detected
2026-05-20 21:55:58.930 INFO  org.code_studio.BarcodeConfig - <tcpserver><info> Barcode communication - COM port closed: COM3
2026-05-20 21:55:58.931 INFO  o.c.ApplicationCloseListener - <tcpserver><info> Waiting for 3000 msec to receive DAYEND confirmation from CRANE, and then close the TCP connection.
2026-05-20 21:56:02.209 INFO  o.c.TcpServerConfig$$SpringCGLIB$$0 - <tcpclient><info> Connection closed: 127.0.0.1:18196:51894:5f405ee5-b41f-4665-bf3b-43791ba4d665
2026-05-20 21:56:02.225 INFO  o.c.TcpServerConfig$$SpringCGLIB$$0 - <tcpserver><info> Connection closed: 127.0.0.1:51894:18196:6708a081-4868-43ce-ada5-b26465a12571
2026-05-20 21:56:14.397 INFO  o.code_studio.ComPortSchedulerTask - <tcpserver><info> Trying to open COM port for Barcode communication
2026-05-20 21:56:14.564 INFO  o.c.WebSocketServerConfig$$SpringCGLIB$$0 - <wsserver><info> Created WS channel: /app/topic
2026-05-20 21:56:14.757 INFO  o.c.TcpServerConfig$$SpringCGLIB$$0 - <tcpserver><info> TCP server started on port: 18196
2026-05-20 21:56:14.765 INFO  o.c.TcpClientConfig$$SpringCGLIB$$0 - <tcpclient><info> TCP client has been created for server: localhost:18196
2026-05-20 21:56:14.880 INFO  o.c.WebSocketServerConfig$$SpringCGLIB$$0 - <wsserver><info> Created WS server on endpoint: /ws
2026-05-20 21:56:15.345 INFO  o.code_studio.ComPortSchedulerTask - <tcpserver><info> Barcode communication enabled. COM port open: COM3
2026-05-20 21:56:16.361 INFO  o.c.TcpServerConfig$$SpringCGLIB$$0 - <tcpserver><info> Connection established: 127.0.0.1:51992:18196:3dced00d-608d-407b-8306-1df3dad526d7
2026-05-20 21:56:16.364 INFO  o.c.TcpServerConfig$$SpringCGLIB$$0 - <tcpclient><info> Connection established: 127.0.0.1:18196:51992:2f28517e-944c-4172-8ab8-57b9179f4d1b
2026-05-20 21:56:16.366 INFO  o.c.CraneClientConnectedListener - <tcpsvr><info> CraneClientConnectedEvent detected
2026-05-20 21:56:16.391 WARN  o.c.ApplicationReadyListener - <tcpsvr><info> Message Flow Automation Debug is ENABLED
2026-05-20 21:56:16.480 INFO  o.c.controller.TcpMessageController - <tcpclient><send> LVS1UST1DA810020052026215616????????01???????001
2026-05-20 21:56:16.499 INFO  o.c.CraneClientConnectedListener - <tcpclient><send> DAYSTART message sent to Crane server
2026-05-20 21:56:16.523 INFO  o.c.TcpServerConfig$$SpringCGLIB$$0 - <tcpserver><recv> LVS1UST1DA810020052026215616????????01???????001
2026-05-20 21:56:16.554 WARN  o.c.m.IncomingMessageProcessor - MessageProcessor::handleError->StatusCode.STATUSUNKNOWN
2026-05-20 21:56:16.562 INFO  o.c.m.IncomingMessageProcessor - SENDER LVS1 | RECEIVER UST1 | MESSAGETYPE DAYSTART | ORDINAL 81 | ERRORCODE OK | SOURCE 20052026 | TARGET 215616 | REPORTPOINT RPUNKNOWN | LETYPE LEUNKNOWN | STATUSCODE AUTOMATIONENABLED | USERDATA null | RAWMESSAGE LVS1UST1DA810020052026215616????????01???????001
2026-05-20 21:56:19.584 INFO  o.c.controller.TcpMessageController - <tcpclient><send> UST1LVS111820020052026215616????????01???????001
2026-05-20 21:56:19.587 INFO  o.c.TcpClientConfig$$SpringCGLIB$$0 - <tcpclient><recv> LVS1UST1DA810020052026215616????????01???????001
2026-05-20 21:56:19.588 INFO  o.c.TcpServerConfig$$SpringCGLIB$$0 - <tcpserver><recv> UST1LVS111820020052026215616????????01???????001
2026-05-20 21:56:19.589 WARN  o.c.m.IncomingMessageProcessor - MessageProcessor::handleError->StatusCode.STATUSUNKNOWN
2026-05-20 21:56:19.590 INFO  o.c.m.IncomingMessageProcessor - SENDER UST1 | RECEIVER LVS1 | MESSAGETYPE DAYSTART | ORDINAL 82 | ERRORCODE OK | SOURCE 20052026 | TARGET 215619 | REPORTPOINT RPUNKNOWN | LETYPE LEUNKNOWN | STATUSCODE AUTOMATIONENABLED | USERDATA null | RAWMESSAGE UST1LVS111820020052026215616????????01???????001
2026-05-20 21:56:19.591 INFO  o.c.TcpClientConfig$$SpringCGLIB$$0 - <tcpclient><recv> LVS1UST1AA820020052026215616????????01???????001
2026-05-20 22:03:22.628 INFO  o.c.ApplicationCloseListener - <tcpserver><info> ApplicationContextClosedEvent detected
2026-05-20 22:03:22.884 INFO  org.code_studio.BarcodeConfig - <tcpserver><info> Barcode communication - COM port closed: COM3
2026-05-20 22:03:22.886 INFO  o.c.ApplicationCloseListener - <tcpserver><info> Waiting for 3000 msec to receive DAYEND confirmation from CRANE, and then close the TCP connection.
2026-05-20 22:03:26.525 INFO  o.c.TcpServerConfig$$SpringCGLIB$$0 - <tcpclient><info> Connection closed: 127.0.0.1:18196:51992:2f28517e-944c-4172-8ab8-57b9179f4d1b
2026-05-20 22:03:26.555 INFO  o.c.TcpServerConfig$$SpringCGLIB$$0 - <tcpserver><info> Connection closed: 127.0.0.1:51992:18196:3dced00d-608d-407b-8306-1df3dad526d7
2026-05-20 22:03:59.497 INFO  o.code_studio.ComPortSchedulerTask - <tcpserver><info> Trying to open COM port for Barcode communication
2026-05-20 22:03:59.773 INFO  o.c.WebSocketServerConfig$$SpringCGLIB$$0 - <wsserver><info> Created WS channel: /app/topic
2026-05-20 22:04:00.406 INFO  o.c.TcpServerConfig$$SpringCGLIB$$0 - <tcpserver><info> TCP server started on port: 18196
2026-05-20 22:04:00.419 INFO  o.c.TcpClientConfig$$SpringCGLIB$$0 - <tcpclient><info> TCP client has been created for server: localhost:18196
2026-05-20 22:04:00.913 INFO  o.c.WebSocketServerConfig$$SpringCGLIB$$0 - <wsserver><info> Created WS server on endpoint: /ws
2026-05-20 22:04:01.190 INFO  o.code_studio.ComPortSchedulerTask - <tcpserver><info> Barcode communication enabled. COM port open: COM3
2026-05-20 22:04:04.954 INFO  o.c.TcpServerConfig$$SpringCGLIB$$0 - <tcpserver><info> Connection established: 127.0.0.1:52168:18196:aa2f3cd4-7de4-42bb-a47d-37192047b114
2026-05-20 22:04:04.955 INFO  o.c.TcpServerConfig$$SpringCGLIB$$0 - <tcpclient><info> Connection established: 127.0.0.1:18196:52168:bec917c1-d6ff-4657-8340-d9ae5be81a31
2026-05-20 22:04:04.956 INFO  o.c.CraneClientConnectedListener - <tcpsvr><info> CraneClientConnectedEvent detected
2026-05-20 22:04:04.964 WARN  o.c.ApplicationReadyListener - <tcpsvr><info> Message Flow Automation Debug is ENABLED
2026-05-20 22:04:05.067 INFO  o.c.controller.TcpMessageController - <tcpclient><send> LVS1UST1DA830020052026220405????????01???????001
2026-05-20 22:04:05.082 INFO  o.c.CraneClientConnectedListener - <tcpclient><send> DAYSTART message sent to Crane server
2026-05-20 22:04:05.121 INFO  o.c.TcpServerConfig$$SpringCGLIB$$0 - <tcpserver><recv> LVS1UST1DA830020052026220405????????01???????001
2026-05-20 22:04:05.163 WARN  o.c.m.IncomingMessageProcessor - MessageProcessor::handleError->StatusCode.STATUSUNKNOWN
2026-05-20 22:04:05.168 INFO  o.c.m.IncomingMessageProcessor - SENDER LVS1 | RECEIVER UST1 | MESSAGETYPE DAYSTART | ORDINAL 83 | ERRORCODE OK | SOURCE 20052026 | TARGET 220405 | REPORTPOINT RPUNKNOWN | LETYPE LEUNKNOWN | STATUSCODE AUTOMATIONENABLED | USERDATA null | RAWMESSAGE LVS1UST1DA830020052026220405????????01???????001
2026-05-20 22:04:08.224 INFO  o.c.controller.TcpMessageController - <tcpclient><send> UST1LVS111840020052026220405????????01???????001
2026-05-20 22:04:08.228 INFO  o.c.TcpClientConfig$$SpringCGLIB$$0 - <tcpclient><recv> LVS1UST1DA830020052026220405????????01???????001
2026-05-20 22:04:08.229 INFO  o.c.TcpServerConfig$$SpringCGLIB$$0 - <tcpserver><recv> UST1LVS111840020052026220405????????01???????001
2026-05-20 22:04:08.230 WARN  o.c.m.IncomingMessageProcessor - MessageProcessor::handleError->StatusCode.STATUSUNKNOWN
2026-05-20 22:04:08.230 INFO  o.c.m.IncomingMessageProcessor - SENDER UST1 | RECEIVER LVS1 | MESSAGETYPE DAYSTART | ORDINAL 84 | ERRORCODE OK | SOURCE 20052026 | TARGET 220408 | REPORTPOINT RPUNKNOWN | LETYPE LEUNKNOWN | STATUSCODE AUTOMATIONENABLED | USERDATA null | RAWMESSAGE UST1LVS111840020052026220405????????01???????001
2026-05-20 22:04:08.232 INFO  o.c.TcpClientConfig$$SpringCGLIB$$0 - <tcpclient><recv> LVS1UST1AA840020052026220405????????01???????001
2026-05-20 22:05:11.581 INFO  o.c.ApplicationCloseListener - <tcpserver><info> ApplicationContextClosedEvent detected
2026-05-20 22:05:11.603 INFO  org.code_studio.BarcodeConfig - <tcpserver><info> Barcode communication - COM port closed: COM3
2026-05-20 22:05:11.605 INFO  o.c.ApplicationCloseListener - <tcpserver><info> Waiting for 3000 msec to receive DAYEND confirmation from CRANE, and then close the TCP connection.
2026-05-20 22:05:14.627 INFO  o.c.TcpServerConfig$$SpringCGLIB$$0 - <tcpclient><info> Connection closed: 127.0.0.1:18196:52168:bec917c1-d6ff-4657-8340-d9ae5be81a31
2026-05-20 22:05:14.633 INFO  o.c.TcpServerConfig$$SpringCGLIB$$0 - <tcpserver><info> Connection closed: 127.0.0.1:52168:18196:aa2f3cd4-7de4-42bb-a47d-37192047b114
2026-05-20 22:05:29.027 INFO  o.code_studio.ComPortSchedulerTask - <tcpserver><info> Trying to open COM port for Barcode communication
2026-05-20 22:05:29.280 INFO  o.c.WebSocketServerConfig$$SpringCGLIB$$0 - <wsserver><info> Created WS channel: /app/topic
2026-05-20 22:05:29.582 INFO  o.c.TcpServerConfig$$SpringCGLIB$$0 - <tcpserver><info> TCP server started on port: 18196
2026-05-20 22:05:29.596 INFO  o.c.TcpClientConfig$$SpringCGLIB$$0 - <tcpclient><info> TCP client has been created for server: localhost:18196
2026-05-20 22:05:29.743 INFO  o.c.WebSocketServerConfig$$SpringCGLIB$$0 - <wsserver><info> Created WS server on endpoint: /ws
2026-05-20 22:05:31.715 INFO  o.c.TcpServerConfig$$SpringCGLIB$$0 - <tcpserver><info> Connection established: 127.0.0.1:52205:18196:c92e8fd9-fdad-42dd-bcc3-3407b13b73bf
2026-05-20 22:05:31.715 INFO  o.c.TcpServerConfig$$SpringCGLIB$$0 - <tcpclient><info> Connection established: 127.0.0.1:18196:52205:ea167acf-6e1a-4239-9f78-f9330e0858bf
2026-05-20 22:05:31.717 INFO  o.c.CraneClientConnectedListener - <tcpsvr><info> CraneClientConnectedEvent detected
2026-05-20 22:05:31.749 WARN  o.c.ApplicationReadyListener - <tcpsvr><info> Message Flow Automation Debug is ENABLED
2026-05-20 22:05:32.009 INFO  o.c.controller.TcpMessageController - <tcpclient><send> LVS1UST1DA850020052026220532????????01???????001
2026-05-20 22:05:32.057 INFO  o.c.CraneClientConnectedListener - <tcpclient><send> DAYSTART message sent to Crane server
2026-05-20 22:05:32.080 INFO  o.c.TcpServerConfig$$SpringCGLIB$$0 - <tcpserver><recv> LVS1UST1DA850020052026220532????????01???????001
2026-05-20 22:05:32.121 WARN  o.c.m.IncomingMessageProcessor - MessageProcessor::handleError->StatusCode.STATUSUNKNOWN
2026-05-20 22:05:32.124 INFO  o.c.m.IncomingMessageProcessor - SENDER LVS1 | RECEIVER UST1 | MESSAGETYPE DAYSTART | ORDINAL 85 | ERRORCODE OK | SOURCE 20052026 | TARGET 220532 | REPORTPOINT RPUNKNOWN | LETYPE LEUNKNOWN | STATUSCODE AUTOMATIONENABLED | USERDATA null | RAWMESSAGE LVS1UST1DA850020052026220532????????01???????001
2026-05-20 22:05:33.600 INFO  o.code_studio.ComPortSchedulerTask - <tcpserver><info> Barcode communication enabled. COM port open: COM3
2026-05-20 22:05:35.153 INFO  o.c.controller.TcpMessageController - <tcpclient><send> UST1LVS111860020052026220532????????01???????001
2026-05-20 22:05:35.156 INFO  o.c.TcpClientConfig$$SpringCGLIB$$0 - <tcpclient><recv> LVS1UST1DA850020052026220532????????01???????001
2026-05-20 22:05:35.157 INFO  o.c.TcpServerConfig$$SpringCGLIB$$0 - <tcpserver><recv> UST1LVS111860020052026220532????????01???????001
2026-05-20 22:05:35.157 WARN  o.c.m.IncomingMessageProcessor - MessageProcessor::handleError->StatusCode.STATUSUNKNOWN
2026-05-20 22:05:35.158 INFO  o.c.m.IncomingMessageProcessor - SENDER UST1 | RECEIVER LVS1 | MESSAGETYPE DAYSTART | ORDINAL 86 | ERRORCODE OK | SOURCE 20052026 | TARGET 220535 | REPORTPOINT RPUNKNOWN | LETYPE LEUNKNOWN | STATUSCODE AUTOMATIONENABLED | USERDATA null | RAWMESSAGE UST1LVS111860020052026220532????????01???????001
2026-05-20 22:05:35.159 INFO  o.c.TcpClientConfig$$SpringCGLIB$$0 - <tcpclient><recv> LVS1UST1AA860020052026220532????????01???????001
2026-05-20 22:07:07.264 INFO  o.c.ApplicationCloseListener - <tcpserver><info> ApplicationContextClosedEvent detected
2026-05-20 22:07:07.269 INFO  org.code_studio.BarcodeConfig - <tcpserver><info> Barcode communication - COM port closed: COM3
2026-05-20 22:07:07.269 INFO  o.c.ApplicationCloseListener - <tcpserver><info> Waiting for 3000 msec to receive DAYEND confirmation from CRANE, and then close the TCP connection.
2026-05-20 22:07:10.282 INFO  o.c.TcpServerConfig$$SpringCGLIB$$0 - <tcpclient><info> Connection closed: 127.0.0.1:18196:52205:ea167acf-6e1a-4239-9f78-f9330e0858bf
2026-05-20 22:07:10.288 INFO  o.c.TcpServerConfig$$SpringCGLIB$$0 - <tcpserver><info> Connection closed: 127.0.0.1:52205:18196:c92e8fd9-fdad-42dd-bcc3-3407b13b73bf
2026-05-20 22:07:27.996 INFO  o.code_studio.ComPortSchedulerTask - <tcpserver><info> Trying to open COM port for Barcode communication
2026-05-20 22:07:28.198 INFO  o.c.WebSocketServerConfig$$SpringCGLIB$$0 - <wsserver><info> Created WS channel: /app/topic
2026-05-20 22:07:28.443 INFO  o.c.TcpServerConfig$$SpringCGLIB$$0 - <tcpserver><info> TCP server started on port: 18196
2026-05-20 22:07:28.454 INFO  o.c.TcpClientConfig$$SpringCGLIB$$0 - <tcpclient><info> TCP client has been created for server: localhost:18196
2026-05-20 22:07:28.554 INFO  o.code_studio.ComPortSchedulerTask - <tcpserver><info> Barcode communication enabled. COM port open: COM3
2026-05-20 22:07:28.575 INFO  o.c.WebSocketServerConfig$$SpringCGLIB$$0 - <wsserver><info> Created WS server on endpoint: /ws
2026-05-20 22:07:29.994 INFO  o.c.TcpServerConfig$$SpringCGLIB$$0 - <tcpclient><info> Connection established: 127.0.0.1:18196:52247:2cfcf539-f799-4fc7-b78a-35a268b8f071
2026-05-20 22:07:29.997 INFO  o.c.TcpServerConfig$$SpringCGLIB$$0 - <tcpserver><info> Connection established: 127.0.0.1:52247:18196:78b8fda0-90b2-4288-82bf-ae5a0f98e347
2026-05-20 22:07:30.003 INFO  o.c.CraneClientConnectedListener - <tcpsvr><info> CraneClientConnectedEvent detected
2026-05-20 22:07:30.061 WARN  o.c.ApplicationReadyListener - <tcpsvr><info> Message Flow Automation Debug is ENABLED
2026-05-20 22:07:30.117 INFO  o.c.controller.TcpMessageController - <tcpclient><send> LVS1UST1DA870020052026220730????????01???????001
2026-05-20 22:07:30.152 INFO  o.c.CraneClientConnectedListener - <tcpclient><send> DAYSTART message sent to Crane server
2026-05-20 22:07:30.176 INFO  o.c.TcpServerConfig$$SpringCGLIB$$0 - <tcpserver><recv> LVS1UST1DA870020052026220730????????01???????001
2026-05-20 22:07:30.267 WARN  o.c.m.IncomingMessageProcessor - MessageProcessor::handleError->StatusCode.STATUSUNKNOWN
2026-05-20 22:07:30.272 INFO  o.c.m.IncomingMessageProcessor - SENDER LVS1 | RECEIVER UST1 | MESSAGETYPE DAYSTART | ORDINAL 87 | ERRORCODE OK | SOURCE 20052026 | TARGET 220730 | REPORTPOINT RPUNKNOWN | LETYPE LEUNKNOWN | STATUSCODE AUTOMATIONENABLED | USERDATA null | RAWMESSAGE LVS1UST1DA870020052026220730????????01???????001
2026-05-20 22:07:33.297 INFO  o.c.controller.TcpMessageController - <tcpclient><send> UST1LVS111880020052026220730????????01???????001
2026-05-20 22:07:33.304 INFO  o.c.TcpClientConfig$$SpringCGLIB$$0 - <tcpclient><recv> LVS1UST1DA870020052026220730????????01???????001
2026-05-20 22:07:33.306 INFO  o.c.TcpServerConfig$$SpringCGLIB$$0 - <tcpserver><recv> UST1LVS111880020052026220730????????01???????001
2026-05-20 22:07:33.312 WARN  o.c.m.IncomingMessageProcessor - MessageProcessor::handleError->StatusCode.STATUSUNKNOWN
2026-05-20 22:07:33.313 INFO  o.c.m.IncomingMessageProcessor - SENDER UST1 | RECEIVER LVS1 | MESSAGETYPE DAYSTART | ORDINAL 88 | ERRORCODE OK | SOURCE 20052026 | TARGET 220733 | REPORTPOINT RPUNKNOWN | LETYPE LEUNKNOWN | STATUSCODE AUTOMATIONENABLED | USERDATA null | RAWMESSAGE UST1LVS111880020052026220730????????01???????001
2026-05-20 22:07:33.317 INFO  o.c.TcpClientConfig$$SpringCGLIB$$0 - <tcpclient><recv> LVS1UST1AA880020052026220730????????01???????001
2026-05-20 22:09:33.179 INFO  o.c.ApplicationCloseListener - <tcpserver><info> ApplicationContextClosedEvent detected
2026-05-20 22:09:33.182 INFO  org.code_studio.BarcodeConfig - <tcpserver><info> Barcode communication - COM port closed: COM3
2026-05-20 22:09:33.182 INFO  o.c.ApplicationCloseListener - <tcpserver><info> Waiting for 3000 msec to receive DAYEND confirmation from CRANE, and then close the TCP connection.
2026-05-20 22:09:36.197 INFO  o.c.TcpServerConfig$$SpringCGLIB$$0 - <tcpclient><info> Connection closed: 127.0.0.1:18196:52247:2cfcf539-f799-4fc7-b78a-35a268b8f071
2026-05-20 22:09:36.204 INFO  o.c.TcpServerConfig$$SpringCGLIB$$0 - <tcpserver><info> Connection closed: 127.0.0.1:52247:18196:78b8fda0-90b2-4288-82bf-ae5a0f98e347
2026-05-20 22:09:48.811 INFO  o.code_studio.ComPortSchedulerTask - <tcpserver><info> Trying to open COM port for Barcode communication
2026-05-20 22:09:49.024 INFO  o.c.WebSocketServerConfig$$SpringCGLIB$$0 - <wsserver><info> Created WS channel: /app/topic
2026-05-20 22:09:49.350 INFO  o.c.TcpServerConfig$$SpringCGLIB$$0 - <tcpserver><info> TCP server started on port: 18196
2026-05-20 22:09:49.365 INFO  o.c.TcpClientConfig$$SpringCGLIB$$0 - <tcpclient><info> TCP client has been created for server: localhost:18196
2026-05-20 22:09:49.494 INFO  o.c.WebSocketServerConfig$$SpringCGLIB$$0 - <wsserver><info> Created WS server on endpoint: /ws
2026-05-20 22:09:49.528 INFO  o.code_studio.ComPortSchedulerTask - <tcpserver><info> Barcode communication enabled. COM port open: COM3
2026-05-20 22:09:51.059 INFO  o.c.TcpServerConfig$$SpringCGLIB$$0 - <tcpserver><info> Connection established: 127.0.0.1:52302:18196:858eb304-21a2-4bf6-961c-92bef12e5001
2026-05-20 22:09:51.061 INFO  o.c.CraneClientConnectedListener - <tcpsvr><info> CraneClientConnectedEvent detected
2026-05-20 22:09:51.067 INFO  o.c.TcpServerConfig$$SpringCGLIB$$0 - <tcpclient><info> Connection established: 127.0.0.1:18196:52302:1231c4e7-ba70-4d0c-bcf7-5a9ff35eac33
2026-05-20 22:09:51.117 WARN  o.c.ApplicationReadyListener - <tcpsvr><info> Message Flow Automation Debug is ENABLED
2026-05-20 22:09:51.135 INFO  o.c.controller.TcpMessageController - <tcpclient><send> LVS1UST1DA890020052026220951????????01???????001
2026-05-20 22:09:51.156 INFO  o.c.CraneClientConnectedListener - <tcpclient><send> DAYSTART message sent to Crane server
2026-05-20 22:09:51.182 INFO  o.c.TcpServerConfig$$SpringCGLIB$$0 - <tcpserver><recv> LVS1UST1DA890020052026220951????????01???????001
2026-05-20 22:09:51.218 WARN  o.c.m.IncomingMessageProcessor - MessageProcessor::handleError->StatusCode.STATUSUNKNOWN
2026-05-20 22:09:51.230 INFO  o.c.m.IncomingMessageProcessor - SENDER LVS1 | RECEIVER UST1 | MESSAGETYPE DAYSTART | ORDINAL 89 | ERRORCODE OK | SOURCE 20052026 | TARGET 220951 | REPORTPOINT RPUNKNOWN | LETYPE LEUNKNOWN | STATUSCODE AUTOMATIONENABLED | USERDATA null | RAWMESSAGE LVS1UST1DA890020052026220951????????01???????001
2026-05-20 22:09:54.260 INFO  o.c.controller.TcpMessageController - <tcpclient><send> UST1LVS111900020052026220951????????01???????001
2026-05-20 22:09:54.263 INFO  o.c.TcpClientConfig$$SpringCGLIB$$0 - <tcpclient><recv> LVS1UST1DA890020052026220951????????01???????001
2026-05-20 22:09:54.263 INFO  o.c.TcpServerConfig$$SpringCGLIB$$0 - <tcpserver><recv> UST1LVS111900020052026220951????????01???????001
2026-05-20 22:09:54.264 WARN  o.c.m.IncomingMessageProcessor - MessageProcessor::handleError->StatusCode.STATUSUNKNOWN
2026-05-20 22:09:54.265 INFO  o.c.m.IncomingMessageProcessor - SENDER UST1 | RECEIVER LVS1 | MESSAGETYPE DAYSTART | ORDINAL 90 | ERRORCODE OK | SOURCE 20052026 | TARGET 220954 | REPORTPOINT RPUNKNOWN | LETYPE LEUNKNOWN | STATUSCODE AUTOMATIONENABLED | USERDATA null | RAWMESSAGE UST1LVS111900020052026220951????????01???????001
2026-05-20 22:09:54.266 INFO  o.c.TcpClientConfig$$SpringCGLIB$$0 - <tcpclient><recv> LVS1UST1AA900020052026220951????????01???????001
2026-05-20 22:11:51.898 INFO  o.c.ApplicationCloseListener - <tcpserver><info> ApplicationContextClosedEvent detected
2026-05-20 22:11:51.900 INFO  org.code_studio.BarcodeConfig - <tcpserver><info> Barcode communication - COM port closed: COM3
2026-05-20 22:11:51.901 INFO  o.c.ApplicationCloseListener - <tcpserver><info> Waiting for 3000 msec to receive DAYEND confirmation from CRANE, and then close the TCP connection.
2026-05-20 22:11:54.933 INFO  o.c.TcpServerConfig$$SpringCGLIB$$0 - <tcpclient><info> Connection closed: 127.0.0.1:18196:52302:1231c4e7-ba70-4d0c-bcf7-5a9ff35eac33
2026-05-20 22:11:54.940 INFO  o.c.TcpServerConfig$$SpringCGLIB$$0 - <tcpserver><info> Connection closed: 127.0.0.1:52302:18196:858eb304-21a2-4bf6-961c-92bef12e5001
2026-05-20 22:14:18.917 INFO  o.code_studio.ComPortSchedulerTask - <tcpserver><info> Trying to open COM port for Barcode communication
2026-05-20 22:14:19.173 INFO  o.c.WebSocketServerConfig$$SpringCGLIB$$0 - <wsserver><info> Created WS channel: /app/topic
2026-05-20 22:14:19.529 INFO  o.c.TcpServerConfig$$SpringCGLIB$$0 - <tcpserver><info> TCP server started on port: 18196
2026-05-20 22:14:19.540 INFO  o.c.TcpClientConfig$$SpringCGLIB$$0 - <tcpclient><info> TCP client has been created for server: localhost:18196
2026-05-20 22:14:19.677 INFO  o.c.WebSocketServerConfig$$SpringCGLIB$$0 - <wsserver><info> Created WS server on endpoint: /ws
2026-05-20 22:14:20.758 INFO  o.code_studio.ComPortSchedulerTask - <tcpserver><info> Barcode communication enabled. COM port open: COM3
2026-05-20 22:14:21.824 INFO  o.c.TcpServerConfig$$SpringCGLIB$$0 - <tcpserver><info> Connection established: 127.0.0.1:52383:18196:e6c59000-d7da-4f28-9b26-96a5790d4da6
2026-05-20 22:14:21.829 INFO  o.c.CraneClientConnectedListener - <tcpsvr><info> CraneClientConnectedEvent detected
2026-05-20 22:14:21.824 INFO  o.c.TcpServerConfig$$SpringCGLIB$$0 - <tcpclient><info> Connection established: 127.0.0.1:18196:52383:f54b5452-8093-438e-9d1f-e31d01f3467e
2026-05-20 22:14:21.951 WARN  o.c.ApplicationReadyListener - <tcpsvr><info> Message Flow Automation Debug is ENABLED
2026-05-20 22:14:21.983 INFO  o.c.controller.TcpMessageController - <tcpclient><send> LVS1UST1DA910020052026221421????????01???????001
2026-05-20 22:14:22.059 INFO  o.c.CraneClientConnectedListener - <tcpclient><send> DAYSTART message sent to Crane server
2026-05-20 22:14:22.104 INFO  o.c.TcpServerConfig$$SpringCGLIB$$0 - <tcpserver><recv> LVS1UST1DA910020052026221421????????01???????001
2026-05-20 22:14:22.140 WARN  o.c.m.IncomingMessageProcessor - MessageProcessor::handleError->StatusCode.STATUSUNKNOWN
2026-05-20 22:14:22.150 INFO  o.c.m.IncomingMessageProcessor - SENDER LVS1 | RECEIVER UST1 | MESSAGETYPE DAYSTART | ORDINAL 91 | ERRORCODE OK | SOURCE 20052026 | TARGET 221422 | REPORTPOINT RPUNKNOWN | LETYPE LEUNKNOWN | STATUSCODE AUTOMATIONENABLED | USERDATA null | RAWMESSAGE LVS1UST1DA910020052026221421????????01???????001
2026-05-20 22:14:25.211 INFO  o.c.controller.TcpMessageController - <tcpclient><send> UST1LVS111920020052026221422????????01???????001
2026-05-20 22:14:25.214 INFO  o.c.TcpClientConfig$$SpringCGLIB$$0 - <tcpclient><recv> LVS1UST1DA910020052026221421????????01???????001
2026-05-20 22:14:25.214 INFO  o.c.TcpServerConfig$$SpringCGLIB$$0 - <tcpserver><recv> UST1LVS111920020052026221422????????01???????001
2026-05-20 22:14:25.215 WARN  o.c.m.IncomingMessageProcessor - MessageProcessor::handleError->StatusCode.STATUSUNKNOWN
2026-05-20 22:14:25.216 INFO  o.c.m.IncomingMessageProcessor - SENDER UST1 | RECEIVER LVS1 | MESSAGETYPE DAYSTART | ORDINAL 92 | ERRORCODE OK | SOURCE 20052026 | TARGET 221425 | REPORTPOINT RPUNKNOWN | LETYPE LEUNKNOWN | STATUSCODE AUTOMATIONENABLED | USERDATA null | RAWMESSAGE UST1LVS111920020052026221422????????01???????001
2026-05-20 22:14:25.219 INFO  o.c.TcpClientConfig$$SpringCGLIB$$0 - <tcpclient><recv> LVS1UST1AA920020052026221422????????01???????001
2026-05-20 22:20:05.008 INFO  o.c.ApplicationCloseListener - <tcpserver><info> ApplicationContextClosedEvent detected
2026-05-20 22:20:05.024 INFO  org.code_studio.BarcodeConfig - <tcpserver><info> Barcode communication - COM port closed: COM3
2026-05-20 22:20:05.025 INFO  o.c.ApplicationCloseListener - <tcpserver><info> Waiting for 3000 msec to receive DAYEND confirmation from CRANE, and then close the TCP connection.
2026-05-20 22:20:08.136 INFO  o.c.TcpServerConfig$$SpringCGLIB$$0 - <tcpclient><info> Connection closed: 127.0.0.1:18196:52383:f54b5452-8093-438e-9d1f-e31d01f3467e
2026-05-20 22:20:08.152 INFO  o.c.TcpServerConfig$$SpringCGLIB$$0 - <tcpserver><info> Connection closed: 127.0.0.1:52383:18196:e6c59000-d7da-4f28-9b26-96a5790d4da6
2026-05-20 22:23:55.513 INFO  o.code_studio.ComPortSchedulerTask - <tcpserver><info> Trying to open COM port for Barcode communication
2026-05-20 22:23:55.713 INFO  o.c.WebSocketServerConfig$$SpringCGLIB$$0 - <wsserver><info> Created WS channel: /app/topic
2026-05-20 22:23:55.962 INFO  o.c.TcpServerConfig$$SpringCGLIB$$0 - <tcpserver><info> TCP server started on port: 18196
2026-05-20 22:23:55.973 INFO  o.c.TcpClientConfig$$SpringCGLIB$$0 - <tcpclient><info> TCP client has been created for server: localhost:18196
2026-05-20 22:23:56.171 INFO  o.c.WebSocketServerConfig$$SpringCGLIB$$0 - <wsserver><info> Created WS server on endpoint: /ws
2026-05-20 22:23:56.712 INFO  o.code_studio.ComPortSchedulerTask - <tcpserver><info> Barcode communication enabled. COM port open: COM3
2026-05-20 22:23:57.938 INFO  o.c.TcpServerConfig$$SpringCGLIB$$0 - <tcpclient><info> Connection established: 127.0.0.1:18196:52510:49bdc8c2-dd53-4cda-bcd5-286fa07b5e40
2026-05-20 22:23:57.938 INFO  o.c.TcpServerConfig$$SpringCGLIB$$0 - <tcpserver><info> Connection established: 127.0.0.1:52510:18196:b489b864-3781-4db9-bb28-b1798ed19a6b
2026-05-20 22:23:57.940 INFO  o.c.CraneClientConnectedListener - <tcpsvr><info> CraneClientConnectedEvent detected
2026-05-20 22:23:58.007 INFO  o.c.controller.TcpMessageController - <tcpclient><send> LVS1UST1DA930020052026222358????????01???????001
2026-05-20 22:23:58.012 WARN  o.c.ApplicationReadyListener - <tcpsvr><info> Message Flow Automation Debug is ENABLED
2026-05-20 22:23:58.021 INFO  o.c.CraneClientConnectedListener - <tcpclient><send> DAYSTART message sent to Crane server
2026-05-20 22:23:58.052 INFO  o.c.TcpServerConfig$$SpringCGLIB$$0 - <tcpserver><recv> LVS1UST1DA930020052026222358????????01???????001
2026-05-20 22:23:58.110 WARN  o.c.m.IncomingMessageProcessor - MessageProcessor::handleError->StatusCode.STATUSUNKNOWN
2026-05-20 22:23:58.115 INFO  o.c.m.IncomingMessageProcessor - SENDER LVS1 | RECEIVER UST1 | MESSAGETYPE DAYSTART | ORDINAL 93 | ERRORCODE OK | SOURCE 20052026 | TARGET 222358 | REPORTPOINT RPUNKNOWN | LETYPE LEUNKNOWN | STATUSCODE AUTOMATIONENABLED | USERDATA null | RAWMESSAGE LVS1UST1DA930020052026222358????????01???????001
2026-05-20 22:24:01.135 INFO  o.c.controller.TcpMessageController - <tcpclient><send> UST1LVS111940020052026222358????????01???????001
2026-05-20 22:24:01.138 INFO  o.c.TcpClientConfig$$SpringCGLIB$$0 - <tcpclient><recv> LVS1UST1DA930020052026222358????????01???????001
2026-05-20 22:24:01.139 INFO  o.c.TcpServerConfig$$SpringCGLIB$$0 - <tcpserver><recv> UST1LVS111940020052026222358????????01???????001
2026-05-20 22:24:01.139 WARN  o.c.m.IncomingMessageProcessor - MessageProcessor::handleError->StatusCode.STATUSUNKNOWN
2026-05-20 22:24:01.140 INFO  o.c.m.IncomingMessageProcessor - SENDER UST1 | RECEIVER LVS1 | MESSAGETYPE DAYSTART | ORDINAL 94 | ERRORCODE OK | SOURCE 20052026 | TARGET 222401 | REPORTPOINT RPUNKNOWN | LETYPE LEUNKNOWN | STATUSCODE AUTOMATIONENABLED | USERDATA null | RAWMESSAGE UST1LVS111940020052026222358????????01???????001
2026-05-20 22:24:01.141 INFO  o.c.TcpClientConfig$$SpringCGLIB$$0 - <tcpclient><recv> LVS1UST1AA940020052026222358????????01???????001
2026-05-20 22:24:59.873 INFO  o.c.ApplicationCloseListener - <tcpserver><info> ApplicationContextClosedEvent detected
2026-05-20 22:24:59.886 INFO  org.code_studio.BarcodeConfig - <tcpserver><info> Barcode communication - COM port closed: COM3
2026-05-20 22:24:59.887 INFO  o.c.ApplicationCloseListener - <tcpserver><info> Waiting for 3000 msec to receive DAYEND confirmation from CRANE, and then close the TCP connection.
2026-05-20 22:25:02.899 INFO  o.c.TcpServerConfig$$SpringCGLIB$$0 - <tcpclient><info> Connection closed: 127.0.0.1:18196:52510:49bdc8c2-dd53-4cda-bcd5-286fa07b5e40
2026-05-20 22:25:02.904 INFO  o.c.TcpServerConfig$$SpringCGLIB$$0 - <tcpserver><info> Connection closed: 127.0.0.1:52510:18196:b489b864-3781-4db9-bb28-b1798ed19a6b
2026-05-20 22:25:14.057 INFO  o.code_studio.ComPortSchedulerTask - <tcpserver><info> Trying to open COM port for Barcode communication
2026-05-20 22:25:14.240 INFO  o.c.WebSocketServerConfig$$SpringCGLIB$$0 - <wsserver><info> Created WS channel: /app/topic
2026-05-20 22:25:14.501 INFO  o.c.TcpServerConfig$$SpringCGLIB$$0 - <tcpserver><info> TCP server started on port: 18196
2026-05-20 22:25:14.512 INFO  o.c.TcpClientConfig$$SpringCGLIB$$0 - <tcpclient><info> TCP client has been created for server: localhost:18196
2026-05-20 22:25:14.631 INFO  o.c.WebSocketServerConfig$$SpringCGLIB$$0 - <wsserver><info> Created WS server on endpoint: /ws
2026-05-20 22:25:14.820 INFO  o.code_studio.ComPortSchedulerTask - <tcpserver><info> Barcode communication enabled. COM port open: COM3
2026-05-20 22:25:16.198 INFO  o.c.TcpServerConfig$$SpringCGLIB$$0 - <tcpclient><info> Connection established: 127.0.0.1:18196:52573:2dbdb488-16fc-4606-bd02-491b8ee832ac
2026-05-20 22:25:16.199 INFO  o.c.TcpServerConfig$$SpringCGLIB$$0 - <tcpserver><info> Connection established: 127.0.0.1:52573:18196:eac0cc4c-dfc5-4863-9680-9242c03fa304
2026-05-20 22:25:16.200 INFO  o.c.CraneClientConnectedListener - <tcpsvr><info> CraneClientConnectedEvent detected
2026-05-20 22:25:16.286 INFO  o.c.controller.TcpMessageController - <tcpclient><send> LVS1UST1DA950020052026222516????????01???????001
2026-05-20 22:25:16.313 INFO  o.c.CraneClientConnectedListener - <tcpclient><send> DAYSTART message sent to Crane server
2026-05-20 22:25:16.336 WARN  o.c.ApplicationReadyListener - <tcpsvr><info> Message Flow Automation Debug is ENABLED
2026-05-20 22:25:16.345 INFO  o.c.TcpServerConfig$$SpringCGLIB$$0 - <tcpserver><recv> LVS1UST1DA950020052026222516????????01???????001
2026-05-20 22:25:16.374 WARN  o.c.m.IncomingMessageProcessor - MessageProcessor::handleError->StatusCode.STATUSUNKNOWN
2026-05-20 22:25:16.380 INFO  o.c.m.IncomingMessageProcessor - SENDER LVS1 | RECEIVER UST1 | MESSAGETYPE DAYSTART | ORDINAL 95 | ERRORCODE OK | SOURCE 20052026 | TARGET 222516 | REPORTPOINT RPUNKNOWN | LETYPE LEUNKNOWN | STATUSCODE AUTOMATIONENABLED | USERDATA null | RAWMESSAGE LVS1UST1DA950020052026222516????????01???????001
2026-05-20 22:25:19.411 INFO  o.c.controller.TcpMessageController - <tcpclient><send> UST1LVS111960020052026222516????????01???????001
2026-05-20 22:25:19.421 INFO  o.c.TcpClientConfig$$SpringCGLIB$$0 - <tcpclient><recv> LVS1UST1DA950020052026222516????????01???????001
2026-05-20 22:25:19.426 INFO  o.c.TcpServerConfig$$SpringCGLIB$$0 - <tcpserver><recv> UST1LVS111960020052026222516????????01???????001
2026-05-20 22:25:19.428 WARN  o.c.m.IncomingMessageProcessor - MessageProcessor::handleError->StatusCode.STATUSUNKNOWN
2026-05-20 22:25:19.429 INFO  o.c.m.IncomingMessageProcessor - SENDER UST1 | RECEIVER LVS1 | MESSAGETYPE DAYSTART | ORDINAL 96 | ERRORCODE OK | SOURCE 20052026 | TARGET 222519 | REPORTPOINT RPUNKNOWN | LETYPE LEUNKNOWN | STATUSCODE AUTOMATIONENABLED | USERDATA null | RAWMESSAGE UST1LVS111960020052026222516????????01???????001
2026-05-20 22:25:19.439 INFO  o.c.TcpClientConfig$$SpringCGLIB$$0 - <tcpclient><recv> LVS1UST1AA960020052026222516????????01???????001
2026-05-20 22:31:46.883 INFO  o.c.ApplicationCloseListener - <tcpserver><info> ApplicationContextClosedEvent detected
2026-05-20 22:31:46.905 INFO  org.code_studio.BarcodeConfig - <tcpserver><info> Barcode communication - COM port closed: COM3
2026-05-20 22:31:46.906 INFO  o.c.ApplicationCloseListener - <tcpserver><info> Waiting for 3000 msec to receive DAYEND confirmation from CRANE, and then close the TCP connection.
2026-05-20 22:31:49.989 INFO  o.c.TcpServerConfig$$SpringCGLIB$$0 - <tcpclient><info> Connection closed: 127.0.0.1:18196:52573:2dbdb488-16fc-4606-bd02-491b8ee832ac
2026-05-20 22:31:50.007 INFO  o.c.TcpServerConfig$$SpringCGLIB$$0 - <tcpserver><info> Connection closed: 127.0.0.1:52573:18196:eac0cc4c-dfc5-4863-9680-9242c03fa304
2026-05-20 22:32:05.492 INFO  o.code_studio.ComPortSchedulerTask - <tcpserver><info> Trying to open COM port for Barcode communication
2026-05-20 22:32:05.698 INFO  o.c.WebSocketServerConfig$$SpringCGLIB$$0 - <wsserver><info> Created WS channel: /app/topic
2026-05-20 22:32:06.020 INFO  o.c.TcpServerConfig$$SpringCGLIB$$0 - <tcpserver><info> TCP server started on port: 18196
2026-05-20 22:32:06.029 INFO  o.c.TcpClientConfig$$SpringCGLIB$$0 - <tcpclient><info> TCP client has been created for server: localhost:18196
2026-05-20 22:32:06.152 INFO  o.c.WebSocketServerConfig$$SpringCGLIB$$0 - <wsserver><info> Created WS server on endpoint: /ws
2026-05-20 22:32:06.922 INFO  o.code_studio.ComPortSchedulerTask - <tcpserver><info> Barcode communication enabled. COM port open: COM3
2026-05-20 22:32:07.796 INFO  o.c.TcpServerConfig$$SpringCGLIB$$0 - <tcpclient><info> Connection established: 127.0.0.1:18196:52683:9a121c96-350e-4805-833a-deb93ccfe1bd
2026-05-20 22:32:07.796 INFO  o.c.TcpServerConfig$$SpringCGLIB$$0 - <tcpserver><info> Connection established: 127.0.0.1:52683:18196:96b46c6b-91ea-49c2-a4d2-563346b998b0
2026-05-20 22:32:07.799 INFO  o.c.CraneClientConnectedListener - <tcpsvr><info> CraneClientConnectedEvent detected
2026-05-20 22:32:07.862 WARN  o.c.ApplicationReadyListener - <tcpsvr><info> Message Flow Automation Debug is ENABLED
2026-05-20 22:32:07.886 INFO  o.c.controller.TcpMessageController - <tcpclient><send> LVS1UST1DA970020052026223207????????01???????001
2026-05-20 22:32:07.900 INFO  o.c.CraneClientConnectedListener - <tcpclient><send> DAYSTART message sent to Crane server
2026-05-20 22:32:07.933 INFO  o.c.TcpServerConfig$$SpringCGLIB$$0 - <tcpserver><recv> LVS1UST1DA970020052026223207????????01???????001
2026-05-20 22:32:08.005 WARN  o.c.m.IncomingMessageProcessor - MessageProcessor::handleError->StatusCode.STATUSUNKNOWN
2026-05-20 22:32:08.013 INFO  o.c.m.IncomingMessageProcessor - SENDER LVS1 | RECEIVER UST1 | MESSAGETYPE DAYSTART | ORDINAL 97 | ERRORCODE OK | SOURCE 20052026 | TARGET 223207 | REPORTPOINT RPUNKNOWN | LETYPE LEUNKNOWN | STATUSCODE AUTOMATIONENABLED | USERDATA null | RAWMESSAGE LVS1UST1DA970020052026223207????????01???????001
2026-05-20 22:32:11.162 INFO  o.c.controller.TcpMessageController - <tcpclient><send> UST1LVS111980020052026223207????????01???????001
2026-05-20 22:32:11.166 INFO  o.c.TcpClientConfig$$SpringCGLIB$$0 - <tcpclient><recv> LVS1UST1DA970020052026223207????????01???????001
2026-05-20 22:32:11.167 INFO  o.c.TcpServerConfig$$SpringCGLIB$$0 - <tcpserver><recv> UST1LVS111980020052026223207????????01???????001
2026-05-20 22:32:11.168 WARN  o.c.m.IncomingMessageProcessor - MessageProcessor::handleError->StatusCode.STATUSUNKNOWN
2026-05-20 22:32:11.168 INFO  o.c.m.IncomingMessageProcessor - SENDER UST1 | RECEIVER LVS1 | MESSAGETYPE DAYSTART | ORDINAL 98 | ERRORCODE OK | SOURCE 20052026 | TARGET 223211 | REPORTPOINT RPUNKNOWN | LETYPE LEUNKNOWN | STATUSCODE AUTOMATIONENABLED | USERDATA null | RAWMESSAGE UST1LVS111980020052026223207????????01???????001
2026-05-20 22:32:11.170 INFO  o.c.TcpClientConfig$$SpringCGLIB$$0 - <tcpclient><recv> LVS1UST1AA980020052026223207????????01???????001
2026-05-20 22:35:39.207 INFO  o.c.ApplicationCloseListener - <tcpserver><info> ApplicationContextClosedEvent detected
2026-05-20 22:35:39.209 INFO  org.code_studio.BarcodeConfig - <tcpserver><info> Barcode communication - COM port closed: COM3
2026-05-20 22:35:39.209 INFO  o.c.ApplicationCloseListener - <tcpserver><info> Waiting for 3000 msec to receive DAYEND confirmation from CRANE, and then close the TCP connection.
2026-05-20 22:35:42.249 INFO  o.c.TcpServerConfig$$SpringCGLIB$$0 - <tcpclient><info> Connection closed: 127.0.0.1:18196:52683:9a121c96-350e-4805-833a-deb93ccfe1bd
2026-05-20 22:35:42.280 INFO  o.c.TcpServerConfig$$SpringCGLIB$$0 - <tcpserver><info> Connection closed: 127.0.0.1:52683:18196:96b46c6b-91ea-49c2-a4d2-563346b998b0
2026-05-20 22:36:04.235 INFO  o.code_studio.ComPortSchedulerTask - <tcpserver><info> Trying to open COM port for Barcode communication
2026-05-20 22:36:04.586 INFO  o.c.WebSocketServerConfig$$SpringCGLIB$$0 - <wsserver><info> Created WS channel: /app/topic
2026-05-20 22:36:04.855 INFO  o.c.TcpServerConfig$$SpringCGLIB$$0 - <tcpserver><info> TCP server started on port: 18196
2026-05-20 22:36:04.865 INFO  o.c.TcpClientConfig$$SpringCGLIB$$0 - <tcpclient><info> TCP client has been created for server: localhost:18196
2026-05-20 22:36:04.991 INFO  o.c.WebSocketServerConfig$$SpringCGLIB$$0 - <wsserver><info> Created WS server on endpoint: /ws
2026-05-20 22:36:05.029 INFO  o.code_studio.ComPortSchedulerTask - <tcpserver><info> Barcode communication enabled. COM port open: COM3
2026-05-20 22:36:06.401 INFO  o.c.TcpServerConfig$$SpringCGLIB$$0 - <tcpserver><info> Connection established: 127.0.0.1:52764:18196:44d2be15-e0f8-4cd3-840c-761a0da3c699
2026-05-20 22:36:06.402 INFO  o.c.CraneClientConnectedListener - <tcpsvr><info> CraneClientConnectedEvent detected
2026-05-20 22:36:06.404 INFO  o.c.TcpServerConfig$$SpringCGLIB$$0 - <tcpclient><info> Connection established: 127.0.0.1:18196:52764:a6f3ace3-25ea-46d7-b8e9-449dd86b31c6
2026-05-20 22:36:06.455 WARN  o.c.ApplicationReadyListener - <tcpsvr><info> Message Flow Automation Debug is ENABLED
2026-05-20 22:36:06.507 INFO  o.c.controller.TcpMessageController - <tcpclient><send> LVS1UST1DA990020052026223606????????01???????001
2026-05-20 22:36:06.527 INFO  o.c.CraneClientConnectedListener - <tcpclient><send> DAYSTART message sent to Crane server
2026-05-20 22:36:06.567 INFO  o.c.TcpServerConfig$$SpringCGLIB$$0 - <tcpserver><recv> LVS1UST1DA990020052026223606????????01???????001
2026-05-20 22:36:06.602 WARN  o.c.m.IncomingMessageProcessor - MessageProcessor::handleError->StatusCode.STATUSUNKNOWN
2026-05-20 22:36:06.630 INFO  o.c.m.IncomingMessageProcessor - SENDER LVS1 | RECEIVER UST1 | MESSAGETYPE DAYSTART | ORDINAL 99 | ERRORCODE OK | SOURCE 20052026 | TARGET 223606 | REPORTPOINT RPUNKNOWN | LETYPE LEUNKNOWN | STATUSCODE AUTOMATIONENABLED | USERDATA null | RAWMESSAGE LVS1UST1DA990020052026223606????????01???????001
2026-05-20 22:36:09.682 INFO  o.c.controller.TcpMessageController - <tcpclient><send> UST1LVS111010020052026223606????????01???????001
2026-05-20 22:36:09.686 INFO  o.c.TcpClientConfig$$SpringCGLIB$$0 - <tcpclient><recv> LVS1UST1DA990020052026223606????????01???????001
2026-05-20 22:36:09.686 INFO  o.c.TcpServerConfig$$SpringCGLIB$$0 - <tcpserver><recv> UST1LVS111010020052026223606????????01???????001
2026-05-20 22:36:09.687 WARN  o.c.m.IncomingMessageProcessor - MessageProcessor::handleError->StatusCode.STATUSUNKNOWN
2026-05-20 22:36:09.688 INFO  o.c.m.IncomingMessageProcessor - SENDER UST1 | RECEIVER LVS1 | MESSAGETYPE DAYSTART | ORDINAL 1 | ERRORCODE OK | SOURCE 20052026 | TARGET 223609 | REPORTPOINT RPUNKNOWN | LETYPE LEUNKNOWN | STATUSCODE AUTOMATIONENABLED | USERDATA null | RAWMESSAGE UST1LVS111010020052026223606????????01???????001
2026-05-20 22:36:09.689 INFO  o.c.TcpClientConfig$$SpringCGLIB$$0 - <tcpclient><recv> LVS1UST1AA010020052026223606????????01???????001
2026-05-20 22:39:19.881 INFO  o.c.ApplicationCloseListener - <tcpserver><info> ApplicationContextClosedEvent detected
2026-05-20 22:39:19.885 INFO  org.code_studio.BarcodeConfig - <tcpserver><info> Barcode communication - COM port closed: COM3
2026-05-20 22:39:19.886 INFO  o.c.ApplicationCloseListener - <tcpserver><info> Waiting for 3000 msec to receive DAYEND confirmation from CRANE, and then close the TCP connection.
2026-05-20 22:39:22.909 INFO  o.c.TcpServerConfig$$SpringCGLIB$$0 - <tcpclient><info> Connection closed: 127.0.0.1:18196:52764:a6f3ace3-25ea-46d7-b8e9-449dd86b31c6
2026-05-20 22:39:22.920 INFO  o.c.TcpServerConfig$$SpringCGLIB$$0 - <tcpserver><info> Connection closed: 127.0.0.1:52764:18196:44d2be15-e0f8-4cd3-840c-761a0da3c699
2026-05-20 22:40:20.642 INFO  o.code_studio.ComPortSchedulerTask - <tcpserver><info> Trying to open COM port for Barcode communication
2026-05-20 22:40:20.790 INFO  o.c.WebSocketServerConfig$$SpringCGLIB$$0 - <wsserver><info> Created WS channel: /app/topic
2026-05-20 22:40:20.973 INFO  o.c.TcpServerConfig$$SpringCGLIB$$0 - <tcpserver><info> TCP server started on port: 18196
2026-05-20 22:40:20.983 INFO  o.c.TcpClientConfig$$SpringCGLIB$$0 - <tcpclient><info> TCP client has been created for server: localhost:18196
2026-05-20 22:40:21.114 INFO  o.c.WebSocketServerConfig$$SpringCGLIB$$0 - <wsserver><info> Created WS server on endpoint: /ws
2026-05-20 22:40:22.401 INFO  o.code_studio.ComPortSchedulerTask - <tcpserver><info> Barcode communication enabled. COM port open: COM3
2026-05-20 22:40:22.515 INFO  o.c.TcpServerConfig$$SpringCGLIB$$0 - <tcpserver><info> Connection established: 127.0.0.1:52859:18196:0589a1bc-d573-49ee-a096-4dc5c7fece5f
2026-05-20 22:40:22.515 INFO  o.c.TcpServerConfig$$SpringCGLIB$$0 - <tcpclient><info> Connection established: 127.0.0.1:18196:52859:b9793c7b-f7c5-4ecf-be60-6e2829ff8f98
2026-05-20 22:40:22.517 INFO  o.c.CraneClientConnectedListener - <tcpsvr><info> CraneClientConnectedEvent detected
2026-05-20 22:40:22.598 INFO  o.c.controller.TcpMessageController - <tcpclient><send> LVS1UST1DA020020052026224022????????01???????001
2026-05-20 22:40:22.612 INFO  o.c.CraneClientConnectedListener - <tcpclient><send> DAYSTART message sent to Crane server
2026-05-20 22:40:22.648 INFO  o.c.TcpServerConfig$$SpringCGLIB$$0 - <tcpserver><recv> LVS1UST1DA020020052026224022????????01???????001
2026-05-20 22:40:22.691 WARN  o.c.m.IncomingMessageProcessor - MessageProcessor::handleError->StatusCode.STATUSUNKNOWN
2026-05-20 22:40:22.696 INFO  o.c.m.IncomingMessageProcessor - SENDER LVS1 | RECEIVER UST1 | MESSAGETYPE DAYSTART | ORDINAL 2 | ERRORCODE OK | SOURCE 20052026 | TARGET 224022 | REPORTPOINT RPUNKNOWN | LETYPE LEUNKNOWN | STATUSCODE AUTOMATIONENABLED | USERDATA null | RAWMESSAGE LVS1UST1DA020020052026224022????????01???????001
2026-05-20 22:40:22.698 WARN  o.c.ApplicationReadyListener - <tcpsvr><info> Message Flow Automation Debug is ENABLED
2026-05-20 22:40:25.733 INFO  o.c.controller.TcpMessageController - <tcpclient><send> UST1LVS111030020052026224022????????01???????001
2026-05-20 22:40:25.737 INFO  o.c.TcpClientConfig$$SpringCGLIB$$0 - <tcpclient><recv> LVS1UST1DA020020052026224022????????01???????001
2026-05-20 22:40:25.737 INFO  o.c.TcpServerConfig$$SpringCGLIB$$0 - <tcpserver><recv> UST1LVS111030020052026224022????????01???????001
2026-05-20 22:40:25.743 WARN  o.c.m.IncomingMessageProcessor - MessageProcessor::handleError->StatusCode.STATUSUNKNOWN
2026-05-20 22:40:25.744 INFO  o.c.m.IncomingMessageProcessor - SENDER UST1 | RECEIVER LVS1 | MESSAGETYPE DAYSTART | ORDINAL 3 | ERRORCODE OK | SOURCE 20052026 | TARGET 224025 | REPORTPOINT RPUNKNOWN | LETYPE LEUNKNOWN | STATUSCODE AUTOMATIONENABLED | USERDATA null | RAWMESSAGE UST1LVS111030020052026224022????????01???????001
2026-05-20 22:40:25.746 INFO  o.c.TcpClientConfig$$SpringCGLIB$$0 - <tcpclient><recv> LVS1UST1AA030020052026224022????????01???????001
2026-05-20 22:50:45.257 INFO  o.c.ApplicationCloseListener - <tcpserver><info> ApplicationContextClosedEvent detected
2026-05-20 22:50:45.320 INFO  org.code_studio.BarcodeConfig - <tcpserver><info> Barcode communication - COM port closed: COM3
2026-05-20 22:50:45.327 INFO  o.c.ApplicationCloseListener - <tcpserver><info> Waiting for 3000 msec to receive DAYEND confirmation from CRANE, and then close the TCP connection.
2026-05-20 22:50:48.470 INFO  o.c.TcpServerConfig$$SpringCGLIB$$0 - <tcpclient><info> Connection closed: 127.0.0.1:18196:52859:b9793c7b-f7c5-4ecf-be60-6e2829ff8f98
2026-05-20 22:50:48.483 INFO  o.c.TcpServerConfig$$SpringCGLIB$$0 - <tcpserver><info> Connection closed: 127.0.0.1:52859:18196:0589a1bc-d573-49ee-a096-4dc5c7fece5f
2026-05-20 22:51:05.586 INFO  o.code_studio.ComPortSchedulerTask - <tcpserver><info> Trying to open COM port for Barcode communication
2026-05-20 22:51:05.789 INFO  o.c.WebSocketServerConfig$$SpringCGLIB$$0 - <wsserver><info> Created WS channel: /app/topic
2026-05-20 22:51:06.140 INFO  o.code_studio.ComPortSchedulerTask - <tcpserver><info> Barcode communication enabled. COM port open: COM3
2026-05-20 22:51:06.502 INFO  o.c.TcpServerConfig$$SpringCGLIB$$0 - <tcpserver><info> TCP server started on port: 18196
2026-05-20 22:51:06.515 INFO  o.c.TcpClientConfig$$SpringCGLIB$$0 - <tcpclient><info> TCP client has been created for server: localhost:18196
2026-05-20 22:51:06.681 INFO  o.c.WebSocketServerConfig$$SpringCGLIB$$0 - <wsserver><info> Created WS server on endpoint: /ws
2026-05-20 22:51:08.411 INFO  o.c.TcpServerConfig$$SpringCGLIB$$0 - <tcpclient><info> Connection established: 127.0.0.1:18196:53041:c717463c-18e4-4ba8-bf2a-8ca35555ef8c
2026-05-20 22:51:08.412 INFO  o.c.TcpServerConfig$$SpringCGLIB$$0 - <tcpserver><info> Connection established: 127.0.0.1:53041:18196:90de6ff3-88c2-4a30-a2c1-ea09b5ba28a1
2026-05-20 22:51:08.413 INFO  o.c.CraneClientConnectedListener - <tcpsvr><info> CraneClientConnectedEvent detected
2026-05-20 22:51:08.464 WARN  o.c.ApplicationReadyListener - <tcpsvr><info> Message Flow Automation Debug is ENABLED
2026-05-20 22:51:08.501 INFO  o.c.controller.TcpMessageController - <tcpclient><send> LVS1UST1DA040020052026225108????????01???????001
2026-05-20 22:51:08.516 INFO  o.c.CraneClientConnectedListener - <tcpclient><send> DAYSTART message sent to Crane server
2026-05-20 22:51:08.557 INFO  o.c.TcpServerConfig$$SpringCGLIB$$0 - <tcpserver><recv> LVS1UST1DA040020052026225108????????01???????001
2026-05-20 22:51:08.611 WARN  o.c.m.IncomingMessageProcessor - MessageProcessor::handleError->StatusCode.STATUSUNKNOWN
2026-05-20 22:51:08.621 INFO  o.c.m.IncomingMessageProcessor - SENDER LVS1 | RECEIVER UST1 | MESSAGETYPE DAYSTART | ORDINAL 4 | ERRORCODE OK | SOURCE 20052026 | TARGET 225108 | REPORTPOINT RPUNKNOWN | LETYPE LEUNKNOWN | STATUSCODE AUTOMATIONENABLED | USERDATA null | RAWMESSAGE LVS1UST1DA040020052026225108????????01???????001
2026-05-20 22:51:11.659 INFO  o.c.controller.TcpMessageController - <tcpclient><send> UST1LVS111050020052026225108????????01???????001
2026-05-20 22:51:11.662 INFO  o.c.TcpClientConfig$$SpringCGLIB$$0 - <tcpclient><recv> LVS1UST1DA040020052026225108????????01???????001
2026-05-20 22:51:11.662 INFO  o.c.TcpServerConfig$$SpringCGLIB$$0 - <tcpserver><recv> UST1LVS111050020052026225108????????01???????001
2026-05-20 22:51:11.664 WARN  o.c.m.IncomingMessageProcessor - MessageProcessor::handleError->StatusCode.STATUSUNKNOWN
2026-05-20 22:51:11.664 INFO  o.c.m.IncomingMessageProcessor - SENDER UST1 | RECEIVER LVS1 | MESSAGETYPE DAYSTART | ORDINAL 5 | ERRORCODE OK | SOURCE 20052026 | TARGET 225111 | REPORTPOINT RPUNKNOWN | LETYPE LEUNKNOWN | STATUSCODE AUTOMATIONENABLED | USERDATA null | RAWMESSAGE UST1LVS111050020052026225108????????01???????001
2026-05-20 22:51:11.666 INFO  o.c.TcpClientConfig$$SpringCGLIB$$0 - <tcpclient><recv> LVS1UST1AA050020052026225108????????01???????001
2026-05-20 22:52:35.691 INFO  o.c.ApplicationCloseListener - <tcpserver><info> ApplicationContextClosedEvent detected
2026-05-20 22:52:35.693 INFO  org.code_studio.BarcodeConfig - <tcpserver><info> Barcode communication - COM port closed: COM3
2026-05-20 22:52:35.693 INFO  o.c.ApplicationCloseListener - <tcpserver><info> Waiting for 3000 msec to receive DAYEND confirmation from CRANE, and then close the TCP connection.
2026-05-20 22:52:38.705 INFO  o.c.TcpServerConfig$$SpringCGLIB$$0 - <tcpclient><info> Connection closed: 127.0.0.1:18196:53041:c717463c-18e4-4ba8-bf2a-8ca35555ef8c
2026-05-20 22:52:38.712 INFO  o.c.TcpServerConfig$$SpringCGLIB$$0 - <tcpserver><info> Connection closed: 127.0.0.1:53041:18196:90de6ff3-88c2-4a30-a2c1-ea09b5ba28a1
2026-05-20 22:52:55.134 INFO  o.code_studio.ComPortSchedulerTask - <tcpserver><info> Trying to open COM port for Barcode communication
2026-05-20 22:52:55.326 INFO  o.c.WebSocketServerConfig$$SpringCGLIB$$0 - <wsserver><info> Created WS channel: /app/topic
2026-05-20 22:52:55.509 INFO  o.c.TcpServerConfig$$SpringCGLIB$$0 - <tcpserver><info> TCP server started on port: 18196
2026-05-20 22:52:55.519 INFO  o.c.TcpClientConfig$$SpringCGLIB$$0 - <tcpclient><info> TCP client has been created for server: localhost:18196
2026-05-20 22:52:55.625 INFO  o.c.WebSocketServerConfig$$SpringCGLIB$$0 - <wsserver><info> Created WS server on endpoint: /ws
2026-05-20 22:52:56.339 INFO  o.code_studio.ComPortSchedulerTask - <tcpserver><info> Barcode communication enabled. COM port open: COM3
2026-05-20 22:52:56.846 INFO  o.c.TcpServerConfig$$SpringCGLIB$$0 - <tcpserver><info> Connection established: 127.0.0.1:53095:18196:19b7c95a-1079-4b93-8db5-d5623969f90e
2026-05-20 22:52:56.852 INFO  o.c.CraneClientConnectedListener - <tcpsvr><info> CraneClientConnectedEvent detected
2026-05-20 22:52:56.855 INFO  o.c.TcpServerConfig$$SpringCGLIB$$0 - <tcpclient><info> Connection established: 127.0.0.1:18196:53095:66d8eb21-0556-4f71-a9f9-fa8198b364c0
2026-05-20 22:52:56.861 WARN  o.c.ApplicationReadyListener - <tcpsvr><info> Message Flow Automation Debug is ENABLED
2026-05-20 22:52:56.923 INFO  o.c.controller.TcpMessageController - <tcpclient><send> LVS1UST1DA060020052026225256????????01???????001
2026-05-20 22:52:56.943 INFO  o.c.CraneClientConnectedListener - <tcpclient><send> DAYSTART message sent to Crane server
2026-05-20 22:52:56.968 INFO  o.c.TcpServerConfig$$SpringCGLIB$$0 - <tcpserver><recv> LVS1UST1DA060020052026225256????????01???????001
2026-05-20 22:52:56.993 WARN  o.c.m.IncomingMessageProcessor - MessageProcessor::handleError->StatusCode.STATUSUNKNOWN
2026-05-20 22:52:56.999 INFO  o.c.m.IncomingMessageProcessor - SENDER LVS1 | RECEIVER UST1 | MESSAGETYPE DAYSTART | ORDINAL 6 | ERRORCODE OK | SOURCE 20052026 | TARGET 225256 | REPORTPOINT RPUNKNOWN | LETYPE LEUNKNOWN | STATUSCODE AUTOMATIONENABLED | USERDATA null | RAWMESSAGE LVS1UST1DA060020052026225256????????01???????001
2026-05-20 22:53:00.049 INFO  o.c.controller.TcpMessageController - <tcpclient><send> UST1LVS111070020052026225256????????01???????001
2026-05-20 22:53:00.055 INFO  o.c.TcpClientConfig$$SpringCGLIB$$0 - <tcpclient><recv> LVS1UST1DA060020052026225256????????01???????001
2026-05-20 22:53:00.057 INFO  o.c.TcpServerConfig$$SpringCGLIB$$0 - <tcpserver><recv> UST1LVS111070020052026225256????????01???????001
2026-05-20 22:53:00.058 WARN  o.c.m.IncomingMessageProcessor - MessageProcessor::handleError->StatusCode.STATUSUNKNOWN
2026-05-20 22:53:00.058 INFO  o.c.m.IncomingMessageProcessor - SENDER UST1 | RECEIVER LVS1 | MESSAGETYPE DAYSTART | ORDINAL 7 | ERRORCODE OK | SOURCE 20052026 | TARGET 225300 | REPORTPOINT RPUNKNOWN | LETYPE LEUNKNOWN | STATUSCODE AUTOMATIONENABLED | USERDATA null | RAWMESSAGE UST1LVS111070020052026225256????????01???????001
2026-05-20 22:53:00.060 INFO  o.c.TcpClientConfig$$SpringCGLIB$$0 - <tcpclient><recv> LVS1UST1AA070020052026225256????????01???????001
2026-05-20 22:54:21.657 INFO  o.c.ApplicationCloseListener - <tcpserver><info> ApplicationContextClosedEvent detected
2026-05-20 22:54:21.720 INFO  org.code_studio.BarcodeConfig - <tcpserver><info> Barcode communication - COM port closed: COM3
2026-05-20 22:54:21.720 INFO  o.c.ApplicationCloseListener - <tcpserver><info> Waiting for 3000 msec to receive DAYEND confirmation from CRANE, and then close the TCP connection.
2026-05-20 22:54:24.731 INFO  o.c.TcpServerConfig$$SpringCGLIB$$0 - <tcpclient><info> Connection closed: 127.0.0.1:18196:53095:66d8eb21-0556-4f71-a9f9-fa8198b364c0
2026-05-20 22:54:24.737 INFO  o.c.TcpServerConfig$$SpringCGLIB$$0 - <tcpserver><info> Connection closed: 127.0.0.1:53095:18196:19b7c95a-1079-4b93-8db5-d5623969f90e
2026-05-20 22:55:17.172 INFO  o.code_studio.ComPortSchedulerTask - <tcpserver><info> Trying to open COM port for Barcode communication
2026-05-20 22:55:17.355 INFO  o.c.WebSocketServerConfig$$SpringCGLIB$$0 - <wsserver><info> Created WS channel: /app/topic
2026-05-20 22:55:17.531 INFO  o.c.TcpServerConfig$$SpringCGLIB$$0 - <tcpserver><info> TCP server started on port: 18196
2026-05-20 22:55:17.539 INFO  o.c.TcpClientConfig$$SpringCGLIB$$0 - <tcpclient><info> TCP client has been created for server: localhost:18196
2026-05-20 22:55:17.660 INFO  o.c.WebSocketServerConfig$$SpringCGLIB$$0 - <wsserver><info> Created WS server on endpoint: /ws
2026-05-20 22:55:18.708 INFO  o.code_studio.ComPortSchedulerTask - <tcpserver><info> Barcode communication enabled. COM port open: COM3
2026-05-20 22:55:18.969 INFO  o.c.TcpServerConfig$$SpringCGLIB$$0 - <tcpclient><info> Connection established: 127.0.0.1:18196:53135:158afe49-14a2-40fa-9cf6-25077f46c949
2026-05-20 22:55:18.973 INFO  o.c.TcpServerConfig$$SpringCGLIB$$0 - <tcpserver><info> Connection established: 127.0.0.1:53135:18196:4213e3bb-6b48-4ea2-a891-b80ad07d0d8b
2026-05-20 22:55:18.997 INFO  o.c.CraneClientConnectedListener - <tcpsvr><info> CraneClientConnectedEvent detected
2026-05-20 22:55:19.033 WARN  o.c.ApplicationReadyListener - <tcpsvr><info> Message Flow Automation Debug is ENABLED
2026-05-20 22:55:19.064 INFO  o.c.controller.TcpMessageController - <tcpclient><send> LVS1UST1DA080020052026225519????????01???????001
2026-05-20 22:55:19.078 INFO  o.c.CraneClientConnectedListener - <tcpclient><send> DAYSTART message sent to Crane server
2026-05-20 22:55:19.109 INFO  o.c.TcpServerConfig$$SpringCGLIB$$0 - <tcpserver><recv> LVS1UST1DA080020052026225519????????01???????001
2026-05-20 22:55:19.140 WARN  o.c.m.IncomingMessageProcessor - MessageProcessor::handleError->StatusCode.STATUSUNKNOWN
2026-05-20 22:55:19.147 INFO  o.c.m.IncomingMessageProcessor - SENDER LVS1 | RECEIVER UST1 | MESSAGETYPE DAYSTART | ORDINAL 8 | ERRORCODE OK | SOURCE 20052026 | TARGET 225519 | REPORTPOINT RPUNKNOWN | LETYPE LEUNKNOWN | STATUSCODE AUTOMATIONENABLED | USERDATA null | RAWMESSAGE LVS1UST1DA080020052026225519????????01???????001
2026-05-20 22:55:22.174 INFO  o.c.controller.TcpMessageController - <tcpclient><send> UST1LVS111090020052026225519????????01???????001
2026-05-20 22:55:22.177 INFO  o.c.TcpClientConfig$$SpringCGLIB$$0 - <tcpclient><recv> LVS1UST1DA080020052026225519????????01???????001
2026-05-20 22:55:22.178 INFO  o.c.TcpServerConfig$$SpringCGLIB$$0 - <tcpserver><recv> UST1LVS111090020052026225519????????01???????001
2026-05-20 22:55:22.179 WARN  o.c.m.IncomingMessageProcessor - MessageProcessor::handleError->StatusCode.STATUSUNKNOWN
2026-05-20 22:55:22.180 INFO  o.c.m.IncomingMessageProcessor - SENDER UST1 | RECEIVER LVS1 | MESSAGETYPE DAYSTART | ORDINAL 9 | ERRORCODE OK | SOURCE 20052026 | TARGET 225522 | REPORTPOINT RPUNKNOWN | LETYPE LEUNKNOWN | STATUSCODE AUTOMATIONENABLED | USERDATA null | RAWMESSAGE UST1LVS111090020052026225519????????01???????001
2026-05-20 22:55:23.869 INFO  o.c.TcpClientConfig$$SpringCGLIB$$0 - <tcpclient><recv> LVS1UST1AA090020052026225519????????01???????001
2026-05-20 23:03:12.805 INFO  o.c.ApplicationCloseListener - <tcpserver><info> ApplicationContextClosedEvent detected
2026-05-20 23:03:12.840 INFO  org.code_studio.BarcodeConfig - <tcpserver><info> Barcode communication - COM port closed: COM3
2026-05-20 23:03:12.842 INFO  o.c.ApplicationCloseListener - <tcpserver><info> Waiting for 3000 msec to receive DAYEND confirmation from CRANE, and then close the TCP connection.
2026-05-20 23:03:15.964 INFO  o.c.TcpServerConfig$$SpringCGLIB$$0 - <tcpclient><info> Connection closed: 127.0.0.1:18196:53135:158afe49-14a2-40fa-9cf6-25077f46c949
2026-05-20 23:03:15.993 INFO  o.c.TcpServerConfig$$SpringCGLIB$$0 - <tcpserver><info> Connection closed: 127.0.0.1:53135:18196:4213e3bb-6b48-4ea2-a891-b80ad07d0d8b
2026-05-20 23:03:37.267 INFO  o.code_studio.ComPortSchedulerTask - <tcpserver><info> Trying to open COM port for Barcode communication
2026-05-20 23:03:37.462 INFO  o.c.WebSocketServerConfig$$SpringCGLIB$$0 - <wsserver><info> Created WS channel: /app/topic
2026-05-20 23:03:37.653 INFO  o.c.TcpServerConfig$$SpringCGLIB$$0 - <tcpserver><info> TCP server started on port: 18196
2026-05-20 23:03:37.661 INFO  o.c.TcpClientConfig$$SpringCGLIB$$0 - <tcpclient><info> TCP client has been created for server: localhost:18196
2026-05-20 23:03:37.766 INFO  o.c.WebSocketServerConfig$$SpringCGLIB$$0 - <wsserver><info> Created WS server on endpoint: /ws
2026-05-20 23:03:38.787 INFO  o.code_studio.ComPortSchedulerTask - <tcpserver><info> Barcode communication enabled. COM port open: COM3
2026-05-20 23:03:38.899 INFO  o.c.TcpServerConfig$$SpringCGLIB$$0 - <tcpclient><info> Connection established: 127.0.0.1:18196:53314:2ac0f91d-a0a2-48ef-8520-0f5380d30e1e
2026-05-20 23:03:38.899 INFO  o.c.TcpServerConfig$$SpringCGLIB$$0 - <tcpserver><info> Connection established: 127.0.0.1:53314:18196:97e883b7-4a0a-4093-a5ad-4bdfdfc374a1
2026-05-20 23:03:38.904 INFO  o.c.CraneClientConnectedListener - <tcpsvr><info> CraneClientConnectedEvent detected
2026-05-20 23:03:38.954 WARN  o.c.ApplicationReadyListener - <tcpsvr><info> Message Flow Automation Debug is ENABLED
2026-05-20 23:03:38.968 INFO  o.c.controller.TcpMessageController - <tcpclient><send> LVS1UST1DA100020052026230338????????01???????001
2026-05-20 23:03:38.987 INFO  o.c.CraneClientConnectedListener - <tcpclient><send> DAYSTART message sent to Crane server
2026-05-20 23:03:39.012 INFO  o.c.TcpServerConfig$$SpringCGLIB$$0 - <tcpserver><recv> LVS1UST1DA100020052026230338????????01???????001
2026-05-20 23:03:39.047 WARN  o.c.m.IncomingMessageProcessor - MessageProcessor::handleError->StatusCode.STATUSUNKNOWN
2026-05-20 23:03:39.052 INFO  o.c.m.IncomingMessageProcessor - SENDER LVS1 | RECEIVER UST1 | MESSAGETYPE DAYSTART | ORDINAL 10 | ERRORCODE OK | SOURCE 20052026 | TARGET 230339 | REPORTPOINT RPUNKNOWN | LETYPE LEUNKNOWN | STATUSCODE AUTOMATIONENABLED | USERDATA null | RAWMESSAGE LVS1UST1DA100020052026230338????????01???????001
2026-05-20 23:03:42.074 INFO  o.c.controller.TcpMessageController - <tcpclient><send> UST1LVS111110020052026230339????????01???????001
2026-05-20 23:03:42.077 INFO  o.c.TcpClientConfig$$SpringCGLIB$$0 - <tcpclient><recv> LVS1UST1DA100020052026230338????????01???????001
2026-05-20 23:03:42.077 INFO  o.c.TcpServerConfig$$SpringCGLIB$$0 - <tcpserver><recv> UST1LVS111110020052026230339????????01???????001
2026-05-20 23:03:42.078 WARN  o.c.m.IncomingMessageProcessor - MessageProcessor::handleError->StatusCode.STATUSUNKNOWN
2026-05-20 23:03:42.078 INFO  o.c.m.IncomingMessageProcessor - SENDER UST1 | RECEIVER LVS1 | MESSAGETYPE DAYSTART | ORDINAL 11 | ERRORCODE OK | SOURCE 20052026 | TARGET 230342 | REPORTPOINT RPUNKNOWN | LETYPE LEUNKNOWN | STATUSCODE AUTOMATIONENABLED | USERDATA null | RAWMESSAGE UST1LVS111110020052026230339????????01???????001
2026-05-20 23:03:42.080 INFO  o.c.TcpClientConfig$$SpringCGLIB$$0 - <tcpclient><recv> LVS1UST1AA110020052026230339????????01???????001
2026-05-20 23:07:04.352 INFO  o.c.ApplicationCloseListener - <tcpserver><info> ApplicationContextClosedEvent detected
2026-05-20 23:07:04.370 INFO  org.code_studio.BarcodeConfig - <tcpserver><info> Barcode communication - COM port closed: COM3
2026-05-20 23:07:04.372 INFO  o.c.ApplicationCloseListener - <tcpserver><info> Waiting for 3000 msec to receive DAYEND confirmation from CRANE, and then close the TCP connection.
2026-05-20 23:07:07.606 INFO  o.c.TcpServerConfig$$SpringCGLIB$$0 - <tcpclient><info> Connection closed: 127.0.0.1:18196:53314:2ac0f91d-a0a2-48ef-8520-0f5380d30e1e
2026-05-20 23:07:07.627 INFO  o.c.TcpServerConfig$$SpringCGLIB$$0 - <tcpserver><info> Connection closed: 127.0.0.1:53314:18196:97e883b7-4a0a-4093-a5ad-4bdfdfc374a1
2026-05-20 23:07:23.259 INFO  o.code_studio.ComPortSchedulerTask - <tcpserver><info> Trying to open COM port for Barcode communication
2026-05-20 23:07:23.472 INFO  o.c.WebSocketServerConfig$$SpringCGLIB$$0 - <wsserver><info> Created WS channel: /app/topic
2026-05-20 23:07:23.757 INFO  o.c.TcpServerConfig$$SpringCGLIB$$0 - <tcpserver><info> TCP server started on port: 18196
2026-05-20 23:07:23.766 INFO  o.c.TcpClientConfig$$SpringCGLIB$$0 - <tcpclient><info> TCP client has been created for server: localhost:18196
2026-05-20 23:07:23.892 INFO  o.c.WebSocketServerConfig$$SpringCGLIB$$0 - <wsserver><info> Created WS server on endpoint: /ws
2026-05-20 23:07:24.116 INFO  o.code_studio.ComPortSchedulerTask - <tcpserver><info> Barcode communication enabled. COM port open: COM3
2026-05-20 23:07:25.519 INFO  o.c.TcpServerConfig$$SpringCGLIB$$0 - <tcpserver><info> Connection established: 127.0.0.1:53409:18196:d8599fd4-adbd-4d27-95ca-c5a5ae9f3ec5
2026-05-20 23:07:25.522 INFO  o.c.CraneClientConnectedListener - <tcpsvr><info> CraneClientConnectedEvent detected
2026-05-20 23:07:25.524 INFO  o.c.TcpServerConfig$$SpringCGLIB$$0 - <tcpclient><info> Connection established: 127.0.0.1:18196:53409:843d9f62-05f8-4a0e-9733-40cb997e752d
2026-05-20 23:07:25.565 WARN  o.c.ApplicationReadyListener - <tcpsvr><info> Message Flow Automation Debug is ENABLED
2026-05-20 23:07:25.629 INFO  o.c.controller.TcpMessageController - <tcpclient><send> LVS1UST1DA120020052026230725????????01???????001
2026-05-20 23:07:25.672 INFO  o.c.CraneClientConnectedListener - <tcpclient><send> DAYSTART message sent to Crane server
2026-05-20 23:07:25.709 INFO  o.c.TcpServerConfig$$SpringCGLIB$$0 - <tcpserver><recv> LVS1UST1DA120020052026230725????????01???????001
2026-05-20 23:07:25.743 WARN  o.c.m.IncomingMessageProcessor - MessageProcessor::handleError->StatusCode.STATUSUNKNOWN
2026-05-20 23:07:25.749 INFO  o.c.m.IncomingMessageProcessor - SENDER LVS1 | RECEIVER UST1 | MESSAGETYPE DAYSTART | ORDINAL 12 | ERRORCODE OK | SOURCE 20052026 | TARGET 230725 | REPORTPOINT RPUNKNOWN | LETYPE LEUNKNOWN | STATUSCODE AUTOMATIONENABLED | USERDATA null | RAWMESSAGE LVS1UST1DA120020052026230725????????01???????001
2026-05-20 23:07:28.774 INFO  o.c.controller.TcpMessageController - <tcpclient><send> UST1LVS111130020052026230725????????01???????001
2026-05-20 23:07:28.777 INFO  o.c.TcpClientConfig$$SpringCGLIB$$0 - <tcpclient><recv> LVS1UST1DA120020052026230725????????01???????001
2026-05-20 23:07:28.777 INFO  o.c.TcpServerConfig$$SpringCGLIB$$0 - <tcpserver><recv> UST1LVS111130020052026230725????????01???????001
2026-05-20 23:07:28.778 WARN  o.c.m.IncomingMessageProcessor - MessageProcessor::handleError->StatusCode.STATUSUNKNOWN
2026-05-20 23:07:28.778 INFO  o.c.m.IncomingMessageProcessor - SENDER UST1 | RECEIVER LVS1 | MESSAGETYPE DAYSTART | ORDINAL 13 | ERRORCODE OK | SOURCE 20052026 | TARGET 230728 | REPORTPOINT RPUNKNOWN | LETYPE LEUNKNOWN | STATUSCODE AUTOMATIONENABLED | USERDATA null | RAWMESSAGE UST1LVS111130020052026230725????????01???????001
2026-05-20 23:07:28.780 INFO  o.c.TcpClientConfig$$SpringCGLIB$$0 - <tcpclient><recv> LVS1UST1AA130020052026230725????????01???????001
2026-05-20 23:11:23.718 INFO  o.c.ApplicationCloseListener - <tcpserver><info> ApplicationContextClosedEvent detected
2026-05-20 23:11:23.741 INFO  org.code_studio.BarcodeConfig - <tcpserver><info> Barcode communication - COM port closed: COM3
2026-05-20 23:11:23.742 INFO  o.c.ApplicationCloseListener - <tcpserver><info> Waiting for 3000 msec to receive DAYEND confirmation from CRANE, and then close the TCP connection.
2026-05-20 23:11:26.799 INFO  o.c.TcpServerConfig$$SpringCGLIB$$0 - <tcpclient><info> Connection closed: 127.0.0.1:18196:53409:843d9f62-05f8-4a0e-9733-40cb997e752d
2026-05-20 23:11:26.810 INFO  o.c.TcpServerConfig$$SpringCGLIB$$0 - <tcpserver><info> Connection closed: 127.0.0.1:53409:18196:d8599fd4-adbd-4d27-95ca-c5a5ae9f3ec5
2026-05-20 23:11:47.854 INFO  o.code_studio.ComPortSchedulerTask - <tcpserver><info> Trying to open COM port for Barcode communication
2026-05-20 23:11:48.011 INFO  o.c.WebSocketServerConfig$$SpringCGLIB$$0 - <wsserver><info> Created WS channel: /app/topic
2026-05-20 23:11:48.206 INFO  o.c.TcpServerConfig$$SpringCGLIB$$0 - <tcpserver><info> TCP server started on port: 18196
2026-05-20 23:11:48.216 INFO  o.c.TcpClientConfig$$SpringCGLIB$$0 - <tcpclient><info> TCP client has been created for server: localhost:18196
2026-05-20 23:11:48.338 INFO  o.c.WebSocketServerConfig$$SpringCGLIB$$0 - <wsserver><info> Created WS server on endpoint: /ws
2026-05-20 23:11:49.070 INFO  o.code_studio.ComPortSchedulerTask - <tcpserver><info> Barcode communication enabled. COM port open: COM3
2026-05-20 23:11:49.658 INFO  o.c.TcpServerConfig$$SpringCGLIB$$0 - <tcpclient><info> Connection established: 127.0.0.1:18196:53498:be42ad11-eb67-42d8-905f-1465f24687f1
2026-05-20 23:11:49.658 INFO  o.c.TcpServerConfig$$SpringCGLIB$$0 - <tcpserver><info> Connection established: 127.0.0.1:53498:18196:1bbd9044-a158-4aa0-98a6-0c308a758e20
2026-05-20 23:11:49.660 INFO  o.c.CraneClientConnectedListener - <tcpsvr><info> CraneClientConnectedEvent detected
2026-05-20 23:11:49.734 WARN  o.c.ApplicationReadyListener - <tcpsvr><info> Message Flow Automation Debug is ENABLED
2026-05-20 23:11:49.756 INFO  o.c.controller.TcpMessageController - <tcpclient><send> LVS1UST1DA140020052026231149????????01???????001
2026-05-20 23:11:49.779 INFO  o.c.CraneClientConnectedListener - <tcpclient><send> DAYSTART message sent to Crane server
2026-05-20 23:11:49.801 INFO  o.c.TcpServerConfig$$SpringCGLIB$$0 - <tcpserver><recv> LVS1UST1DA140020052026231149????????01???????001
2026-05-20 23:11:49.871 WARN  o.c.m.IncomingMessageProcessor - MessageProcessor::handleError->StatusCode.STATUSUNKNOWN
2026-05-20 23:11:49.876 INFO  o.c.m.IncomingMessageProcessor - SENDER LVS1 | RECEIVER UST1 | MESSAGETYPE DAYSTART | ORDINAL 14 | ERRORCODE OK | SOURCE 20052026 | TARGET 231149 | REPORTPOINT RPUNKNOWN | LETYPE LEUNKNOWN | STATUSCODE AUTOMATIONENABLED | USERDATA null | RAWMESSAGE LVS1UST1DA140020052026231149????????01???????001
2026-05-20 23:11:52.924 INFO  o.c.controller.TcpMessageController - <tcpclient><send> UST1LVS111150020052026231149????????01???????001
2026-05-20 23:11:52.927 INFO  o.c.TcpClientConfig$$SpringCGLIB$$0 - <tcpclient><recv> LVS1UST1DA140020052026231149????????01???????001
2026-05-20 23:11:52.929 INFO  o.c.TcpServerConfig$$SpringCGLIB$$0 - <tcpserver><recv> UST1LVS111150020052026231149????????01???????001
2026-05-20 23:11:52.933 WARN  o.c.m.IncomingMessageProcessor - MessageProcessor::handleError->StatusCode.STATUSUNKNOWN
2026-05-20 23:11:52.933 INFO  o.c.m.IncomingMessageProcessor - SENDER UST1 | RECEIVER LVS1 | MESSAGETYPE DAYSTART | ORDINAL 15 | ERRORCODE OK | SOURCE 20052026 | TARGET 231152 | REPORTPOINT RPUNKNOWN | LETYPE LEUNKNOWN | STATUSCODE AUTOMATIONENABLED | USERDATA null | RAWMESSAGE UST1LVS111150020052026231149????????01???????001
2026-05-20 23:11:52.935 INFO  o.c.TcpClientConfig$$SpringCGLIB$$0 - <tcpclient><recv> LVS1UST1AA150020052026231149????????01???????001
2026-05-20 23:15:09.091 INFO  o.c.ApplicationCloseListener - <tcpserver><info> ApplicationContextClosedEvent detected
2026-05-20 23:15:09.105 INFO  org.code_studio.BarcodeConfig - <tcpserver><info> Barcode communication - COM port closed: COM3
2026-05-20 23:15:09.106 INFO  o.c.ApplicationCloseListener - <tcpserver><info> Waiting for 3000 msec to receive DAYEND confirmation from CRANE, and then close the TCP connection.
2026-05-20 23:15:12.173 INFO  o.c.TcpServerConfig$$SpringCGLIB$$0 - <tcpclient><info> Connection closed: 127.0.0.1:18196:53498:be42ad11-eb67-42d8-905f-1465f24687f1
2026-05-20 23:15:12.184 INFO  o.c.TcpServerConfig$$SpringCGLIB$$0 - <tcpserver><info> Connection closed: 127.0.0.1:53498:18196:1bbd9044-a158-4aa0-98a6-0c308a758e20
2026-05-20 23:15:28.798 INFO  o.code_studio.ComPortSchedulerTask - <tcpserver><info> Trying to open COM port for Barcode communication
2026-05-20 23:15:29.159 INFO  o.c.WebSocketServerConfig$$SpringCGLIB$$0 - <wsserver><info> Created WS channel: /app/topic
2026-05-20 23:15:29.341 INFO  o.c.TcpServerConfig$$SpringCGLIB$$0 - <tcpserver><info> TCP server started on port: 18196
2026-05-20 23:15:29.349 INFO  o.c.TcpClientConfig$$SpringCGLIB$$0 - <tcpclient><info> TCP client has been created for server: localhost:18196
2026-05-20 23:15:29.441 INFO  o.c.WebSocketServerConfig$$SpringCGLIB$$0 - <wsserver><info> Created WS server on endpoint: /ws
2026-05-20 23:15:30.605 INFO  o.code_studio.ComPortSchedulerTask - <tcpserver><info> Barcode communication enabled. COM port open: COM3
2026-05-20 23:15:31.073 INFO  o.c.TcpServerConfig$$SpringCGLIB$$0 - <tcpserver><info> Connection established: 127.0.0.1:53592:18196:08aeda78-71f7-4fa4-a6ec-a07729f06cee
2026-05-20 23:15:31.073 INFO  o.c.TcpServerConfig$$SpringCGLIB$$0 - <tcpclient><info> Connection established: 127.0.0.1:18196:53592:5e590222-cab4-4465-89d2-537fac407d13
2026-05-20 23:15:31.075 INFO  o.c.CraneClientConnectedListener - <tcpsvr><info> CraneClientConnectedEvent detected
2026-05-20 23:15:31.137 INFO  o.c.controller.TcpMessageController - <tcpclient><send> LVS1UST1DA160020052026231531????????01???????001
2026-05-20 23:15:31.150 INFO  o.c.CraneClientConnectedListener - <tcpclient><send> DAYSTART message sent to Crane server
2026-05-20 23:15:31.165 WARN  o.c.ApplicationReadyListener - <tcpsvr><info> Message Flow Automation Debug is ENABLED
2026-05-20 23:15:31.188 INFO  o.c.TcpServerConfig$$SpringCGLIB$$0 - <tcpserver><recv> LVS1UST1DA160020052026231531????????01???????001
2026-05-20 23:15:31.214 WARN  o.c.m.IncomingMessageProcessor - MessageProcessor::handleError->StatusCode.STATUSUNKNOWN
2026-05-20 23:15:31.221 INFO  o.c.m.IncomingMessageProcessor - SENDER LVS1 | RECEIVER UST1 | MESSAGETYPE DAYSTART | ORDINAL 16 | ERRORCODE OK | SOURCE 20052026 | TARGET 231531 | REPORTPOINT RPUNKNOWN | LETYPE LEUNKNOWN | STATUSCODE AUTOMATIONENABLED | USERDATA null | RAWMESSAGE LVS1UST1DA160020052026231531????????01???????001
2026-05-20 23:15:34.242 INFO  o.c.controller.TcpMessageController - <tcpclient><send> UST1LVS111170020052026231531????????01???????001
2026-05-20 23:15:34.247 INFO  o.c.TcpClientConfig$$SpringCGLIB$$0 - <tcpclient><recv> LVS1UST1DA160020052026231531????????01???????001
2026-05-20 23:15:34.247 INFO  o.c.TcpServerConfig$$SpringCGLIB$$0 - <tcpserver><recv> UST1LVS111170020052026231531????????01???????001
2026-05-20 23:15:34.248 WARN  o.c.m.IncomingMessageProcessor - MessageProcessor::handleError->StatusCode.STATUSUNKNOWN
2026-05-20 23:15:34.248 INFO  o.c.m.IncomingMessageProcessor - SENDER UST1 | RECEIVER LVS1 | MESSAGETYPE DAYSTART | ORDINAL 17 | ERRORCODE OK | SOURCE 20052026 | TARGET 231534 | REPORTPOINT RPUNKNOWN | LETYPE LEUNKNOWN | STATUSCODE AUTOMATIONENABLED | USERDATA null | RAWMESSAGE UST1LVS111170020052026231531????????01???????001
2026-05-20 23:15:34.250 INFO  o.c.TcpClientConfig$$SpringCGLIB$$0 - <tcpclient><recv> LVS1UST1AA170020052026231531????????01???????001
2026-05-20 23:19:13.417 INFO  o.c.ApplicationCloseListener - <tcpserver><info> ApplicationContextClosedEvent detected
2026-05-20 23:19:13.433 INFO  org.code_studio.BarcodeConfig - <tcpserver><info> Barcode communication - COM port closed: COM3
2026-05-20 23:19:13.434 INFO  o.c.ApplicationCloseListener - <tcpserver><info> Waiting for 3000 msec to receive DAYEND confirmation from CRANE, and then close the TCP connection.
2026-05-20 23:19:16.491 INFO  o.c.TcpServerConfig$$SpringCGLIB$$0 - <tcpclient><info> Connection closed: 127.0.0.1:18196:53592:5e590222-cab4-4465-89d2-537fac407d13
2026-05-20 23:19:16.504 INFO  o.c.TcpServerConfig$$SpringCGLIB$$0 - <tcpserver><info> Connection closed: 127.0.0.1:53592:18196:08aeda78-71f7-4fa4-a6ec-a07729f06cee
2026-05-20 23:19:28.342 INFO  o.code_studio.ComPortSchedulerTask - <tcpserver><info> Trying to open COM port for Barcode communication
2026-05-20 23:19:28.521 INFO  o.c.WebSocketServerConfig$$SpringCGLIB$$0 - <wsserver><info> Created WS channel: /app/topic
2026-05-20 23:19:28.750 INFO  o.c.TcpServerConfig$$SpringCGLIB$$0 - <tcpserver><info> TCP server started on port: 18196
2026-05-20 23:19:28.760 INFO  o.c.TcpClientConfig$$SpringCGLIB$$0 - <tcpclient><info> TCP client has been created for server: localhost:18196
2026-05-20 23:19:28.861 INFO  o.c.WebSocketServerConfig$$SpringCGLIB$$0 - <wsserver><info> Created WS server on endpoint: /ws
2026-05-20 23:19:29.877 INFO  o.code_studio.ComPortSchedulerTask - <tcpserver><info> Barcode communication enabled. COM port open: COM3
2026-05-20 23:19:30.775 INFO  o.c.TcpServerConfig$$SpringCGLIB$$0 - <tcpserver><info> Connection established: 127.0.0.1:53691:18196:92a51d5b-45a1-46a6-8624-f752dbbaf4dc
2026-05-20 23:19:30.775 INFO  o.c.TcpServerConfig$$SpringCGLIB$$0 - <tcpclient><info> Connection established: 127.0.0.1:18196:53691:9546d02a-d3d9-406d-b20a-b3ad246241ee
2026-05-20 23:19:30.777 INFO  o.c.CraneClientConnectedListener - <tcpsvr><info> CraneClientConnectedEvent detected
2026-05-20 23:19:30.818 WARN  o.c.ApplicationReadyListener - <tcpsvr><info> Message Flow Automation Debug is ENABLED
2026-05-20 23:19:30.839 INFO  o.c.controller.TcpMessageController - <tcpclient><send> LVS1UST1DA180020052026231930????????01???????001
2026-05-20 23:19:30.861 INFO  o.c.CraneClientConnectedListener - <tcpclient><send> DAYSTART message sent to Crane server
2026-05-20 23:19:30.898 INFO  o.c.TcpServerConfig$$SpringCGLIB$$0 - <tcpserver><recv> LVS1UST1DA180020052026231930????????01???????001
2026-05-20 23:19:30.925 WARN  o.c.m.IncomingMessageProcessor - MessageProcessor::handleError->StatusCode.STATUSUNKNOWN
2026-05-20 23:19:30.929 INFO  o.c.m.IncomingMessageProcessor - SENDER LVS1 | RECEIVER UST1 | MESSAGETYPE DAYSTART | ORDINAL 18 | ERRORCODE OK | SOURCE 20052026 | TARGET 231930 | REPORTPOINT RPUNKNOWN | LETYPE LEUNKNOWN | STATUSCODE AUTOMATIONENABLED | USERDATA null | RAWMESSAGE LVS1UST1DA180020052026231930????????01???????001
2026-05-20 23:19:33.954 INFO  o.c.controller.TcpMessageController - <tcpclient><send> UST1LVS111190020052026231930????????01???????001
2026-05-20 23:19:33.958 INFO  o.c.TcpClientConfig$$SpringCGLIB$$0 - <tcpclient><recv> LVS1UST1DA180020052026231930????????01???????001
2026-05-20 23:19:33.959 INFO  o.c.TcpServerConfig$$SpringCGLIB$$0 - <tcpserver><recv> UST1LVS111190020052026231930????????01???????001
2026-05-20 23:19:33.959 WARN  o.c.m.IncomingMessageProcessor - MessageProcessor::handleError->StatusCode.STATUSUNKNOWN
2026-05-20 23:19:33.959 INFO  o.c.m.IncomingMessageProcessor - SENDER UST1 | RECEIVER LVS1 | MESSAGETYPE DAYSTART | ORDINAL 19 | ERRORCODE OK | SOURCE 20052026 | TARGET 231933 | REPORTPOINT RPUNKNOWN | LETYPE LEUNKNOWN | STATUSCODE AUTOMATIONENABLED | USERDATA null | RAWMESSAGE UST1LVS111190020052026231930????????01???????001
2026-05-20 23:19:33.961 INFO  o.c.TcpClientConfig$$SpringCGLIB$$0 - <tcpclient><recv> LVS1UST1AA190020052026231930????????01???????001
2026-05-20 23:19:42.755 INFO  o.c.ApplicationCloseListener - <tcpserver><info> ApplicationContextClosedEvent detected
2026-05-20 23:19:42.757 INFO  org.code_studio.BarcodeConfig - <tcpserver><info> Barcode communication - COM port closed: COM3
2026-05-20 23:19:42.758 INFO  o.c.ApplicationCloseListener - <tcpserver><info> Waiting for 3000 msec to receive DAYEND confirmation from CRANE, and then close the TCP connection.
2026-05-20 23:19:45.769 INFO  o.c.TcpServerConfig$$SpringCGLIB$$0 - <tcpclient><info> Connection closed: 127.0.0.1:18196:53691:9546d02a-d3d9-406d-b20a-b3ad246241ee
2026-05-20 23:19:45.776 INFO  o.c.TcpServerConfig$$SpringCGLIB$$0 - <tcpserver><info> Connection closed: 127.0.0.1:53691:18196:92a51d5b-45a1-46a6-8624-f752dbbaf4dc
2026-05-20 23:20:04.001 INFO  o.code_studio.ComPortSchedulerTask - <tcpserver><info> Trying to open COM port for Barcode communication
2026-05-20 23:20:04.142 INFO  o.c.WebSocketServerConfig$$SpringCGLIB$$0 - <wsserver><info> Created WS channel: /app/topic
2026-05-20 23:20:04.370 INFO  o.c.TcpServerConfig$$SpringCGLIB$$0 - <tcpserver><info> TCP server started on port: 18196
2026-05-20 23:20:04.383 INFO  o.c.TcpClientConfig$$SpringCGLIB$$0 - <tcpclient><info> TCP client has been created for server: localhost:18196
2026-05-20 23:20:04.483 INFO  o.c.WebSocketServerConfig$$SpringCGLIB$$0 - <wsserver><info> Created WS server on endpoint: /ws
2026-05-20 23:20:05.651 INFO  o.c.TcpServerConfig$$SpringCGLIB$$0 - <tcpserver><info> Connection established: 127.0.0.1:53719:18196:36b8438e-b7a2-45c7-bb7a-e585fcc15abd
2026-05-20 23:20:05.651 INFO  o.c.TcpServerConfig$$SpringCGLIB$$0 - <tcpclient><info> Connection established: 127.0.0.1:18196:53719:6483cd94-f8fa-4d25-82d0-3acf190ef1c1
2026-05-20 23:20:05.654 INFO  o.c.CraneClientConnectedListener - <tcpsvr><info> CraneClientConnectedEvent detected
2026-05-20 23:20:05.712 WARN  o.c.ApplicationReadyListener - <tcpsvr><info> Message Flow Automation Debug is ENABLED
2026-05-20 23:20:05.713 INFO  o.code_studio.ComPortSchedulerTask - <tcpserver><info> Barcode communication enabled. COM port open: COM3
2026-05-20 23:20:05.715 INFO  o.c.controller.TcpMessageController - <tcpclient><send> LVS1UST1DA200020052026232005????????01???????001
2026-05-20 23:20:05.730 INFO  o.c.CraneClientConnectedListener - <tcpclient><send> DAYSTART message sent to Crane server
2026-05-20 23:20:05.746 INFO  o.c.TcpServerConfig$$SpringCGLIB$$0 - <tcpserver><recv> LVS1UST1DA200020052026232005????????01???????001
2026-05-20 23:20:05.826 WARN  o.c.m.IncomingMessageProcessor - MessageProcessor::handleError->StatusCode.STATUSUNKNOWN
2026-05-20 23:20:05.832 INFO  o.c.m.IncomingMessageProcessor - SENDER LVS1 | RECEIVER UST1 | MESSAGETYPE DAYSTART | ORDINAL 20 | ERRORCODE OK | SOURCE 20052026 | TARGET 232005 | REPORTPOINT RPUNKNOWN | LETYPE LEUNKNOWN | STATUSCODE AUTOMATIONENABLED | USERDATA null | RAWMESSAGE LVS1UST1DA200020052026232005????????01???????001
2026-05-20 23:20:08.853 INFO  o.c.controller.TcpMessageController - <tcpclient><send> UST1LVS111210020052026232005????????01???????001
2026-05-20 23:20:08.856 INFO  o.c.TcpClientConfig$$SpringCGLIB$$0 - <tcpclient><recv> LVS1UST1DA200020052026232005????????01???????001
2026-05-20 23:20:08.856 INFO  o.c.TcpServerConfig$$SpringCGLIB$$0 - <tcpserver><recv> UST1LVS111210020052026232005????????01???????001
2026-05-20 23:20:08.857 WARN  o.c.m.IncomingMessageProcessor - MessageProcessor::handleError->StatusCode.STATUSUNKNOWN
2026-05-20 23:20:08.857 INFO  o.c.m.IncomingMessageProcessor - SENDER UST1 | RECEIVER LVS1 | MESSAGETYPE DAYSTART | ORDINAL 21 | ERRORCODE OK | SOURCE 20052026 | TARGET 232008 | REPORTPOINT RPUNKNOWN | LETYPE LEUNKNOWN | STATUSCODE AUTOMATIONENABLED | USERDATA null | RAWMESSAGE UST1LVS111210020052026232005????????01???????001
2026-05-20 23:20:08.859 INFO  o.c.TcpClientConfig$$SpringCGLIB$$0 - <tcpclient><recv> LVS1UST1AA210020052026232005????????01???????001
2026-05-20 23:30:06.198 INFO  o.c.ApplicationCloseListener - <tcpserver><info> ApplicationContextClosedEvent detected
2026-05-20 23:30:06.225 INFO  org.code_studio.BarcodeConfig - <tcpserver><info> Barcode communication - COM port closed: COM3
2026-05-20 23:30:06.226 INFO  o.c.ApplicationCloseListener - <tcpserver><info> Waiting for 3000 msec to receive DAYEND confirmation from CRANE, and then close the TCP connection.
2026-05-20 23:30:09.314 INFO  o.c.TcpServerConfig$$SpringCGLIB$$0 - <tcpclient><info> Connection closed: 127.0.0.1:18196:53719:6483cd94-f8fa-4d25-82d0-3acf190ef1c1
2026-05-20 23:30:09.331 INFO  o.c.TcpServerConfig$$SpringCGLIB$$0 - <tcpserver><info> Connection closed: 127.0.0.1:53719:18196:36b8438e-b7a2-45c7-bb7a-e585fcc15abd
2026-05-20 23:30:33.480 INFO  o.code_studio.ComPortSchedulerTask - <tcpserver><info> Trying to open COM port for Barcode communication
2026-05-20 23:30:33.676 INFO  o.c.WebSocketServerConfig$$SpringCGLIB$$0 - <wsserver><info> Created WS channel: /app/topic
2026-05-20 23:30:33.929 INFO  o.c.TcpServerConfig$$SpringCGLIB$$0 - <tcpserver><info> TCP server started on port: 18196
2026-05-20 23:30:33.940 INFO  o.c.TcpClientConfig$$SpringCGLIB$$0 - <tcpclient><info> TCP client has been created for server: localhost:18196
2026-05-20 23:30:34.072 INFO  o.c.WebSocketServerConfig$$SpringCGLIB$$0 - <wsserver><info> Created WS server on endpoint: /ws
2026-05-20 23:30:34.219 INFO  o.code_studio.ComPortSchedulerTask - <tcpserver><info> Barcode communication enabled. COM port open: COM3
2026-05-20 23:30:35.849 INFO  o.c.TcpServerConfig$$SpringCGLIB$$0 - <tcpclient><info> Connection established: 127.0.0.1:18196:53932:50d2e419-5668-40d3-9d73-19bcebd2ddac
2026-05-20 23:30:35.851 INFO  o.c.TcpServerConfig$$SpringCGLIB$$0 - <tcpserver><info> Connection established: 127.0.0.1:53932:18196:a36e5388-7c00-4a75-b3c7-494d55e5145c
2026-05-20 23:30:35.857 INFO  o.c.CraneClientConnectedListener - <tcpsvr><info> CraneClientConnectedEvent detected
2026-05-20 23:30:35.904 WARN  o.c.ApplicationReadyListener - <tcpsvr><info> Message Flow Automation Debug is ENABLED
2026-05-20 23:30:35.949 INFO  o.c.controller.TcpMessageController - <tcpclient><send> LVS1UST1DA220020052026233035????????01???????001
2026-05-20 23:30:35.964 INFO  o.c.CraneClientConnectedListener - <tcpclient><send> DAYSTART message sent to Crane server
2026-05-20 23:30:35.988 INFO  o.c.TcpServerConfig$$SpringCGLIB$$0 - <tcpserver><recv> LVS1UST1DA220020052026233035????????01???????001
2026-05-20 23:30:36.013 WARN  o.c.m.IncomingMessageProcessor - MessageProcessor::handleError->StatusCode.STATUSUNKNOWN
2026-05-20 23:30:36.018 INFO  o.c.m.IncomingMessageProcessor - SENDER LVS1 | RECEIVER UST1 | MESSAGETYPE DAYSTART | ORDINAL 22 | ERRORCODE OK | SOURCE 20052026 | TARGET 233036 | REPORTPOINT RPUNKNOWN | LETYPE LEUNKNOWN | STATUSCODE AUTOMATIONENABLED | USERDATA null | RAWMESSAGE LVS1UST1DA220020052026233035????????01???????001
2026-05-20 23:30:39.042 INFO  o.c.controller.TcpMessageController - <tcpclient><send> UST1LVS111230020052026233036????????01???????001
2026-05-20 23:30:39.046 INFO  o.c.TcpClientConfig$$SpringCGLIB$$0 - <tcpclient><recv> LVS1UST1DA220020052026233035????????01???????001
2026-05-20 23:30:39.047 INFO  o.c.TcpServerConfig$$SpringCGLIB$$0 - <tcpserver><recv> UST1LVS111230020052026233036????????01???????001
2026-05-20 23:30:39.048 WARN  o.c.m.IncomingMessageProcessor - MessageProcessor::handleError->StatusCode.STATUSUNKNOWN
2026-05-20 23:30:39.049 INFO  o.c.m.IncomingMessageProcessor - SENDER UST1 | RECEIVER LVS1 | MESSAGETYPE DAYSTART | ORDINAL 23 | ERRORCODE OK | SOURCE 20052026 | TARGET 233039 | REPORTPOINT RPUNKNOWN | LETYPE LEUNKNOWN | STATUSCODE AUTOMATIONENABLED | USERDATA null | RAWMESSAGE UST1LVS111230020052026233036????????01???????001
2026-05-20 23:30:39.051 INFO  o.c.TcpClientConfig$$SpringCGLIB$$0 - <tcpclient><recv> LVS1UST1AA230020052026233036????????01???????001
2026-05-20 23:34:59.902 INFO  o.c.ApplicationCloseListener - <tcpserver><info> ApplicationContextClosedEvent detected
2026-05-20 23:34:59.928 INFO  org.code_studio.BarcodeConfig - <tcpserver><info> Barcode communication - COM port closed: COM3
2026-05-20 23:34:59.929 INFO  o.c.ApplicationCloseListener - <tcpserver><info> Waiting for 3000 msec to receive DAYEND confirmation from CRANE, and then close the TCP connection.
2026-05-20 23:35:03.012 INFO  o.c.TcpServerConfig$$SpringCGLIB$$0 - <tcpclient><info> Connection closed: 127.0.0.1:18196:53932:50d2e419-5668-40d3-9d73-19bcebd2ddac
2026-05-20 23:35:03.028 INFO  o.c.TcpServerConfig$$SpringCGLIB$$0 - <tcpserver><info> Connection closed: 127.0.0.1:53932:18196:a36e5388-7c00-4a75-b3c7-494d55e5145c
2026-05-20 23:35:12.500 INFO  o.code_studio.ComPortSchedulerTask - <tcpserver><info> Trying to open COM port for Barcode communication
2026-05-20 23:35:12.655 INFO  o.c.WebSocketServerConfig$$SpringCGLIB$$0 - <wsserver><info> Created WS channel: /app/topic
2026-05-20 23:35:12.843 INFO  o.c.TcpServerConfig$$SpringCGLIB$$0 - <tcpserver><info> TCP server started on port: 18196
2026-05-20 23:35:12.853 INFO  o.c.TcpClientConfig$$SpringCGLIB$$0 - <tcpclient><info> TCP client has been created for server: localhost:18196
2026-05-20 23:35:12.980 INFO  o.c.WebSocketServerConfig$$SpringCGLIB$$0 - <wsserver><info> Created WS server on endpoint: /ws
2026-05-20 23:35:13.290 INFO  o.code_studio.ComPortSchedulerTask - <tcpserver><info> Barcode communication enabled. COM port open: COM3
2026-05-20 23:35:14.727 INFO  o.c.TcpServerConfig$$SpringCGLIB$$0 - <tcpclient><info> Connection established: 127.0.0.1:18196:54043:6911645c-5604-4db4-9587-b4e4cb309790
2026-05-20 23:35:14.727 INFO  o.c.TcpServerConfig$$SpringCGLIB$$0 - <tcpserver><info> Connection established: 127.0.0.1:54043:18196:686b41fd-43f0-45ae-9b38-d728bfdaa632
2026-05-20 23:35:14.729 INFO  o.c.CraneClientConnectedListener - <tcpsvr><info> CraneClientConnectedEvent detected
2026-05-20 23:35:14.783 WARN  o.c.ApplicationReadyListener - <tcpsvr><info> Message Flow Automation Debug is ENABLED
2026-05-20 23:35:14.802 INFO  o.c.controller.TcpMessageController - <tcpclient><send> LVS1UST1DA240020052026233514????????01???????001
2026-05-20 23:35:14.818 INFO  o.c.CraneClientConnectedListener - <tcpclient><send> DAYSTART message sent to Crane server
2026-05-20 23:35:14.847 INFO  o.c.TcpServerConfig$$SpringCGLIB$$0 - <tcpserver><recv> LVS1UST1DA240020052026233514????????01???????001
2026-05-20 23:35:14.874 WARN  o.c.m.IncomingMessageProcessor - MessageProcessor::handleError->StatusCode.STATUSUNKNOWN
2026-05-20 23:35:14.881 INFO  o.c.m.IncomingMessageProcessor - SENDER LVS1 | RECEIVER UST1 | MESSAGETYPE DAYSTART | ORDINAL 24 | ERRORCODE OK | SOURCE 20052026 | TARGET 233514 | REPORTPOINT RPUNKNOWN | LETYPE LEUNKNOWN | STATUSCODE AUTOMATIONENABLED | USERDATA null | RAWMESSAGE LVS1UST1DA240020052026233514????????01???????001
2026-05-20 23:35:17.907 INFO  o.c.controller.TcpMessageController - <tcpclient><send> UST1LVS111250020052026233514????????01???????001
2026-05-20 23:35:17.910 INFO  o.c.TcpClientConfig$$SpringCGLIB$$0 - <tcpclient><recv> LVS1UST1DA240020052026233514????????01???????001
2026-05-20 23:35:17.913 INFO  o.c.TcpServerConfig$$SpringCGLIB$$0 - <tcpserver><recv> UST1LVS111250020052026233514????????01???????001
2026-05-20 23:35:17.914 WARN  o.c.m.IncomingMessageProcessor - MessageProcessor::handleError->StatusCode.STATUSUNKNOWN
2026-05-20 23:35:17.915 INFO  o.c.m.IncomingMessageProcessor - SENDER UST1 | RECEIVER LVS1 | MESSAGETYPE DAYSTART | ORDINAL 25 | ERRORCODE OK | SOURCE 20052026 | TARGET 233517 | REPORTPOINT RPUNKNOWN | LETYPE LEUNKNOWN | STATUSCODE AUTOMATIONENABLED | USERDATA null | RAWMESSAGE UST1LVS111250020052026233514????????01???????001
2026-05-20 23:35:17.917 INFO  o.c.TcpClientConfig$$SpringCGLIB$$0 - <tcpclient><recv> LVS1UST1AA250020052026233514????????01???????001
2026-05-20 23:40:31.144 INFO  o.c.ApplicationCloseListener - <tcpserver><info> ApplicationContextClosedEvent detected
2026-05-20 23:40:31.169 INFO  org.code_studio.BarcodeConfig - <tcpserver><info> Barcode communication - COM port closed: COM3
2026-05-20 23:40:31.170 INFO  o.c.ApplicationCloseListener - <tcpserver><info> Waiting for 3000 msec to receive DAYEND confirmation from CRANE, and then close the TCP connection.
2026-05-20 23:40:34.218 INFO  o.c.TcpServerConfig$$SpringCGLIB$$0 - <tcpclient><info> Connection closed: 127.0.0.1:18196:54043:6911645c-5604-4db4-9587-b4e4cb309790
2026-05-20 23:40:34.229 INFO  o.c.TcpServerConfig$$SpringCGLIB$$0 - <tcpserver><info> Connection closed: 127.0.0.1:54043:18196:686b41fd-43f0-45ae-9b38-d728bfdaa632
2026-05-20 23:40:48.878 INFO  o.code_studio.ComPortSchedulerTask - <tcpserver><info> Trying to open COM port for Barcode communication
2026-05-20 23:40:49.020 INFO  o.c.WebSocketServerConfig$$SpringCGLIB$$0 - <wsserver><info> Created WS channel: /app/topic
2026-05-20 23:40:49.205 INFO  o.c.TcpServerConfig$$SpringCGLIB$$0 - <tcpserver><info> TCP server started on port: 18196
2026-05-20 23:40:49.213 INFO  o.c.TcpClientConfig$$SpringCGLIB$$0 - <tcpclient><info> TCP client has been created for server: localhost:18196
2026-05-20 23:40:49.301 INFO  o.c.WebSocketServerConfig$$SpringCGLIB$$0 - <wsserver><info> Created WS server on endpoint: /ws
2026-05-20 23:40:49.798 INFO  o.code_studio.ComPortSchedulerTask - <tcpserver><info> Barcode communication enabled. COM port open: COM3
2026-05-20 23:40:50.606 INFO  o.c.TcpServerConfig$$SpringCGLIB$$0 - <tcpclient><info> Connection established: 127.0.0.1:18196:54130:19694217-5cf1-4670-9678-3098bba8f087
2026-05-20 23:40:50.607 INFO  o.c.TcpServerConfig$$SpringCGLIB$$0 - <tcpserver><info> Connection established: 127.0.0.1:54130:18196:c93a8b66-2ddd-425d-8cb1-c423e46f43b8
2026-05-20 23:40:50.609 INFO  o.c.CraneClientConnectedListener - <tcpsvr><info> CraneClientConnectedEvent detected
2026-05-20 23:40:50.663 WARN  o.c.ApplicationReadyListener - <tcpsvr><info> Message Flow Automation Debug is ENABLED
2026-05-20 23:40:50.674 INFO  o.c.controller.TcpMessageController - <tcpclient><send> LVS1UST1DA260020052026234050????????01???????001
2026-05-20 23:40:50.687 INFO  o.c.CraneClientConnectedListener - <tcpclient><send> DAYSTART message sent to Crane server
2026-05-20 23:40:50.711 INFO  o.c.TcpServerConfig$$SpringCGLIB$$0 - <tcpserver><recv> LVS1UST1DA260020052026234050????????01???????001
2026-05-20 23:40:50.735 WARN  o.c.m.IncomingMessageProcessor - MessageProcessor::handleError->StatusCode.STATUSUNKNOWN
2026-05-20 23:40:50.739 INFO  o.c.m.IncomingMessageProcessor - SENDER LVS1 | RECEIVER UST1 | MESSAGETYPE DAYSTART | ORDINAL 26 | ERRORCODE OK | SOURCE 20052026 | TARGET 234050 | REPORTPOINT RPUNKNOWN | LETYPE LEUNKNOWN | STATUSCODE AUTOMATIONENABLED | USERDATA null | RAWMESSAGE LVS1UST1DA260020052026234050????????01???????001
2026-05-20 23:40:53.760 INFO  o.c.controller.TcpMessageController - <tcpclient><send> UST1LVS111270020052026234050????????01???????001
2026-05-20 23:40:53.762 INFO  o.c.TcpClientConfig$$SpringCGLIB$$0 - <tcpclient><recv> LVS1UST1DA260020052026234050????????01???????001
2026-05-20 23:40:53.763 INFO  o.c.TcpServerConfig$$SpringCGLIB$$0 - <tcpserver><recv> UST1LVS111270020052026234050????????01???????001
2026-05-20 23:40:53.764 WARN  o.c.m.IncomingMessageProcessor - MessageProcessor::handleError->StatusCode.STATUSUNKNOWN
2026-05-20 23:40:53.765 INFO  o.c.m.IncomingMessageProcessor - SENDER UST1 | RECEIVER LVS1 | MESSAGETYPE DAYSTART | ORDINAL 27 | ERRORCODE OK | SOURCE 20052026 | TARGET 234053 | REPORTPOINT RPUNKNOWN | LETYPE LEUNKNOWN | STATUSCODE AUTOMATIONENABLED | USERDATA null | RAWMESSAGE UST1LVS111270020052026234050????????01???????001
2026-05-20 23:40:53.766 INFO  o.c.TcpClientConfig$$SpringCGLIB$$0 - <tcpclient><recv> LVS1UST1AA270020052026234050????????01???????001
2026-05-20 23:46:07.399 INFO  o.c.ApplicationCloseListener - <tcpserver><info> ApplicationContextClosedEvent detected
2026-05-20 23:46:07.410 INFO  org.code_studio.BarcodeConfig - <tcpserver><info> Barcode communication - COM port closed: COM3
2026-05-20 23:46:07.410 INFO  o.c.ApplicationCloseListener - <tcpserver><info> Waiting for 3000 msec to receive DAYEND confirmation from CRANE, and then close the TCP connection.
2026-05-20 23:46:10.499 INFO  o.c.TcpServerConfig$$SpringCGLIB$$0 - <tcpclient><info> Connection closed: 127.0.0.1:18196:54130:19694217-5cf1-4670-9678-3098bba8f087
2026-05-20 23:46:10.524 INFO  o.c.TcpServerConfig$$SpringCGLIB$$0 - <tcpserver><info> Connection closed: 127.0.0.1:54130:18196:c93a8b66-2ddd-425d-8cb1-c423e46f43b8
2026-05-20 23:46:26.804 INFO  o.code_studio.ComPortSchedulerTask - <tcpserver><info> Trying to open COM port for Barcode communication
2026-05-20 23:46:26.954 INFO  o.c.WebSocketServerConfig$$SpringCGLIB$$0 - <wsserver><info> Created WS channel: /app/topic
2026-05-20 23:46:27.176 INFO  o.c.TcpServerConfig$$SpringCGLIB$$0 - <tcpserver><info> TCP server started on port: 18196
2026-05-20 23:46:27.188 INFO  o.c.TcpClientConfig$$SpringCGLIB$$0 - <tcpclient><info> TCP client has been created for server: localhost:18196
2026-05-20 23:46:27.301 INFO  o.c.WebSocketServerConfig$$SpringCGLIB$$0 - <wsserver><info> Created WS server on endpoint: /ws
2026-05-20 23:46:28.540 INFO  o.c.TcpServerConfig$$SpringCGLIB$$0 - <tcpserver><info> Connection established: 127.0.0.1:54252:18196:155b99a1-cacf-4d47-98e4-3fe001401a1c
2026-05-20 23:46:28.540 INFO  o.c.TcpServerConfig$$SpringCGLIB$$0 - <tcpclient><info> Connection established: 127.0.0.1:18196:54252:ef938c4c-cdf0-478c-aee7-176d6bb08394
2026-05-20 23:46:28.542 INFO  o.c.CraneClientConnectedListener - <tcpsvr><info> CraneClientConnectedEvent detected
2026-05-20 23:46:28.599 WARN  o.c.ApplicationReadyListener - <tcpsvr><info> Message Flow Automation Debug is ENABLED
2026-05-20 23:46:28.603 INFO  o.c.controller.TcpMessageController - <tcpclient><send> LVS1UST1DA280020052026234628????????01???????001
2026-05-20 23:46:28.620 INFO  o.c.CraneClientConnectedListener - <tcpclient><send> DAYSTART message sent to Crane server
2026-05-20 23:46:28.647 INFO  o.c.TcpServerConfig$$SpringCGLIB$$0 - <tcpserver><recv> LVS1UST1DA280020052026234628????????01???????001
2026-05-20 23:46:28.673 WARN  o.c.m.IncomingMessageProcessor - MessageProcessor::handleError->StatusCode.STATUSUNKNOWN
2026-05-20 23:46:28.679 INFO  o.c.m.IncomingMessageProcessor - SENDER LVS1 | RECEIVER UST1 | MESSAGETYPE DAYSTART | ORDINAL 28 | ERRORCODE OK | SOURCE 20052026 | TARGET 234628 | REPORTPOINT RPUNKNOWN | LETYPE LEUNKNOWN | STATUSCODE AUTOMATIONENABLED | USERDATA null | RAWMESSAGE LVS1UST1DA280020052026234628????????01???????001
2026-05-20 23:46:31.701 INFO  o.c.controller.TcpMessageController - <tcpclient><send> UST1LVS111290020052026234628????????01???????001
2026-05-20 23:46:31.704 INFO  o.c.TcpClientConfig$$SpringCGLIB$$0 - <tcpclient><recv> LVS1UST1DA280020052026234628????????01???????001
2026-05-20 23:46:31.707 INFO  o.c.TcpServerConfig$$SpringCGLIB$$0 - <tcpserver><recv> UST1LVS111290020052026234628????????01???????001
2026-05-20 23:46:31.712 WARN  o.c.m.IncomingMessageProcessor - MessageProcessor::handleError->StatusCode.STATUSUNKNOWN
2026-05-20 23:46:31.715 INFO  o.c.m.IncomingMessageProcessor - SENDER UST1 | RECEIVER LVS1 | MESSAGETYPE DAYSTART | ORDINAL 29 | ERRORCODE OK | SOURCE 20052026 | TARGET 234631 | REPORTPOINT RPUNKNOWN | LETYPE LEUNKNOWN | STATUSCODE AUTOMATIONENABLED | USERDATA null | RAWMESSAGE UST1LVS111290020052026234628????????01???????001
2026-05-20 23:46:31.718 INFO  o.c.TcpClientConfig$$SpringCGLIB$$0 - <tcpclient><recv> LVS1UST1AA290020052026234628????????01???????001
2026-05-20 23:47:27.702 ERROR o.code_studio.ComPortSchedulerTask - <tcpserver><err> Barcode communication - Unable to open COM port: COM3. Barcode functionality will be DISABLED until COM port gets connected
2026-05-20 23:49:27.703 INFO  o.code_studio.ComPortSchedulerTask - <tcpserver><info> Trying to open COM port for Barcode communication
2026-05-20 23:49:28.291 INFO  o.code_studio.ComPortSchedulerTask - <tcpserver><info> Barcode communication enabled. COM port open: COM3
2026-05-20 23:50:42.192 INFO  o.c.ApplicationCloseListener - <tcpserver><info> ApplicationContextClosedEvent detected
2026-05-20 23:50:42.195 INFO  org.code_studio.BarcodeConfig - <tcpserver><info> Barcode communication - COM port closed: COM3
2026-05-20 23:50:42.197 INFO  o.c.ApplicationCloseListener - <tcpserver><info> Waiting for 3000 msec to receive DAYEND confirmation from CRANE, and then close the TCP connection.
2026-05-20 23:50:45.281 INFO  o.c.TcpServerConfig$$SpringCGLIB$$0 - <tcpclient><info> Connection closed: 127.0.0.1:18196:54252:ef938c4c-cdf0-478c-aee7-176d6bb08394
2026-05-20 23:50:45.305 INFO  o.c.TcpServerConfig$$SpringCGLIB$$0 - <tcpserver><info> Connection closed: 127.0.0.1:54252:18196:155b99a1-cacf-4d47-98e4-3fe001401a1c
2026-05-20 23:50:59.989 INFO  o.code_studio.ComPortSchedulerTask - <tcpserver><info> Trying to open COM port for Barcode communication
2026-05-20 23:51:00.245 INFO  o.c.WebSocketServerConfig$$SpringCGLIB$$0 - <wsserver><info> Created WS channel: /app/topic
2026-05-20 23:51:00.485 INFO  o.c.TcpServerConfig$$SpringCGLIB$$0 - <tcpserver><info> TCP server started on port: 18196
2026-05-20 23:51:00.496 INFO  o.c.TcpClientConfig$$SpringCGLIB$$0 - <tcpclient><info> TCP client has been created for server: localhost:18196
2026-05-20 23:51:00.617 INFO  o.c.WebSocketServerConfig$$SpringCGLIB$$0 - <wsserver><info> Created WS server on endpoint: /ws
2026-05-20 23:51:01.819 INFO  o.code_studio.ComPortSchedulerTask - <tcpserver><info> Barcode communication enabled. COM port open: COM3
2026-05-20 23:51:01.939 INFO  o.c.TcpServerConfig$$SpringCGLIB$$0 - <tcpserver><info> Connection established: 127.0.0.1:54373:18196:fe42086c-e95e-455f-a215-f861e9f59800
2026-05-20 23:51:01.939 INFO  o.c.TcpServerConfig$$SpringCGLIB$$0 - <tcpclient><info> Connection established: 127.0.0.1:18196:54373:d50ac542-b551-4aaf-b583-1ec091d05789
2026-05-20 23:51:01.940 INFO  o.c.CraneClientConnectedListener - <tcpsvr><info> CraneClientConnectedEvent detected
2026-05-20 23:51:01.988 WARN  o.c.ApplicationReadyListener - <tcpsvr><info> Message Flow Automation Debug is ENABLED
2026-05-20 23:51:02.039 INFO  o.c.controller.TcpMessageController - <tcpclient><send> LVS1UST1DA300020052026235102????????01???????001
2026-05-20 23:51:02.055 INFO  o.c.CraneClientConnectedListener - <tcpclient><send> DAYSTART message sent to Crane server
2026-05-20 23:51:02.077 INFO  o.c.TcpServerConfig$$SpringCGLIB$$0 - <tcpserver><recv> LVS1UST1DA300020052026235102????????01???????001
2026-05-20 23:51:02.102 WARN  o.c.m.IncomingMessageProcessor - MessageProcessor::handleError->StatusCode.STATUSUNKNOWN
2026-05-20 23:51:02.107 INFO  o.c.m.IncomingMessageProcessor - SENDER LVS1 | RECEIVER UST1 | MESSAGETYPE DAYSTART | ORDINAL 30 | ERRORCODE OK | SOURCE 20052026 | TARGET 235102 | REPORTPOINT RPUNKNOWN | LETYPE LEUNKNOWN | STATUSCODE AUTOMATIONENABLED | USERDATA null | RAWMESSAGE LVS1UST1DA300020052026235102????????01???????001
2026-05-20 23:51:05.128 INFO  o.c.controller.TcpMessageController - <tcpclient><send> UST1LVS111310020052026235102????????01???????001
2026-05-20 23:51:05.130 INFO  o.c.TcpClientConfig$$SpringCGLIB$$0 - <tcpclient><recv> LVS1UST1DA300020052026235102????????01???????001
2026-05-20 23:51:05.131 INFO  o.c.TcpServerConfig$$SpringCGLIB$$0 - <tcpserver><recv> UST1LVS111310020052026235102????????01???????001
2026-05-20 23:51:05.132 WARN  o.c.m.IncomingMessageProcessor - MessageProcessor::handleError->StatusCode.STATUSUNKNOWN
2026-05-20 23:51:05.132 INFO  o.c.m.IncomingMessageProcessor - SENDER UST1 | RECEIVER LVS1 | MESSAGETYPE DAYSTART | ORDINAL 31 | ERRORCODE OK | SOURCE 20052026 | TARGET 235105 | REPORTPOINT RPUNKNOWN | LETYPE LEUNKNOWN | STATUSCODE AUTOMATIONENABLED | USERDATA null | RAWMESSAGE UST1LVS111310020052026235102????????01???????001
2026-05-20 23:51:05.134 INFO  o.c.TcpClientConfig$$SpringCGLIB$$0 - <tcpclient><recv> LVS1UST1AA310020052026235102????????01???????001
2026-05-20 23:55:17.959 INFO  o.c.ApplicationCloseListener - <tcpserver><info> ApplicationContextClosedEvent detected
2026-05-20 23:55:17.972 INFO  org.code_studio.BarcodeConfig - <tcpserver><info> Barcode communication - COM port closed: COM3
2026-05-20 23:55:17.973 INFO  o.c.ApplicationCloseListener - <tcpserver><info> Waiting for 3000 msec to receive DAYEND confirmation from CRANE, and then close the TCP connection.
2026-05-20 23:55:20.999 INFO  o.c.TcpServerConfig$$SpringCGLIB$$0 - <tcpclient><info> Connection closed: 127.0.0.1:18196:54373:d50ac542-b551-4aaf-b583-1ec091d05789
2026-05-20 23:55:21.005 INFO  o.c.TcpServerConfig$$SpringCGLIB$$0 - <tcpserver><info> Connection closed: 127.0.0.1:54373:18196:fe42086c-e95e-455f-a215-f861e9f59800
2026-05-20 23:55:48.561 INFO  o.code_studio.ComPortSchedulerTask - <tcpserver><info> Trying to open COM port for Barcode communication
2026-05-20 23:55:48.770 INFO  o.c.WebSocketServerConfig$$SpringCGLIB$$0 - <wsserver><info> Created WS channel: /app/topic
2026-05-20 23:55:49.009 INFO  o.c.TcpServerConfig$$SpringCGLIB$$0 - <tcpserver><info> TCP server started on port: 18196
2026-05-20 23:55:49.020 INFO  o.c.TcpClientConfig$$SpringCGLIB$$0 - <tcpclient><info> TCP client has been created for server: localhost:18196
2026-05-20 23:55:49.114 INFO  o.c.WebSocketServerConfig$$SpringCGLIB$$0 - <wsserver><info> Created WS server on endpoint: /ws
2026-05-20 23:55:49.729 INFO  o.code_studio.ComPortSchedulerTask - <tcpserver><info> Barcode communication enabled. COM port open: COM3
2026-05-20 23:55:50.443 INFO  o.c.TcpServerConfig$$SpringCGLIB$$0 - <tcpserver><info> Connection established: 127.0.0.1:54460:18196:60ff55ac-827c-486a-8a17-492840cf9dd9
2026-05-20 23:55:50.444 INFO  o.c.CraneClientConnectedListener - <tcpsvr><info> CraneClientConnectedEvent detected
2026-05-20 23:55:50.446 INFO  o.c.TcpServerConfig$$SpringCGLIB$$0 - <tcpclient><info> Connection established: 127.0.0.1:18196:54460:9c383b86-70cc-4c6a-a38a-e0e32fd3e398
2026-05-20 23:55:50.494 WARN  o.c.ApplicationReadyListener - <tcpsvr><info> Message Flow Automation Debug is ENABLED
2026-05-20 23:55:50.537 INFO  o.c.controller.TcpMessageController - <tcpclient><send> LVS1UST1DA320020052026235550????????01???????001
2026-05-20 23:55:50.551 INFO  o.c.CraneClientConnectedListener - <tcpclient><send> DAYSTART message sent to Crane server
2026-05-20 23:55:50.571 INFO  o.c.TcpServerConfig$$SpringCGLIB$$0 - <tcpserver><recv> LVS1UST1DA320020052026235550????????01???????001
2026-05-20 23:55:50.602 WARN  o.c.m.IncomingMessageProcessor - MessageProcessor::handleError->StatusCode.STATUSUNKNOWN
2026-05-20 23:55:50.609 INFO  o.c.m.IncomingMessageProcessor - SENDER LVS1 | RECEIVER UST1 | MESSAGETYPE DAYSTART | ORDINAL 32 | ERRORCODE OK | SOURCE 20052026 | TARGET 235550 | REPORTPOINT RPUNKNOWN | LETYPE LEUNKNOWN | STATUSCODE AUTOMATIONENABLED | USERDATA null | RAWMESSAGE LVS1UST1DA320020052026235550????????01???????001
2026-05-20 23:55:53.630 INFO  o.c.controller.TcpMessageController - <tcpclient><send> UST1LVS111330020052026235550????????01???????001
2026-05-20 23:55:53.633 INFO  o.c.TcpClientConfig$$SpringCGLIB$$0 - <tcpclient><recv> LVS1UST1DA320020052026235550????????01???????001
2026-05-20 23:55:53.635 INFO  o.c.TcpServerConfig$$SpringCGLIB$$0 - <tcpserver><recv> UST1LVS111330020052026235550????????01???????001
2026-05-20 23:55:53.638 WARN  o.c.m.IncomingMessageProcessor - MessageProcessor::handleError->StatusCode.STATUSUNKNOWN
2026-05-20 23:55:53.638 INFO  o.c.m.IncomingMessageProcessor - SENDER UST1 | RECEIVER LVS1 | MESSAGETYPE DAYSTART | ORDINAL 33 | ERRORCODE OK | SOURCE 20052026 | TARGET 235553 | REPORTPOINT RPUNKNOWN | LETYPE LEUNKNOWN | STATUSCODE AUTOMATIONENABLED | USERDATA null | RAWMESSAGE UST1LVS111330020052026235550????????01???????001
2026-05-20 23:55:53.640 INFO  o.c.TcpClientConfig$$SpringCGLIB$$0 - <tcpclient><recv> LVS1UST1AA330020052026235550????????01???????001
2026-05-20 23:58:00.049 INFO  o.c.ApplicationCloseListener - <tcpserver><info> ApplicationContextClosedEvent detected
2026-05-20 23:58:00.057 INFO  org.code_studio.BarcodeConfig - <tcpserver><info> Barcode communication - COM port closed: COM3
2026-05-20 23:58:00.058 INFO  o.c.ApplicationCloseListener - <tcpserver><info> Waiting for 3000 msec to receive DAYEND confirmation from CRANE, and then close the TCP connection.
2026-05-20 23:58:03.074 INFO  o.c.TcpServerConfig$$SpringCGLIB$$0 - <tcpclient><info> Connection closed: 127.0.0.1:18196:54460:9c383b86-70cc-4c6a-a38a-e0e32fd3e398
2026-05-20 23:58:03.078 INFO  o.c.TcpServerConfig$$SpringCGLIB$$0 - <tcpserver><info> Connection closed: 127.0.0.1:54460:18196:60ff55ac-827c-486a-8a17-492840cf9dd9
2026-05-20 23:58:19.784 INFO  o.code_studio.ComPortSchedulerTask - <tcpserver><info> Trying to open COM port for Barcode communication
2026-05-20 23:58:19.937 INFO  o.c.WebSocketServerConfig$$SpringCGLIB$$0 - <wsserver><info> Created WS channel: /app/topic
2026-05-20 23:58:20.110 INFO  o.c.TcpServerConfig$$SpringCGLIB$$0 - <tcpserver><info> TCP server started on port: 18196
2026-05-20 23:58:20.120 INFO  o.c.TcpClientConfig$$SpringCGLIB$$0 - <tcpclient><info> TCP client has been created for server: localhost:18196
2026-05-20 23:58:20.222 INFO  o.c.WebSocketServerConfig$$SpringCGLIB$$0 - <wsserver><info> Created WS server on endpoint: /ws
2026-05-20 23:58:20.793 INFO  o.code_studio.ComPortSchedulerTask - <tcpserver><info> Barcode communication enabled. COM port open: COM3
2026-05-20 23:58:21.291 INFO  o.c.TcpServerConfig$$SpringCGLIB$$0 - <tcpserver><info> Connection established: 127.0.0.1:54515:18196:9f32eca9-e6cd-4589-ae95-3e567fff6767
2026-05-20 23:58:21.291 INFO  o.c.TcpServerConfig$$SpringCGLIB$$0 - <tcpclient><info> Connection established: 127.0.0.1:18196:54515:ff6e1ceb-0e4b-4f9a-948c-760113315e86
2026-05-20 23:58:21.292 INFO  o.c.CraneClientConnectedListener - <tcpsvr><info> CraneClientConnectedEvent detected
2026-05-20 23:58:21.353 WARN  o.c.ApplicationReadyListener - <tcpsvr><info> Message Flow Automation Debug is ENABLED
2026-05-20 23:58:21.360 INFO  o.c.controller.TcpMessageController - <tcpclient><send> LVS1UST1DA340020052026235821????????01???????001
2026-05-20 23:58:21.372 INFO  o.c.CraneClientConnectedListener - <tcpclient><send> DAYSTART message sent to Crane server
2026-05-20 23:58:21.418 INFO  o.c.TcpServerConfig$$SpringCGLIB$$0 - <tcpserver><recv> LVS1UST1DA340020052026235821????????01???????001
2026-05-20 23:58:21.442 WARN  o.c.m.IncomingMessageProcessor - MessageProcessor::handleError->StatusCode.STATUSUNKNOWN
2026-05-20 23:58:21.447 INFO  o.c.m.IncomingMessageProcessor - SENDER LVS1 | RECEIVER UST1 | MESSAGETYPE DAYSTART | ORDINAL 34 | ERRORCODE OK | SOURCE 20052026 | TARGET 235821 | REPORTPOINT RPUNKNOWN | LETYPE LEUNKNOWN | STATUSCODE AUTOMATIONENABLED | USERDATA null | RAWMESSAGE LVS1UST1DA340020052026235821????????01???????001
2026-05-20 23:58:24.494 INFO  o.c.controller.TcpMessageController - <tcpclient><send> UST1LVS111350020052026235821????????01???????001
2026-05-20 23:58:24.499 INFO  o.c.TcpClientConfig$$SpringCGLIB$$0 - <tcpclient><recv> LVS1UST1DA340020052026235821????????01???????001
2026-05-20 23:58:24.501 INFO  o.c.TcpServerConfig$$SpringCGLIB$$0 - <tcpserver><recv> UST1LVS111350020052026235821????????01???????001
2026-05-20 23:58:24.504 WARN  o.c.m.IncomingMessageProcessor - MessageProcessor::handleError->StatusCode.STATUSUNKNOWN
2026-05-20 23:58:24.504 INFO  o.c.m.IncomingMessageProcessor - SENDER UST1 | RECEIVER LVS1 | MESSAGETYPE DAYSTART | ORDINAL 35 | ERRORCODE OK | SOURCE 20052026 | TARGET 235824 | REPORTPOINT RPUNKNOWN | LETYPE LEUNKNOWN | STATUSCODE AUTOMATIONENABLED | USERDATA null | RAWMESSAGE UST1LVS111350020052026235821????????01???????001
2026-05-20 23:58:24.506 INFO  o.c.TcpClientConfig$$SpringCGLIB$$0 - <tcpclient><recv> LVS1UST1AA350020052026235821????????01???????001
