2026-05-19 10:15:59.032 INFO  o.c.ApplicationCloseListener - <tcpserver><info> ApplicationContextClosedEvent detected
2026-05-19 10:15:59.230 INFO  org.code_studio.BarcodeConfig - <tcpserver><info> Barcode communication - COM port closed: COM3
2026-05-19 10:15:59.231 INFO  o.c.ApplicationCloseListener - <tcpserver><info> Waiting for 3000 msec to receive DAYEND confirmation from CRANE, and then close the TCP connection.
2026-05-19 10:16:02.487 INFO  o.c.TcpServerConfig$$SpringCGLIB$$0 - <tcpclient><info> Connection closed: 127.0.0.1:18196:60234:b35619b6-8585-4ff8-8c18-f830877689aa
2026-05-19 10:16:02.525 INFO  o.c.TcpServerConfig$$SpringCGLIB$$0 - <tcpserver><info> Connection closed: 127.0.0.1:60234:18196:68def1d2-6223-458f-8be6-cda973296e5a
2026-05-19 10:18:41.798 INFO  o.code_studio.ComPortSchedulerTask - <tcpserver><info> Trying to open COM port for Barcode communication
2026-05-19 10:18:42.066 INFO  o.c.WebSocketServerConfig$$SpringCGLIB$$0 - <wsserver><info> Created WS channel: /app/topic
2026-05-19 10:18:42.369 INFO  o.c.TcpServerConfig$$SpringCGLIB$$0 - <tcpserver><info> TCP server started on port: 18196
2026-05-19 10:18:42.381 INFO  o.c.TcpClientConfig$$SpringCGLIB$$0 - <tcpclient><info> TCP client has been created for server: localhost:18196
2026-05-19 10:18:42.520 INFO  o.c.WebSocketServerConfig$$SpringCGLIB$$0 - <wsserver><info> Created WS server on endpoint: /ws
2026-05-19 10:18:43.758 INFO  o.c.TcpServerConfig$$SpringCGLIB$$0 - <tcpserver><info> Connection established: 127.0.0.1:63618:18196:c993e408-dd04-4d02-9558-65af7be2f84e
2026-05-19 10:18:43.759 INFO  o.c.TcpServerConfig$$SpringCGLIB$$0 - <tcpclient><info> Connection established: 127.0.0.1:18196:63618:f1cfa9ea-8947-4480-b189-2f25242f38c9
2026-05-19 10:18:43.765 INFO  o.c.CraneClientConnectedListener - <tcpsvr><info> CraneClientConnectedEvent detected
2026-05-19 10:18:43.826 WARN  o.c.ApplicationReadyListener - <tcpsvr><info> Message Flow Automation Debug is ENABLED
2026-05-19 10:18:43.877 INFO  o.c.controller.TcpMessageController - <tcpclient><send> LVS1UST1DA950019052026101843????????01???????001
2026-05-19 10:18:43.905 INFO  o.c.CraneClientConnectedListener - <tcpclient><send> DAYSTART message sent to Crane server
2026-05-19 10:18:43.930 INFO  o.c.TcpServerConfig$$SpringCGLIB$$0 - <tcpserver><recv> LVS1UST1DA950019052026101843????????01???????001
2026-05-19 10:18:43.959 WARN  o.c.m.IncomingMessageProcessor - MessageProcessor::handleError->StatusCode.STATUSUNKNOWN
2026-05-19 10:18:43.964 INFO  o.c.m.IncomingMessageProcessor - SENDER LVS1 | RECEIVER UST1 | MESSAGETYPE DAYSTART | ORDINAL 95 | ERRORCODE OK | SOURCE 19052026 | TARGET 101843 | REPORTPOINT RPUNKNOWN | LETYPE LEUNKNOWN | STATUSCODE AUTOMATIONENABLED | USERDATA null | RAWMESSAGE LVS1UST1DA950019052026101843????????01???????001
2026-05-19 10:18:44.723 INFO  o.code_studio.ComPortSchedulerTask - <tcpserver><info> Barcode communication enabled. COM port open: COM3
2026-05-19 10:18:47.002 INFO  o.c.controller.TcpMessageController - <tcpclient><send> UST1LVS111960019052026101843????????01???????001
2026-05-19 10:18:47.007 INFO  o.c.TcpClientConfig$$SpringCGLIB$$0 - <tcpclient><recv> LVS1UST1DA950019052026101843????????01???????001
2026-05-19 10:18:47.009 INFO  o.c.TcpServerConfig$$SpringCGLIB$$0 - <tcpserver><recv> UST1LVS111960019052026101843????????01???????001
2026-05-19 10:18:47.017 WARN  o.c.m.IncomingMessageProcessor - MessageProcessor::handleError->StatusCode.STATUSUNKNOWN
2026-05-19 10:18:47.018 INFO  o.c.m.IncomingMessageProcessor - SENDER UST1 | RECEIVER LVS1 | MESSAGETYPE DAYSTART | ORDINAL 96 | ERRORCODE OK | SOURCE 19052026 | TARGET 101847 | REPORTPOINT RPUNKNOWN | LETYPE LEUNKNOWN | STATUSCODE AUTOMATIONENABLED | USERDATA null | RAWMESSAGE UST1LVS111960019052026101843????????01???????001
2026-05-19 10:18:47.020 INFO  o.c.TcpClientConfig$$SpringCGLIB$$0 - <tcpclient><recv> LVS1UST1AA960019052026101843????????01???????001
2026-05-19 10:20:21.891 INFO  o.c.ApplicationCloseListener - <tcpserver><info> ApplicationContextClosedEvent detected
2026-05-19 10:20:21.893 INFO  org.code_studio.BarcodeConfig - <tcpserver><info> Barcode communication - COM port closed: COM3
2026-05-19 10:20:21.894 INFO  o.c.ApplicationCloseListener - <tcpserver><info> Waiting for 3000 msec to receive DAYEND confirmation from CRANE, and then close the TCP connection.
2026-05-19 10:20:24.904 INFO  o.c.TcpServerConfig$$SpringCGLIB$$0 - <tcpclient><info> Connection closed: 127.0.0.1:18196:63618:f1cfa9ea-8947-4480-b189-2f25242f38c9
2026-05-19 10:20:24.910 INFO  o.c.TcpServerConfig$$SpringCGLIB$$0 - <tcpserver><info> Connection closed: 127.0.0.1:63618:18196:c993e408-dd04-4d02-9558-65af7be2f84e
2026-05-19 10:23:46.272 INFO  o.code_studio.ComPortSchedulerTask - <tcpserver><info> Trying to open COM port for Barcode communication
2026-05-19 10:23:46.427 INFO  o.c.WebSocketServerConfig$$SpringCGLIB$$0 - <wsserver><info> Created WS channel: /app/topic
2026-05-19 10:23:46.620 INFO  o.c.TcpServerConfig$$SpringCGLIB$$0 - <tcpserver><info> TCP server started on port: 18196
2026-05-19 10:23:46.629 INFO  o.c.TcpClientConfig$$SpringCGLIB$$0 - <tcpclient><info> TCP client has been created for server: localhost:18196
2026-05-19 10:23:46.732 INFO  o.c.WebSocketServerConfig$$SpringCGLIB$$0 - <wsserver><info> Created WS server on endpoint: /ws
2026-05-19 10:23:47.800 INFO  o.c.TcpServerConfig$$SpringCGLIB$$0 - <tcpserver><info> Connection established: 127.0.0.1:64664:18196:ed0eb5e1-5067-4e58-894a-44de817f9e82
2026-05-19 10:23:47.800 INFO  o.c.TcpServerConfig$$SpringCGLIB$$0 - <tcpclient><info> Connection established: 127.0.0.1:18196:64664:72801464-3b23-4eb0-87d0-87828b5bb87a
2026-05-19 10:23:47.802 INFO  o.c.CraneClientConnectedListener - <tcpsvr><info> CraneClientConnectedEvent detected
2026-05-19 10:23:47.859 INFO  o.c.controller.TcpMessageController - <tcpclient><send> LVS1UST1DA970019052026102347????????01???????001
2026-05-19 10:23:47.866 WARN  o.c.ApplicationReadyListener - <tcpsvr><info> Message Flow Automation Debug is ENABLED
2026-05-19 10:23:47.873 INFO  o.c.CraneClientConnectedListener - <tcpclient><send> DAYSTART message sent to Crane server
2026-05-19 10:23:47.891 INFO  o.c.TcpServerConfig$$SpringCGLIB$$0 - <tcpserver><recv> LVS1UST1DA970019052026102347????????01???????001
2026-05-19 10:23:47.910 WARN  o.c.m.IncomingMessageProcessor - MessageProcessor::handleError->StatusCode.STATUSUNKNOWN
2026-05-19 10:23:47.914 INFO  o.c.m.IncomingMessageProcessor - SENDER LVS1 | RECEIVER UST1 | MESSAGETYPE DAYSTART | ORDINAL 97 | ERRORCODE OK | SOURCE 19052026 | TARGET 102347 | REPORTPOINT RPUNKNOWN | LETYPE LEUNKNOWN | STATUSCODE AUTOMATIONENABLED | USERDATA null | RAWMESSAGE LVS1UST1DA970019052026102347????????01???????001
2026-05-19 10:23:49.280 INFO  o.code_studio.ComPortSchedulerTask - <tcpserver><info> Barcode communication enabled. COM port open: COM3
2026-05-19 10:23:50.933 INFO  o.c.controller.TcpMessageController - <tcpclient><send> UST1LVS111980019052026102347????????01???????001
2026-05-19 10:23:50.942 INFO  o.c.TcpClientConfig$$SpringCGLIB$$0 - <tcpclient><recv> LVS1UST1DA970019052026102347????????01???????001
2026-05-19 10:23:50.946 INFO  o.c.TcpServerConfig$$SpringCGLIB$$0 - <tcpserver><recv> UST1LVS111980019052026102347????????01???????001
2026-05-19 10:23:50.948 WARN  o.c.m.IncomingMessageProcessor - MessageProcessor::handleError->StatusCode.STATUSUNKNOWN
2026-05-19 10:23:50.949 INFO  o.c.m.IncomingMessageProcessor - SENDER UST1 | RECEIVER LVS1 | MESSAGETYPE DAYSTART | ORDINAL 98 | ERRORCODE OK | SOURCE 19052026 | TARGET 102350 | REPORTPOINT RPUNKNOWN | LETYPE LEUNKNOWN | STATUSCODE AUTOMATIONENABLED | USERDATA null | RAWMESSAGE UST1LVS111980019052026102347????????01???????001
2026-05-19 10:23:50.952 INFO  o.c.TcpClientConfig$$SpringCGLIB$$0 - <tcpclient><recv> LVS1UST1AA980019052026102347????????01???????001
2026-05-19 10:27:26.631 INFO  o.c.ApplicationCloseListener - <tcpserver><info> ApplicationContextClosedEvent detected
2026-05-19 10:27:26.634 INFO  org.code_studio.BarcodeConfig - <tcpserver><info> Barcode communication - COM port closed: COM3
2026-05-19 10:27:26.635 INFO  o.c.ApplicationCloseListener - <tcpserver><info> Waiting for 3000 msec to receive DAYEND confirmation from CRANE, and then close the TCP connection.
2026-05-19 10:27:29.773 INFO  o.c.TcpServerConfig$$SpringCGLIB$$0 - <tcpclient><info> Connection closed: 127.0.0.1:18196:64664:72801464-3b23-4eb0-87d0-87828b5bb87a
2026-05-19 10:27:29.781 INFO  o.c.TcpServerConfig$$SpringCGLIB$$0 - <tcpserver><info> Connection closed: 127.0.0.1:64664:18196:ed0eb5e1-5067-4e58-894a-44de817f9e82
2026-05-19 10:27:49.478 INFO  o.code_studio.ComPortSchedulerTask - <tcpserver><info> Trying to open COM port for Barcode communication
2026-05-19 10:27:49.670 INFO  o.c.WebSocketServerConfig$$SpringCGLIB$$0 - <wsserver><info> Created WS channel: /app/topic
2026-05-19 10:27:49.903 INFO  o.c.TcpServerConfig$$SpringCGLIB$$0 - <tcpserver><info> TCP server started on port: 18196
2026-05-19 10:27:49.910 INFO  o.c.TcpClientConfig$$SpringCGLIB$$0 - <tcpclient><info> TCP client has been created for server: localhost:18196
2026-05-19 10:27:50.019 INFO  o.c.WebSocketServerConfig$$SpringCGLIB$$0 - <wsserver><info> Created WS server on endpoint: /ws
2026-05-19 10:27:51.091 INFO  o.c.TcpServerConfig$$SpringCGLIB$$0 - <tcpserver><info> Connection established: 127.0.0.1:65099:18196:a8930c5e-a634-4fbb-9299-cad75d509d79
2026-05-19 10:27:51.095 INFO  o.c.CraneClientConnectedListener - <tcpsvr><info> CraneClientConnectedEvent detected
2026-05-19 10:27:51.096 INFO  o.c.TcpServerConfig$$SpringCGLIB$$0 - <tcpclient><info> Connection established: 127.0.0.1:18196:65099:783b4c64-1729-4132-afcb-89ba06c4981a
2026-05-19 10:27:51.144 WARN  o.c.ApplicationReadyListener - <tcpsvr><info> Message Flow Automation Debug is ENABLED
2026-05-19 10:27:51.171 INFO  o.c.controller.TcpMessageController - <tcpclient><send> LVS1UST1DA990019052026102751????????01???????001
2026-05-19 10:27:51.190 INFO  o.c.CraneClientConnectedListener - <tcpclient><send> DAYSTART message sent to Crane server
2026-05-19 10:27:51.213 INFO  o.c.TcpServerConfig$$SpringCGLIB$$0 - <tcpserver><recv> LVS1UST1DA990019052026102751????????01???????001
2026-05-19 10:27:51.243 INFO  o.code_studio.ComPortSchedulerTask - <tcpserver><info> Barcode communication enabled. COM port open: COM3
2026-05-19 10:27:51.263 WARN  o.c.m.IncomingMessageProcessor - MessageProcessor::handleError->StatusCode.STATUSUNKNOWN
2026-05-19 10:27:51.269 INFO  o.c.m.IncomingMessageProcessor - SENDER LVS1 | RECEIVER UST1 | MESSAGETYPE DAYSTART | ORDINAL 99 | ERRORCODE OK | SOURCE 19052026 | TARGET 102751 | REPORTPOINT RPUNKNOWN | LETYPE LEUNKNOWN | STATUSCODE AUTOMATIONENABLED | USERDATA null | RAWMESSAGE LVS1UST1DA990019052026102751????????01???????001
2026-05-19 10:27:54.294 INFO  o.c.controller.TcpMessageController - <tcpclient><send> UST1LVS111010019052026102751????????01???????001
2026-05-19 10:27:54.297 INFO  o.c.TcpClientConfig$$SpringCGLIB$$0 - <tcpclient><recv> LVS1UST1DA990019052026102751????????01???????001
2026-05-19 10:27:54.298 INFO  o.c.TcpServerConfig$$SpringCGLIB$$0 - <tcpserver><recv> UST1LVS111010019052026102751????????01???????001
2026-05-19 10:27:54.301 WARN  o.c.m.IncomingMessageProcessor - MessageProcessor::handleError->StatusCode.STATUSUNKNOWN
2026-05-19 10:27:54.301 INFO  o.c.m.IncomingMessageProcessor - SENDER UST1 | RECEIVER LVS1 | MESSAGETYPE DAYSTART | ORDINAL 1 | ERRORCODE OK | SOURCE 19052026 | TARGET 102754 | REPORTPOINT RPUNKNOWN | LETYPE LEUNKNOWN | STATUSCODE AUTOMATIONENABLED | USERDATA null | RAWMESSAGE UST1LVS111010019052026102751????????01???????001
2026-05-19 10:27:54.303 INFO  o.c.TcpClientConfig$$SpringCGLIB$$0 - <tcpclient><recv> LVS1UST1AA010019052026102751????????01???????001
2026-05-19 10:48:36.847 INFO  o.c.ApplicationCloseListener - <tcpserver><info> ApplicationContextClosedEvent detected
2026-05-19 10:48:36.900 INFO  org.code_studio.BarcodeConfig - <tcpserver><info> Barcode communication - COM port closed: COM3
2026-05-19 10:48:36.906 INFO  o.c.ApplicationCloseListener - <tcpserver><info> Waiting for 3000 msec to receive DAYEND confirmation from CRANE, and then close the TCP connection.
2026-05-19 10:48:40.145 INFO  o.c.TcpServerConfig$$SpringCGLIB$$0 - <tcpclient><info> Connection closed: 127.0.0.1:18196:65099:783b4c64-1729-4132-afcb-89ba06c4981a
2026-05-19 10:48:40.205 INFO  o.c.TcpServerConfig$$SpringCGLIB$$0 - <tcpserver><info> Connection closed: 127.0.0.1:65099:18196:a8930c5e-a634-4fbb-9299-cad75d509d79
2026-05-19 10:49:32.782 INFO  o.code_studio.ComPortSchedulerTask - <tcpserver><info> Trying to open COM port for Barcode communication
2026-05-19 10:49:33.408 INFO  o.c.WebSocketServerConfig$$SpringCGLIB$$0 - <wsserver><info> Created WS channel: /app/topic
2026-05-19 10:49:34.478 INFO  o.code_studio.ComPortSchedulerTask - <tcpserver><info> Barcode communication enabled. COM port open: COM3
2026-05-19 10:49:34.491 INFO  o.c.TcpServerConfig$$SpringCGLIB$$0 - <tcpserver><info> TCP server started on port: 18196
2026-05-19 10:49:34.546 INFO  o.c.TcpClientConfig$$SpringCGLIB$$0 - <tcpclient><info> TCP client has been created for server: localhost:18196
2026-05-19 10:49:34.884 INFO  o.c.WebSocketServerConfig$$SpringCGLIB$$0 - <wsserver><info> Created WS server on endpoint: /ws
2026-05-19 10:49:37.164 INFO  o.c.TcpServerConfig$$SpringCGLIB$$0 - <tcpserver><info> Connection established: 127.0.0.1:51700:18196:c59606f1-58da-4613-97bd-ca2832c681e5
2026-05-19 10:49:37.167 INFO  o.c.CraneClientConnectedListener - <tcpsvr><info> CraneClientConnectedEvent detected
2026-05-19 10:49:37.171 INFO  o.c.TcpServerConfig$$SpringCGLIB$$0 - <tcpclient><info> Connection established: 127.0.0.1:18196:51700:c1efa930-dbe9-4fc4-800d-5fa44e3005aa
2026-05-19 10:49:37.209 WARN  o.c.ApplicationReadyListener - <tcpsvr><info> Message Flow Automation Debug is ENABLED
2026-05-19 10:49:37.276 INFO  o.c.controller.TcpMessageController - <tcpclient><send> LVS1UST1DA020019052026104937????????01???????001
2026-05-19 10:49:37.302 INFO  o.c.CraneClientConnectedListener - <tcpclient><send> DAYSTART message sent to Crane server
2026-05-19 10:49:37.335 INFO  o.c.TcpServerConfig$$SpringCGLIB$$0 - <tcpserver><recv> LVS1UST1DA020019052026104937????????01???????001
2026-05-19 10:49:37.383 WARN  o.c.m.IncomingMessageProcessor - MessageProcessor::handleError->StatusCode.STATUSUNKNOWN
2026-05-19 10:49:37.389 INFO  o.c.m.IncomingMessageProcessor - SENDER LVS1 | RECEIVER UST1 | MESSAGETYPE DAYSTART | ORDINAL 2 | ERRORCODE OK | SOURCE 19052026 | TARGET 104937 | REPORTPOINT RPUNKNOWN | LETYPE LEUNKNOWN | STATUSCODE AUTOMATIONENABLED | USERDATA null | RAWMESSAGE LVS1UST1DA020019052026104937????????01???????001
2026-05-19 10:49:40.455 INFO  o.c.controller.TcpMessageController - <tcpclient><send> UST1LVS111030019052026104937????????01???????001
2026-05-19 10:49:40.461 INFO  o.c.TcpClientConfig$$SpringCGLIB$$0 - <tcpclient><recv> LVS1UST1DA020019052026104937????????01???????001
2026-05-19 10:49:40.463 INFO  o.c.TcpServerConfig$$SpringCGLIB$$0 - <tcpserver><recv> UST1LVS111030019052026104937????????01???????001
2026-05-19 10:49:40.466 WARN  o.c.m.IncomingMessageProcessor - MessageProcessor::handleError->StatusCode.STATUSUNKNOWN
2026-05-19 10:49:40.467 INFO  o.c.m.IncomingMessageProcessor - SENDER UST1 | RECEIVER LVS1 | MESSAGETYPE DAYSTART | ORDINAL 3 | ERRORCODE OK | SOURCE 19052026 | TARGET 104940 | REPORTPOINT RPUNKNOWN | LETYPE LEUNKNOWN | STATUSCODE AUTOMATIONENABLED | USERDATA null | RAWMESSAGE UST1LVS111030019052026104937????????01???????001
2026-05-19 10:49:40.469 INFO  o.c.TcpClientConfig$$SpringCGLIB$$0 - <tcpclient><recv> LVS1UST1AA030019052026104937????????01???????001
2026-05-19 10:52:04.964 INFO  o.c.ApplicationCloseListener - <tcpserver><info> ApplicationContextClosedEvent detected
2026-05-19 10:52:05.033 INFO  org.code_studio.BarcodeConfig - <tcpserver><info> Barcode communication - COM port closed: COM3
2026-05-19 10:52:05.034 INFO  o.c.ApplicationCloseListener - <tcpserver><info> Waiting for 3000 msec to receive DAYEND confirmation from CRANE, and then close the TCP connection.
2026-05-19 10:52:08.100 INFO  o.c.TcpServerConfig$$SpringCGLIB$$0 - <tcpclient><info> Connection closed: 127.0.0.1:18196:51700:c1efa930-dbe9-4fc4-800d-5fa44e3005aa
2026-05-19 10:52:08.109 INFO  o.c.TcpServerConfig$$SpringCGLIB$$0 - <tcpserver><info> Connection closed: 127.0.0.1:51700:18196:c59606f1-58da-4613-97bd-ca2832c681e5
2026-05-19 10:52:21.907 INFO  o.code_studio.ComPortSchedulerTask - <tcpserver><info> Trying to open COM port for Barcode communication
2026-05-19 10:52:22.097 INFO  o.c.WebSocketServerConfig$$SpringCGLIB$$0 - <wsserver><info> Created WS channel: /app/topic
2026-05-19 10:52:22.318 INFO  o.c.TcpServerConfig$$SpringCGLIB$$0 - <tcpserver><info> TCP server started on port: 18196
2026-05-19 10:52:22.331 INFO  o.c.TcpClientConfig$$SpringCGLIB$$0 - <tcpclient><info> TCP client has been created for server: localhost:18196
2026-05-19 10:52:22.428 INFO  o.c.WebSocketServerConfig$$SpringCGLIB$$0 - <wsserver><info> Created WS server on endpoint: /ws
2026-05-19 10:52:23.682 INFO  o.c.TcpServerConfig$$SpringCGLIB$$0 - <tcpserver><info> Connection established: 127.0.0.1:52105:18196:5a743874-dd94-4ac7-b4ee-bfed3b822409
2026-05-19 10:52:23.684 INFO  o.c.CraneClientConnectedListener - <tcpsvr><info> CraneClientConnectedEvent detected
2026-05-19 10:52:23.686 INFO  o.c.TcpServerConfig$$SpringCGLIB$$0 - <tcpclient><info> Connection established: 127.0.0.1:18196:52105:eb04d275-3431-4168-abf8-a20ab7c2a7e3
2026-05-19 10:52:23.742 WARN  o.c.ApplicationReadyListener - <tcpsvr><info> Message Flow Automation Debug is ENABLED
2026-05-19 10:52:23.775 INFO  o.c.controller.TcpMessageController - <tcpclient><send> LVS1UST1DA040019052026105223????????01???????001
2026-05-19 10:52:23.789 INFO  o.c.CraneClientConnectedListener - <tcpclient><send> DAYSTART message sent to Crane server
2026-05-19 10:52:23.813 INFO  o.c.TcpServerConfig$$SpringCGLIB$$0 - <tcpserver><recv> LVS1UST1DA040019052026105223????????01???????001
2026-05-19 10:52:23.836 WARN  o.c.m.IncomingMessageProcessor - MessageProcessor::handleError->StatusCode.STATUSUNKNOWN
2026-05-19 10:52:23.840 INFO  o.c.m.IncomingMessageProcessor - SENDER LVS1 | RECEIVER UST1 | MESSAGETYPE DAYSTART | ORDINAL 4 | ERRORCODE OK | SOURCE 19052026 | TARGET 105223 | REPORTPOINT RPUNKNOWN | LETYPE LEUNKNOWN | STATUSCODE AUTOMATIONENABLED | USERDATA null | RAWMESSAGE LVS1UST1DA040019052026105223????????01???????001
2026-05-19 10:52:24.512 INFO  o.code_studio.ComPortSchedulerTask - <tcpserver><info> Barcode communication enabled. COM port open: COM3
2026-05-19 10:52:26.860 INFO  o.c.controller.TcpMessageController - <tcpclient><send> UST1LVS111050019052026105223????????01???????001
2026-05-19 10:52:26.863 INFO  o.c.TcpClientConfig$$SpringCGLIB$$0 - <tcpclient><recv> LVS1UST1DA040019052026105223????????01???????001
2026-05-19 10:52:26.864 INFO  o.c.TcpServerConfig$$SpringCGLIB$$0 - <tcpserver><recv> UST1LVS111050019052026105223????????01???????001
2026-05-19 10:52:26.865 WARN  o.c.m.IncomingMessageProcessor - MessageProcessor::handleError->StatusCode.STATUSUNKNOWN
2026-05-19 10:52:26.866 INFO  o.c.m.IncomingMessageProcessor - SENDER UST1 | RECEIVER LVS1 | MESSAGETYPE DAYSTART | ORDINAL 5 | ERRORCODE OK | SOURCE 19052026 | TARGET 105226 | REPORTPOINT RPUNKNOWN | LETYPE LEUNKNOWN | STATUSCODE AUTOMATIONENABLED | USERDATA null | RAWMESSAGE UST1LVS111050019052026105223????????01???????001
2026-05-19 10:52:26.867 INFO  o.c.TcpClientConfig$$SpringCGLIB$$0 - <tcpclient><recv> LVS1UST1AA050019052026105223????????01???????001
2026-05-19 10:55:05.588 INFO  o.code_studio.ComPortSchedulerTask - <tcpserver><info> Trying to open COM port for Barcode communication
2026-05-19 10:55:05.594 ERROR o.code_studio.ComPortSchedulerTask - <tcpserver><err> Barcode communication - Unable to open COM port: COM3. Barcode functionality will be DISABLED until COM port gets connected
2026-05-19 10:55:05.832 INFO  o.c.WebSocketServerConfig$$SpringCGLIB$$0 - <wsserver><info> Created WS channel: /app/topic
2026-05-19 10:55:06.071 INFO  o.c.TcpServerConfig$$SpringCGLIB$$0 - <tcpserver><info> TCP server started on port: 18196
2026-05-19 10:55:06.082 INFO  o.c.TcpClientConfig$$SpringCGLIB$$0 - <tcpclient><info> TCP client has been created for server: localhost:18196
2026-05-19 10:55:06.209 INFO  o.c.WebSocketServerConfig$$SpringCGLIB$$0 - <wsserver><info> Created WS server on endpoint: /ws
2026-05-19 10:55:07.454 ERROR o.s.i.i.t.c.TcpNetServerConnectionFactory - Error on ServerSocket; port = 18196
java.net.BindException: Address already in use: bind
	at java.base/sun.nio.ch.Net.bind0(Native Method)
	at java.base/sun.nio.ch.Net.bind(Net.java:511)
	at java.base/sun.nio.ch.Net.bind(Net.java:500)
	at java.base/sun.nio.ch.NioSocketImpl.bind(NioSocketImpl.java:630)
	at java.base/java.net.ServerSocket.bind(ServerSocket.java:326)
	at java.base/java.net.ServerSocket.<init>(ServerSocket.java:222)
	at java.base/java.net.ServerSocket.<init>(ServerSocket.java:178)
	at java.base/javax.net.DefaultServerSocketFactory.createServerSocket(ServerSocketFactory.java:200)
	at org.springframework.integration.ip.tcp.connection.TcpNetServerConnectionFactory.createServerSocket(TcpNetServerConnectionFactory.java:226)
	at org.springframework.integration.ip.tcp.connection.TcpNetServerConnectionFactory.setupServerSocket(TcpNetServerConnectionFactory.java:143)
	at org.springframework.integration.ip.tcp.connection.TcpNetServerConnectionFactory.run(TcpNetServerConnectionFactory.java:118)
	at java.base/java.util.concurrent.ThreadPoolExecutor.runWorker(ThreadPoolExecutor.java:1095)
	at java.base/java.util.concurrent.ThreadPoolExecutor$Worker.run(ThreadPoolExecutor.java:619)
	at java.base/java.lang.Thread.run(Thread.java:1447)
2026-05-19 10:55:07.461 ERROR o.s.i.i.t.c.TcpNetServerConnectionFactory - Error on ServerSocket; port = 18196
java.net.BindException: Address already in use: bind
	at java.base/sun.nio.ch.Net.bind0(Native Method)
	at java.base/sun.nio.ch.Net.bind(Net.java:511)
	at java.base/sun.nio.ch.Net.bind(Net.java:500)
	at java.base/sun.nio.ch.NioSocketImpl.bind(NioSocketImpl.java:630)
	at java.base/java.net.ServerSocket.bind(ServerSocket.java:326)
	at java.base/java.net.ServerSocket.<init>(ServerSocket.java:222)
	at java.base/java.net.ServerSocket.<init>(ServerSocket.java:178)
	at java.base/javax.net.DefaultServerSocketFactory.createServerSocket(ServerSocketFactory.java:200)
	at org.springframework.integration.ip.tcp.connection.TcpNetServerConnectionFactory.createServerSocket(TcpNetServerConnectionFactory.java:226)
	at org.springframework.integration.ip.tcp.connection.TcpNetServerConnectionFactory.setupServerSocket(TcpNetServerConnectionFactory.java:143)
	at org.springframework.integration.ip.tcp.connection.TcpNetServerConnectionFactory.run(TcpNetServerConnectionFactory.java:118)
	at java.base/java.util.concurrent.ThreadPoolExecutor.runWorker(ThreadPoolExecutor.java:1095)
	at java.base/java.util.concurrent.ThreadPoolExecutor$Worker.run(ThreadPoolExecutor.java:619)
	at java.base/java.lang.Thread.run(Thread.java:1447)
2026-05-19 10:55:07.471 INFO  o.c.TcpServerConfig$$SpringCGLIB$$0 - <tcpclient><info> Connection closed: 127.0.0.1:18196:52353:be201eba-a3fe-4123-a3e8-ac685cdd132f
2026-05-19 10:55:07.473 ERROR o.s.i.i.t.c.ClientModeConnectionManager - Could not establish connection using bean 'tcpClient'; defined in: 'class path resource [org/code_studio/TcpClientConfig.class]'; from source: 'org.code_studio.TcpClientConfig.tcpClient()', host=localhost, port=18196
org.springframework.messaging.MessagingException: Connection Factory not started
	at org.springframework.integration.ip.tcp.connection.AbstractConnectionFactory.getTaskExecutor(AbstractConnectionFactory.java:552)
	at org.springframework.integration.ip.tcp.connection.TcpNetClientConnectionFactory.buildNewConnection(TcpNetClientConnectionFactory.java:65)
	at org.springframework.integration.ip.tcp.connection.AbstractClientConnectionFactory.doObtain(AbstractClientConnectionFactory.java:182)
	at org.springframework.integration.ip.tcp.connection.AbstractClientConnectionFactory.obtainNewConnection(AbstractClientConnectionFactory.java:162)
	at org.springframework.integration.ip.tcp.connection.AbstractClientConnectionFactory.obtainConnection(AbstractClientConnectionFactory.java:130)
	at org.springframework.integration.ip.tcp.connection.AbstractClientConnectionFactory.getConnection(AbstractClientConnectionFactory.java:120)
	at org.springframework.integration.ip.tcp.connection.AbstractClientConnectionFactory.getConnection(AbstractClientConnectionFactory.java:42)
	at org.springframework.integration.ip.tcp.connection.ClientModeConnectionManager.run(ClientModeConnectionManager.java:65)
	at org.springframework.scheduling.support.DelegatingErrorHandlingRunnable.run(DelegatingErrorHandlingRunnable.java:54)
	at java.base/java.util.concurrent.Executors$RunnableAdapter.call(Executors.java:545)
	at java.base/java.util.concurrent.FutureTask.runAndReset(FutureTask.java:369)
	at java.base/java.util.concurrent.ScheduledThreadPoolExecutor$ScheduledFutureTask.run(ScheduledThreadPoolExecutor.java:310)
	at java.base/java.util.concurrent.ThreadPoolExecutor.runWorker(ThreadPoolExecutor.java:1095)
	at java.base/java.util.concurrent.ThreadPoolExecutor$Worker.run(ThreadPoolExecutor.java:619)
	at java.base/java.lang.Thread.run(Thread.java:1447)
2026-05-19 10:55:07.477 INFO  o.c.TcpServerConfig$$SpringCGLIB$$0 - <tcpserver><info> Connection established: 127.0.0.1:52353:18196:4a114ecd-fefd-47c1-a38d-6fda768512e4
2026-05-19 10:55:07.484 INFO  o.c.CraneClientConnectedListener - <tcpsvr><info> CraneClientConnectedEvent detected
2026-05-19 10:55:07.490 INFO  o.c.controller.TcpMessageController - <tcpclient><send> LVS1UST1DA060019052026105507????????01???????001
2026-05-19 10:55:07.512 INFO  o.c.TcpServerConfig$$SpringCGLIB$$0 - <tcpserver><recv> LVS1UST1DA060019052026105507????????01???????001
2026-05-19 10:55:07.514 WARN  o.c.m.IncomingMessageProcessor - MessageProcessor::handleError->StatusCode.STATUSUNKNOWN
2026-05-19 10:55:07.515 INFO  o.c.m.IncomingMessageProcessor - SENDER LVS1 | RECEIVER UST1 | MESSAGETYPE DAYSTART | ORDINAL 6 | ERRORCODE OK | SOURCE 19052026 | TARGET 105507 | REPORTPOINT RPUNKNOWN | LETYPE LEUNKNOWN | STATUSCODE AUTOMATIONENABLED | USERDATA null | RAWMESSAGE LVS1UST1DA060019052026105507????????01???????001
2026-05-19 10:55:07.512 INFO  o.c.CraneClientConnectedListener - <tcpclient><send> DAYSTART message sent to Crane server
2026-05-19 10:55:07.579 ERROR o.s.b.d.LoggingFailureAnalysisReporter - 

***************************
APPLICATION FAILED TO START
***************************

Description:

Web server failed to start. Port 33378 was already in use.

Action:

Identify and stop the process that's listening on port 33378 or configure this application to listen on another port.

2026-05-19 10:55:11.107 INFO  o.c.controller.TcpMessageController - <tcpclient><send> UST1LVS111070019052026105507????????01???????001
2026-05-19 10:55:11.110 INFO  o.c.TcpClientConfig$$SpringCGLIB$$0 - <tcpclient><recv> LVS1UST1DA060019052026105507????????01???????001
2026-05-19 10:55:11.111 INFO  o.c.TcpServerConfig$$SpringCGLIB$$0 - <tcpserver><recv> UST1LVS111070019052026105507????????01???????001
2026-05-19 10:55:11.112 WARN  o.c.m.IncomingMessageProcessor - MessageProcessor::handleError->StatusCode.STATUSUNKNOWN
2026-05-19 10:55:11.113 INFO  o.c.m.IncomingMessageProcessor - SENDER UST1 | RECEIVER LVS1 | MESSAGETYPE DAYSTART | ORDINAL 7 | ERRORCODE OK | SOURCE 19052026 | TARGET 105511 | REPORTPOINT RPUNKNOWN | LETYPE LEUNKNOWN | STATUSCODE AUTOMATIONENABLED | USERDATA null | RAWMESSAGE UST1LVS111070019052026105507????????01???????001
2026-05-19 10:55:11.114 INFO  o.c.TcpClientConfig$$SpringCGLIB$$0 - <tcpclient><recv> LVS1UST1AA070019052026105507????????01???????001
2026-05-19 11:08:15.940 INFO  o.c.ApplicationCloseListener - <tcpserver><info> ApplicationContextClosedEvent detected
2026-05-19 11:08:15.976 INFO  org.code_studio.BarcodeConfig - <tcpserver><info> Barcode communication - COM port closed: COM3
2026-05-19 11:08:15.978 INFO  o.c.ApplicationCloseListener - <tcpserver><info> Waiting for 3000 msec to receive DAYEND confirmation from CRANE, and then close the TCP connection.
2026-05-19 11:08:19.156 INFO  o.c.TcpServerConfig$$SpringCGLIB$$0 - <tcpclient><info> Connection closed: 127.0.0.1:18196:52105:eb04d275-3431-4168-abf8-a20ab7c2a7e3
2026-05-19 11:08:19.200 INFO  o.c.TcpServerConfig$$SpringCGLIB$$0 - <tcpserver><info> Connection closed: 127.0.0.1:52353:18196:4a114ecd-fefd-47c1-a38d-6fda768512e4
2026-05-19 11:08:19.202 INFO  o.c.TcpServerConfig$$SpringCGLIB$$0 - <tcpserver><info> Connection closed: 127.0.0.1:52105:18196:5a743874-dd94-4ac7-b4ee-bfed3b822409
2026-05-19 11:08:39.715 INFO  o.code_studio.ComPortSchedulerTask - <tcpserver><info> Trying to open COM port for Barcode communication
2026-05-19 11:08:39.986 INFO  o.c.WebSocketServerConfig$$SpringCGLIB$$0 - <wsserver><info> Created WS channel: /app/topic
2026-05-19 11:08:40.263 INFO  o.c.TcpServerConfig$$SpringCGLIB$$0 - <tcpserver><info> TCP server started on port: 18196
2026-05-19 11:08:40.274 INFO  o.c.TcpClientConfig$$SpringCGLIB$$0 - <tcpclient><info> TCP client has been created for server: localhost:18196
2026-05-19 11:08:40.423 INFO  o.c.WebSocketServerConfig$$SpringCGLIB$$0 - <wsserver><info> Created WS server on endpoint: /ws
2026-05-19 11:08:41.155 INFO  o.code_studio.ComPortSchedulerTask - <tcpserver><info> Barcode communication enabled. COM port open: COM3
2026-05-19 11:08:42.321 INFO  o.c.TcpServerConfig$$SpringCGLIB$$0 - <tcpserver><info> Connection established: 127.0.0.1:54170:18196:1c26c9a3-cc81-40d2-91b3-2250313827e7
2026-05-19 11:08:42.322 INFO  o.c.CraneClientConnectedListener - <tcpsvr><info> CraneClientConnectedEvent detected
2026-05-19 11:08:42.323 INFO  o.c.TcpServerConfig$$SpringCGLIB$$0 - <tcpclient><info> Connection established: 127.0.0.1:18196:54170:3aa69977-a61f-471b-8cb7-66a6765cc24c
2026-05-19 11:08:42.406 WARN  o.c.ApplicationReadyListener - <tcpsvr><info> Message Flow Automation Debug is ENABLED
2026-05-19 11:08:42.471 INFO  o.c.controller.TcpMessageController - <tcpclient><send> LVS1UST1DA080019052026110842????????01???????001
2026-05-19 11:08:42.566 INFO  o.c.CraneClientConnectedListener - <tcpclient><send> DAYSTART message sent to Crane server
2026-05-19 11:08:42.748 INFO  o.c.TcpServerConfig$$SpringCGLIB$$0 - <tcpserver><recv> LVS1UST1DA080019052026110842????????01???????001
2026-05-19 11:08:42.996 WARN  o.c.m.IncomingMessageProcessor - MessageProcessor::handleError->StatusCode.STATUSUNKNOWN
2026-05-19 11:08:43.001 INFO  o.c.m.IncomingMessageProcessor - SENDER LVS1 | RECEIVER UST1 | MESSAGETYPE DAYSTART | ORDINAL 8 | ERRORCODE OK | SOURCE 19052026 | TARGET 110842 | REPORTPOINT RPUNKNOWN | LETYPE LEUNKNOWN | STATUSCODE AUTOMATIONENABLED | USERDATA null | RAWMESSAGE LVS1UST1DA080019052026110842????????01???????001
2026-05-19 11:08:46.165 INFO  o.c.controller.TcpMessageController - <tcpclient><send> UST1LVS111090019052026110842????????01???????001
2026-05-19 11:08:46.168 INFO  o.c.TcpClientConfig$$SpringCGLIB$$0 - <tcpclient><recv> LVS1UST1DA080019052026110842????????01???????001
2026-05-19 11:08:46.170 INFO  o.c.TcpServerConfig$$SpringCGLIB$$0 - <tcpserver><recv> UST1LVS111090019052026110842????????01???????001
2026-05-19 11:08:46.191 WARN  o.c.m.IncomingMessageProcessor - MessageProcessor::handleError->StatusCode.STATUSUNKNOWN
2026-05-19 11:08:46.191 INFO  o.c.m.IncomingMessageProcessor - SENDER UST1 | RECEIVER LVS1 | MESSAGETYPE DAYSTART | ORDINAL 9 | ERRORCODE OK | SOURCE 19052026 | TARGET 110846 | REPORTPOINT RPUNKNOWN | LETYPE LEUNKNOWN | STATUSCODE AUTOMATIONENABLED | USERDATA null | RAWMESSAGE UST1LVS111090019052026110842????????01???????001
2026-05-19 11:08:46.194 INFO  o.c.TcpClientConfig$$SpringCGLIB$$0 - <tcpclient><recv> LVS1UST1AA090019052026110842????????01???????001
2026-05-19 11:11:42.736 INFO  o.c.ApplicationCloseListener - <tcpserver><info> ApplicationContextClosedEvent detected
2026-05-19 11:11:42.792 INFO  org.code_studio.BarcodeConfig - <tcpserver><info> Barcode communication - COM port closed: COM3
2026-05-19 11:11:42.794 INFO  o.c.ApplicationCloseListener - <tcpserver><info> Waiting for 3000 msec to receive DAYEND confirmation from CRANE, and then close the TCP connection.
2026-05-19 11:11:45.928 INFO  o.c.TcpServerConfig$$SpringCGLIB$$0 - <tcpclient><info> Connection closed: 127.0.0.1:18196:54170:3aa69977-a61f-471b-8cb7-66a6765cc24c
2026-05-19 11:11:45.967 INFO  o.c.TcpServerConfig$$SpringCGLIB$$0 - <tcpserver><info> Connection closed: 127.0.0.1:54170:18196:1c26c9a3-cc81-40d2-91b3-2250313827e7
2026-05-19 11:12:34.773 INFO  o.code_studio.ComPortSchedulerTask - <tcpserver><info> Trying to open COM port for Barcode communication
2026-05-19 11:12:34.936 INFO  o.c.WebSocketServerConfig$$SpringCGLIB$$0 - <wsserver><info> Created WS channel: /app/topic
2026-05-19 11:12:35.167 INFO  o.c.TcpServerConfig$$SpringCGLIB$$0 - <tcpserver><info> TCP server started on port: 18196
2026-05-19 11:12:35.181 INFO  o.c.TcpClientConfig$$SpringCGLIB$$0 - <tcpclient><info> TCP client has been created for server: localhost:18196
2026-05-19 11:12:35.303 INFO  o.c.WebSocketServerConfig$$SpringCGLIB$$0 - <wsserver><info> Created WS server on endpoint: /ws
2026-05-19 11:12:35.329 INFO  o.code_studio.ComPortSchedulerTask - <tcpserver><info> Barcode communication enabled. COM port open: COM3
2026-05-19 11:12:37.228 INFO  o.c.TcpServerConfig$$SpringCGLIB$$0 - <tcpserver><info> Connection established: 127.0.0.1:55176:18196:a6e3d0f1-d423-462c-b7eb-55c72c279398
2026-05-19 11:12:37.228 INFO  o.c.TcpServerConfig$$SpringCGLIB$$0 - <tcpclient><info> Connection established: 127.0.0.1:18196:55176:fd9f35ba-a3d1-495f-83c2-b94ad19be5f6
2026-05-19 11:12:37.230 INFO  o.c.CraneClientConnectedListener - <tcpsvr><info> CraneClientConnectedEvent detected
2026-05-19 11:12:37.293 WARN  o.c.ApplicationReadyListener - <tcpsvr><info> Message Flow Automation Debug is ENABLED
2026-05-19 11:12:37.315 INFO  o.c.controller.TcpMessageController - <tcpclient><send> LVS1UST1DA100019052026111237????????01???????001
2026-05-19 11:12:37.336 INFO  o.c.CraneClientConnectedListener - <tcpclient><send> DAYSTART message sent to Crane server
2026-05-19 11:12:37.378 INFO  o.c.TcpServerConfig$$SpringCGLIB$$0 - <tcpserver><recv> LVS1UST1DA100019052026111237????????01???????001
2026-05-19 11:12:37.470 WARN  o.c.m.IncomingMessageProcessor - MessageProcessor::handleError->StatusCode.STATUSUNKNOWN
2026-05-19 11:12:37.478 INFO  o.c.m.IncomingMessageProcessor - SENDER LVS1 | RECEIVER UST1 | MESSAGETYPE DAYSTART | ORDINAL 10 | ERRORCODE OK | SOURCE 19052026 | TARGET 111237 | REPORTPOINT RPUNKNOWN | LETYPE LEUNKNOWN | STATUSCODE AUTOMATIONENABLED | USERDATA null | RAWMESSAGE LVS1UST1DA100019052026111237????????01???????001
2026-05-19 11:12:40.518 INFO  o.c.controller.TcpMessageController - <tcpclient><send> UST1LVS111110019052026111237????????01???????001
2026-05-19 11:12:40.521 INFO  o.c.TcpClientConfig$$SpringCGLIB$$0 - <tcpclient><recv> LVS1UST1DA100019052026111237????????01???????001
2026-05-19 11:12:40.521 INFO  o.c.TcpServerConfig$$SpringCGLIB$$0 - <tcpserver><recv> UST1LVS111110019052026111237????????01???????001
2026-05-19 11:12:40.522 WARN  o.c.m.IncomingMessageProcessor - MessageProcessor::handleError->StatusCode.STATUSUNKNOWN
2026-05-19 11:12:40.523 INFO  o.c.m.IncomingMessageProcessor - SENDER UST1 | RECEIVER LVS1 | MESSAGETYPE DAYSTART | ORDINAL 11 | ERRORCODE OK | SOURCE 19052026 | TARGET 111240 | REPORTPOINT RPUNKNOWN | LETYPE LEUNKNOWN | STATUSCODE AUTOMATIONENABLED | USERDATA null | RAWMESSAGE UST1LVS111110019052026111237????????01???????001
2026-05-19 11:12:40.524 INFO  o.c.TcpClientConfig$$SpringCGLIB$$0 - <tcpclient><recv> LVS1UST1AA110019052026111237????????01???????001
2026-05-19 11:13:38.792 INFO  o.c.ApplicationCloseListener - <tcpserver><info> ApplicationContextClosedEvent detected
2026-05-19 11:13:38.793 INFO  org.code_studio.BarcodeConfig - <tcpserver><info> Barcode communication - COM port closed: COM3
2026-05-19 11:13:38.794 INFO  o.c.ApplicationCloseListener - <tcpserver><info> Waiting for 3000 msec to receive DAYEND confirmation from CRANE, and then close the TCP connection.
2026-05-19 11:13:41.806 INFO  o.c.TcpServerConfig$$SpringCGLIB$$0 - <tcpclient><info> Connection closed: 127.0.0.1:18196:55176:fd9f35ba-a3d1-495f-83c2-b94ad19be5f6
2026-05-19 11:13:41.810 INFO  o.c.TcpServerConfig$$SpringCGLIB$$0 - <tcpserver><info> Connection closed: 127.0.0.1:55176:18196:a6e3d0f1-d423-462c-b7eb-55c72c279398
2026-05-19 11:13:53.915 INFO  o.code_studio.ComPortSchedulerTask - <tcpserver><info> Trying to open COM port for Barcode communication
2026-05-19 11:13:54.090 INFO  o.c.WebSocketServerConfig$$SpringCGLIB$$0 - <wsserver><info> Created WS channel: /app/topic
2026-05-19 11:13:54.287 INFO  o.c.TcpServerConfig$$SpringCGLIB$$0 - <tcpserver><info> TCP server started on port: 18196
2026-05-19 11:13:54.296 INFO  o.c.TcpClientConfig$$SpringCGLIB$$0 - <tcpclient><info> TCP client has been created for server: localhost:18196
2026-05-19 11:13:54.411 INFO  o.c.WebSocketServerConfig$$SpringCGLIB$$0 - <wsserver><info> Created WS server on endpoint: /ws
2026-05-19 11:13:54.878 INFO  o.code_studio.ComPortSchedulerTask - <tcpserver><info> Barcode communication enabled. COM port open: COM3
2026-05-19 11:13:55.651 INFO  o.c.TcpServerConfig$$SpringCGLIB$$0 - <tcpserver><info> Connection established: 127.0.0.1:55399:18196:28eab91c-a766-4f4b-9ebb-266696ea1169
2026-05-19 11:13:55.651 INFO  o.c.TcpServerConfig$$SpringCGLIB$$0 - <tcpclient><info> Connection established: 127.0.0.1:18196:55399:d7cbfc2e-83d9-4579-b2d1-64485797c0d3
2026-05-19 11:13:55.655 INFO  o.c.CraneClientConnectedListener - <tcpsvr><info> CraneClientConnectedEvent detected
2026-05-19 11:13:55.700 WARN  o.c.ApplicationReadyListener - <tcpsvr><info> Message Flow Automation Debug is ENABLED
2026-05-19 11:13:55.775 INFO  o.c.controller.TcpMessageController - <tcpclient><send> LVS1UST1DA120019052026111355????????01???????001
2026-05-19 11:13:55.800 INFO  o.c.CraneClientConnectedListener - <tcpclient><send> DAYSTART message sent to Crane server
2026-05-19 11:13:55.826 INFO  o.c.TcpServerConfig$$SpringCGLIB$$0 - <tcpserver><recv> LVS1UST1DA120019052026111355????????01???????001
2026-05-19 11:13:55.872 WARN  o.c.m.IncomingMessageProcessor - MessageProcessor::handleError->StatusCode.STATUSUNKNOWN
2026-05-19 11:13:55.879 INFO  o.c.m.IncomingMessageProcessor - SENDER LVS1 | RECEIVER UST1 | MESSAGETYPE DAYSTART | ORDINAL 12 | ERRORCODE OK | SOURCE 19052026 | TARGET 111355 | REPORTPOINT RPUNKNOWN | LETYPE LEUNKNOWN | STATUSCODE AUTOMATIONENABLED | USERDATA null | RAWMESSAGE LVS1UST1DA120019052026111355????????01???????001
2026-05-19 11:13:58.903 INFO  o.c.controller.TcpMessageController - <tcpclient><send> UST1LVS111130019052026111355????????01???????001
2026-05-19 11:13:58.907 INFO  o.c.TcpClientConfig$$SpringCGLIB$$0 - <tcpclient><recv> LVS1UST1DA120019052026111355????????01???????001
2026-05-19 11:13:58.908 INFO  o.c.TcpServerConfig$$SpringCGLIB$$0 - <tcpserver><recv> UST1LVS111130019052026111355????????01???????001
2026-05-19 11:13:58.909 WARN  o.c.m.IncomingMessageProcessor - MessageProcessor::handleError->StatusCode.STATUSUNKNOWN
2026-05-19 11:13:58.909 INFO  o.c.m.IncomingMessageProcessor - SENDER UST1 | RECEIVER LVS1 | MESSAGETYPE DAYSTART | ORDINAL 13 | ERRORCODE OK | SOURCE 19052026 | TARGET 111358 | REPORTPOINT RPUNKNOWN | LETYPE LEUNKNOWN | STATUSCODE AUTOMATIONENABLED | USERDATA null | RAWMESSAGE UST1LVS111130019052026111355????????01???????001
2026-05-19 11:13:58.911 INFO  o.c.TcpClientConfig$$SpringCGLIB$$0 - <tcpclient><recv> LVS1UST1AA130019052026111355????????01???????001
2026-05-19 11:14:53.420 INFO  o.c.ApplicationCloseListener - <tcpserver><info> ApplicationContextClosedEvent detected
2026-05-19 11:14:53.422 INFO  org.code_studio.BarcodeConfig - <tcpserver><info> Barcode communication - COM port closed: COM3
2026-05-19 11:14:53.423 INFO  o.c.ApplicationCloseListener - <tcpserver><info> Waiting for 3000 msec to receive DAYEND confirmation from CRANE, and then close the TCP connection.
2026-05-19 11:14:56.439 INFO  o.c.TcpServerConfig$$SpringCGLIB$$0 - <tcpclient><info> Connection closed: 127.0.0.1:18196:55399:d7cbfc2e-83d9-4579-b2d1-64485797c0d3
2026-05-19 11:14:56.450 INFO  o.c.TcpServerConfig$$SpringCGLIB$$0 - <tcpserver><info> Connection closed: 127.0.0.1:55399:18196:28eab91c-a766-4f4b-9ebb-266696ea1169
2026-05-19 11:15:05.227 INFO  o.code_studio.ComPortSchedulerTask - <tcpserver><info> Trying to open COM port for Barcode communication
2026-05-19 11:15:05.396 INFO  o.c.WebSocketServerConfig$$SpringCGLIB$$0 - <wsserver><info> Created WS channel: /app/topic
2026-05-19 11:15:05.664 INFO  o.c.TcpServerConfig$$SpringCGLIB$$0 - <tcpserver><info> TCP server started on port: 18196
2026-05-19 11:15:05.672 INFO  o.c.TcpClientConfig$$SpringCGLIB$$0 - <tcpclient><info> TCP client has been created for server: localhost:18196
2026-05-19 11:15:05.760 INFO  o.c.WebSocketServerConfig$$SpringCGLIB$$0 - <wsserver><info> Created WS server on endpoint: /ws
2026-05-19 11:15:06.467 INFO  o.code_studio.ComPortSchedulerTask - <tcpserver><info> Barcode communication enabled. COM port open: COM3
2026-05-19 11:15:06.976 INFO  o.c.TcpServerConfig$$SpringCGLIB$$0 - <tcpclient><info> Connection established: 127.0.0.1:18196:55519:fdfe6b83-ce49-4fb0-b3f7-56378b89f06d
2026-05-19 11:15:06.976 INFO  o.c.TcpServerConfig$$SpringCGLIB$$0 - <tcpserver><info> Connection established: 127.0.0.1:55519:18196:c907b5f3-4c79-433b-aaad-1a0340edb433
2026-05-19 11:15:06.980 INFO  o.c.CraneClientConnectedListener - <tcpsvr><info> CraneClientConnectedEvent detected
2026-05-19 11:15:07.025 WARN  o.c.ApplicationReadyListener - <tcpsvr><info> Message Flow Automation Debug is ENABLED
2026-05-19 11:15:07.041 INFO  o.c.controller.TcpMessageController - <tcpclient><send> LVS1UST1DA140019052026111507????????01???????001
2026-05-19 11:15:07.058 INFO  o.c.CraneClientConnectedListener - <tcpclient><send> DAYSTART message sent to Crane server
2026-05-19 11:15:07.076 INFO  o.c.TcpServerConfig$$SpringCGLIB$$0 - <tcpserver><recv> LVS1UST1DA140019052026111507????????01???????001
2026-05-19 11:15:07.100 WARN  o.c.m.IncomingMessageProcessor - MessageProcessor::handleError->StatusCode.STATUSUNKNOWN
2026-05-19 11:15:07.105 INFO  o.c.m.IncomingMessageProcessor - SENDER LVS1 | RECEIVER UST1 | MESSAGETYPE DAYSTART | ORDINAL 14 | ERRORCODE OK | SOURCE 19052026 | TARGET 111507 | REPORTPOINT RPUNKNOWN | LETYPE LEUNKNOWN | STATUSCODE AUTOMATIONENABLED | USERDATA null | RAWMESSAGE LVS1UST1DA140019052026111507????????01???????001
2026-05-19 11:15:10.126 INFO  o.c.controller.TcpMessageController - <tcpclient><send> UST1LVS111150019052026111507????????01???????001
2026-05-19 11:15:10.130 INFO  o.c.TcpClientConfig$$SpringCGLIB$$0 - <tcpclient><recv> LVS1UST1DA140019052026111507????????01???????001
2026-05-19 11:15:10.130 INFO  o.c.TcpServerConfig$$SpringCGLIB$$0 - <tcpserver><recv> UST1LVS111150019052026111507????????01???????001
2026-05-19 11:15:10.131 WARN  o.c.m.IncomingMessageProcessor - MessageProcessor::handleError->StatusCode.STATUSUNKNOWN
2026-05-19 11:15:10.132 INFO  o.c.m.IncomingMessageProcessor - SENDER UST1 | RECEIVER LVS1 | MESSAGETYPE DAYSTART | ORDINAL 15 | ERRORCODE OK | SOURCE 19052026 | TARGET 111510 | REPORTPOINT RPUNKNOWN | LETYPE LEUNKNOWN | STATUSCODE AUTOMATIONENABLED | USERDATA null | RAWMESSAGE UST1LVS111150019052026111507????????01???????001
2026-05-19 11:15:10.134 INFO  o.c.TcpClientConfig$$SpringCGLIB$$0 - <tcpclient><recv> LVS1UST1AA150019052026111507????????01???????001
2026-05-19 11:16:01.327 INFO  o.c.ApplicationCloseListener - <tcpserver><info> ApplicationContextClosedEvent detected
2026-05-19 11:16:01.331 INFO  org.code_studio.BarcodeConfig - <tcpserver><info> Barcode communication - COM port closed: COM3
2026-05-19 11:16:01.331 INFO  o.c.ApplicationCloseListener - <tcpserver><info> Waiting for 3000 msec to receive DAYEND confirmation from CRANE, and then close the TCP connection.
2026-05-19 11:16:04.344 INFO  o.c.TcpServerConfig$$SpringCGLIB$$0 - <tcpclient><info> Connection closed: 127.0.0.1:18196:55519:fdfe6b83-ce49-4fb0-b3f7-56378b89f06d
2026-05-19 11:16:04.349 INFO  o.c.TcpServerConfig$$SpringCGLIB$$0 - <tcpserver><info> Connection closed: 127.0.0.1:55519:18196:c907b5f3-4c79-433b-aaad-1a0340edb433
2026-05-19 11:18:37.434 INFO  o.code_studio.ComPortSchedulerTask - <tcpserver><info> Trying to open COM port for Barcode communication
2026-05-19 11:18:37.587 INFO  o.c.WebSocketServerConfig$$SpringCGLIB$$0 - <wsserver><info> Created WS channel: /app/topic
2026-05-19 11:18:37.807 INFO  o.c.TcpServerConfig$$SpringCGLIB$$0 - <tcpserver><info> TCP server started on port: 18196
2026-05-19 11:18:37.816 INFO  o.c.TcpClientConfig$$SpringCGLIB$$0 - <tcpclient><info> TCP client has been created for server: localhost:18196
2026-05-19 11:18:37.912 INFO  o.c.WebSocketServerConfig$$SpringCGLIB$$0 - <wsserver><info> Created WS server on endpoint: /ws
2026-05-19 11:18:38.956 INFO  o.code_studio.ComPortSchedulerTask - <tcpserver><info> Barcode communication enabled. COM port open: COM3
2026-05-19 11:18:39.005 INFO  o.c.TcpServerConfig$$SpringCGLIB$$0 - <tcpclient><info> Connection established: 127.0.0.1:18196:55855:3442ab27-c560-48b1-951d-3747e59e1b6a
2026-05-19 11:18:39.008 INFO  o.c.TcpServerConfig$$SpringCGLIB$$0 - <tcpserver><info> Connection established: 127.0.0.1:55855:18196:5cb1498f-e59b-44af-9ce1-04fcc283f781
2026-05-19 11:18:39.018 INFO  o.c.CraneClientConnectedListener - <tcpsvr><info> CraneClientConnectedEvent detected
2026-05-19 11:18:39.059 WARN  o.c.ApplicationReadyListener - <tcpsvr><info> Message Flow Automation Debug is ENABLED
2026-05-19 11:18:39.118 INFO  o.c.controller.TcpMessageController - <tcpclient><send> LVS1UST1DA160019052026111839????????01???????001
2026-05-19 11:18:39.132 INFO  o.c.CraneClientConnectedListener - <tcpclient><send> DAYSTART message sent to Crane server
2026-05-19 11:18:39.158 INFO  o.c.TcpServerConfig$$SpringCGLIB$$0 - <tcpserver><recv> LVS1UST1DA160019052026111839????????01???????001
2026-05-19 11:18:39.237 WARN  o.c.m.IncomingMessageProcessor - MessageProcessor::handleError->StatusCode.STATUSUNKNOWN
2026-05-19 11:18:39.242 INFO  o.c.m.IncomingMessageProcessor - SENDER LVS1 | RECEIVER UST1 | MESSAGETYPE DAYSTART | ORDINAL 16 | ERRORCODE OK | SOURCE 19052026 | TARGET 111839 | REPORTPOINT RPUNKNOWN | LETYPE LEUNKNOWN | STATUSCODE AUTOMATIONENABLED | USERDATA null | RAWMESSAGE LVS1UST1DA160019052026111839????????01???????001
2026-05-19 11:18:42.266 INFO  o.c.controller.TcpMessageController - <tcpclient><send> UST1LVS111170019052026111839????????01???????001
2026-05-19 11:18:42.270 INFO  o.c.TcpClientConfig$$SpringCGLIB$$0 - <tcpclient><recv> LVS1UST1DA160019052026111839????????01???????001
2026-05-19 11:18:42.270 INFO  o.c.TcpServerConfig$$SpringCGLIB$$0 - <tcpserver><recv> UST1LVS111170019052026111839????????01???????001
2026-05-19 11:18:42.273 WARN  o.c.m.IncomingMessageProcessor - MessageProcessor::handleError->StatusCode.STATUSUNKNOWN
2026-05-19 11:18:42.274 INFO  o.c.m.IncomingMessageProcessor - SENDER UST1 | RECEIVER LVS1 | MESSAGETYPE DAYSTART | ORDINAL 17 | ERRORCODE OK | SOURCE 19052026 | TARGET 111842 | REPORTPOINT RPUNKNOWN | LETYPE LEUNKNOWN | STATUSCODE AUTOMATIONENABLED | USERDATA null | RAWMESSAGE UST1LVS111170019052026111839????????01???????001
2026-05-19 11:18:42.275 INFO  o.c.TcpClientConfig$$SpringCGLIB$$0 - <tcpclient><recv> LVS1UST1AA170019052026111839????????01???????001
2026-05-19 11:22:51.048 INFO  o.c.ApplicationCloseListener - <tcpserver><info> ApplicationContextClosedEvent detected
2026-05-19 11:22:51.063 INFO  org.code_studio.BarcodeConfig - <tcpserver><info> Barcode communication - COM port closed: COM3
2026-05-19 11:22:51.065 INFO  o.c.ApplicationCloseListener - <tcpserver><info> Waiting for 3000 msec to receive DAYEND confirmation from CRANE, and then close the TCP connection.
2026-05-19 11:22:54.165 INFO  o.c.TcpServerConfig$$SpringCGLIB$$0 - <tcpclient><info> Connection closed: 127.0.0.1:18196:55855:3442ab27-c560-48b1-951d-3747e59e1b6a
2026-05-19 11:22:54.187 INFO  o.c.TcpServerConfig$$SpringCGLIB$$0 - <tcpserver><info> Connection closed: 127.0.0.1:55855:18196:5cb1498f-e59b-44af-9ce1-04fcc283f781
2026-05-19 11:23:00.669 INFO  o.code_studio.ComPortSchedulerTask - <tcpserver><info> Trying to open COM port for Barcode communication
2026-05-19 11:23:00.835 INFO  o.c.WebSocketServerConfig$$SpringCGLIB$$0 - <wsserver><info> Created WS channel: /app/topic
2026-05-19 11:23:01.030 INFO  o.c.TcpServerConfig$$SpringCGLIB$$0 - <tcpserver><info> TCP server started on port: 18196
2026-05-19 11:23:01.040 INFO  o.c.TcpClientConfig$$SpringCGLIB$$0 - <tcpclient><info> TCP client has been created for server: localhost:18196
2026-05-19 11:23:01.194 INFO  o.c.WebSocketServerConfig$$SpringCGLIB$$0 - <wsserver><info> Created WS server on endpoint: /ws
2026-05-19 11:23:01.295 INFO  o.code_studio.ComPortSchedulerTask - <tcpserver><info> Barcode communication enabled. COM port open: COM3
2026-05-19 11:23:02.734 INFO  o.c.TcpServerConfig$$SpringCGLIB$$0 - <tcpclient><info> Connection established: 127.0.0.1:18196:56318:f75c1e00-8b85-4693-beeb-572f4437d17d
2026-05-19 11:23:02.734 INFO  o.c.TcpServerConfig$$SpringCGLIB$$0 - <tcpserver><info> Connection established: 127.0.0.1:56318:18196:a05c4530-874a-42bc-b23c-1f0588acb92d
2026-05-19 11:23:02.740 INFO  o.c.CraneClientConnectedListener - <tcpsvr><info> CraneClientConnectedEvent detected
2026-05-19 11:23:02.788 WARN  o.c.ApplicationReadyListener - <tcpsvr><info> Message Flow Automation Debug is ENABLED
2026-05-19 11:23:02.829 INFO  o.c.controller.TcpMessageController - <tcpclient><send> LVS1UST1DA180019052026112302????????01???????001
2026-05-19 11:23:02.844 INFO  o.c.CraneClientConnectedListener - <tcpclient><send> DAYSTART message sent to Crane server
2026-05-19 11:23:02.889 INFO  o.c.TcpServerConfig$$SpringCGLIB$$0 - <tcpserver><recv> LVS1UST1DA180019052026112302????????01???????001
2026-05-19 11:23:02.949 WARN  o.c.m.IncomingMessageProcessor - MessageProcessor::handleError->StatusCode.STATUSUNKNOWN
2026-05-19 11:23:02.953 INFO  o.c.m.IncomingMessageProcessor - SENDER LVS1 | RECEIVER UST1 | MESSAGETYPE DAYSTART | ORDINAL 18 | ERRORCODE OK | SOURCE 19052026 | TARGET 112302 | REPORTPOINT RPUNKNOWN | LETYPE LEUNKNOWN | STATUSCODE AUTOMATIONENABLED | USERDATA null | RAWMESSAGE LVS1UST1DA180019052026112302????????01???????001
2026-05-19 11:23:05.978 INFO  o.c.controller.TcpMessageController - <tcpclient><send> UST1LVS111190019052026112302????????01???????001
2026-05-19 11:23:05.983 INFO  o.c.TcpClientConfig$$SpringCGLIB$$0 - <tcpclient><recv> LVS1UST1DA180019052026112302????????01???????001
2026-05-19 11:23:05.985 INFO  o.c.TcpServerConfig$$SpringCGLIB$$0 - <tcpserver><recv> UST1LVS111190019052026112302????????01???????001
2026-05-19 11:23:05.988 WARN  o.c.m.IncomingMessageProcessor - MessageProcessor::handleError->StatusCode.STATUSUNKNOWN
2026-05-19 11:23:05.992 INFO  o.c.m.IncomingMessageProcessor - SENDER UST1 | RECEIVER LVS1 | MESSAGETYPE DAYSTART | ORDINAL 19 | ERRORCODE OK | SOURCE 19052026 | TARGET 112305 | REPORTPOINT RPUNKNOWN | LETYPE LEUNKNOWN | STATUSCODE AUTOMATIONENABLED | USERDATA null | RAWMESSAGE UST1LVS111190019052026112302????????01???????001
2026-05-19 11:23:05.994 INFO  o.c.TcpClientConfig$$SpringCGLIB$$0 - <tcpclient><recv> LVS1UST1AA190019052026112302????????01???????001
2026-05-19 11:24:31.497 INFO  o.c.ApplicationCloseListener - <tcpserver><info> ApplicationContextClosedEvent detected
2026-05-19 11:24:31.499 INFO  org.code_studio.BarcodeConfig - <tcpserver><info> Barcode communication - COM port closed: COM3
2026-05-19 11:24:31.499 INFO  o.c.ApplicationCloseListener - <tcpserver><info> Waiting for 3000 msec to receive DAYEND confirmation from CRANE, and then close the TCP connection.
2026-05-19 11:24:34.511 INFO  o.c.TcpServerConfig$$SpringCGLIB$$0 - <tcpclient><info> Connection closed: 127.0.0.1:18196:56318:f75c1e00-8b85-4693-beeb-572f4437d17d
2026-05-19 11:24:34.524 INFO  o.c.TcpServerConfig$$SpringCGLIB$$0 - <tcpserver><info> Connection closed: 127.0.0.1:56318:18196:a05c4530-874a-42bc-b23c-1f0588acb92d
2026-05-19 11:24:57.265 INFO  o.code_studio.ComPortSchedulerTask - <tcpserver><info> Trying to open COM port for Barcode communication
2026-05-19 11:24:57.537 INFO  o.c.WebSocketServerConfig$$SpringCGLIB$$0 - <wsserver><info> Created WS channel: /app/topic
2026-05-19 11:24:57.796 INFO  o.c.TcpServerConfig$$SpringCGLIB$$0 - <tcpserver><info> TCP server started on port: 18196
2026-05-19 11:24:57.807 INFO  o.c.TcpClientConfig$$SpringCGLIB$$0 - <tcpclient><info> TCP client has been created for server: localhost:18196
2026-05-19 11:24:57.943 INFO  o.c.WebSocketServerConfig$$SpringCGLIB$$0 - <wsserver><info> Created WS server on endpoint: /ws
2026-05-19 11:24:59.141 INFO  o.c.TcpServerConfig$$SpringCGLIB$$0 - <tcpclient><info> Connection established: 127.0.0.1:18196:56528:9a0e0c5c-e3bb-4961-8a73-53fb54ac82ee
2026-05-19 11:24:59.142 INFO  o.c.TcpServerConfig$$SpringCGLIB$$0 - <tcpserver><info> Connection established: 127.0.0.1:56528:18196:dc024b02-2c4d-4d1e-bdec-babd37da6a3c
2026-05-19 11:24:59.143 INFO  o.c.CraneClientConnectedListener - <tcpsvr><info> CraneClientConnectedEvent detected
2026-05-19 11:24:59.204 INFO  o.c.controller.TcpMessageController - <tcpclient><send> LVS1UST1DA200019052026112459????????01???????001
2026-05-19 11:24:59.205 WARN  o.c.ApplicationReadyListener - <tcpsvr><info> Message Flow Automation Debug is ENABLED
2026-05-19 11:24:59.220 INFO  o.c.CraneClientConnectedListener - <tcpclient><send> DAYSTART message sent to Crane server
2026-05-19 11:24:59.271 INFO  o.c.TcpServerConfig$$SpringCGLIB$$0 - <tcpserver><recv> LVS1UST1DA200019052026112459????????01???????001
2026-05-19 11:24:59.312 WARN  o.c.m.IncomingMessageProcessor - MessageProcessor::handleError->StatusCode.STATUSUNKNOWN
2026-05-19 11:24:59.318 INFO  o.c.m.IncomingMessageProcessor - SENDER LVS1 | RECEIVER UST1 | MESSAGETYPE DAYSTART | ORDINAL 20 | ERRORCODE OK | SOURCE 19052026 | TARGET 112459 | REPORTPOINT RPUNKNOWN | LETYPE LEUNKNOWN | STATUSCODE AUTOMATIONENABLED | USERDATA null | RAWMESSAGE LVS1UST1DA200019052026112459????????01???????001
2026-05-19 11:24:59.321 INFO  o.code_studio.ComPortSchedulerTask - <tcpserver><info> Barcode communication enabled. COM port open: COM3
2026-05-19 11:25:02.350 INFO  o.c.controller.TcpMessageController - <tcpclient><send> UST1LVS111210019052026112459????????01???????001
2026-05-19 11:25:02.354 INFO  o.c.TcpClientConfig$$SpringCGLIB$$0 - <tcpclient><recv> LVS1UST1DA200019052026112459????????01???????001
2026-05-19 11:25:02.356 INFO  o.c.TcpServerConfig$$SpringCGLIB$$0 - <tcpserver><recv> UST1LVS111210019052026112459????????01???????001
2026-05-19 11:25:02.357 WARN  o.c.m.IncomingMessageProcessor - MessageProcessor::handleError->StatusCode.STATUSUNKNOWN
2026-05-19 11:25:02.357 INFO  o.c.m.IncomingMessageProcessor - SENDER UST1 | RECEIVER LVS1 | MESSAGETYPE DAYSTART | ORDINAL 21 | ERRORCODE OK | SOURCE 19052026 | TARGET 112502 | REPORTPOINT RPUNKNOWN | LETYPE LEUNKNOWN | STATUSCODE AUTOMATIONENABLED | USERDATA null | RAWMESSAGE UST1LVS111210019052026112459????????01???????001
2026-05-19 11:25:02.359 INFO  o.c.TcpClientConfig$$SpringCGLIB$$0 - <tcpclient><recv> LVS1UST1AA210019052026112459????????01???????001
2026-05-19 11:31:00.069 INFO  o.c.ApplicationCloseListener - <tcpserver><info> ApplicationContextClosedEvent detected
2026-05-19 11:31:00.099 INFO  org.code_studio.BarcodeConfig - <tcpserver><info> Barcode communication - COM port closed: COM3
2026-05-19 11:31:00.101 INFO  o.c.ApplicationCloseListener - <tcpserver><info> Waiting for 3000 msec to receive DAYEND confirmation from CRANE, and then close the TCP connection.
2026-05-19 11:31:03.217 INFO  o.c.TcpServerConfig$$SpringCGLIB$$0 - <tcpclient><info> Connection closed: 127.0.0.1:18196:56528:9a0e0c5c-e3bb-4961-8a73-53fb54ac82ee
2026-05-19 11:31:03.231 INFO  o.c.TcpServerConfig$$SpringCGLIB$$0 - <tcpserver><info> Connection closed: 127.0.0.1:56528:18196:dc024b02-2c4d-4d1e-bdec-babd37da6a3c
2026-05-19 11:31:16.116 INFO  o.code_studio.ComPortSchedulerTask - <tcpserver><info> Trying to open COM port for Barcode communication
2026-05-19 11:31:16.381 INFO  o.c.WebSocketServerConfig$$SpringCGLIB$$0 - <wsserver><info> Created WS channel: /app/topic
2026-05-19 11:31:16.647 INFO  o.c.TcpServerConfig$$SpringCGLIB$$0 - <tcpserver><info> TCP server started on port: 18196
2026-05-19 11:31:16.657 INFO  o.c.TcpClientConfig$$SpringCGLIB$$0 - <tcpclient><info> TCP client has been created for server: localhost:18196
2026-05-19 11:31:16.784 INFO  o.c.WebSocketServerConfig$$SpringCGLIB$$0 - <wsserver><info> Created WS server on endpoint: /ws
2026-05-19 11:31:17.891 INFO  o.c.TcpServerConfig$$SpringCGLIB$$0 - <tcpserver><info> Connection established: 127.0.0.1:57127:18196:c93168d9-c2ed-4d6d-8077-209f4c480f66
2026-05-19 11:31:17.894 INFO  o.c.CraneClientConnectedListener - <tcpsvr><info> CraneClientConnectedEvent detected
2026-05-19 11:31:17.895 INFO  o.c.TcpServerConfig$$SpringCGLIB$$0 - <tcpclient><info> Connection established: 127.0.0.1:18196:57127:f0e573e4-ca20-482f-9e70-a9136999e148
2026-05-19 11:31:17.948 WARN  o.c.ApplicationReadyListener - <tcpsvr><info> Message Flow Automation Debug is ENABLED
2026-05-19 11:31:17.961 INFO  o.c.controller.TcpMessageController - <tcpclient><send> LVS1UST1DA220019052026113117????????01???????001
2026-05-19 11:31:17.981 INFO  o.c.CraneClientConnectedListener - <tcpclient><send> DAYSTART message sent to Crane server
2026-05-19 11:31:17.981 INFO  o.code_studio.ComPortSchedulerTask - <tcpserver><info> Barcode communication enabled. COM port open: COM3
2026-05-19 11:31:18.005 INFO  o.c.TcpServerConfig$$SpringCGLIB$$0 - <tcpserver><recv> LVS1UST1DA220019052026113117????????01???????001
2026-05-19 11:31:18.026 WARN  o.c.m.IncomingMessageProcessor - MessageProcessor::handleError->StatusCode.STATUSUNKNOWN
2026-05-19 11:31:18.031 INFO  o.c.m.IncomingMessageProcessor - SENDER LVS1 | RECEIVER UST1 | MESSAGETYPE DAYSTART | ORDINAL 22 | ERRORCODE OK | SOURCE 19052026 | TARGET 113118 | REPORTPOINT RPUNKNOWN | LETYPE LEUNKNOWN | STATUSCODE AUTOMATIONENABLED | USERDATA null | RAWMESSAGE LVS1UST1DA220019052026113117????????01???????001
2026-05-19 11:31:21.050 INFO  o.c.controller.TcpMessageController - <tcpclient><send> UST1LVS111230019052026113118????????01???????001
2026-05-19 11:31:21.054 INFO  o.c.TcpClientConfig$$SpringCGLIB$$0 - <tcpclient><recv> LVS1UST1DA220019052026113117????????01???????001
2026-05-19 11:31:21.055 INFO  o.c.TcpServerConfig$$SpringCGLIB$$0 - <tcpserver><recv> UST1LVS111230019052026113118????????01???????001
2026-05-19 11:31:21.056 WARN  o.c.m.IncomingMessageProcessor - MessageProcessor::handleError->StatusCode.STATUSUNKNOWN
2026-05-19 11:31:21.056 INFO  o.c.m.IncomingMessageProcessor - SENDER UST1 | RECEIVER LVS1 | MESSAGETYPE DAYSTART | ORDINAL 23 | ERRORCODE OK | SOURCE 19052026 | TARGET 113121 | REPORTPOINT RPUNKNOWN | LETYPE LEUNKNOWN | STATUSCODE AUTOMATIONENABLED | USERDATA null | RAWMESSAGE UST1LVS111230019052026113118????????01???????001
2026-05-19 11:31:21.058 INFO  o.c.TcpClientConfig$$SpringCGLIB$$0 - <tcpclient><recv> LVS1UST1AA230019052026113118????????01???????001
2026-05-19 11:33:19.778 INFO  o.c.ApplicationCloseListener - <tcpserver><info> ApplicationContextClosedEvent detected
2026-05-19 11:33:19.780 INFO  org.code_studio.BarcodeConfig - <tcpserver><info> Barcode communication - COM port closed: COM3
2026-05-19 11:33:19.781 INFO  o.c.ApplicationCloseListener - <tcpserver><info> Waiting for 3000 msec to receive DAYEND confirmation from CRANE, and then close the TCP connection.
2026-05-19 11:33:22.909 INFO  o.c.TcpServerConfig$$SpringCGLIB$$0 - <tcpclient><info> Connection closed: 127.0.0.1:18196:57127:f0e573e4-ca20-482f-9e70-a9136999e148
2026-05-19 11:33:22.920 INFO  o.c.TcpServerConfig$$SpringCGLIB$$0 - <tcpserver><info> Connection closed: 127.0.0.1:57127:18196:c93168d9-c2ed-4d6d-8077-209f4c480f66
2026-05-19 11:34:16.634 INFO  o.code_studio.ComPortSchedulerTask - <tcpserver><info> Trying to open COM port for Barcode communication
2026-05-19 11:34:16.815 INFO  o.c.WebSocketServerConfig$$SpringCGLIB$$0 - <wsserver><info> Created WS channel: /app/topic
2026-05-19 11:34:17.030 INFO  o.c.TcpServerConfig$$SpringCGLIB$$0 - <tcpserver><info> TCP server started on port: 18196
2026-05-19 11:34:17.040 INFO  o.c.TcpClientConfig$$SpringCGLIB$$0 - <tcpclient><info> TCP client has been created for server: localhost:18196
2026-05-19 11:34:17.122 INFO  o.c.WebSocketServerConfig$$SpringCGLIB$$0 - <wsserver><info> Created WS server on endpoint: /ws
2026-05-19 11:34:18.134 INFO  o.c.TcpServerConfig$$SpringCGLIB$$0 - <tcpserver><info> Connection established: 127.0.0.1:57416:18196:3e687df2-985c-4e93-aeeb-8a637feee49d
2026-05-19 11:34:18.148 INFO  o.c.CraneClientConnectedListener - <tcpsvr><info> CraneClientConnectedEvent detected
2026-05-19 11:34:18.149 INFO  o.c.TcpServerConfig$$SpringCGLIB$$0 - <tcpclient><info> Connection established: 127.0.0.1:18196:57416:ff437fcd-7e8e-4bac-a2aa-b387a36754a2
2026-05-19 11:34:18.197 WARN  o.c.ApplicationReadyListener - <tcpsvr><info> Message Flow Automation Debug is ENABLED
2026-05-19 11:34:18.212 INFO  o.c.controller.TcpMessageController - <tcpclient><send> LVS1UST1DA240019052026113418????????01???????001
2026-05-19 11:34:18.232 INFO  o.c.CraneClientConnectedListener - <tcpclient><send> DAYSTART message sent to Crane server
2026-05-19 11:34:18.280 INFO  o.c.TcpServerConfig$$SpringCGLIB$$0 - <tcpserver><recv> LVS1UST1DA240019052026113418????????01???????001
2026-05-19 11:34:18.320 WARN  o.c.m.IncomingMessageProcessor - MessageProcessor::handleError->StatusCode.STATUSUNKNOWN
2026-05-19 11:34:18.327 INFO  o.c.m.IncomingMessageProcessor - SENDER LVS1 | RECEIVER UST1 | MESSAGETYPE DAYSTART | ORDINAL 24 | ERRORCODE OK | SOURCE 19052026 | TARGET 113418 | REPORTPOINT RPUNKNOWN | LETYPE LEUNKNOWN | STATUSCODE AUTOMATIONENABLED | USERDATA null | RAWMESSAGE LVS1UST1DA240019052026113418????????01???????001
2026-05-19 11:34:18.795 INFO  o.code_studio.ComPortSchedulerTask - <tcpserver><info> Barcode communication enabled. COM port open: COM3
2026-05-19 11:34:21.350 INFO  o.c.controller.TcpMessageController - <tcpclient><send> UST1LVS111250019052026113418????????01???????001
2026-05-19 11:34:21.353 INFO  o.c.TcpClientConfig$$SpringCGLIB$$0 - <tcpclient><recv> LVS1UST1DA240019052026113418????????01???????001
2026-05-19 11:34:21.355 INFO  o.c.TcpServerConfig$$SpringCGLIB$$0 - <tcpserver><recv> UST1LVS111250019052026113418????????01???????001
2026-05-19 11:34:21.356 WARN  o.c.m.IncomingMessageProcessor - MessageProcessor::handleError->StatusCode.STATUSUNKNOWN
2026-05-19 11:34:21.356 INFO  o.c.m.IncomingMessageProcessor - SENDER UST1 | RECEIVER LVS1 | MESSAGETYPE DAYSTART | ORDINAL 25 | ERRORCODE OK | SOURCE 19052026 | TARGET 113421 | REPORTPOINT RPUNKNOWN | LETYPE LEUNKNOWN | STATUSCODE AUTOMATIONENABLED | USERDATA null | RAWMESSAGE UST1LVS111250019052026113418????????01???????001
2026-05-19 11:34:21.358 INFO  o.c.TcpClientConfig$$SpringCGLIB$$0 - <tcpclient><recv> LVS1UST1AA250019052026113418????????01???????001
2026-05-19 11:36:16.641 INFO  o.c.ApplicationCloseListener - <tcpserver><info> ApplicationContextClosedEvent detected
2026-05-19 11:36:16.643 INFO  org.code_studio.BarcodeConfig - <tcpserver><info> Barcode communication - COM port closed: COM3
2026-05-19 11:36:16.644 INFO  o.c.ApplicationCloseListener - <tcpserver><info> Waiting for 3000 msec to receive DAYEND confirmation from CRANE, and then close the TCP connection.
2026-05-19 11:36:19.762 INFO  o.c.TcpServerConfig$$SpringCGLIB$$0 - <tcpclient><info> Connection closed: 127.0.0.1:18196:57416:ff437fcd-7e8e-4bac-a2aa-b387a36754a2
2026-05-19 11:36:19.767 INFO  o.c.TcpServerConfig$$SpringCGLIB$$0 - <tcpserver><info> Connection closed: 127.0.0.1:57416:18196:3e687df2-985c-4e93-aeeb-8a637feee49d
2026-05-19 11:36:31.864 INFO  o.code_studio.ComPortSchedulerTask - <tcpserver><info> Trying to open COM port for Barcode communication
2026-05-19 11:36:32.179 INFO  o.c.WebSocketServerConfig$$SpringCGLIB$$0 - <wsserver><info> Created WS channel: /app/topic
2026-05-19 11:36:32.444 INFO  o.c.TcpServerConfig$$SpringCGLIB$$0 - <tcpserver><info> TCP server started on port: 18196
2026-05-19 11:36:32.455 INFO  o.c.TcpClientConfig$$SpringCGLIB$$0 - <tcpclient><info> TCP client has been created for server: localhost:18196
2026-05-19 11:36:32.577 INFO  o.c.WebSocketServerConfig$$SpringCGLIB$$0 - <wsserver><info> Created WS server on endpoint: /ws
2026-05-19 11:36:32.816 INFO  o.code_studio.ComPortSchedulerTask - <tcpserver><info> Barcode communication enabled. COM port open: COM3
2026-05-19 11:36:34.660 INFO  o.c.TcpServerConfig$$SpringCGLIB$$0 - <tcpserver><info> Connection established: 127.0.0.1:57715:18196:f6f791ea-3ef6-455a-b1ea-791d7c41ab44
2026-05-19 11:36:34.663 INFO  o.c.CraneClientConnectedListener - <tcpsvr><info> CraneClientConnectedEvent detected
2026-05-19 11:36:34.671 INFO  o.c.TcpServerConfig$$SpringCGLIB$$0 - <tcpclient><info> Connection established: 127.0.0.1:18196:57715:6cbb85fe-896f-4bd0-820a-ca32e0536cf1
2026-05-19 11:36:34.710 WARN  o.c.ApplicationReadyListener - <tcpsvr><info> Message Flow Automation Debug is ENABLED
2026-05-19 11:36:34.743 INFO  o.c.controller.TcpMessageController - <tcpclient><send> LVS1UST1DA260019052026113634????????01???????001
2026-05-19 11:36:34.755 INFO  o.c.CraneClientConnectedListener - <tcpclient><send> DAYSTART message sent to Crane server
2026-05-19 11:36:34.782 INFO  o.c.TcpServerConfig$$SpringCGLIB$$0 - <tcpserver><recv> LVS1UST1DA260019052026113634????????01???????001
2026-05-19 11:36:34.823 WARN  o.c.m.IncomingMessageProcessor - MessageProcessor::handleError->StatusCode.STATUSUNKNOWN
2026-05-19 11:36:34.829 INFO  o.c.m.IncomingMessageProcessor - SENDER LVS1 | RECEIVER UST1 | MESSAGETYPE DAYSTART | ORDINAL 26 | ERRORCODE OK | SOURCE 19052026 | TARGET 113634 | REPORTPOINT RPUNKNOWN | LETYPE LEUNKNOWN | STATUSCODE AUTOMATIONENABLED | USERDATA null | RAWMESSAGE LVS1UST1DA260019052026113634????????01???????001
2026-05-19 11:36:37.852 INFO  o.c.controller.TcpMessageController - <tcpclient><send> UST1LVS111270019052026113634????????01???????001
2026-05-19 11:36:37.858 INFO  o.c.TcpClientConfig$$SpringCGLIB$$0 - <tcpclient><recv> LVS1UST1DA260019052026113634????????01???????001
2026-05-19 11:36:37.860 INFO  o.c.TcpServerConfig$$SpringCGLIB$$0 - <tcpserver><recv> UST1LVS111270019052026113634????????01???????001
2026-05-19 11:36:37.863 WARN  o.c.m.IncomingMessageProcessor - MessageProcessor::handleError->StatusCode.STATUSUNKNOWN
2026-05-19 11:36:37.863 INFO  o.c.m.IncomingMessageProcessor - SENDER UST1 | RECEIVER LVS1 | MESSAGETYPE DAYSTART | ORDINAL 27 | ERRORCODE OK | SOURCE 19052026 | TARGET 113637 | REPORTPOINT RPUNKNOWN | LETYPE LEUNKNOWN | STATUSCODE AUTOMATIONENABLED | USERDATA null | RAWMESSAGE UST1LVS111270019052026113634????????01???????001
2026-05-19 11:36:37.864 INFO  o.c.TcpClientConfig$$SpringCGLIB$$0 - <tcpclient><recv> LVS1UST1AA270019052026113634????????01???????001
2026-05-19 11:42:40.698 INFO  o.c.ApplicationCloseListener - <tcpserver><info> ApplicationContextClosedEvent detected
2026-05-19 11:42:40.741 INFO  org.code_studio.BarcodeConfig - <tcpserver><info> Barcode communication - COM port closed: COM3
2026-05-19 11:42:40.744 INFO  o.c.ApplicationCloseListener - <tcpserver><info> Waiting for 3000 msec to receive DAYEND confirmation from CRANE, and then close the TCP connection.
2026-05-19 11:42:43.987 INFO  o.c.TcpServerConfig$$SpringCGLIB$$0 - <tcpclient><info> Connection closed: 127.0.0.1:18196:57715:6cbb85fe-896f-4bd0-820a-ca32e0536cf1
2026-05-19 11:42:44.101 INFO  o.c.TcpServerConfig$$SpringCGLIB$$0 - <tcpserver><info> Connection closed: 127.0.0.1:57715:18196:f6f791ea-3ef6-455a-b1ea-791d7c41ab44
2026-05-19 11:43:03.794 INFO  o.code_studio.ComPortSchedulerTask - <tcpserver><info> Trying to open COM port for Barcode communication
2026-05-19 11:43:03.990 INFO  o.c.WebSocketServerConfig$$SpringCGLIB$$0 - <wsserver><info> Created WS channel: /app/topic
2026-05-19 11:43:04.245 INFO  o.c.TcpServerConfig$$SpringCGLIB$$0 - <tcpserver><info> TCP server started on port: 18196
2026-05-19 11:43:04.255 INFO  o.c.TcpClientConfig$$SpringCGLIB$$0 - <tcpclient><info> TCP client has been created for server: localhost:18196
2026-05-19 11:43:04.383 INFO  o.c.WebSocketServerConfig$$SpringCGLIB$$0 - <wsserver><info> Created WS server on endpoint: /ws
2026-05-19 11:43:04.529 INFO  o.code_studio.ComPortSchedulerTask - <tcpserver><info> Barcode communication enabled. COM port open: COM3
2026-05-19 11:43:05.905 INFO  o.c.TcpServerConfig$$SpringCGLIB$$0 - <tcpserver><info> Connection established: 127.0.0.1:58455:18196:c509367e-1b6f-40da-b23c-395a300780c8
2026-05-19 11:43:05.905 INFO  o.c.TcpServerConfig$$SpringCGLIB$$0 - <tcpclient><info> Connection established: 127.0.0.1:18196:58455:4e0fcf3b-ee8b-48fa-aad5-da8cc5525b28
2026-05-19 11:43:05.909 INFO  o.c.CraneClientConnectedListener - <tcpsvr><info> CraneClientConnectedEvent detected
2026-05-19 11:43:05.940 WARN  o.c.ApplicationReadyListener - <tcpsvr><info> Message Flow Automation Debug is ENABLED
2026-05-19 11:43:06.010 INFO  o.c.controller.TcpMessageController - <tcpclient><send> LVS1UST1DA280019052026114306????????01???????001
2026-05-19 11:43:06.023 INFO  o.c.CraneClientConnectedListener - <tcpclient><send> DAYSTART message sent to Crane server
2026-05-19 11:43:06.052 INFO  o.c.TcpServerConfig$$SpringCGLIB$$0 - <tcpserver><recv> LVS1UST1DA280019052026114306????????01???????001
2026-05-19 11:43:06.078 WARN  o.c.m.IncomingMessageProcessor - MessageProcessor::handleError->StatusCode.STATUSUNKNOWN
2026-05-19 11:43:06.082 INFO  o.c.m.IncomingMessageProcessor - SENDER LVS1 | RECEIVER UST1 | MESSAGETYPE DAYSTART | ORDINAL 28 | ERRORCODE OK | SOURCE 19052026 | TARGET 114306 | REPORTPOINT RPUNKNOWN | LETYPE LEUNKNOWN | STATUSCODE AUTOMATIONENABLED | USERDATA null | RAWMESSAGE LVS1UST1DA280019052026114306????????01???????001
2026-05-19 11:43:09.102 INFO  o.c.controller.TcpMessageController - <tcpclient><send> UST1LVS111290019052026114306????????01???????001
2026-05-19 11:43:09.106 INFO  o.c.TcpClientConfig$$SpringCGLIB$$0 - <tcpclient><recv> LVS1UST1DA280019052026114306????????01???????001
2026-05-19 11:43:09.107 INFO  o.c.TcpServerConfig$$SpringCGLIB$$0 - <tcpserver><recv> UST1LVS111290019052026114306????????01???????001
2026-05-19 11:43:09.110 WARN  o.c.m.IncomingMessageProcessor - MessageProcessor::handleError->StatusCode.STATUSUNKNOWN
2026-05-19 11:43:09.111 INFO  o.c.m.IncomingMessageProcessor - SENDER UST1 | RECEIVER LVS1 | MESSAGETYPE DAYSTART | ORDINAL 29 | ERRORCODE OK | SOURCE 19052026 | TARGET 114309 | REPORTPOINT RPUNKNOWN | LETYPE LEUNKNOWN | STATUSCODE AUTOMATIONENABLED | USERDATA null | RAWMESSAGE UST1LVS111290019052026114306????????01???????001
2026-05-19 11:43:09.113 INFO  o.c.TcpClientConfig$$SpringCGLIB$$0 - <tcpclient><recv> LVS1UST1AA290019052026114306????????01???????001
2026-05-19 11:46:46.617 INFO  o.c.ApplicationCloseListener - <tcpserver><info> ApplicationContextClosedEvent detected
2026-05-19 11:46:46.626 INFO  org.code_studio.BarcodeConfig - <tcpserver><info> Barcode communication - COM port closed: COM3
2026-05-19 11:46:46.627 INFO  o.c.ApplicationCloseListener - <tcpserver><info> Waiting for 3000 msec to receive DAYEND confirmation from CRANE, and then close the TCP connection.
2026-05-19 11:46:49.753 INFO  o.c.TcpServerConfig$$SpringCGLIB$$0 - <tcpclient><info> Connection closed: 127.0.0.1:18196:58455:4e0fcf3b-ee8b-48fa-aad5-da8cc5525b28
2026-05-19 11:46:49.803 INFO  o.c.TcpServerConfig$$SpringCGLIB$$0 - <tcpserver><info> Connection closed: 127.0.0.1:58455:18196:c509367e-1b6f-40da-b23c-395a300780c8
2026-05-19 11:47:02.281 INFO  o.code_studio.ComPortSchedulerTask - <tcpserver><info> Trying to open COM port for Barcode communication
2026-05-19 11:47:02.476 INFO  o.c.WebSocketServerConfig$$SpringCGLIB$$0 - <wsserver><info> Created WS channel: /app/topic
2026-05-19 11:47:02.733 INFO  o.c.TcpServerConfig$$SpringCGLIB$$0 - <tcpserver><info> TCP server started on port: 18196
2026-05-19 11:47:02.744 INFO  o.c.TcpClientConfig$$SpringCGLIB$$0 - <tcpclient><info> TCP client has been created for server: localhost:18196
2026-05-19 11:47:02.867 INFO  o.c.WebSocketServerConfig$$SpringCGLIB$$0 - <wsserver><info> Created WS server on endpoint: /ws
2026-05-19 11:47:03.903 INFO  o.code_studio.ComPortSchedulerTask - <tcpserver><info> Barcode communication enabled. COM port open: COM3
2026-05-19 11:47:04.280 INFO  o.c.TcpServerConfig$$SpringCGLIB$$0 - <tcpserver><info> Connection established: 127.0.0.1:58791:18196:44198b71-dbf3-4d4e-bdfe-e02e3d766193
2026-05-19 11:47:04.280 INFO  o.c.TcpServerConfig$$SpringCGLIB$$0 - <tcpclient><info> Connection established: 127.0.0.1:18196:58791:7002aa96-8cbc-418b-9d67-1e1b04e345be
2026-05-19 11:47:04.282 INFO  o.c.CraneClientConnectedListener - <tcpsvr><info> CraneClientConnectedEvent detected
2026-05-19 11:47:04.342 WARN  o.c.ApplicationReadyListener - <tcpsvr><info> Message Flow Automation Debug is ENABLED
2026-05-19 11:47:04.364 INFO  o.c.controller.TcpMessageController - <tcpclient><send> LVS1UST1DA300019052026114704????????01???????001
2026-05-19 11:47:04.379 INFO  o.c.CraneClientConnectedListener - <tcpclient><send> DAYSTART message sent to Crane server
2026-05-19 11:47:04.402 INFO  o.c.TcpServerConfig$$SpringCGLIB$$0 - <tcpserver><recv> LVS1UST1DA300019052026114704????????01???????001
2026-05-19 11:47:04.440 WARN  o.c.m.IncomingMessageProcessor - MessageProcessor::handleError->StatusCode.STATUSUNKNOWN
2026-05-19 11:47:04.444 INFO  o.c.m.IncomingMessageProcessor - SENDER LVS1 | RECEIVER UST1 | MESSAGETYPE DAYSTART | ORDINAL 30 | ERRORCODE OK | SOURCE 19052026 | TARGET 114704 | REPORTPOINT RPUNKNOWN | LETYPE LEUNKNOWN | STATUSCODE AUTOMATIONENABLED | USERDATA null | RAWMESSAGE LVS1UST1DA300019052026114704????????01???????001
2026-05-19 11:47:07.485 INFO  o.c.controller.TcpMessageController - <tcpclient><send> UST1LVS111310019052026114704????????01???????001
2026-05-19 11:47:07.489 INFO  o.c.TcpClientConfig$$SpringCGLIB$$0 - <tcpclient><recv> LVS1UST1DA300019052026114704????????01???????001
2026-05-19 11:47:07.491 INFO  o.c.TcpServerConfig$$SpringCGLIB$$0 - <tcpserver><recv> UST1LVS111310019052026114704????????01???????001
2026-05-19 11:47:07.494 WARN  o.c.m.IncomingMessageProcessor - MessageProcessor::handleError->StatusCode.STATUSUNKNOWN
2026-05-19 11:47:07.498 INFO  o.c.m.IncomingMessageProcessor - SENDER UST1 | RECEIVER LVS1 | MESSAGETYPE DAYSTART | ORDINAL 31 | ERRORCODE OK | SOURCE 19052026 | TARGET 114707 | REPORTPOINT RPUNKNOWN | LETYPE LEUNKNOWN | STATUSCODE AUTOMATIONENABLED | USERDATA null | RAWMESSAGE UST1LVS111310019052026114704????????01???????001
2026-05-19 11:47:07.515 INFO  o.c.TcpClientConfig$$SpringCGLIB$$0 - <tcpclient><recv> LVS1UST1AA310019052026114704????????01???????001
2026-05-19 11:48:03.147 INFO  o.c.ApplicationCloseListener - <tcpserver><info> ApplicationContextClosedEvent detected
2026-05-19 11:48:03.148 INFO  org.code_studio.BarcodeConfig - <tcpserver><info> Barcode communication - COM port closed: COM3
2026-05-19 11:48:03.149 INFO  o.c.ApplicationCloseListener - <tcpserver><info> Waiting for 3000 msec to receive DAYEND confirmation from CRANE, and then close the TCP connection.
2026-05-19 11:48:06.163 INFO  o.c.TcpServerConfig$$SpringCGLIB$$0 - <tcpclient><info> Connection closed: 127.0.0.1:18196:58791:7002aa96-8cbc-418b-9d67-1e1b04e345be
2026-05-19 11:48:06.168 INFO  o.c.TcpServerConfig$$SpringCGLIB$$0 - <tcpserver><info> Connection closed: 127.0.0.1:58791:18196:44198b71-dbf3-4d4e-bdfe-e02e3d766193
2026-05-19 11:48:48.585 INFO  o.code_studio.ComPortSchedulerTask - <tcpserver><info> Trying to open COM port for Barcode communication
2026-05-19 11:48:48.734 INFO  o.c.WebSocketServerConfig$$SpringCGLIB$$0 - <wsserver><info> Created WS channel: /app/topic
2026-05-19 11:48:48.909 INFO  o.c.TcpServerConfig$$SpringCGLIB$$0 - <tcpserver><info> TCP server started on port: 18196
2026-05-19 11:48:48.917 INFO  o.c.TcpClientConfig$$SpringCGLIB$$0 - <tcpclient><info> TCP client has been created for server: localhost:18196
2026-05-19 11:48:49.005 INFO  o.c.WebSocketServerConfig$$SpringCGLIB$$0 - <wsserver><info> Created WS server on endpoint: /ws
2026-05-19 11:48:50.105 INFO  o.c.TcpServerConfig$$SpringCGLIB$$0 - <tcpclient><info> Connection established: 127.0.0.1:18196:58938:41a41b6a-2830-4766-97fe-adaac0ae9990
2026-05-19 11:48:50.106 INFO  o.c.TcpServerConfig$$SpringCGLIB$$0 - <tcpserver><info> Connection established: 127.0.0.1:58938:18196:0fdaff18-7574-4ac3-8486-e4d578c2f47d
2026-05-19 11:48:50.108 INFO  o.c.CraneClientConnectedListener - <tcpsvr><info> CraneClientConnectedEvent detected
2026-05-19 11:48:50.163 WARN  o.c.ApplicationReadyListener - <tcpsvr><info> Message Flow Automation Debug is ENABLED
2026-05-19 11:48:50.173 INFO  o.c.controller.TcpMessageController - <tcpclient><send> LVS1UST1DA320019052026114850????????01???????001
2026-05-19 11:48:50.212 INFO  o.c.CraneClientConnectedListener - <tcpclient><send> DAYSTART message sent to Crane server
2026-05-19 11:48:50.240 INFO  o.c.TcpServerConfig$$SpringCGLIB$$0 - <tcpserver><recv> LVS1UST1DA320019052026114850????????01???????001
2026-05-19 11:48:50.259 WARN  o.c.m.IncomingMessageProcessor - MessageProcessor::handleError->StatusCode.STATUSUNKNOWN
2026-05-19 11:48:50.263 INFO  o.c.m.IncomingMessageProcessor - SENDER LVS1 | RECEIVER UST1 | MESSAGETYPE DAYSTART | ORDINAL 32 | ERRORCODE OK | SOURCE 19052026 | TARGET 114850 | REPORTPOINT RPUNKNOWN | LETYPE LEUNKNOWN | STATUSCODE AUTOMATIONENABLED | USERDATA null | RAWMESSAGE LVS1UST1DA320019052026114850????????01???????001
2026-05-19 11:48:51.406 INFO  o.code_studio.ComPortSchedulerTask - <tcpserver><info> Barcode communication enabled. COM port open: COM3
2026-05-19 11:48:53.281 INFO  o.c.controller.TcpMessageController - <tcpclient><send> UST1LVS111330019052026114850????????01???????001
2026-05-19 11:48:53.285 INFO  o.c.TcpClientConfig$$SpringCGLIB$$0 - <tcpclient><recv> LVS1UST1DA320019052026114850????????01???????001
2026-05-19 11:48:53.286 INFO  o.c.TcpServerConfig$$SpringCGLIB$$0 - <tcpserver><recv> UST1LVS111330019052026114850????????01???????001
2026-05-19 11:48:53.287 WARN  o.c.m.IncomingMessageProcessor - MessageProcessor::handleError->StatusCode.STATUSUNKNOWN
2026-05-19 11:48:53.288 INFO  o.c.m.IncomingMessageProcessor - SENDER UST1 | RECEIVER LVS1 | MESSAGETYPE DAYSTART | ORDINAL 33 | ERRORCODE OK | SOURCE 19052026 | TARGET 114853 | REPORTPOINT RPUNKNOWN | LETYPE LEUNKNOWN | STATUSCODE AUTOMATIONENABLED | USERDATA null | RAWMESSAGE UST1LVS111330019052026114850????????01???????001
2026-05-19 11:48:53.289 INFO  o.c.TcpClientConfig$$SpringCGLIB$$0 - <tcpclient><recv> LVS1UST1AA330019052026114850????????01???????001
2026-05-19 11:50:53.108 INFO  o.c.ApplicationCloseListener - <tcpserver><info> ApplicationContextClosedEvent detected
2026-05-19 11:50:53.111 INFO  org.code_studio.BarcodeConfig - <tcpserver><info> Barcode communication - COM port closed: COM3
2026-05-19 11:50:53.112 INFO  o.c.ApplicationCloseListener - <tcpserver><info> Waiting for 3000 msec to receive DAYEND confirmation from CRANE, and then close the TCP connection.
2026-05-19 11:50:56.150 INFO  o.c.TcpServerConfig$$SpringCGLIB$$0 - <tcpclient><info> Connection closed: 127.0.0.1:18196:58938:41a41b6a-2830-4766-97fe-adaac0ae9990
2026-05-19 11:50:56.155 INFO  o.c.TcpServerConfig$$SpringCGLIB$$0 - <tcpserver><info> Connection closed: 127.0.0.1:58938:18196:0fdaff18-7574-4ac3-8486-e4d578c2f47d
2026-05-19 11:51:21.002 INFO  o.code_studio.ComPortSchedulerTask - <tcpserver><info> Trying to open COM port for Barcode communication
2026-05-19 11:51:21.146 INFO  o.c.WebSocketServerConfig$$SpringCGLIB$$0 - <wsserver><info> Created WS channel: /app/topic
2026-05-19 11:51:21.410 INFO  o.c.TcpServerConfig$$SpringCGLIB$$0 - <tcpserver><info> TCP server started on port: 18196
2026-05-19 11:51:21.420 INFO  o.c.TcpClientConfig$$SpringCGLIB$$0 - <tcpclient><info> TCP client has been created for server: localhost:18196
2026-05-19 11:51:21.546 INFO  o.c.WebSocketServerConfig$$SpringCGLIB$$0 - <wsserver><info> Created WS server on endpoint: /ws
2026-05-19 11:51:22.442 INFO  o.code_studio.ComPortSchedulerTask - <tcpserver><info> Barcode communication enabled. COM port open: COM3
2026-05-19 11:51:22.954 INFO  o.c.TcpServerConfig$$SpringCGLIB$$0 - <tcpserver><info> Connection established: 127.0.0.1:59254:18196:f94fde68-58b0-4020-a5f9-ec2a3e0b9e69
2026-05-19 11:51:22.958 INFO  o.c.CraneClientConnectedListener - <tcpsvr><info> CraneClientConnectedEvent detected
2026-05-19 11:51:22.970 INFO  o.c.TcpServerConfig$$SpringCGLIB$$0 - <tcpclient><info> Connection established: 127.0.0.1:18196:59254:c832f410-68e8-49c2-b852-4dabbdc3cf87
2026-05-19 11:51:23.008 WARN  o.c.ApplicationReadyListener - <tcpsvr><info> Message Flow Automation Debug is ENABLED
2026-05-19 11:51:23.043 INFO  o.c.controller.TcpMessageController - <tcpclient><send> LVS1UST1DA340019052026115123????????01???????001
2026-05-19 11:51:23.061 INFO  o.c.CraneClientConnectedListener - <tcpclient><send> DAYSTART message sent to Crane server
2026-05-19 11:51:23.089 INFO  o.c.TcpServerConfig$$SpringCGLIB$$0 - <tcpserver><recv> LVS1UST1DA340019052026115123????????01???????001
2026-05-19 11:51:23.114 WARN  o.c.m.IncomingMessageProcessor - MessageProcessor::handleError->StatusCode.STATUSUNKNOWN
2026-05-19 11:51:23.118 INFO  o.c.m.IncomingMessageProcessor - SENDER LVS1 | RECEIVER UST1 | MESSAGETYPE DAYSTART | ORDINAL 34 | ERRORCODE OK | SOURCE 19052026 | TARGET 115123 | REPORTPOINT RPUNKNOWN | LETYPE LEUNKNOWN | STATUSCODE AUTOMATIONENABLED | USERDATA null | RAWMESSAGE LVS1UST1DA340019052026115123????????01???????001
2026-05-19 11:51:26.140 INFO  o.c.controller.TcpMessageController - <tcpclient><send> UST1LVS111350019052026115123????????01???????001
2026-05-19 11:51:26.143 INFO  o.c.TcpClientConfig$$SpringCGLIB$$0 - <tcpclient><recv> LVS1UST1DA340019052026115123????????01???????001
2026-05-19 11:51:26.144 INFO  o.c.TcpServerConfig$$SpringCGLIB$$0 - <tcpserver><recv> UST1LVS111350019052026115123????????01???????001
2026-05-19 11:51:26.146 WARN  o.c.m.IncomingMessageProcessor - MessageProcessor::handleError->StatusCode.STATUSUNKNOWN
2026-05-19 11:51:26.147 INFO  o.c.m.IncomingMessageProcessor - SENDER UST1 | RECEIVER LVS1 | MESSAGETYPE DAYSTART | ORDINAL 35 | ERRORCODE OK | SOURCE 19052026 | TARGET 115126 | REPORTPOINT RPUNKNOWN | LETYPE LEUNKNOWN | STATUSCODE AUTOMATIONENABLED | USERDATA null | RAWMESSAGE UST1LVS111350019052026115123????????01???????001
2026-05-19 11:51:26.148 INFO  o.c.TcpClientConfig$$SpringCGLIB$$0 - <tcpclient><recv> LVS1UST1AA350019052026115123????????01???????001
2026-05-19 11:53:07.305 INFO  o.c.ApplicationCloseListener - <tcpserver><info> ApplicationContextClosedEvent detected
2026-05-19 11:53:07.307 INFO  org.code_studio.BarcodeConfig - <tcpserver><info> Barcode communication - COM port closed: COM3
2026-05-19 11:53:07.307 INFO  o.c.ApplicationCloseListener - <tcpserver><info> Waiting for 3000 msec to receive DAYEND confirmation from CRANE, and then close the TCP connection.
2026-05-19 11:53:10.322 INFO  o.c.TcpServerConfig$$SpringCGLIB$$0 - <tcpclient><info> Connection closed: 127.0.0.1:18196:59254:c832f410-68e8-49c2-b852-4dabbdc3cf87
2026-05-19 11:53:10.328 INFO  o.c.TcpServerConfig$$SpringCGLIB$$0 - <tcpserver><info> Connection closed: 127.0.0.1:59254:18196:f94fde68-58b0-4020-a5f9-ec2a3e0b9e69
2026-05-19 11:54:31.390 INFO  o.code_studio.ComPortSchedulerTask - <tcpserver><info> Trying to open COM port for Barcode communication
2026-05-19 11:54:31.571 INFO  o.c.WebSocketServerConfig$$SpringCGLIB$$0 - <wsserver><info> Created WS channel: /app/topic
2026-05-19 11:54:31.755 INFO  o.c.TcpServerConfig$$SpringCGLIB$$0 - <tcpserver><info> TCP server started on port: 18196
2026-05-19 11:54:31.763 INFO  o.c.TcpClientConfig$$SpringCGLIB$$0 - <tcpclient><info> TCP client has been created for server: localhost:18196
2026-05-19 11:54:31.848 INFO  o.c.WebSocketServerConfig$$SpringCGLIB$$0 - <wsserver><info> Created WS server on endpoint: /ws
2026-05-19 11:54:33.049 INFO  o.c.TcpServerConfig$$SpringCGLIB$$0 - <tcpserver><info> Connection established: 127.0.0.1:59481:18196:0d9a3509-2880-4122-8592-4b38642bdf57
2026-05-19 11:54:33.051 INFO  o.c.CraneClientConnectedListener - <tcpsvr><info> CraneClientConnectedEvent detected
2026-05-19 11:54:33.052 INFO  o.c.TcpServerConfig$$SpringCGLIB$$0 - <tcpclient><info> Connection established: 127.0.0.1:18196:59481:cf6795f8-8f38-4092-bf5c-c200fa31717f
2026-05-19 11:54:33.106 WARN  o.c.ApplicationReadyListener - <tcpsvr><info> Message Flow Automation Debug is ENABLED
2026-05-19 11:54:33.151 INFO  o.c.controller.TcpMessageController - <tcpclient><send> LVS1UST1DA360019052026115433????????01???????001
2026-05-19 11:54:33.168 INFO  o.c.CraneClientConnectedListener - <tcpclient><send> DAYSTART message sent to Crane server
2026-05-19 11:54:33.186 INFO  o.c.TcpServerConfig$$SpringCGLIB$$0 - <tcpserver><recv> LVS1UST1DA360019052026115433????????01???????001
2026-05-19 11:54:33.205 WARN  o.c.m.IncomingMessageProcessor - MessageProcessor::handleError->StatusCode.STATUSUNKNOWN
2026-05-19 11:54:33.209 INFO  o.c.m.IncomingMessageProcessor - SENDER LVS1 | RECEIVER UST1 | MESSAGETYPE DAYSTART | ORDINAL 36 | ERRORCODE OK | SOURCE 19052026 | TARGET 115433 | REPORTPOINT RPUNKNOWN | LETYPE LEUNKNOWN | STATUSCODE AUTOMATIONENABLED | USERDATA null | RAWMESSAGE LVS1UST1DA360019052026115433????????01???????001
2026-05-19 11:54:34.488 INFO  o.code_studio.ComPortSchedulerTask - <tcpserver><info> Barcode communication enabled. COM port open: COM3
2026-05-19 11:54:36.233 INFO  o.c.controller.TcpMessageController - <tcpclient><send> UST1LVS111370019052026115433????????01???????001
2026-05-19 11:54:36.238 INFO  o.c.TcpClientConfig$$SpringCGLIB$$0 - <tcpclient><recv> LVS1UST1DA360019052026115433????????01???????001
2026-05-19 11:54:36.240 INFO  o.c.TcpServerConfig$$SpringCGLIB$$0 - <tcpserver><recv> UST1LVS111370019052026115433????????01???????001
2026-05-19 11:54:36.241 WARN  o.c.m.IncomingMessageProcessor - MessageProcessor::handleError->StatusCode.STATUSUNKNOWN
2026-05-19 11:54:36.241 INFO  o.c.m.IncomingMessageProcessor - SENDER UST1 | RECEIVER LVS1 | MESSAGETYPE DAYSTART | ORDINAL 37 | ERRORCODE OK | SOURCE 19052026 | TARGET 115436 | REPORTPOINT RPUNKNOWN | LETYPE LEUNKNOWN | STATUSCODE AUTOMATIONENABLED | USERDATA null | RAWMESSAGE UST1LVS111370019052026115433????????01???????001
2026-05-19 11:54:36.243 INFO  o.c.TcpClientConfig$$SpringCGLIB$$0 - <tcpclient><recv> LVS1UST1AA370019052026115433????????01???????001
2026-05-19 11:55:59.765 INFO  o.c.ApplicationCloseListener - <tcpserver><info> ApplicationContextClosedEvent detected
2026-05-19 11:55:59.768 INFO  org.code_studio.BarcodeConfig - <tcpserver><info> Barcode communication - COM port closed: COM3
2026-05-19 11:55:59.769 INFO  o.c.ApplicationCloseListener - <tcpserver><info> Waiting for 3000 msec to receive DAYEND confirmation from CRANE, and then close the TCP connection.
2026-05-19 11:56:02.784 INFO  o.c.TcpServerConfig$$SpringCGLIB$$0 - <tcpclient><info> Connection closed: 127.0.0.1:18196:59481:cf6795f8-8f38-4092-bf5c-c200fa31717f
2026-05-19 11:56:02.789 INFO  o.c.TcpServerConfig$$SpringCGLIB$$0 - <tcpserver><info> Connection closed: 127.0.0.1:59481:18196:0d9a3509-2880-4122-8592-4b38642bdf57
2026-05-19 11:56:02.789 ERROR o.s.i.i.t.c.TcpNetServerConnectionFactory - Error on ServerSocket; port = 18196
java.net.SocketException: Socket closed
	at java.base/sun.nio.ch.NioSocketImpl.endAccept(NioSocketImpl.java:676)
	at java.base/sun.nio.ch.NioSocketImpl.accept(NioSocketImpl.java:749)
	at java.base/java.net.ServerSocket.implAccept(ServerSocket.java:593)
	at java.base/java.net.ServerSocket.platformImplAccept(ServerSocket.java:560)
	at java.base/java.net.ServerSocket.implAccept(ServerSocket.java:536)
	at java.base/java.net.ServerSocket.implAccept(ServerSocket.java:482)
	at java.base/java.net.ServerSocket.accept(ServerSocket.java:441)
	at org.springframework.integration.ip.tcp.connection.TcpNetServerConnectionFactory.acceptConnectionAndExecute(TcpNetServerConnectionFactory.java:168)
	at org.springframework.integration.ip.tcp.connection.TcpNetServerConnectionFactory.run(TcpNetServerConnectionFactory.java:120)
	at java.base/java.util.concurrent.ThreadPoolExecutor.runWorker(ThreadPoolExecutor.java:1095)
	at java.base/java.util.concurrent.ThreadPoolExecutor$Worker.run(ThreadPoolExecutor.java:619)
	at java.base/java.lang.Thread.run(Thread.java:1447)
2026-05-19 11:56:13.210 INFO  o.code_studio.ComPortSchedulerTask - <tcpserver><info> Trying to open COM port for Barcode communication
2026-05-19 11:56:13.442 INFO  o.c.WebSocketServerConfig$$SpringCGLIB$$0 - <wsserver><info> Created WS channel: /app/topic
2026-05-19 11:56:13.723 INFO  o.c.TcpServerConfig$$SpringCGLIB$$0 - <tcpserver><info> TCP server started on port: 18196
2026-05-19 11:56:13.732 INFO  o.c.TcpClientConfig$$SpringCGLIB$$0 - <tcpclient><info> TCP client has been created for server: localhost:18196
2026-05-19 11:56:13.876 INFO  o.c.WebSocketServerConfig$$SpringCGLIB$$0 - <wsserver><info> Created WS server on endpoint: /ws
2026-05-19 11:56:14.247 INFO  o.code_studio.ComPortSchedulerTask - <tcpserver><info> Barcode communication enabled. COM port open: COM3
2026-05-19 11:56:15.431 INFO  o.c.TcpServerConfig$$SpringCGLIB$$0 - <tcpclient><info> Connection established: 127.0.0.1:18196:59648:b536ffdd-16d8-4b89-9e8e-0a08ffd3cf9b
2026-05-19 11:56:15.433 INFO  o.c.TcpServerConfig$$SpringCGLIB$$0 - <tcpserver><info> Connection established: 127.0.0.1:59648:18196:33519319-0b2a-4571-ae77-23d9727bf80d
2026-05-19 11:56:15.443 INFO  o.c.CraneClientConnectedListener - <tcpsvr><info> CraneClientConnectedEvent detected
2026-05-19 11:56:15.487 WARN  o.c.ApplicationReadyListener - <tcpsvr><info> Message Flow Automation Debug is ENABLED
2026-05-19 11:56:15.501 INFO  o.c.controller.TcpMessageController - <tcpclient><send> LVS1UST1DA380019052026115615????????01???????001
2026-05-19 11:56:15.516 INFO  o.c.CraneClientConnectedListener - <tcpclient><send> DAYSTART message sent to Crane server
2026-05-19 11:56:15.537 INFO  o.c.TcpServerConfig$$SpringCGLIB$$0 - <tcpserver><recv> LVS1UST1DA380019052026115615????????01???????001
2026-05-19 11:56:15.574 WARN  o.c.m.IncomingMessageProcessor - MessageProcessor::handleError->StatusCode.STATUSUNKNOWN
2026-05-19 11:56:15.579 INFO  o.c.m.IncomingMessageProcessor - SENDER LVS1 | RECEIVER UST1 | MESSAGETYPE DAYSTART | ORDINAL 38 | ERRORCODE OK | SOURCE 19052026 | TARGET 115615 | REPORTPOINT RPUNKNOWN | LETYPE LEUNKNOWN | STATUSCODE AUTOMATIONENABLED | USERDATA null | RAWMESSAGE LVS1UST1DA380019052026115615????????01???????001
2026-05-19 11:56:18.599 INFO  o.c.controller.TcpMessageController - <tcpclient><send> UST1LVS111390019052026115615????????01???????001
2026-05-19 11:56:18.602 INFO  o.c.TcpClientConfig$$SpringCGLIB$$0 - <tcpclient><recv> LVS1UST1DA380019052026115615????????01???????001
2026-05-19 11:56:18.602 INFO  o.c.TcpServerConfig$$SpringCGLIB$$0 - <tcpserver><recv> UST1LVS111390019052026115615????????01???????001
2026-05-19 11:56:18.603 WARN  o.c.m.IncomingMessageProcessor - MessageProcessor::handleError->StatusCode.STATUSUNKNOWN
2026-05-19 11:56:18.603 INFO  o.c.m.IncomingMessageProcessor - SENDER UST1 | RECEIVER LVS1 | MESSAGETYPE DAYSTART | ORDINAL 39 | ERRORCODE OK | SOURCE 19052026 | TARGET 115618 | REPORTPOINT RPUNKNOWN | LETYPE LEUNKNOWN | STATUSCODE AUTOMATIONENABLED | USERDATA null | RAWMESSAGE UST1LVS111390019052026115615????????01???????001
2026-05-19 11:56:18.604 INFO  o.c.TcpClientConfig$$SpringCGLIB$$0 - <tcpclient><recv> LVS1UST1AA390019052026115615????????01???????001
2026-05-19 11:57:10.483 INFO  o.c.ApplicationCloseListener - <tcpserver><info> ApplicationContextClosedEvent detected
2026-05-19 11:57:10.485 INFO  org.code_studio.BarcodeConfig - <tcpserver><info> Barcode communication - COM port closed: COM3
2026-05-19 11:57:10.486 INFO  o.c.ApplicationCloseListener - <tcpserver><info> Waiting for 3000 msec to receive DAYEND confirmation from CRANE, and then close the TCP connection.
2026-05-19 11:57:13.514 INFO  o.c.TcpServerConfig$$SpringCGLIB$$0 - <tcpclient><info> Connection closed: 127.0.0.1:18196:59648:b536ffdd-16d8-4b89-9e8e-0a08ffd3cf9b
2026-05-19 11:57:13.518 INFO  o.c.TcpServerConfig$$SpringCGLIB$$0 - <tcpserver><info> Connection closed: 127.0.0.1:59648:18196:33519319-0b2a-4571-ae77-23d9727bf80d
2026-05-19 11:57:36.199 INFO  o.code_studio.ComPortSchedulerTask - <tcpserver><info> Trying to open COM port for Barcode communication
2026-05-19 11:57:36.375 INFO  o.c.WebSocketServerConfig$$SpringCGLIB$$0 - <wsserver><info> Created WS channel: /app/topic
2026-05-19 11:57:36.582 INFO  o.c.TcpServerConfig$$SpringCGLIB$$0 - <tcpserver><info> TCP server started on port: 18196
2026-05-19 11:57:36.589 INFO  o.c.TcpClientConfig$$SpringCGLIB$$0 - <tcpclient><info> TCP client has been created for server: localhost:18196
2026-05-19 11:57:36.668 INFO  o.c.WebSocketServerConfig$$SpringCGLIB$$0 - <wsserver><info> Created WS server on endpoint: /ws
2026-05-19 11:57:37.765 INFO  o.code_studio.ComPortSchedulerTask - <tcpserver><info> Barcode communication enabled. COM port open: COM3
2026-05-19 11:57:37.873 INFO  o.c.TcpServerConfig$$SpringCGLIB$$0 - <tcpclient><info> Connection established: 127.0.0.1:18196:59821:78f40792-567d-4f75-80f7-1d35a41e5d04
2026-05-19 11:57:37.875 INFO  o.c.TcpServerConfig$$SpringCGLIB$$0 - <tcpserver><info> Connection established: 127.0.0.1:59821:18196:e26b7240-eafb-46d5-a728-92f74a0213b3
2026-05-19 11:57:37.878 INFO  o.c.CraneClientConnectedListener - <tcpsvr><info> CraneClientConnectedEvent detected
2026-05-19 11:57:37.931 WARN  o.c.ApplicationReadyListener - <tcpsvr><info> Message Flow Automation Debug is ENABLED
2026-05-19 11:57:37.940 INFO  o.c.controller.TcpMessageController - <tcpclient><send> LVS1UST1DA400019052026115737????????01???????001
2026-05-19 11:57:37.955 INFO  o.c.CraneClientConnectedListener - <tcpclient><send> DAYSTART message sent to Crane server
2026-05-19 11:57:37.984 INFO  o.c.TcpServerConfig$$SpringCGLIB$$0 - <tcpserver><recv> LVS1UST1DA400019052026115737????????01???????001
2026-05-19 11:57:38.022 WARN  o.c.m.IncomingMessageProcessor - MessageProcessor::handleError->StatusCode.STATUSUNKNOWN
2026-05-19 11:57:38.029 INFO  o.c.m.IncomingMessageProcessor - SENDER LVS1 | RECEIVER UST1 | MESSAGETYPE DAYSTART | ORDINAL 40 | ERRORCODE OK | SOURCE 19052026 | TARGET 115738 | REPORTPOINT RPUNKNOWN | LETYPE LEUNKNOWN | STATUSCODE AUTOMATIONENABLED | USERDATA null | RAWMESSAGE LVS1UST1DA400019052026115737????????01???????001
2026-05-19 11:57:41.080 INFO  o.c.controller.TcpMessageController - <tcpclient><send> UST1LVS111410019052026115738????????01???????001
2026-05-19 11:57:41.083 INFO  o.c.TcpClientConfig$$SpringCGLIB$$0 - <tcpclient><recv> LVS1UST1DA400019052026115737????????01???????001
2026-05-19 11:57:41.085 INFO  o.c.TcpServerConfig$$SpringCGLIB$$0 - <tcpserver><recv> UST1LVS111410019052026115738????????01???????001
2026-05-19 11:57:41.087 WARN  o.c.m.IncomingMessageProcessor - MessageProcessor::handleError->StatusCode.STATUSUNKNOWN
2026-05-19 11:57:41.088 INFO  o.c.m.IncomingMessageProcessor - SENDER UST1 | RECEIVER LVS1 | MESSAGETYPE DAYSTART | ORDINAL 41 | ERRORCODE OK | SOURCE 19052026 | TARGET 115741 | REPORTPOINT RPUNKNOWN | LETYPE LEUNKNOWN | STATUSCODE AUTOMATIONENABLED | USERDATA null | RAWMESSAGE UST1LVS111410019052026115738????????01???????001
2026-05-19 11:57:41.092 INFO  o.c.TcpClientConfig$$SpringCGLIB$$0 - <tcpclient><recv> LVS1UST1AA410019052026115738????????01???????001
2026-05-19 12:00:30.784 INFO  o.c.ApplicationCloseListener - <tcpserver><info> ApplicationContextClosedEvent detected
2026-05-19 12:00:30.793 INFO  org.code_studio.BarcodeConfig - <tcpserver><info> Barcode communication - COM port closed: COM3
2026-05-19 12:00:30.793 INFO  o.c.ApplicationCloseListener - <tcpserver><info> Waiting for 3000 msec to receive DAYEND confirmation from CRANE, and then close the TCP connection.
2026-05-19 12:00:33.810 INFO  o.c.TcpServerConfig$$SpringCGLIB$$0 - <tcpclient><info> Connection closed: 127.0.0.1:18196:59821:78f40792-567d-4f75-80f7-1d35a41e5d04
2026-05-19 12:00:33.815 INFO  o.c.TcpServerConfig$$SpringCGLIB$$0 - <tcpserver><info> Connection closed: 127.0.0.1:59821:18196:e26b7240-eafb-46d5-a728-92f74a0213b3
2026-05-19 12:05:42.702 INFO  o.code_studio.ComPortSchedulerTask - <tcpserver><info> Trying to open COM port for Barcode communication
2026-05-19 12:05:44.029 INFO  o.c.WebSocketServerConfig$$SpringCGLIB$$0 - <wsserver><info> Created WS channel: /app/topic
2026-05-19 12:05:45.522 INFO  o.c.TcpServerConfig$$SpringCGLIB$$0 - <tcpserver><info> TCP server started on port: 18196
2026-05-19 12:05:46.224 INFO  o.c.TcpClientConfig$$SpringCGLIB$$0 - <tcpclient><info> TCP client has been created for server: localhost:18196
2026-05-19 12:05:46.299 INFO  o.code_studio.ComPortSchedulerTask - <tcpserver><info> Barcode communication enabled. COM port open: COM3
2026-05-19 12:05:46.589 INFO  o.c.WebSocketServerConfig$$SpringCGLIB$$0 - <wsserver><info> Created WS server on endpoint: /ws
2026-05-19 12:05:48.692 INFO  o.c.TcpServerConfig$$SpringCGLIB$$0 - <tcpserver><info> Connection established: 127.0.0.1:60191:18196:6b076aa4-ca6f-4633-b30d-9b584b650a74
2026-05-19 12:05:48.696 INFO  o.c.CraneClientConnectedListener - <tcpsvr><info> CraneClientConnectedEvent detected
2026-05-19 12:05:48.705 INFO  o.c.TcpServerConfig$$SpringCGLIB$$0 - <tcpclient><info> Connection established: 127.0.0.1:18196:60191:42274f61-1855-481b-8bf3-767843a02878
2026-05-19 12:05:48.752 WARN  o.c.ApplicationReadyListener - <tcpsvr><info> Message Flow Automation Debug is ENABLED
2026-05-19 12:05:48.777 INFO  o.c.controller.TcpMessageController - <tcpclient><send> LVS1UST1DA420019052026120548????????01???????001
2026-05-19 12:05:48.798 INFO  o.c.CraneClientConnectedListener - <tcpclient><send> DAYSTART message sent to Crane server
2026-05-19 12:05:48.834 INFO  o.c.TcpServerConfig$$SpringCGLIB$$0 - <tcpserver><recv> LVS1UST1DA420019052026120548????????01???????001
2026-05-19 12:05:48.896 WARN  o.c.m.IncomingMessageProcessor - MessageProcessor::handleError->StatusCode.STATUSUNKNOWN
2026-05-19 12:05:48.899 INFO  o.c.m.IncomingMessageProcessor - SENDER LVS1 | RECEIVER UST1 | MESSAGETYPE DAYSTART | ORDINAL 42 | ERRORCODE OK | SOURCE 19052026 | TARGET 120548 | REPORTPOINT RPUNKNOWN | LETYPE LEUNKNOWN | STATUSCODE AUTOMATIONENABLED | USERDATA null | RAWMESSAGE LVS1UST1DA420019052026120548????????01???????001
2026-05-19 12:05:51.940 INFO  o.c.controller.TcpMessageController - <tcpclient><send> UST1LVS111430019052026120548????????01???????001
2026-05-19 12:05:51.943 INFO  o.c.TcpClientConfig$$SpringCGLIB$$0 - <tcpclient><recv> LVS1UST1DA420019052026120548????????01???????001
2026-05-19 12:05:51.944 INFO  o.c.TcpServerConfig$$SpringCGLIB$$0 - <tcpserver><recv> UST1LVS111430019052026120548????????01???????001
2026-05-19 12:05:51.945 WARN  o.c.m.IncomingMessageProcessor - MessageProcessor::handleError->StatusCode.STATUSUNKNOWN
2026-05-19 12:05:51.945 INFO  o.c.m.IncomingMessageProcessor - SENDER UST1 | RECEIVER LVS1 | MESSAGETYPE DAYSTART | ORDINAL 43 | ERRORCODE OK | SOURCE 19052026 | TARGET 120551 | REPORTPOINT RPUNKNOWN | LETYPE LEUNKNOWN | STATUSCODE AUTOMATIONENABLED | USERDATA null | RAWMESSAGE UST1LVS111430019052026120548????????01???????001
2026-05-19 12:05:51.947 INFO  o.c.TcpClientConfig$$SpringCGLIB$$0 - <tcpclient><recv> LVS1UST1AA430019052026120548????????01???????001
2026-05-19 12:07:45.688 INFO  o.c.ApplicationCloseListener - <tcpserver><info> ApplicationContextClosedEvent detected
2026-05-19 12:07:45.689 INFO  org.code_studio.BarcodeConfig - <tcpserver><info> Barcode communication - COM port closed: COM3
2026-05-19 12:07:45.690 INFO  o.c.ApplicationCloseListener - <tcpserver><info> Waiting for 3000 msec to receive DAYEND confirmation from CRANE, and then close the TCP connection.
2026-05-19 12:07:48.706 INFO  o.c.TcpServerConfig$$SpringCGLIB$$0 - <tcpclient><info> Connection closed: 127.0.0.1:18196:60191:42274f61-1855-481b-8bf3-767843a02878
2026-05-19 12:07:48.718 INFO  o.c.TcpServerConfig$$SpringCGLIB$$0 - <tcpserver><info> Connection closed: 127.0.0.1:60191:18196:6b076aa4-ca6f-4633-b30d-9b584b650a74
2026-05-19 12:08:28.458 INFO  o.code_studio.ComPortSchedulerTask - <tcpserver><info> Trying to open COM port for Barcode communication
2026-05-19 12:08:28.685 INFO  o.c.WebSocketServerConfig$$SpringCGLIB$$0 - <wsserver><info> Created WS channel: /app/topic
2026-05-19 12:08:29.038 INFO  o.c.TcpServerConfig$$SpringCGLIB$$0 - <tcpserver><info> TCP server started on port: 18196
2026-05-19 12:08:29.048 INFO  o.code_studio.ComPortSchedulerTask - <tcpserver><info> Barcode communication enabled. COM port open: COM3
2026-05-19 12:08:29.074 INFO  o.c.TcpClientConfig$$SpringCGLIB$$0 - <tcpclient><info> TCP client has been created for server: localhost:18196
2026-05-19 12:08:29.280 INFO  o.c.WebSocketServerConfig$$SpringCGLIB$$0 - <wsserver><info> Created WS server on endpoint: /ws
2026-05-19 12:08:30.738 INFO  o.c.TcpServerConfig$$SpringCGLIB$$0 - <tcpserver><info> Connection established: 127.0.0.1:60563:18196:c58b6103-89fc-4d58-b30a-4d41118fbe7a
2026-05-19 12:08:30.740 INFO  o.c.CraneClientConnectedListener - <tcpsvr><info> CraneClientConnectedEvent detected
2026-05-19 12:08:30.742 INFO  o.c.TcpServerConfig$$SpringCGLIB$$0 - <tcpclient><info> Connection established: 127.0.0.1:18196:60563:fda05f23-09d3-42ec-873a-6c467e7ae932
2026-05-19 12:08:30.803 INFO  o.c.controller.TcpMessageController - <tcpclient><send> LVS1UST1DA440019052026120830????????01???????001
2026-05-19 12:08:30.814 WARN  o.c.ApplicationReadyListener - <tcpsvr><info> Message Flow Automation Debug is ENABLED
2026-05-19 12:08:30.817 INFO  o.c.CraneClientConnectedListener - <tcpclient><send> DAYSTART message sent to Crane server
2026-05-19 12:08:30.852 INFO  o.c.TcpServerConfig$$SpringCGLIB$$0 - <tcpserver><recv> LVS1UST1DA440019052026120830????????01???????001
2026-05-19 12:08:30.886 WARN  o.c.m.IncomingMessageProcessor - MessageProcessor::handleError->StatusCode.STATUSUNKNOWN
2026-05-19 12:08:30.901 INFO  o.c.m.IncomingMessageProcessor - SENDER LVS1 | RECEIVER UST1 | MESSAGETYPE DAYSTART | ORDINAL 44 | ERRORCODE OK | SOURCE 19052026 | TARGET 120830 | REPORTPOINT RPUNKNOWN | LETYPE LEUNKNOWN | STATUSCODE AUTOMATIONENABLED | USERDATA null | RAWMESSAGE LVS1UST1DA440019052026120830????????01???????001
2026-05-19 12:08:34.429 INFO  o.c.controller.TcpMessageController - <tcpclient><send> UST1LVS111450019052026120830????????01???????001
2026-05-19 12:08:34.432 INFO  o.c.TcpClientConfig$$SpringCGLIB$$0 - <tcpclient><recv> LVS1UST1DA440019052026120830????????01???????001
2026-05-19 12:08:34.438 INFO  o.c.TcpServerConfig$$SpringCGLIB$$0 - <tcpserver><recv> UST1LVS111450019052026120830????????01???????001
2026-05-19 12:08:34.439 WARN  o.c.m.IncomingMessageProcessor - MessageProcessor::handleError->StatusCode.STATUSUNKNOWN
2026-05-19 12:08:34.439 INFO  o.c.m.IncomingMessageProcessor - SENDER UST1 | RECEIVER LVS1 | MESSAGETYPE DAYSTART | ORDINAL 45 | ERRORCODE OK | SOURCE 19052026 | TARGET 120834 | REPORTPOINT RPUNKNOWN | LETYPE LEUNKNOWN | STATUSCODE AUTOMATIONENABLED | USERDATA null | RAWMESSAGE UST1LVS111450019052026120830????????01???????001
2026-05-19 12:08:34.442 INFO  o.c.TcpClientConfig$$SpringCGLIB$$0 - <tcpclient><recv> LVS1UST1AA450019052026120830????????01???????001
2026-05-19 12:12:31.550 INFO  o.c.ApplicationCloseListener - <tcpserver><info> ApplicationContextClosedEvent detected
2026-05-19 12:12:31.562 INFO  org.code_studio.BarcodeConfig - <tcpserver><info> Barcode communication - COM port closed: COM3
2026-05-19 12:12:31.563 INFO  o.c.ApplicationCloseListener - <tcpserver><info> Waiting for 3000 msec to receive DAYEND confirmation from CRANE, and then close the TCP connection.
2026-05-19 12:12:34.626 INFO  o.c.TcpServerConfig$$SpringCGLIB$$0 - <tcpclient><info> Connection closed: 127.0.0.1:18196:60563:fda05f23-09d3-42ec-873a-6c467e7ae932
2026-05-19 12:12:34.637 INFO  o.c.TcpServerConfig$$SpringCGLIB$$0 - <tcpserver><info> Connection closed: 127.0.0.1:60563:18196:c58b6103-89fc-4d58-b30a-4d41118fbe7a
2026-05-19 12:45:21.367 INFO  o.code_studio.ComPortSchedulerTask - <tcpserver><info> Trying to open COM port for Barcode communication
2026-05-19 12:45:21.549 INFO  o.c.WebSocketServerConfig$$SpringCGLIB$$0 - <wsserver><info> Created WS channel: /app/topic
2026-05-19 12:45:21.766 INFO  o.c.TcpServerConfig$$SpringCGLIB$$0 - <tcpserver><info> TCP server started on port: 18196
2026-05-19 12:45:21.773 INFO  o.c.TcpClientConfig$$SpringCGLIB$$0 - <tcpclient><info> TCP client has been created for server: localhost:18196
2026-05-19 12:45:21.875 INFO  o.c.WebSocketServerConfig$$SpringCGLIB$$0 - <wsserver><info> Created WS server on endpoint: /ws
2026-05-19 12:45:23.244 INFO  o.c.TcpServerConfig$$SpringCGLIB$$0 - <tcpserver><info> Connection established: 127.0.0.1:62867:18196:b0288e0b-c925-444a-97a7-aedcdeb3fc02
2026-05-19 12:45:23.247 INFO  o.c.CraneClientConnectedListener - <tcpsvr><info> CraneClientConnectedEvent detected
2026-05-19 12:45:23.251 INFO  o.c.TcpServerConfig$$SpringCGLIB$$0 - <tcpclient><info> Connection established: 127.0.0.1:18196:62867:0821f7f1-9633-4574-8dcc-6c2cb1889629
2026-05-19 12:45:23.333 INFO  o.c.controller.TcpMessageController - <tcpclient><send> LVS1UST1DA460019052026124523????????01???????001
2026-05-19 12:45:23.346 INFO  o.c.CraneClientConnectedListener - <tcpclient><send> DAYSTART message sent to Crane server
2026-05-19 12:45:23.366 WARN  o.c.ApplicationReadyListener - <tcpsvr><info> Message Flow Automation Debug is ENABLED
2026-05-19 12:45:23.424 INFO  o.c.TcpServerConfig$$SpringCGLIB$$0 - <tcpserver><recv> LVS1UST1DA460019052026124523????????01???????001
2026-05-19 12:45:23.454 WARN  o.c.m.IncomingMessageProcessor - MessageProcessor::handleError->StatusCode.STATUSUNKNOWN
2026-05-19 12:45:23.460 INFO  o.c.m.IncomingMessageProcessor - SENDER LVS1 | RECEIVER UST1 | MESSAGETYPE DAYSTART | ORDINAL 46 | ERRORCODE OK | SOURCE 19052026 | TARGET 124523 | REPORTPOINT RPUNKNOWN | LETYPE LEUNKNOWN | STATUSCODE AUTOMATIONENABLED | USERDATA null | RAWMESSAGE LVS1UST1DA460019052026124523????????01???????001
2026-05-19 12:45:23.547 INFO  o.code_studio.ComPortSchedulerTask - <tcpserver><info> Barcode communication enabled. COM port open: COM3
2026-05-19 12:45:26.481 INFO  o.c.controller.TcpMessageController - <tcpclient><send> UST1LVS111470019052026124523????????01???????001
2026-05-19 12:45:26.484 INFO  o.c.TcpClientConfig$$SpringCGLIB$$0 - <tcpclient><recv> LVS1UST1DA460019052026124523????????01???????001
2026-05-19 12:45:26.486 INFO  o.c.TcpServerConfig$$SpringCGLIB$$0 - <tcpserver><recv> UST1LVS111470019052026124523????????01???????001
2026-05-19 12:45:26.487 WARN  o.c.m.IncomingMessageProcessor - MessageProcessor::handleError->StatusCode.STATUSUNKNOWN
2026-05-19 12:45:26.487 INFO  o.c.m.IncomingMessageProcessor - SENDER UST1 | RECEIVER LVS1 | MESSAGETYPE DAYSTART | ORDINAL 47 | ERRORCODE OK | SOURCE 19052026 | TARGET 124526 | REPORTPOINT RPUNKNOWN | LETYPE LEUNKNOWN | STATUSCODE AUTOMATIONENABLED | USERDATA null | RAWMESSAGE UST1LVS111470019052026124523????????01???????001
2026-05-19 12:45:26.489 INFO  o.c.TcpClientConfig$$SpringCGLIB$$0 - <tcpclient><recv> LVS1UST1AA470019052026124523????????01???????001
2026-05-19 13:20:13.374 INFO  o.c.ApplicationCloseListener - <tcpserver><info> ApplicationContextClosedEvent detected
2026-05-19 13:20:13.397 INFO  org.code_studio.BarcodeConfig - <tcpserver><info> Barcode communication - COM port closed: COM3
2026-05-19 13:20:13.398 INFO  o.c.ApplicationCloseListener - <tcpserver><info> Waiting for 3000 msec to receive DAYEND confirmation from CRANE, and then close the TCP connection.
2026-05-19 13:20:16.427 INFO  o.c.TcpServerConfig$$SpringCGLIB$$0 - <tcpclient><info> Connection closed: 127.0.0.1:18196:62867:0821f7f1-9633-4574-8dcc-6c2cb1889629
2026-05-19 13:20:16.435 INFO  o.c.TcpServerConfig$$SpringCGLIB$$0 - <tcpserver><info> Connection closed: 127.0.0.1:62867:18196:b0288e0b-c925-444a-97a7-aedcdeb3fc02
2026-05-19 13:21:26.185 INFO  o.code_studio.ComPortSchedulerTask - <tcpserver><info> Trying to open COM port for Barcode communication
2026-05-19 13:21:26.456 INFO  o.c.WebSocketServerConfig$$SpringCGLIB$$0 - <wsserver><info> Created WS channel: /app/topic
2026-05-19 13:21:26.760 INFO  o.c.TcpServerConfig$$SpringCGLIB$$0 - <tcpserver><info> TCP server started on port: 18196
2026-05-19 13:21:26.774 INFO  o.c.TcpClientConfig$$SpringCGLIB$$0 - <tcpclient><info> TCP client has been created for server: localhost:18196
2026-05-19 13:21:26.931 INFO  o.c.WebSocketServerConfig$$SpringCGLIB$$0 - <wsserver><info> Created WS server on endpoint: /ws
2026-05-19 13:21:27.889 INFO  o.code_studio.ComPortSchedulerTask - <tcpserver><info> Barcode communication enabled. COM port open: COM3
2026-05-19 13:21:28.653 INFO  o.c.TcpServerConfig$$SpringCGLIB$$0 - <tcpclient><info> Connection established: 127.0.0.1:18196:63519:fa06e5ee-a194-4926-92f1-3f2688e30598
2026-05-19 13:21:28.653 INFO  o.c.TcpServerConfig$$SpringCGLIB$$0 - <tcpserver><info> Connection established: 127.0.0.1:63519:18196:1a6ac90f-a77f-45b8-ba7f-feeed835f266
2026-05-19 13:21:28.655 INFO  o.c.CraneClientConnectedListener - <tcpsvr><info> CraneClientConnectedEvent detected
2026-05-19 13:21:28.719 WARN  o.c.ApplicationReadyListener - <tcpsvr><info> Message Flow Automation Debug is ENABLED
2026-05-19 13:21:28.738 INFO  o.c.controller.TcpMessageController - <tcpclient><send> LVS1UST1DA480019052026132128????????01???????001
2026-05-19 13:21:28.762 INFO  o.c.CraneClientConnectedListener - <tcpclient><send> DAYSTART message sent to Crane server
2026-05-19 13:21:28.787 INFO  o.c.TcpServerConfig$$SpringCGLIB$$0 - <tcpserver><recv> LVS1UST1DA480019052026132128????????01???????001
2026-05-19 13:21:28.815 WARN  o.c.m.IncomingMessageProcessor - MessageProcessor::handleError->StatusCode.STATUSUNKNOWN
2026-05-19 13:21:28.832 INFO  o.c.m.IncomingMessageProcessor - SENDER LVS1 | RECEIVER UST1 | MESSAGETYPE DAYSTART | ORDINAL 48 | ERRORCODE OK | SOURCE 19052026 | TARGET 132128 | REPORTPOINT RPUNKNOWN | LETYPE LEUNKNOWN | STATUSCODE AUTOMATIONENABLED | USERDATA null | RAWMESSAGE LVS1UST1DA480019052026132128????????01???????001
2026-05-19 13:21:31.859 INFO  o.c.controller.TcpMessageController - <tcpclient><send> UST1LVS111490019052026132128????????01???????001
2026-05-19 13:21:31.863 INFO  o.c.TcpClientConfig$$SpringCGLIB$$0 - <tcpclient><recv> LVS1UST1DA480019052026132128????????01???????001
2026-05-19 13:21:31.864 INFO  o.c.TcpServerConfig$$SpringCGLIB$$0 - <tcpserver><recv> UST1LVS111490019052026132128????????01???????001
2026-05-19 13:21:31.867 WARN  o.c.m.IncomingMessageProcessor - MessageProcessor::handleError->StatusCode.STATUSUNKNOWN
2026-05-19 13:21:31.868 INFO  o.c.m.IncomingMessageProcessor - SENDER UST1 | RECEIVER LVS1 | MESSAGETYPE DAYSTART | ORDINAL 49 | ERRORCODE OK | SOURCE 19052026 | TARGET 132131 | REPORTPOINT RPUNKNOWN | LETYPE LEUNKNOWN | STATUSCODE AUTOMATIONENABLED | USERDATA null | RAWMESSAGE UST1LVS111490019052026132128????????01???????001
2026-05-19 13:21:31.872 INFO  o.c.TcpClientConfig$$SpringCGLIB$$0 - <tcpclient><recv> LVS1UST1AA490019052026132128????????01???????001
2026-05-19 13:26:55.498 INFO  o.c.ApplicationCloseListener - <tcpserver><info> ApplicationContextClosedEvent detected
2026-05-19 13:26:55.521 INFO  org.code_studio.BarcodeConfig - <tcpserver><info> Barcode communication - COM port closed: COM3
2026-05-19 13:26:55.523 INFO  o.c.ApplicationCloseListener - <tcpserver><info> Waiting for 3000 msec to receive DAYEND confirmation from CRANE, and then close the TCP connection.
2026-05-19 13:26:58.614 INFO  o.c.TcpServerConfig$$SpringCGLIB$$0 - <tcpclient><info> Connection closed: 127.0.0.1:18196:63519:fa06e5ee-a194-4926-92f1-3f2688e30598
2026-05-19 13:26:58.629 INFO  o.c.TcpServerConfig$$SpringCGLIB$$0 - <tcpserver><info> Connection closed: 127.0.0.1:63519:18196:1a6ac90f-a77f-45b8-ba7f-feeed835f266
2026-05-19 13:27:12.579 INFO  o.code_studio.ComPortSchedulerTask - <tcpserver><info> Trying to open COM port for Barcode communication
2026-05-19 13:27:12.774 INFO  o.c.WebSocketServerConfig$$SpringCGLIB$$0 - <wsserver><info> Created WS channel: /app/topic
2026-05-19 13:27:13.039 INFO  o.c.TcpServerConfig$$SpringCGLIB$$0 - <tcpserver><info> TCP server started on port: 18196
2026-05-19 13:27:13.051 INFO  o.c.TcpClientConfig$$SpringCGLIB$$0 - <tcpclient><info> TCP client has been created for server: localhost:18196
2026-05-19 13:27:13.204 INFO  o.c.WebSocketServerConfig$$SpringCGLIB$$0 - <wsserver><info> Created WS server on endpoint: /ws
2026-05-19 13:27:13.460 INFO  o.code_studio.ComPortSchedulerTask - <tcpserver><info> Barcode communication enabled. COM port open: COM3
2026-05-19 13:27:14.692 INFO  o.c.TcpServerConfig$$SpringCGLIB$$0 - <tcpserver><info> Connection established: 127.0.0.1:63628:18196:d4f1bb25-89c4-435a-bc24-1c3f1cafb1d9
2026-05-19 13:27:14.692 INFO  o.c.TcpServerConfig$$SpringCGLIB$$0 - <tcpclient><info> Connection established: 127.0.0.1:18196:63628:8a98b339-5c31-4c2d-9f08-14953c85dd98
2026-05-19 13:27:14.694 INFO  o.c.CraneClientConnectedListener - <tcpsvr><info> CraneClientConnectedEvent detected
2026-05-19 13:27:14.744 WARN  o.c.ApplicationReadyListener - <tcpsvr><info> Message Flow Automation Debug is ENABLED
2026-05-19 13:27:14.761 INFO  o.c.controller.TcpMessageController - <tcpclient><send> LVS1UST1DA500019052026132714????????01???????001
2026-05-19 13:27:14.775 INFO  o.c.CraneClientConnectedListener - <tcpclient><send> DAYSTART message sent to Crane server
2026-05-19 13:27:14.817 INFO  o.c.TcpServerConfig$$SpringCGLIB$$0 - <tcpserver><recv> LVS1UST1DA500019052026132714????????01???????001
2026-05-19 13:27:14.853 WARN  o.c.m.IncomingMessageProcessor - MessageProcessor::handleError->StatusCode.STATUSUNKNOWN
2026-05-19 13:27:14.856 INFO  o.c.m.IncomingMessageProcessor - SENDER LVS1 | RECEIVER UST1 | MESSAGETYPE DAYSTART | ORDINAL 50 | ERRORCODE OK | SOURCE 19052026 | TARGET 132714 | REPORTPOINT RPUNKNOWN | LETYPE LEUNKNOWN | STATUSCODE AUTOMATIONENABLED | USERDATA null | RAWMESSAGE LVS1UST1DA500019052026132714????????01???????001
2026-05-19 13:27:17.877 INFO  o.c.controller.TcpMessageController - <tcpclient><send> UST1LVS111510019052026132714????????01???????001
2026-05-19 13:27:17.881 INFO  o.c.TcpClientConfig$$SpringCGLIB$$0 - <tcpclient><recv> LVS1UST1DA500019052026132714????????01???????001
2026-05-19 13:27:17.882 INFO  o.c.TcpServerConfig$$SpringCGLIB$$0 - <tcpserver><recv> UST1LVS111510019052026132714????????01???????001
2026-05-19 13:27:17.883 WARN  o.c.m.IncomingMessageProcessor - MessageProcessor::handleError->StatusCode.STATUSUNKNOWN
2026-05-19 13:27:17.884 INFO  o.c.m.IncomingMessageProcessor - SENDER UST1 | RECEIVER LVS1 | MESSAGETYPE DAYSTART | ORDINAL 51 | ERRORCODE OK | SOURCE 19052026 | TARGET 132717 | REPORTPOINT RPUNKNOWN | LETYPE LEUNKNOWN | STATUSCODE AUTOMATIONENABLED | USERDATA null | RAWMESSAGE UST1LVS111510019052026132714????????01???????001
2026-05-19 13:27:17.885 INFO  o.c.TcpClientConfig$$SpringCGLIB$$0 - <tcpclient><recv> LVS1UST1AA510019052026132714????????01???????001
2026-05-19 13:29:59.603 INFO  o.c.ApplicationCloseListener - <tcpserver><info> ApplicationContextClosedEvent detected
2026-05-19 13:29:59.605 INFO  org.code_studio.BarcodeConfig - <tcpserver><info> Barcode communication - COM port closed: COM3
2026-05-19 13:29:59.605 INFO  o.c.ApplicationCloseListener - <tcpserver><info> Waiting for 3000 msec to receive DAYEND confirmation from CRANE, and then close the TCP connection.
2026-05-19 13:30:02.799 INFO  o.c.TcpServerConfig$$SpringCGLIB$$0 - <tcpclient><info> Connection closed: 127.0.0.1:18196:63628:8a98b339-5c31-4c2d-9f08-14953c85dd98
2026-05-19 13:30:02.805 INFO  o.c.TcpServerConfig$$SpringCGLIB$$0 - <tcpserver><info> Connection closed: 127.0.0.1:63628:18196:d4f1bb25-89c4-435a-bc24-1c3f1cafb1d9
2026-05-19 13:41:24.398 INFO  o.code_studio.ComPortSchedulerTask - <tcpserver><info> Trying to open COM port for Barcode communication
2026-05-19 13:41:24.599 INFO  o.c.WebSocketServerConfig$$SpringCGLIB$$0 - <wsserver><info> Created WS channel: /app/topic
2026-05-19 13:41:24.886 INFO  o.c.TcpServerConfig$$SpringCGLIB$$0 - <tcpserver><info> TCP server started on port: 18196
2026-05-19 13:41:24.899 INFO  o.c.TcpClientConfig$$SpringCGLIB$$0 - <tcpclient><info> TCP client has been created for server: localhost:18196
2026-05-19 13:41:25.030 INFO  o.c.WebSocketServerConfig$$SpringCGLIB$$0 - <wsserver><info> Created WS server on endpoint: /ws
2026-05-19 13:41:25.985 INFO  o.code_studio.ComPortSchedulerTask - <tcpserver><info> Barcode communication enabled. COM port open: COM3
2026-05-19 13:41:26.470 INFO  o.c.TcpServerConfig$$SpringCGLIB$$0 - <tcpserver><info> Connection established: 127.0.0.1:63883:18196:b1613a6e-b82e-4bcd-af5c-6a11d03b29cf
2026-05-19 13:41:26.473 INFO  o.c.CraneClientConnectedListener - <tcpsvr><info> CraneClientConnectedEvent detected
2026-05-19 13:41:26.475 INFO  o.c.TcpServerConfig$$SpringCGLIB$$0 - <tcpclient><info> Connection established: 127.0.0.1:18196:63883:1abb7c35-6afb-4b9b-8af5-d5dc58edfbdd
2026-05-19 13:41:26.517 WARN  o.c.ApplicationReadyListener - <tcpsvr><info> Message Flow Automation Debug is ENABLED
2026-05-19 13:41:26.559 INFO  o.c.controller.TcpMessageController - <tcpclient><send> LVS1UST1DA520019052026134126????????01???????001
2026-05-19 13:41:26.575 INFO  o.c.CraneClientConnectedListener - <tcpclient><send> DAYSTART message sent to Crane server
2026-05-19 13:41:26.609 INFO  o.c.TcpServerConfig$$SpringCGLIB$$0 - <tcpserver><recv> LVS1UST1DA520019052026134126????????01???????001
2026-05-19 13:41:26.641 WARN  o.c.m.IncomingMessageProcessor - MessageProcessor::handleError->StatusCode.STATUSUNKNOWN
2026-05-19 13:41:26.650 INFO  o.c.m.IncomingMessageProcessor - SENDER LVS1 | RECEIVER UST1 | MESSAGETYPE DAYSTART | ORDINAL 52 | ERRORCODE OK | SOURCE 19052026 | TARGET 134126 | REPORTPOINT RPUNKNOWN | LETYPE LEUNKNOWN | STATUSCODE AUTOMATIONENABLED | USERDATA null | RAWMESSAGE LVS1UST1DA520019052026134126????????01???????001
2026-05-19 13:41:29.696 INFO  o.c.controller.TcpMessageController - <tcpclient><send> UST1LVS111530019052026134126????????01???????001
2026-05-19 13:41:29.701 INFO  o.c.TcpClientConfig$$SpringCGLIB$$0 - <tcpclient><recv> LVS1UST1DA520019052026134126????????01???????001
2026-05-19 13:41:29.703 INFO  o.c.TcpServerConfig$$SpringCGLIB$$0 - <tcpserver><recv> UST1LVS111530019052026134126????????01???????001
2026-05-19 13:41:29.705 WARN  o.c.m.IncomingMessageProcessor - MessageProcessor::handleError->StatusCode.STATUSUNKNOWN
2026-05-19 13:41:29.706 INFO  o.c.m.IncomingMessageProcessor - SENDER UST1 | RECEIVER LVS1 | MESSAGETYPE DAYSTART | ORDINAL 53 | ERRORCODE OK | SOURCE 19052026 | TARGET 134129 | REPORTPOINT RPUNKNOWN | LETYPE LEUNKNOWN | STATUSCODE AUTOMATIONENABLED | USERDATA null | RAWMESSAGE UST1LVS111530019052026134126????????01???????001
2026-05-19 13:41:29.708 INFO  o.c.TcpClientConfig$$SpringCGLIB$$0 - <tcpclient><recv> LVS1UST1AA530019052026134126????????01???????001
2026-05-19 13:46:30.199 INFO  o.c.ApplicationCloseListener - <tcpserver><info> ApplicationContextClosedEvent detected
2026-05-19 13:46:30.217 INFO  org.code_studio.BarcodeConfig - <tcpserver><info> Barcode communication - COM port closed: COM3
2026-05-19 13:46:30.218 INFO  o.c.ApplicationCloseListener - <tcpserver><info> Waiting for 3000 msec to receive DAYEND confirmation from CRANE, and then close the TCP connection.
2026-05-19 13:46:33.271 INFO  o.c.TcpServerConfig$$SpringCGLIB$$0 - <tcpclient><info> Connection closed: 127.0.0.1:18196:63883:1abb7c35-6afb-4b9b-8af5-d5dc58edfbdd
2026-05-19 13:46:33.279 INFO  o.c.TcpServerConfig$$SpringCGLIB$$0 - <tcpserver><info> Connection closed: 127.0.0.1:63883:18196:b1613a6e-b82e-4bcd-af5c-6a11d03b29cf
2026-05-19 13:55:30.936 INFO  o.code_studio.ComPortSchedulerTask - <tcpserver><info> Trying to open COM port for Barcode communication
2026-05-19 13:55:31.141 INFO  o.c.WebSocketServerConfig$$SpringCGLIB$$0 - <wsserver><info> Created WS channel: /app/topic
2026-05-19 13:55:31.401 INFO  o.c.TcpServerConfig$$SpringCGLIB$$0 - <tcpserver><info> TCP server started on port: 18196
2026-05-19 13:55:31.421 INFO  o.c.TcpClientConfig$$SpringCGLIB$$0 - <tcpclient><info> TCP client has been created for server: localhost:18196
2026-05-19 13:55:31.544 INFO  o.c.WebSocketServerConfig$$SpringCGLIB$$0 - <wsserver><info> Created WS server on endpoint: /ws
2026-05-19 13:55:32.110 INFO  o.code_studio.ComPortSchedulerTask - <tcpserver><info> Barcode communication enabled. COM port open: COM3
2026-05-19 13:55:32.864 INFO  o.c.TcpServerConfig$$SpringCGLIB$$0 - <tcpserver><info> Connection established: 127.0.0.1:64756:18196:2d2b7737-4566-4f8d-916a-6edecde2344d
2026-05-19 13:55:32.866 INFO  o.c.CraneClientConnectedListener - <tcpsvr><info> CraneClientConnectedEvent detected
2026-05-19 13:55:32.866 INFO  o.c.TcpServerConfig$$SpringCGLIB$$0 - <tcpclient><info> Connection established: 127.0.0.1:18196:64756:15c12393-8442-48ad-9496-a5417934442b
2026-05-19 13:55:32.917 WARN  o.c.ApplicationReadyListener - <tcpsvr><info> Message Flow Automation Debug is ENABLED
2026-05-19 13:55:32.923 INFO  o.c.controller.TcpMessageController - <tcpclient><send> LVS1UST1DA540019052026135532????????01???????001
2026-05-19 13:55:32.936 INFO  o.c.CraneClientConnectedListener - <tcpclient><send> DAYSTART message sent to Crane server
2026-05-19 13:55:32.955 INFO  o.c.TcpServerConfig$$SpringCGLIB$$0 - <tcpserver><recv> LVS1UST1DA540019052026135532????????01???????001
2026-05-19 13:55:32.985 WARN  o.c.m.IncomingMessageProcessor - MessageProcessor::handleError->StatusCode.STATUSUNKNOWN
2026-05-19 13:55:32.990 INFO  o.c.m.IncomingMessageProcessor - SENDER LVS1 | RECEIVER UST1 | MESSAGETYPE DAYSTART | ORDINAL 54 | ERRORCODE OK | SOURCE 19052026 | TARGET 135532 | REPORTPOINT RPUNKNOWN | LETYPE LEUNKNOWN | STATUSCODE AUTOMATIONENABLED | USERDATA null | RAWMESSAGE LVS1UST1DA540019052026135532????????01???????001
2026-05-19 13:55:36.008 INFO  o.c.controller.TcpMessageController - <tcpclient><send> UST1LVS111550019052026135532????????01???????001
2026-05-19 13:55:36.012 INFO  o.c.TcpClientConfig$$SpringCGLIB$$0 - <tcpclient><recv> LVS1UST1DA540019052026135532????????01???????001
2026-05-19 13:55:36.012 INFO  o.c.TcpServerConfig$$SpringCGLIB$$0 - <tcpserver><recv> UST1LVS111550019052026135532????????01???????001
2026-05-19 13:55:36.013 WARN  o.c.m.IncomingMessageProcessor - MessageProcessor::handleError->StatusCode.STATUSUNKNOWN
2026-05-19 13:55:36.014 INFO  o.c.m.IncomingMessageProcessor - SENDER UST1 | RECEIVER LVS1 | MESSAGETYPE DAYSTART | ORDINAL 55 | ERRORCODE OK | SOURCE 19052026 | TARGET 135536 | REPORTPOINT RPUNKNOWN | LETYPE LEUNKNOWN | STATUSCODE AUTOMATIONENABLED | USERDATA null | RAWMESSAGE UST1LVS111550019052026135532????????01???????001
2026-05-19 13:55:36.017 INFO  o.c.TcpClientConfig$$SpringCGLIB$$0 - <tcpclient><recv> LVS1UST1AA550019052026135532????????01???????001
2026-05-19 13:59:38.395 INFO  o.c.ApplicationCloseListener - <tcpserver><info> ApplicationContextClosedEvent detected
2026-05-19 13:59:38.401 INFO  org.code_studio.BarcodeConfig - <tcpserver><info> Barcode communication - COM port closed: COM3
2026-05-19 13:59:38.401 INFO  o.c.ApplicationCloseListener - <tcpserver><info> Waiting for 3000 msec to receive DAYEND confirmation from CRANE, and then close the TCP connection.
2026-05-19 13:59:41.442 INFO  o.c.TcpServerConfig$$SpringCGLIB$$0 - <tcpclient><info> Connection closed: 127.0.0.1:18196:64756:15c12393-8442-48ad-9496-a5417934442b
2026-05-19 13:59:41.451 INFO  o.c.TcpServerConfig$$SpringCGLIB$$0 - <tcpserver><info> Connection closed: 127.0.0.1:64756:18196:2d2b7737-4566-4f8d-916a-6edecde2344d
2026-05-19 14:00:11.089 INFO  o.code_studio.ComPortSchedulerTask - <tcpserver><info> Trying to open COM port for Barcode communication
2026-05-19 14:00:11.330 INFO  o.c.WebSocketServerConfig$$SpringCGLIB$$0 - <wsserver><info> Created WS channel: /app/topic
2026-05-19 14:00:11.677 INFO  o.c.TcpServerConfig$$SpringCGLIB$$0 - <tcpserver><info> TCP server started on port: 18196
2026-05-19 14:00:11.690 INFO  o.c.TcpClientConfig$$SpringCGLIB$$0 - <tcpclient><info> TCP client has been created for server: localhost:18196
2026-05-19 14:00:11.866 INFO  o.c.WebSocketServerConfig$$SpringCGLIB$$0 - <wsserver><info> Created WS server on endpoint: /ws
2026-05-19 14:00:12.424 INFO  o.code_studio.ComPortSchedulerTask - <tcpserver><info> Barcode communication enabled. COM port open: COM3
2026-05-19 14:00:13.342 INFO  o.c.TcpServerConfig$$SpringCGLIB$$0 - <tcpserver><info> Connection established: 127.0.0.1:64836:18196:aec43bc7-9e0d-4424-9d5d-b70fdf419633
2026-05-19 14:00:13.342 INFO  o.c.TcpServerConfig$$SpringCGLIB$$0 - <tcpclient><info> Connection established: 127.0.0.1:18196:64836:29ead977-cd18-4bc1-8524-43c202be430b
2026-05-19 14:00:13.344 INFO  o.c.CraneClientConnectedListener - <tcpsvr><info> CraneClientConnectedEvent detected
2026-05-19 14:00:13.399 WARN  o.c.ApplicationReadyListener - <tcpsvr><info> Message Flow Automation Debug is ENABLED
2026-05-19 14:00:13.438 INFO  o.c.controller.TcpMessageController - <tcpclient><send> LVS1UST1DA560019052026140013????????01???????001
2026-05-19 14:00:13.465 INFO  o.c.CraneClientConnectedListener - <tcpclient><send> DAYSTART message sent to Crane server
2026-05-19 14:00:13.509 INFO  o.c.TcpServerConfig$$SpringCGLIB$$0 - <tcpserver><recv> LVS1UST1DA560019052026140013????????01???????001
2026-05-19 14:00:13.559 WARN  o.c.m.IncomingMessageProcessor - MessageProcessor::handleError->StatusCode.STATUSUNKNOWN
2026-05-19 14:00:13.563 INFO  o.c.m.IncomingMessageProcessor - SENDER LVS1 | RECEIVER UST1 | MESSAGETYPE DAYSTART | ORDINAL 56 | ERRORCODE OK | SOURCE 19052026 | TARGET 140013 | REPORTPOINT RPUNKNOWN | LETYPE LEUNKNOWN | STATUSCODE AUTOMATIONENABLED | USERDATA null | RAWMESSAGE LVS1UST1DA560019052026140013????????01???????001
2026-05-19 14:00:16.594 INFO  o.c.controller.TcpMessageController - <tcpclient><send> UST1LVS111570019052026140013????????01???????001
2026-05-19 14:00:16.599 INFO  o.c.TcpClientConfig$$SpringCGLIB$$0 - <tcpclient><recv> LVS1UST1DA560019052026140013????????01???????001
2026-05-19 14:00:16.600 INFO  o.c.TcpServerConfig$$SpringCGLIB$$0 - <tcpserver><recv> UST1LVS111570019052026140013????????01???????001
2026-05-19 14:00:16.604 WARN  o.c.m.IncomingMessageProcessor - MessageProcessor::handleError->StatusCode.STATUSUNKNOWN
2026-05-19 14:00:16.605 INFO  o.c.m.IncomingMessageProcessor - SENDER UST1 | RECEIVER LVS1 | MESSAGETYPE DAYSTART | ORDINAL 57 | ERRORCODE OK | SOURCE 19052026 | TARGET 140016 | REPORTPOINT RPUNKNOWN | LETYPE LEUNKNOWN | STATUSCODE AUTOMATIONENABLED | USERDATA null | RAWMESSAGE UST1LVS111570019052026140013????????01???????001
2026-05-19 14:00:16.607 INFO  o.c.TcpClientConfig$$SpringCGLIB$$0 - <tcpclient><recv> LVS1UST1AA570019052026140013????????01???????001
2026-05-19 14:52:44.808 INFO  o.c.ApplicationCloseListener - <tcpserver><info> ApplicationContextClosedEvent detected
2026-05-19 14:52:44.844 INFO  org.code_studio.BarcodeConfig - <tcpserver><info> Barcode communication - COM port closed: COM3
2026-05-19 14:52:44.846 INFO  o.c.ApplicationCloseListener - <tcpserver><info> Waiting for 3000 msec to receive DAYEND confirmation from CRANE, and then close the TCP connection.
2026-05-19 14:52:48.178 INFO  o.c.TcpServerConfig$$SpringCGLIB$$0 - <tcpclient><info> Connection closed: 127.0.0.1:18196:64836:29ead977-cd18-4bc1-8524-43c202be430b
2026-05-19 14:52:48.210 INFO  o.c.TcpServerConfig$$SpringCGLIB$$0 - <tcpserver><info> Connection closed: 127.0.0.1:64836:18196:aec43bc7-9e0d-4424-9d5d-b70fdf419633
2026-05-19 14:53:33.717 INFO  o.code_studio.ComPortSchedulerTask - <tcpserver><info> Trying to open COM port for Barcode communication
2026-05-19 14:53:33.869 INFO  o.c.WebSocketServerConfig$$SpringCGLIB$$0 - <wsserver><info> Created WS channel: /app/topic
2026-05-19 14:53:34.092 INFO  o.c.TcpServerConfig$$SpringCGLIB$$0 - <tcpserver><info> TCP server started on port: 18196
2026-05-19 14:53:34.101 INFO  o.c.TcpClientConfig$$SpringCGLIB$$0 - <tcpclient><info> TCP client has been created for server: localhost:18196
2026-05-19 14:53:34.198 INFO  o.c.WebSocketServerConfig$$SpringCGLIB$$0 - <wsserver><info> Created WS server on endpoint: /ws
2026-05-19 14:53:35.071 INFO  o.code_studio.ComPortSchedulerTask - <tcpserver><info> Barcode communication enabled. COM port open: COM3
2026-05-19 14:53:35.366 INFO  o.c.TcpServerConfig$$SpringCGLIB$$0 - <tcpclient><info> Connection established: 127.0.0.1:18196:49187:1d306690-e732-4244-818c-097beaec578b
2026-05-19 14:53:35.366 INFO  o.c.TcpServerConfig$$SpringCGLIB$$0 - <tcpserver><info> Connection established: 127.0.0.1:49187:18196:cde318a1-65c9-4695-9a78-0e981b6b5b48
2026-05-19 14:53:35.368 INFO  o.c.CraneClientConnectedListener - <tcpsvr><info> CraneClientConnectedEvent detected
2026-05-19 14:53:35.419 INFO  o.c.controller.TcpMessageController - <tcpclient><send> LVS1UST1DA580019052026145335????????01???????001
2026-05-19 14:53:35.432 INFO  o.c.CraneClientConnectedListener - <tcpclient><send> DAYSTART message sent to Crane server
2026-05-19 14:53:35.437 WARN  o.c.ApplicationReadyListener - <tcpsvr><info> Message Flow Automation Debug is ENABLED
2026-05-19 14:53:35.457 INFO  o.c.TcpServerConfig$$SpringCGLIB$$0 - <tcpserver><recv> LVS1UST1DA580019052026145335????????01???????001
2026-05-19 14:53:35.481 WARN  o.c.m.IncomingMessageProcessor - MessageProcessor::handleError->StatusCode.STATUSUNKNOWN
2026-05-19 14:53:35.491 INFO  o.c.m.IncomingMessageProcessor - SENDER LVS1 | RECEIVER UST1 | MESSAGETYPE DAYSTART | ORDINAL 58 | ERRORCODE OK | SOURCE 19052026 | TARGET 145335 | REPORTPOINT RPUNKNOWN | LETYPE LEUNKNOWN | STATUSCODE AUTOMATIONENABLED | USERDATA null | RAWMESSAGE LVS1UST1DA580019052026145335????????01???????001
2026-05-19 14:53:38.513 INFO  o.c.controller.TcpMessageController - <tcpclient><send> UST1LVS111590019052026145335????????01???????001
2026-05-19 14:53:38.517 INFO  o.c.TcpClientConfig$$SpringCGLIB$$0 - <tcpclient><recv> LVS1UST1DA580019052026145335????????01???????001
2026-05-19 14:53:38.525 INFO  o.c.TcpServerConfig$$SpringCGLIB$$0 - <tcpserver><recv> UST1LVS111590019052026145335????????01???????001
2026-05-19 14:53:38.527 WARN  o.c.m.IncomingMessageProcessor - MessageProcessor::handleError->StatusCode.STATUSUNKNOWN
2026-05-19 14:53:38.528 INFO  o.c.m.IncomingMessageProcessor - SENDER UST1 | RECEIVER LVS1 | MESSAGETYPE DAYSTART | ORDINAL 59 | ERRORCODE OK | SOURCE 19052026 | TARGET 145338 | REPORTPOINT RPUNKNOWN | LETYPE LEUNKNOWN | STATUSCODE AUTOMATIONENABLED | USERDATA null | RAWMESSAGE UST1LVS111590019052026145335????????01???????001
2026-05-19 14:53:38.530 INFO  o.c.TcpClientConfig$$SpringCGLIB$$0 - <tcpclient><recv> LVS1UST1AA590019052026145335????????01???????001
2026-05-19 14:58:32.761 INFO  o.c.ApplicationCloseListener - <tcpserver><info> ApplicationContextClosedEvent detected
2026-05-19 14:58:32.765 INFO  org.code_studio.BarcodeConfig - <tcpserver><info> Barcode communication - COM port closed: COM3
2026-05-19 14:58:32.766 INFO  o.c.ApplicationCloseListener - <tcpserver><info> Waiting for 3000 msec to receive DAYEND confirmation from CRANE, and then close the TCP connection.
2026-05-19 14:58:35.824 INFO  o.c.TcpServerConfig$$SpringCGLIB$$0 - <tcpclient><info> Connection closed: 127.0.0.1:18196:49187:1d306690-e732-4244-818c-097beaec578b
2026-05-19 14:58:35.866 INFO  o.c.TcpServerConfig$$SpringCGLIB$$0 - <tcpserver><info> Connection closed: 127.0.0.1:49187:18196:cde318a1-65c9-4695-9a78-0e981b6b5b48
2026-05-19 14:59:04.056 INFO  o.code_studio.ComPortSchedulerTask - <tcpserver><info> Trying to open COM port for Barcode communication
2026-05-19 14:59:04.504 INFO  o.c.WebSocketServerConfig$$SpringCGLIB$$0 - <wsserver><info> Created WS channel: /app/topic
2026-05-19 14:59:05.752 INFO  o.c.TcpServerConfig$$SpringCGLIB$$0 - <tcpserver><info> TCP server started on port: 18196
2026-05-19 14:59:05.763 INFO  o.c.TcpClientConfig$$SpringCGLIB$$0 - <tcpclient><info> TCP client has been created for server: localhost:18196
2026-05-19 14:59:06.129 INFO  o.code_studio.ComPortSchedulerTask - <tcpserver><info> Barcode communication enabled. COM port open: COM3
2026-05-19 14:59:06.142 INFO  o.c.WebSocketServerConfig$$SpringCGLIB$$0 - <wsserver><info> Created WS server on endpoint: /ws
2026-05-19 14:59:10.345 INFO  o.c.TcpServerConfig$$SpringCGLIB$$0 - <tcpserver><info> Connection established: 127.0.0.1:49341:18196:3499737f-a858-433d-a436-3acf7f6b749b
2026-05-19 14:59:10.347 INFO  o.c.CraneClientConnectedListener - <tcpsvr><info> CraneClientConnectedEvent detected
2026-05-19 14:59:10.347 INFO  o.c.TcpServerConfig$$SpringCGLIB$$0 - <tcpclient><info> Connection established: 127.0.0.1:18196:49341:9182e6fd-dfd9-4d7e-b875-87d67ffd87f2
2026-05-19 14:59:10.475 WARN  o.c.ApplicationReadyListener - <tcpsvr><info> Message Flow Automation Debug is ENABLED
2026-05-19 14:59:10.518 INFO  o.c.controller.TcpMessageController - <tcpclient><send> LVS1UST1DA600019052026145910????????01???????001
2026-05-19 14:59:10.589 INFO  o.c.CraneClientConnectedListener - <tcpclient><send> DAYSTART message sent to Crane server
2026-05-19 14:59:10.646 INFO  o.c.TcpServerConfig$$SpringCGLIB$$0 - <tcpserver><recv> LVS1UST1DA600019052026145910????????01???????001
2026-05-19 14:59:11.107 WARN  o.c.m.IncomingMessageProcessor - MessageProcessor::handleError->StatusCode.STATUSUNKNOWN
2026-05-19 14:59:11.114 INFO  o.c.m.IncomingMessageProcessor - SENDER LVS1 | RECEIVER UST1 | MESSAGETYPE DAYSTART | ORDINAL 60 | ERRORCODE OK | SOURCE 19052026 | TARGET 145911 | REPORTPOINT RPUNKNOWN | LETYPE LEUNKNOWN | STATUSCODE AUTOMATIONENABLED | USERDATA null | RAWMESSAGE LVS1UST1DA600019052026145910????????01???????001
2026-05-19 14:59:14.855 INFO  o.c.controller.TcpMessageController - <tcpclient><send> UST1LVS111610019052026145911????????01???????001
2026-05-19 14:59:14.859 INFO  o.c.TcpClientConfig$$SpringCGLIB$$0 - <tcpclient><recv> LVS1UST1DA600019052026145910????????01???????001
2026-05-19 14:59:14.859 INFO  o.c.TcpServerConfig$$SpringCGLIB$$0 - <tcpserver><recv> UST1LVS111610019052026145911????????01???????001
2026-05-19 14:59:14.860 WARN  o.c.m.IncomingMessageProcessor - MessageProcessor::handleError->StatusCode.STATUSUNKNOWN
2026-05-19 14:59:14.861 INFO  o.c.m.IncomingMessageProcessor - SENDER UST1 | RECEIVER LVS1 | MESSAGETYPE DAYSTART | ORDINAL 61 | ERRORCODE OK | SOURCE 19052026 | TARGET 145914 | REPORTPOINT RPUNKNOWN | LETYPE LEUNKNOWN | STATUSCODE AUTOMATIONENABLED | USERDATA null | RAWMESSAGE UST1LVS111610019052026145911????????01???????001
2026-05-19 14:59:14.863 INFO  o.c.TcpClientConfig$$SpringCGLIB$$0 - <tcpclient><recv> LVS1UST1AA610019052026145911????????01???????001
2026-05-19 15:03:53.960 INFO  o.c.ApplicationCloseListener - <tcpserver><info> ApplicationContextClosedEvent detected
2026-05-19 15:03:53.971 INFO  org.code_studio.BarcodeConfig - <tcpserver><info> Barcode communication - COM port closed: COM3
2026-05-19 15:03:53.972 INFO  o.c.ApplicationCloseListener - <tcpserver><info> Waiting for 3000 msec to receive DAYEND confirmation from CRANE, and then close the TCP connection.
2026-05-19 15:03:57.000 INFO  o.c.TcpServerConfig$$SpringCGLIB$$0 - <tcpclient><info> Connection closed: 127.0.0.1:18196:49341:9182e6fd-dfd9-4d7e-b875-87d67ffd87f2
2026-05-19 15:03:57.007 INFO  o.c.TcpServerConfig$$SpringCGLIB$$0 - <tcpserver><info> Connection closed: 127.0.0.1:49341:18196:3499737f-a858-433d-a436-3acf7f6b749b
2026-05-19 15:04:09.392 INFO  o.code_studio.ComPortSchedulerTask - <tcpserver><info> Trying to open COM port for Barcode communication
2026-05-19 15:04:09.591 INFO  o.c.WebSocketServerConfig$$SpringCGLIB$$0 - <wsserver><info> Created WS channel: /app/topic
2026-05-19 15:04:09.881 INFO  o.c.TcpServerConfig$$SpringCGLIB$$0 - <tcpserver><info> TCP server started on port: 18196
2026-05-19 15:04:09.890 INFO  o.c.TcpClientConfig$$SpringCGLIB$$0 - <tcpclient><info> TCP client has been created for server: localhost:18196
2026-05-19 15:04:09.989 INFO  o.c.WebSocketServerConfig$$SpringCGLIB$$0 - <wsserver><info> Created WS server on endpoint: /ws
2026-05-19 15:04:11.259 INFO  o.code_studio.ComPortSchedulerTask - <tcpserver><info> Barcode communication enabled. COM port open: COM3
2026-05-19 15:04:11.550 INFO  o.c.TcpServerConfig$$SpringCGLIB$$0 - <tcpserver><info> Connection established: 127.0.0.1:49434:18196:cbdbc04e-10dd-46fc-b120-19cf0eb7f781
2026-05-19 15:04:11.550 INFO  o.c.TcpServerConfig$$SpringCGLIB$$0 - <tcpclient><info> Connection established: 127.0.0.1:18196:49434:51a6099b-5bcd-4622-943d-b3c25f63943b
2026-05-19 15:04:11.552 INFO  o.c.CraneClientConnectedListener - <tcpsvr><info> CraneClientConnectedEvent detected
2026-05-19 15:04:11.627 WARN  o.c.ApplicationReadyListener - <tcpsvr><info> Message Flow Automation Debug is ENABLED
2026-05-19 15:04:11.643 INFO  o.c.controller.TcpMessageController - <tcpclient><send> LVS1UST1DA620019052026150411????????01???????001
2026-05-19 15:04:11.660 INFO  o.c.CraneClientConnectedListener - <tcpclient><send> DAYSTART message sent to Crane server
2026-05-19 15:04:11.690 INFO  o.c.TcpServerConfig$$SpringCGLIB$$0 - <tcpserver><recv> LVS1UST1DA620019052026150411????????01???????001
2026-05-19 15:04:11.714 WARN  o.c.m.IncomingMessageProcessor - MessageProcessor::handleError->StatusCode.STATUSUNKNOWN
2026-05-19 15:04:11.722 INFO  o.c.m.IncomingMessageProcessor - SENDER LVS1 | RECEIVER UST1 | MESSAGETYPE DAYSTART | ORDINAL 62 | ERRORCODE OK | SOURCE 19052026 | TARGET 150411 | REPORTPOINT RPUNKNOWN | LETYPE LEUNKNOWN | STATUSCODE AUTOMATIONENABLED | USERDATA null | RAWMESSAGE LVS1UST1DA620019052026150411????????01???????001
2026-05-19 15:04:14.746 INFO  o.c.controller.TcpMessageController - <tcpclient><send> UST1LVS111630019052026150411????????01???????001
2026-05-19 15:04:14.749 INFO  o.c.TcpClientConfig$$SpringCGLIB$$0 - <tcpclient><recv> LVS1UST1DA620019052026150411????????01???????001
2026-05-19 15:04:14.750 INFO  o.c.TcpServerConfig$$SpringCGLIB$$0 - <tcpserver><recv> UST1LVS111630019052026150411????????01???????001
2026-05-19 15:04:14.752 WARN  o.c.m.IncomingMessageProcessor - MessageProcessor::handleError->StatusCode.STATUSUNKNOWN
2026-05-19 15:04:14.752 INFO  o.c.m.IncomingMessageProcessor - SENDER UST1 | RECEIVER LVS1 | MESSAGETYPE DAYSTART | ORDINAL 63 | ERRORCODE OK | SOURCE 19052026 | TARGET 150414 | REPORTPOINT RPUNKNOWN | LETYPE LEUNKNOWN | STATUSCODE AUTOMATIONENABLED | USERDATA null | RAWMESSAGE UST1LVS111630019052026150411????????01???????001
2026-05-19 15:04:14.755 INFO  o.c.TcpClientConfig$$SpringCGLIB$$0 - <tcpclient><recv> LVS1UST1AA630019052026150411????????01???????001
2026-05-19 15:06:39.178 INFO  o.c.ApplicationCloseListener - <tcpserver><info> ApplicationContextClosedEvent detected
2026-05-19 15:06:39.180 INFO  org.code_studio.BarcodeConfig - <tcpserver><info> Barcode communication - COM port closed: COM3
2026-05-19 15:06:39.180 INFO  o.c.ApplicationCloseListener - <tcpserver><info> Waiting for 3000 msec to receive DAYEND confirmation from CRANE, and then close the TCP connection.
2026-05-19 15:06:42.196 INFO  o.c.TcpServerConfig$$SpringCGLIB$$0 - <tcpclient><info> Connection closed: 127.0.0.1:18196:49434:51a6099b-5bcd-4622-943d-b3c25f63943b
2026-05-19 15:06:42.201 INFO  o.c.TcpServerConfig$$SpringCGLIB$$0 - <tcpserver><info> Connection closed: 127.0.0.1:49434:18196:cbdbc04e-10dd-46fc-b120-19cf0eb7f781
2026-05-19 15:07:31.600 INFO  o.code_studio.ComPortSchedulerTask - <tcpserver><info> Trying to open COM port for Barcode communication
2026-05-19 15:07:31.753 INFO  o.c.WebSocketServerConfig$$SpringCGLIB$$0 - <wsserver><info> Created WS channel: /app/topic
2026-05-19 15:07:31.938 INFO  o.c.TcpServerConfig$$SpringCGLIB$$0 - <tcpserver><info> TCP server started on port: 18196
2026-05-19 15:07:31.948 INFO  o.c.TcpClientConfig$$SpringCGLIB$$0 - <tcpclient><info> TCP client has been created for server: localhost:18196
2026-05-19 15:07:32.050 INFO  o.c.WebSocketServerConfig$$SpringCGLIB$$0 - <wsserver><info> Created WS server on endpoint: /ws
2026-05-19 15:07:32.094 INFO  o.code_studio.ComPortSchedulerTask - <tcpserver><info> Barcode communication enabled. COM port open: COM3
2026-05-19 15:07:33.166 INFO  o.c.TcpServerConfig$$SpringCGLIB$$0 - <tcpserver><info> Connection established: 127.0.0.1:49486:18196:b971c94f-3b34-4b39-9048-35c13fc46d17
2026-05-19 15:07:33.168 INFO  o.c.CraneClientConnectedListener - <tcpsvr><info> CraneClientConnectedEvent detected
2026-05-19 15:07:33.169 INFO  o.c.TcpServerConfig$$SpringCGLIB$$0 - <tcpclient><info> Connection established: 127.0.0.1:18196:49486:112677ea-ae52-4bb2-8c11-159accf0a066
2026-05-19 15:07:33.221 WARN  o.c.ApplicationReadyListener - <tcpsvr><info> Message Flow Automation Debug is ENABLED
2026-05-19 15:07:33.240 INFO  o.c.controller.TcpMessageController - <tcpclient><send> LVS1UST1DA640019052026150733????????01???????001
2026-05-19 15:07:33.256 INFO  o.c.CraneClientConnectedListener - <tcpclient><send> DAYSTART message sent to Crane server
2026-05-19 15:07:33.321 INFO  o.c.TcpServerConfig$$SpringCGLIB$$0 - <tcpserver><recv> LVS1UST1DA640019052026150733????????01???????001
2026-05-19 15:07:33.357 WARN  o.c.m.IncomingMessageProcessor - MessageProcessor::handleError->StatusCode.STATUSUNKNOWN
2026-05-19 15:07:33.363 INFO  o.c.m.IncomingMessageProcessor - SENDER LVS1 | RECEIVER UST1 | MESSAGETYPE DAYSTART | ORDINAL 64 | ERRORCODE OK | SOURCE 19052026 | TARGET 150733 | REPORTPOINT RPUNKNOWN | LETYPE LEUNKNOWN | STATUSCODE AUTOMATIONENABLED | USERDATA null | RAWMESSAGE LVS1UST1DA640019052026150733????????01???????001
2026-05-19 15:07:36.386 INFO  o.c.controller.TcpMessageController - <tcpclient><send> UST1LVS111650019052026150733????????01???????001
2026-05-19 15:07:36.389 INFO  o.c.TcpClientConfig$$SpringCGLIB$$0 - <tcpclient><recv> LVS1UST1DA640019052026150733????????01???????001
2026-05-19 15:07:36.390 INFO  o.c.TcpServerConfig$$SpringCGLIB$$0 - <tcpserver><recv> UST1LVS111650019052026150733????????01???????001
2026-05-19 15:07:36.391 WARN  o.c.m.IncomingMessageProcessor - MessageProcessor::handleError->StatusCode.STATUSUNKNOWN
2026-05-19 15:07:36.392 INFO  o.c.m.IncomingMessageProcessor - SENDER UST1 | RECEIVER LVS1 | MESSAGETYPE DAYSTART | ORDINAL 65 | ERRORCODE OK | SOURCE 19052026 | TARGET 150736 | REPORTPOINT RPUNKNOWN | LETYPE LEUNKNOWN | STATUSCODE AUTOMATIONENABLED | USERDATA null | RAWMESSAGE UST1LVS111650019052026150733????????01???????001
2026-05-19 15:07:36.393 INFO  o.c.TcpClientConfig$$SpringCGLIB$$0 - <tcpclient><recv> LVS1UST1AA650019052026150733????????01???????001
2026-05-19 15:08:27.215 INFO  o.c.ApplicationCloseListener - <tcpserver><info> ApplicationContextClosedEvent detected
2026-05-19 15:08:27.217 INFO  org.code_studio.BarcodeConfig - <tcpserver><info> Barcode communication - COM port closed: COM3
2026-05-19 15:08:27.218 INFO  o.c.ApplicationCloseListener - <tcpserver><info> Waiting for 3000 msec to receive DAYEND confirmation from CRANE, and then close the TCP connection.
2026-05-19 15:08:30.226 INFO  o.c.TcpServerConfig$$SpringCGLIB$$0 - <tcpclient><info> Connection closed: 127.0.0.1:18196:49486:112677ea-ae52-4bb2-8c11-159accf0a066
2026-05-19 15:08:30.231 INFO  o.c.TcpServerConfig$$SpringCGLIB$$0 - <tcpserver><info> Connection closed: 127.0.0.1:49486:18196:b971c94f-3b34-4b39-9048-35c13fc46d17
2026-05-19 15:25:35.952 INFO  o.code_studio.ComPortSchedulerTask - <tcpserver><info> Trying to open COM port for Barcode communication
2026-05-19 15:25:36.166 INFO  o.c.WebSocketServerConfig$$SpringCGLIB$$0 - <wsserver><info> Created WS channel: /app/topic
2026-05-19 15:25:36.412 INFO  o.c.TcpServerConfig$$SpringCGLIB$$0 - <tcpserver><info> TCP server started on port: 18196
2026-05-19 15:25:36.422 INFO  o.c.TcpClientConfig$$SpringCGLIB$$0 - <tcpclient><info> TCP client has been created for server: localhost:18196
2026-05-19 15:25:36.544 INFO  o.c.WebSocketServerConfig$$SpringCGLIB$$0 - <wsserver><info> Created WS server on endpoint: /ws
2026-05-19 15:25:37.499 INFO  o.code_studio.ComPortSchedulerTask - <tcpserver><info> Barcode communication enabled. COM port open: COM3
2026-05-19 15:25:37.958 INFO  o.c.TcpServerConfig$$SpringCGLIB$$0 - <tcpserver><info> Connection established: 127.0.0.1:49691:18196:49380300-ac3b-4e67-9e1f-f55e01ec4aa9
2026-05-19 15:25:37.966 INFO  o.c.CraneClientConnectedListener - <tcpsvr><info> CraneClientConnectedEvent detected
2026-05-19 15:25:37.967 INFO  o.c.TcpServerConfig$$SpringCGLIB$$0 - <tcpclient><info> Connection established: 127.0.0.1:18196:49691:11335a08-de08-4cdd-9847-eef24aa45dbf
2026-05-19 15:25:38.135 INFO  o.c.controller.TcpMessageController - <tcpclient><send> LVS1UST1DA660019052026152538????????01???????001
2026-05-19 15:25:38.147 INFO  o.c.CraneClientConnectedListener - <tcpclient><send> DAYSTART message sent to Crane server
2026-05-19 15:25:38.169 WARN  o.c.ApplicationReadyListener - <tcpsvr><info> Message Flow Automation Debug is ENABLED
2026-05-19 15:25:38.173 INFO  o.c.TcpServerConfig$$SpringCGLIB$$0 - <tcpserver><recv> LVS1UST1DA660019052026152538????????01???????001
2026-05-19 15:25:38.203 WARN  o.c.m.IncomingMessageProcessor - MessageProcessor::handleError->StatusCode.STATUSUNKNOWN
2026-05-19 15:25:38.207 INFO  o.c.m.IncomingMessageProcessor - SENDER LVS1 | RECEIVER UST1 | MESSAGETYPE DAYSTART | ORDINAL 66 | ERRORCODE OK | SOURCE 19052026 | TARGET 152538 | REPORTPOINT RPUNKNOWN | LETYPE LEUNKNOWN | STATUSCODE AUTOMATIONENABLED | USERDATA null | RAWMESSAGE LVS1UST1DA660019052026152538????????01???????001
2026-05-19 15:25:41.229 INFO  o.c.controller.TcpMessageController - <tcpclient><send> UST1LVS111670019052026152538????????01???????001
2026-05-19 15:25:41.232 INFO  o.c.TcpClientConfig$$SpringCGLIB$$0 - <tcpclient><recv> LVS1UST1DA660019052026152538????????01???????001
2026-05-19 15:25:41.234 INFO  o.c.TcpServerConfig$$SpringCGLIB$$0 - <tcpserver><recv> UST1LVS111670019052026152538????????01???????001
2026-05-19 15:25:41.237 WARN  o.c.m.IncomingMessageProcessor - MessageProcessor::handleError->StatusCode.STATUSUNKNOWN
2026-05-19 15:25:41.237 INFO  o.c.m.IncomingMessageProcessor - SENDER UST1 | RECEIVER LVS1 | MESSAGETYPE DAYSTART | ORDINAL 67 | ERRORCODE OK | SOURCE 19052026 | TARGET 152541 | REPORTPOINT RPUNKNOWN | LETYPE LEUNKNOWN | STATUSCODE AUTOMATIONENABLED | USERDATA null | RAWMESSAGE UST1LVS111670019052026152538????????01???????001
2026-05-19 15:25:41.239 INFO  o.c.TcpClientConfig$$SpringCGLIB$$0 - <tcpclient><recv> LVS1UST1AA670019052026152538????????01???????001
2026-05-19 15:26:52.437 INFO  o.c.ApplicationCloseListener - <tcpserver><info> ApplicationContextClosedEvent detected
2026-05-19 15:26:52.438 INFO  org.code_studio.BarcodeConfig - <tcpserver><info> Barcode communication - COM port closed: COM3
2026-05-19 15:26:52.438 INFO  o.c.ApplicationCloseListener - <tcpserver><info> Waiting for 3000 msec to receive DAYEND confirmation from CRANE, and then close the TCP connection.
2026-05-19 15:26:55.460 INFO  o.c.TcpServerConfig$$SpringCGLIB$$0 - <tcpclient><info> Connection closed: 127.0.0.1:18196:49691:11335a08-de08-4cdd-9847-eef24aa45dbf
2026-05-19 15:26:55.465 INFO  o.c.TcpServerConfig$$SpringCGLIB$$0 - <tcpserver><info> Connection closed: 127.0.0.1:49691:18196:49380300-ac3b-4e67-9e1f-f55e01ec4aa9
2026-05-19 15:28:15.231 INFO  o.code_studio.ComPortSchedulerTask - <tcpserver><info> Trying to open COM port for Barcode communication
2026-05-19 15:28:15.414 INFO  o.c.WebSocketServerConfig$$SpringCGLIB$$0 - <wsserver><info> Created WS channel: /app/topic
2026-05-19 15:28:15.671 INFO  o.c.TcpServerConfig$$SpringCGLIB$$0 - <tcpserver><info> TCP server started on port: 18196
2026-05-19 15:28:15.682 INFO  o.c.TcpClientConfig$$SpringCGLIB$$0 - <tcpclient><info> TCP client has been created for server: localhost:18196
2026-05-19 15:28:15.805 INFO  o.c.WebSocketServerConfig$$SpringCGLIB$$0 - <wsserver><info> Created WS server on endpoint: /ws
2026-05-19 15:28:16.248 INFO  o.code_studio.ComPortSchedulerTask - <tcpserver><info> Barcode communication enabled. COM port open: COM3
2026-05-19 15:28:17.111 INFO  o.c.TcpServerConfig$$SpringCGLIB$$0 - <tcpserver><info> Connection established: 127.0.0.1:49940:18196:a91d5449-99a4-40af-aa48-97bb41ac7821
2026-05-19 15:28:17.144 INFO  o.c.TcpServerConfig$$SpringCGLIB$$0 - <tcpclient><info> Connection established: 127.0.0.1:18196:49940:97065020-3c34-49f6-a5ba-cdbaa8765518
2026-05-19 15:28:17.146 INFO  o.c.CraneClientConnectedListener - <tcpsvr><info> CraneClientConnectedEvent detected
2026-05-19 15:28:17.162 WARN  o.c.ApplicationReadyListener - <tcpsvr><info> Message Flow Automation Debug is ENABLED
2026-05-19 15:28:17.256 INFO  o.c.controller.TcpMessageController - <tcpclient><send> LVS1UST1DA680019052026152817????????01???????001
2026-05-19 15:28:17.268 INFO  o.c.CraneClientConnectedListener - <tcpclient><send> DAYSTART message sent to Crane server
2026-05-19 15:28:17.325 INFO  o.c.TcpServerConfig$$SpringCGLIB$$0 - <tcpserver><recv> LVS1UST1DA680019052026152817????????01???????001
2026-05-19 15:28:17.375 WARN  o.c.m.IncomingMessageProcessor - MessageProcessor::handleError->StatusCode.STATUSUNKNOWN
2026-05-19 15:28:17.383 INFO  o.c.m.IncomingMessageProcessor - SENDER LVS1 | RECEIVER UST1 | MESSAGETYPE DAYSTART | ORDINAL 68 | ERRORCODE OK | SOURCE 19052026 | TARGET 152817 | REPORTPOINT RPUNKNOWN | LETYPE LEUNKNOWN | STATUSCODE AUTOMATIONENABLED | USERDATA null | RAWMESSAGE LVS1UST1DA680019052026152817????????01???????001
2026-05-19 15:28:20.410 INFO  o.c.controller.TcpMessageController - <tcpclient><send> UST1LVS111690019052026152817????????01???????001
2026-05-19 15:28:20.413 INFO  o.c.TcpClientConfig$$SpringCGLIB$$0 - <tcpclient><recv> LVS1UST1DA680019052026152817????????01???????001
2026-05-19 15:28:20.414 INFO  o.c.TcpServerConfig$$SpringCGLIB$$0 - <tcpserver><recv> UST1LVS111690019052026152817????????01???????001
2026-05-19 15:28:20.416 WARN  o.c.m.IncomingMessageProcessor - MessageProcessor::handleError->StatusCode.STATUSUNKNOWN
2026-05-19 15:28:20.417 INFO  o.c.m.IncomingMessageProcessor - SENDER UST1 | RECEIVER LVS1 | MESSAGETYPE DAYSTART | ORDINAL 69 | ERRORCODE OK | SOURCE 19052026 | TARGET 152820 | REPORTPOINT RPUNKNOWN | LETYPE LEUNKNOWN | STATUSCODE AUTOMATIONENABLED | USERDATA null | RAWMESSAGE UST1LVS111690019052026152817????????01???????001
2026-05-19 15:28:20.419 INFO  o.c.TcpClientConfig$$SpringCGLIB$$0 - <tcpclient><recv> LVS1UST1AA690019052026152817????????01???????001
2026-05-19 15:31:52.581 INFO  o.c.ApplicationCloseListener - <tcpserver><info> ApplicationContextClosedEvent detected
2026-05-19 15:31:52.593 INFO  org.code_studio.BarcodeConfig - <tcpserver><info> Barcode communication - COM port closed: COM3
2026-05-19 15:31:52.593 INFO  o.c.ApplicationCloseListener - <tcpserver><info> Waiting for 3000 msec to receive DAYEND confirmation from CRANE, and then close the TCP connection.
2026-05-19 15:31:55.609 INFO  o.c.TcpServerConfig$$SpringCGLIB$$0 - <tcpclient><info> Connection closed: 127.0.0.1:18196:49940:97065020-3c34-49f6-a5ba-cdbaa8765518
2026-05-19 15:31:55.616 INFO  o.c.TcpServerConfig$$SpringCGLIB$$0 - <tcpserver><info> Connection closed: 127.0.0.1:49940:18196:a91d5449-99a4-40af-aa48-97bb41ac7821
2026-05-19 15:32:15.359 INFO  o.code_studio.ComPortSchedulerTask - <tcpserver><info> Trying to open COM port for Barcode communication
2026-05-19 15:32:15.534 INFO  o.c.WebSocketServerConfig$$SpringCGLIB$$0 - <wsserver><info> Created WS channel: /app/topic
2026-05-19 15:32:15.726 INFO  o.c.TcpServerConfig$$SpringCGLIB$$0 - <tcpserver><info> TCP server started on port: 18196
2026-05-19 15:32:15.733 INFO  o.c.TcpClientConfig$$SpringCGLIB$$0 - <tcpclient><info> TCP client has been created for server: localhost:18196
2026-05-19 15:32:15.838 INFO  o.c.WebSocketServerConfig$$SpringCGLIB$$0 - <wsserver><info> Created WS server on endpoint: /ws
2026-05-19 15:32:16.926 INFO  o.code_studio.ComPortSchedulerTask - <tcpserver><info> Barcode communication enabled. COM port open: COM3
2026-05-19 15:32:17.030 INFO  o.c.TcpServerConfig$$SpringCGLIB$$0 - <tcpclient><info> Connection established: 127.0.0.1:18196:50365:81c4b648-1187-4fb6-b6d5-17007b445ee7
2026-05-19 15:32:17.031 INFO  o.c.TcpServerConfig$$SpringCGLIB$$0 - <tcpserver><info> Connection established: 127.0.0.1:50365:18196:821f75dc-31a2-4201-b3fc-84ddefc50cb8
2026-05-19 15:32:17.034 INFO  o.c.CraneClientConnectedListener - <tcpsvr><info> CraneClientConnectedEvent detected
2026-05-19 15:32:17.101 WARN  o.c.ApplicationReadyListener - <tcpsvr><info> Message Flow Automation Debug is ENABLED
2026-05-19 15:32:17.122 INFO  o.c.controller.TcpMessageController - <tcpclient><send> LVS1UST1DA700019052026153217????????01???????001
2026-05-19 15:32:17.135 INFO  o.c.CraneClientConnectedListener - <tcpclient><send> DAYSTART message sent to Crane server
2026-05-19 15:32:17.162 INFO  o.c.TcpServerConfig$$SpringCGLIB$$0 - <tcpserver><recv> LVS1UST1DA700019052026153217????????01???????001
2026-05-19 15:32:17.194 WARN  o.c.m.IncomingMessageProcessor - MessageProcessor::handleError->StatusCode.STATUSUNKNOWN
2026-05-19 15:32:17.201 INFO  o.c.m.IncomingMessageProcessor - SENDER LVS1 | RECEIVER UST1 | MESSAGETYPE DAYSTART | ORDINAL 70 | ERRORCODE OK | SOURCE 19052026 | TARGET 153217 | REPORTPOINT RPUNKNOWN | LETYPE LEUNKNOWN | STATUSCODE AUTOMATIONENABLED | USERDATA null | RAWMESSAGE LVS1UST1DA700019052026153217????????01???????001
2026-05-19 15:32:20.224 INFO  o.c.controller.TcpMessageController - <tcpclient><send> UST1LVS111710019052026153217????????01???????001
2026-05-19 15:32:20.227 INFO  o.c.TcpClientConfig$$SpringCGLIB$$0 - <tcpclient><recv> LVS1UST1DA700019052026153217????????01???????001
2026-05-19 15:32:20.231 INFO  o.c.TcpServerConfig$$SpringCGLIB$$0 - <tcpserver><recv> UST1LVS111710019052026153217????????01???????001
2026-05-19 15:32:20.232 WARN  o.c.m.IncomingMessageProcessor - MessageProcessor::handleError->StatusCode.STATUSUNKNOWN
2026-05-19 15:32:20.232 INFO  o.c.m.IncomingMessageProcessor - SENDER UST1 | RECEIVER LVS1 | MESSAGETYPE DAYSTART | ORDINAL 71 | ERRORCODE OK | SOURCE 19052026 | TARGET 153220 | REPORTPOINT RPUNKNOWN | LETYPE LEUNKNOWN | STATUSCODE AUTOMATIONENABLED | USERDATA null | RAWMESSAGE UST1LVS111710019052026153217????????01???????001
2026-05-19 15:32:20.234 INFO  o.c.TcpClientConfig$$SpringCGLIB$$0 - <tcpclient><recv> LVS1UST1AA710019052026153217????????01???????001
2026-05-19 15:33:49.335 INFO  o.c.ApplicationCloseListener - <tcpserver><info> ApplicationContextClosedEvent detected
2026-05-19 15:33:49.337 INFO  org.code_studio.BarcodeConfig - <tcpserver><info> Barcode communication - COM port closed: COM3
2026-05-19 15:33:49.338 INFO  o.c.ApplicationCloseListener - <tcpserver><info> Waiting for 3000 msec to receive DAYEND confirmation from CRANE, and then close the TCP connection.
2026-05-19 15:33:52.350 INFO  o.c.TcpServerConfig$$SpringCGLIB$$0 - <tcpclient><info> Connection closed: 127.0.0.1:18196:50365:81c4b648-1187-4fb6-b6d5-17007b445ee7
2026-05-19 15:33:52.354 INFO  o.c.TcpServerConfig$$SpringCGLIB$$0 - <tcpserver><info> Connection closed: 127.0.0.1:50365:18196:821f75dc-31a2-4201-b3fc-84ddefc50cb8
2026-05-19 15:34:43.085 INFO  o.code_studio.ComPortSchedulerTask - <tcpserver><info> Trying to open COM port for Barcode communication
2026-05-19 15:34:43.239 INFO  o.c.WebSocketServerConfig$$SpringCGLIB$$0 - <wsserver><info> Created WS channel: /app/topic
2026-05-19 15:34:43.446 INFO  o.c.TcpServerConfig$$SpringCGLIB$$0 - <tcpserver><info> TCP server started on port: 18196
2026-05-19 15:34:43.457 INFO  o.c.TcpClientConfig$$SpringCGLIB$$0 - <tcpclient><info> TCP client has been created for server: localhost:18196
2026-05-19 15:34:43.559 INFO  o.c.WebSocketServerConfig$$SpringCGLIB$$0 - <wsserver><info> Created WS server on endpoint: /ws
2026-05-19 15:34:44.643 INFO  o.c.TcpServerConfig$$SpringCGLIB$$0 - <tcpclient><info> Connection established: 127.0.0.1:18196:50405:a4103132-4548-45e6-8c93-b83284c87f81
2026-05-19 15:34:44.644 INFO  o.c.TcpServerConfig$$SpringCGLIB$$0 - <tcpserver><info> Connection established: 127.0.0.1:50405:18196:f123b3a2-94ff-4b17-8e0b-374ee6555597
2026-05-19 15:34:44.647 INFO  o.c.CraneClientConnectedListener - <tcpsvr><info> CraneClientConnectedEvent detected
2026-05-19 15:34:44.691 WARN  o.c.ApplicationReadyListener - <tcpsvr><info> Message Flow Automation Debug is ENABLED
2026-05-19 15:34:44.707 INFO  o.c.controller.TcpMessageController - <tcpclient><send> LVS1UST1DA720019052026153444????????01???????001
2026-05-19 15:34:44.720 INFO  o.c.CraneClientConnectedListener - <tcpclient><send> DAYSTART message sent to Crane server
2026-05-19 15:34:44.742 INFO  o.c.TcpServerConfig$$SpringCGLIB$$0 - <tcpserver><recv> LVS1UST1DA720019052026153444????????01???????001
2026-05-19 15:34:44.769 WARN  o.c.m.IncomingMessageProcessor - MessageProcessor::handleError->StatusCode.STATUSUNKNOWN
2026-05-19 15:34:44.776 INFO  o.c.m.IncomingMessageProcessor - SENDER LVS1 | RECEIVER UST1 | MESSAGETYPE DAYSTART | ORDINAL 72 | ERRORCODE OK | SOURCE 19052026 | TARGET 153444 | REPORTPOINT RPUNKNOWN | LETYPE LEUNKNOWN | STATUSCODE AUTOMATIONENABLED | USERDATA null | RAWMESSAGE LVS1UST1DA720019052026153444????????01???????001
2026-05-19 15:34:45.094 INFO  o.code_studio.ComPortSchedulerTask - <tcpserver><info> Barcode communication enabled. COM port open: COM3
2026-05-19 15:34:47.797 INFO  o.c.controller.TcpMessageController - <tcpclient><send> UST1LVS111730019052026153444????????01???????001
2026-05-19 15:34:47.800 INFO  o.c.TcpClientConfig$$SpringCGLIB$$0 - <tcpclient><recv> LVS1UST1DA720019052026153444????????01???????001
2026-05-19 15:34:47.800 INFO  o.c.TcpServerConfig$$SpringCGLIB$$0 - <tcpserver><recv> UST1LVS111730019052026153444????????01???????001
2026-05-19 15:34:47.801 WARN  o.c.m.IncomingMessageProcessor - MessageProcessor::handleError->StatusCode.STATUSUNKNOWN
2026-05-19 15:34:47.802 INFO  o.c.m.IncomingMessageProcessor - SENDER UST1 | RECEIVER LVS1 | MESSAGETYPE DAYSTART | ORDINAL 73 | ERRORCODE OK | SOURCE 19052026 | TARGET 153447 | REPORTPOINT RPUNKNOWN | LETYPE LEUNKNOWN | STATUSCODE AUTOMATIONENABLED | USERDATA null | RAWMESSAGE UST1LVS111730019052026153444????????01???????001
2026-05-19 15:34:47.803 INFO  o.c.TcpClientConfig$$SpringCGLIB$$0 - <tcpclient><recv> LVS1UST1AA730019052026153444????????01???????001
2026-05-19 16:03:05.706 INFO  o.c.ApplicationCloseListener - <tcpserver><info> ApplicationContextClosedEvent detected
2026-05-19 16:03:05.727 INFO  org.code_studio.BarcodeConfig - <tcpserver><info> Barcode communication - COM port closed: COM3
2026-05-19 16:03:05.728 INFO  o.c.ApplicationCloseListener - <tcpserver><info> Waiting for 3000 msec to receive DAYEND confirmation from CRANE, and then close the TCP connection.
2026-05-19 16:03:08.817 INFO  o.c.TcpServerConfig$$SpringCGLIB$$0 - <tcpclient><info> Connection closed: 127.0.0.1:18196:50405:a4103132-4548-45e6-8c93-b83284c87f81
2026-05-19 16:03:08.839 INFO  o.c.TcpServerConfig$$SpringCGLIB$$0 - <tcpserver><info> Connection closed: 127.0.0.1:50405:18196:f123b3a2-94ff-4b17-8e0b-374ee6555597
2026-05-19 16:09:44.528 INFO  o.code_studio.ComPortSchedulerTask - <tcpserver><info> Trying to open COM port for Barcode communication
2026-05-19 16:09:44.931 INFO  o.c.WebSocketServerConfig$$SpringCGLIB$$0 - <wsserver><info> Created WS channel: /app/topic
2026-05-19 16:09:45.213 INFO  o.c.TcpServerConfig$$SpringCGLIB$$0 - <tcpserver><info> TCP server started on port: 18196
2026-05-19 16:09:45.224 INFO  o.c.TcpClientConfig$$SpringCGLIB$$0 - <tcpclient><info> TCP client has been created for server: localhost:18196
2026-05-19 16:09:45.368 INFO  o.c.WebSocketServerConfig$$SpringCGLIB$$0 - <wsserver><info> Created WS server on endpoint: /ws
2026-05-19 16:09:46.832 INFO  o.c.TcpServerConfig$$SpringCGLIB$$0 - <tcpclient><info> Connection established: 127.0.0.1:18196:50806:1dbd59fb-49a2-436a-859e-90986dc5a6b0
2026-05-19 16:09:46.832 INFO  o.c.TcpServerConfig$$SpringCGLIB$$0 - <tcpserver><info> Connection established: 127.0.0.1:50806:18196:b5d0b446-b5a7-4f3e-865c-18d97cfdd33e
2026-05-19 16:09:46.834 INFO  o.c.CraneClientConnectedListener - <tcpsvr><info> CraneClientConnectedEvent detected
2026-05-19 16:09:46.881 WARN  o.c.ApplicationReadyListener - <tcpsvr><info> Message Flow Automation Debug is ENABLED
2026-05-19 16:09:46.893 INFO  o.c.controller.TcpMessageController - <tcpclient><send> LVS1UST1DA740019052026160946????????01???????001
2026-05-19 16:09:46.906 INFO  o.c.CraneClientConnectedListener - <tcpclient><send> DAYSTART message sent to Crane server
2026-05-19 16:09:46.936 INFO  o.c.TcpServerConfig$$SpringCGLIB$$0 - <tcpserver><recv> LVS1UST1DA740019052026160946????????01???????001
2026-05-19 16:09:46.960 WARN  o.c.m.IncomingMessageProcessor - MessageProcessor::handleError->StatusCode.STATUSUNKNOWN
2026-05-19 16:09:46.964 INFO  o.c.m.IncomingMessageProcessor - SENDER LVS1 | RECEIVER UST1 | MESSAGETYPE DAYSTART | ORDINAL 74 | ERRORCODE OK | SOURCE 19052026 | TARGET 160946 | REPORTPOINT RPUNKNOWN | LETYPE LEUNKNOWN | STATUSCODE AUTOMATIONENABLED | USERDATA null | RAWMESSAGE LVS1UST1DA740019052026160946????????01???????001
2026-05-19 16:09:47.150 INFO  o.code_studio.ComPortSchedulerTask - <tcpserver><info> Barcode communication enabled. COM port open: COM3
2026-05-19 16:09:49.986 INFO  o.c.controller.TcpMessageController - <tcpclient><send> UST1LVS111750019052026160946????????01???????001
2026-05-19 16:09:49.989 INFO  o.c.TcpClientConfig$$SpringCGLIB$$0 - <tcpclient><recv> LVS1UST1DA740019052026160946????????01???????001
2026-05-19 16:09:49.989 INFO  o.c.TcpServerConfig$$SpringCGLIB$$0 - <tcpserver><recv> UST1LVS111750019052026160946????????01???????001
2026-05-19 16:09:49.990 WARN  o.c.m.IncomingMessageProcessor - MessageProcessor::handleError->StatusCode.STATUSUNKNOWN
2026-05-19 16:09:49.991 INFO  o.c.m.IncomingMessageProcessor - SENDER UST1 | RECEIVER LVS1 | MESSAGETYPE DAYSTART | ORDINAL 75 | ERRORCODE OK | SOURCE 19052026 | TARGET 160949 | REPORTPOINT RPUNKNOWN | LETYPE LEUNKNOWN | STATUSCODE AUTOMATIONENABLED | USERDATA null | RAWMESSAGE UST1LVS111750019052026160946????????01???????001
2026-05-19 16:09:49.992 INFO  o.c.TcpClientConfig$$SpringCGLIB$$0 - <tcpclient><recv> LVS1UST1AA750019052026160946????????01???????001
2026-05-19 16:10:45.392 INFO  o.c.ApplicationCloseListener - <tcpserver><info> ApplicationContextClosedEvent detected
2026-05-19 16:10:45.394 INFO  org.code_studio.BarcodeConfig - <tcpserver><info> Barcode communication - COM port closed: COM3
2026-05-19 16:10:45.394 INFO  o.c.ApplicationCloseListener - <tcpserver><info> Waiting for 3000 msec to receive DAYEND confirmation from CRANE, and then close the TCP connection.
2026-05-19 16:10:48.408 INFO  o.c.TcpServerConfig$$SpringCGLIB$$0 - <tcpclient><info> Connection closed: 127.0.0.1:18196:50806:1dbd59fb-49a2-436a-859e-90986dc5a6b0
2026-05-19 16:10:48.415 INFO  o.c.TcpServerConfig$$SpringCGLIB$$0 - <tcpserver><info> Connection closed: 127.0.0.1:50806:18196:b5d0b446-b5a7-4f3e-865c-18d97cfdd33e
2026-05-19 16:10:58.679 INFO  o.code_studio.ComPortSchedulerTask - <tcpserver><info> Trying to open COM port for Barcode communication
2026-05-19 16:10:58.837 INFO  o.c.WebSocketServerConfig$$SpringCGLIB$$0 - <wsserver><info> Created WS channel: /app/topic
2026-05-19 16:10:59.029 INFO  o.c.TcpServerConfig$$SpringCGLIB$$0 - <tcpserver><info> TCP server started on port: 18196
2026-05-19 16:10:59.038 INFO  o.c.TcpClientConfig$$SpringCGLIB$$0 - <tcpclient><info> TCP client has been created for server: localhost:18196
2026-05-19 16:10:59.148 INFO  o.c.WebSocketServerConfig$$SpringCGLIB$$0 - <wsserver><info> Created WS server on endpoint: /ws
2026-05-19 16:11:00.140 INFO  o.code_studio.ComPortSchedulerTask - <tcpserver><info> Barcode communication enabled. COM port open: COM3
2026-05-19 16:11:00.368 INFO  o.c.TcpServerConfig$$SpringCGLIB$$0 - <tcpclient><info> Connection established: 127.0.0.1:18196:50841:f6b0355a-b847-4a13-bcd7-e04f142bdbae
2026-05-19 16:11:00.367 INFO  o.c.TcpServerConfig$$SpringCGLIB$$0 - <tcpserver><info> Connection established: 127.0.0.1:50841:18196:93fdb02d-8de7-4a35-a18b-e28425f0d862
2026-05-19 16:11:00.369 INFO  o.c.CraneClientConnectedListener - <tcpsvr><info> CraneClientConnectedEvent detected
2026-05-19 16:11:00.440 WARN  o.c.ApplicationReadyListener - <tcpsvr><info> Message Flow Automation Debug is ENABLED
2026-05-19 16:11:00.470 INFO  o.c.controller.TcpMessageController - <tcpclient><send> LVS1UST1DA760019052026161100????????01???????001
2026-05-19 16:11:00.490 INFO  o.c.CraneClientConnectedListener - <tcpclient><send> DAYSTART message sent to Crane server
2026-05-19 16:11:00.533 INFO  o.c.TcpServerConfig$$SpringCGLIB$$0 - <tcpserver><recv> LVS1UST1DA760019052026161100????????01???????001
2026-05-19 16:11:00.659 WARN  o.c.m.IncomingMessageProcessor - MessageProcessor::handleError->StatusCode.STATUSUNKNOWN
2026-05-19 16:11:00.666 INFO  o.c.m.IncomingMessageProcessor - SENDER LVS1 | RECEIVER UST1 | MESSAGETYPE DAYSTART | ORDINAL 76 | ERRORCODE OK | SOURCE 19052026 | TARGET 161100 | REPORTPOINT RPUNKNOWN | LETYPE LEUNKNOWN | STATUSCODE AUTOMATIONENABLED | USERDATA null | RAWMESSAGE LVS1UST1DA760019052026161100????????01???????001
2026-05-19 16:11:03.707 INFO  o.c.controller.TcpMessageController - <tcpclient><send> UST1LVS111770019052026161100????????01???????001
2026-05-19 16:11:03.710 INFO  o.c.TcpClientConfig$$SpringCGLIB$$0 - <tcpclient><recv> LVS1UST1DA760019052026161100????????01???????001
2026-05-19 16:11:03.712 INFO  o.c.TcpServerConfig$$SpringCGLIB$$0 - <tcpserver><recv> UST1LVS111770019052026161100????????01???????001
2026-05-19 16:11:03.715 WARN  o.c.m.IncomingMessageProcessor - MessageProcessor::handleError->StatusCode.STATUSUNKNOWN
2026-05-19 16:11:03.716 INFO  o.c.m.IncomingMessageProcessor - SENDER UST1 | RECEIVER LVS1 | MESSAGETYPE DAYSTART | ORDINAL 77 | ERRORCODE OK | SOURCE 19052026 | TARGET 161103 | REPORTPOINT RPUNKNOWN | LETYPE LEUNKNOWN | STATUSCODE AUTOMATIONENABLED | USERDATA null | RAWMESSAGE UST1LVS111770019052026161100????????01???????001
2026-05-19 16:11:03.718 INFO  o.c.TcpClientConfig$$SpringCGLIB$$0 - <tcpclient><recv> LVS1UST1AA770019052026161100????????01???????001
2026-05-19 16:13:13.789 INFO  o.c.ApplicationCloseListener - <tcpserver><info> ApplicationContextClosedEvent detected
2026-05-19 16:13:13.792 INFO  org.code_studio.BarcodeConfig - <tcpserver><info> Barcode communication - COM port closed: COM3
2026-05-19 16:13:13.793 INFO  o.c.ApplicationCloseListener - <tcpserver><info> Waiting for 3000 msec to receive DAYEND confirmation from CRANE, and then close the TCP connection.
2026-05-19 16:13:16.808 INFO  o.c.TcpServerConfig$$SpringCGLIB$$0 - <tcpclient><info> Connection closed: 127.0.0.1:18196:50841:f6b0355a-b847-4a13-bcd7-e04f142bdbae
2026-05-19 16:13:16.811 INFO  o.c.TcpServerConfig$$SpringCGLIB$$0 - <tcpserver><info> Connection closed: 127.0.0.1:50841:18196:93fdb02d-8de7-4a35-a18b-e28425f0d862
2026-05-19 16:13:33.639 INFO  o.code_studio.ComPortSchedulerTask - <tcpserver><info> Trying to open COM port for Barcode communication
2026-05-19 16:13:33.809 INFO  o.c.WebSocketServerConfig$$SpringCGLIB$$0 - <wsserver><info> Created WS channel: /app/topic
2026-05-19 16:13:33.981 INFO  o.c.TcpServerConfig$$SpringCGLIB$$0 - <tcpserver><info> TCP server started on port: 18196
2026-05-19 16:13:33.991 INFO  o.c.TcpClientConfig$$SpringCGLIB$$0 - <tcpclient><info> TCP client has been created for server: localhost:18196
2026-05-19 16:13:34.089 INFO  o.c.WebSocketServerConfig$$SpringCGLIB$$0 - <wsserver><info> Created WS server on endpoint: /ws
2026-05-19 16:13:35.007 INFO  o.code_studio.ComPortSchedulerTask - <tcpserver><info> Barcode communication enabled. COM port open: COM3
2026-05-19 16:13:35.528 INFO  o.c.TcpServerConfig$$SpringCGLIB$$0 - <tcpserver><info> Connection established: 127.0.0.1:50891:18196:6150639e-3808-46e6-8464-cdf893c3b653
2026-05-19 16:13:35.528 INFO  o.c.TcpServerConfig$$SpringCGLIB$$0 - <tcpclient><info> Connection established: 127.0.0.1:18196:50891:00e51efc-de42-4fb6-a0b4-51dc49deab8c
2026-05-19 16:13:35.532 INFO  o.c.CraneClientConnectedListener - <tcpsvr><info> CraneClientConnectedEvent detected
2026-05-19 16:13:35.581 WARN  o.c.ApplicationReadyListener - <tcpsvr><info> Message Flow Automation Debug is ENABLED
2026-05-19 16:13:35.591 INFO  o.c.controller.TcpMessageController - <tcpclient><send> LVS1UST1DA780019052026161335????????01???????001
2026-05-19 16:13:35.605 INFO  o.c.CraneClientConnectedListener - <tcpclient><send> DAYSTART message sent to Crane server
2026-05-19 16:13:35.629 INFO  o.c.TcpServerConfig$$SpringCGLIB$$0 - <tcpserver><recv> LVS1UST1DA780019052026161335????????01???????001
2026-05-19 16:13:35.652 WARN  o.c.m.IncomingMessageProcessor - MessageProcessor::handleError->StatusCode.STATUSUNKNOWN
2026-05-19 16:13:35.665 INFO  o.c.m.IncomingMessageProcessor - SENDER LVS1 | RECEIVER UST1 | MESSAGETYPE DAYSTART | ORDINAL 78 | ERRORCODE OK | SOURCE 19052026 | TARGET 161335 | REPORTPOINT RPUNKNOWN | LETYPE LEUNKNOWN | STATUSCODE AUTOMATIONENABLED | USERDATA null | RAWMESSAGE LVS1UST1DA780019052026161335????????01???????001
2026-05-19 16:13:38.689 INFO  o.c.controller.TcpMessageController - <tcpclient><send> UST1LVS111790019052026161335????????01???????001
2026-05-19 16:13:38.692 INFO  o.c.TcpClientConfig$$SpringCGLIB$$0 - <tcpclient><recv> LVS1UST1DA780019052026161335????????01???????001
2026-05-19 16:13:38.693 INFO  o.c.TcpServerConfig$$SpringCGLIB$$0 - <tcpserver><recv> UST1LVS111790019052026161335????????01???????001
2026-05-19 16:13:38.698 WARN  o.c.m.IncomingMessageProcessor - MessageProcessor::handleError->StatusCode.STATUSUNKNOWN
2026-05-19 16:13:38.699 INFO  o.c.m.IncomingMessageProcessor - SENDER UST1 | RECEIVER LVS1 | MESSAGETYPE DAYSTART | ORDINAL 79 | ERRORCODE OK | SOURCE 19052026 | TARGET 161338 | REPORTPOINT RPUNKNOWN | LETYPE LEUNKNOWN | STATUSCODE AUTOMATIONENABLED | USERDATA null | RAWMESSAGE UST1LVS111790019052026161335????????01???????001
2026-05-19 16:13:38.700 INFO  o.c.TcpClientConfig$$SpringCGLIB$$0 - <tcpclient><recv> LVS1UST1AA790019052026161335????????01???????001
2026-05-19 18:10:24.646 INFO  o.c.ApplicationCloseListener - <tcpserver><info> ApplicationContextClosedEvent detected
2026-05-19 18:10:24.684 INFO  org.code_studio.BarcodeConfig - <tcpserver><info> Barcode communication - COM port closed: COM3
2026-05-19 18:10:24.687 INFO  o.c.ApplicationCloseListener - <tcpserver><info> Waiting for 3000 msec to receive DAYEND confirmation from CRANE, and then close the TCP connection.
2026-05-19 18:10:27.860 INFO  o.c.TcpServerConfig$$SpringCGLIB$$0 - <tcpclient><info> Connection closed: 127.0.0.1:18196:50891:00e51efc-de42-4fb6-a0b4-51dc49deab8c
2026-05-19 18:10:27.894 INFO  o.c.TcpServerConfig$$SpringCGLIB$$0 - <tcpserver><info> Connection closed: 127.0.0.1:50891:18196:6150639e-3808-46e6-8464-cdf893c3b653
2026-05-19 18:10:40.259 INFO  o.code_studio.ComPortSchedulerTask - <tcpserver><info> Trying to open COM port for Barcode communication
2026-05-19 18:10:40.461 INFO  o.c.WebSocketServerConfig$$SpringCGLIB$$0 - <wsserver><info> Created WS channel: /app/topic
2026-05-19 18:10:40.725 INFO  o.c.TcpServerConfig$$SpringCGLIB$$0 - <tcpserver><info> TCP server started on port: 18196
2026-05-19 18:10:40.736 INFO  o.c.TcpClientConfig$$SpringCGLIB$$0 - <tcpclient><info> TCP client has been created for server: localhost:18196
2026-05-19 18:10:40.862 INFO  o.c.WebSocketServerConfig$$SpringCGLIB$$0 - <wsserver><info> Created WS server on endpoint: /ws
2026-05-19 18:10:41.067 INFO  o.code_studio.ComPortSchedulerTask - <tcpserver><info> Barcode communication enabled. COM port open: COM3
2026-05-19 18:10:42.353 INFO  o.c.TcpServerConfig$$SpringCGLIB$$0 - <tcpclient><info> Connection established: 127.0.0.1:18196:51960:4ef50be8-97d4-4317-b7a0-cb224aa867ad
2026-05-19 18:10:42.353 INFO  o.c.TcpServerConfig$$SpringCGLIB$$0 - <tcpserver><info> Connection established: 127.0.0.1:51960:18196:fbec1d7e-2403-40d1-ac38-59c9da2a3eec
2026-05-19 18:10:42.357 INFO  o.c.CraneClientConnectedListener - <tcpsvr><info> CraneClientConnectedEvent detected
2026-05-19 18:10:42.408 WARN  o.c.ApplicationReadyListener - <tcpsvr><info> Message Flow Automation Debug is ENABLED
2026-05-19 18:10:42.409 INFO  o.c.controller.TcpMessageController - <tcpclient><send> LVS1UST1DA800019052026181042????????01???????001
2026-05-19 18:10:42.424 INFO  o.c.CraneClientConnectedListener - <tcpclient><send> DAYSTART message sent to Crane server
2026-05-19 18:10:42.448 INFO  o.c.TcpServerConfig$$SpringCGLIB$$0 - <tcpserver><recv> LVS1UST1DA800019052026181042????????01???????001
2026-05-19 18:10:42.479 WARN  o.c.m.IncomingMessageProcessor - MessageProcessor::handleError->StatusCode.STATUSUNKNOWN
2026-05-19 18:10:42.484 INFO  o.c.m.IncomingMessageProcessor - SENDER LVS1 | RECEIVER UST1 | MESSAGETYPE DAYSTART | ORDINAL 80 | ERRORCODE OK | SOURCE 19052026 | TARGET 181042 | REPORTPOINT RPUNKNOWN | LETYPE LEUNKNOWN | STATUSCODE AUTOMATIONENABLED | USERDATA null | RAWMESSAGE LVS1UST1DA800019052026181042????????01???????001
2026-05-19 18:10:45.505 INFO  o.c.controller.TcpMessageController - <tcpclient><send> UST1LVS111810019052026181042????????01???????001
2026-05-19 18:10:45.510 INFO  o.c.TcpClientConfig$$SpringCGLIB$$0 - <tcpclient><recv> LVS1UST1DA800019052026181042????????01???????001
2026-05-19 18:10:45.514 INFO  o.c.TcpServerConfig$$SpringCGLIB$$0 - <tcpserver><recv> UST1LVS111810019052026181042????????01???????001
2026-05-19 18:10:45.518 WARN  o.c.m.IncomingMessageProcessor - MessageProcessor::handleError->StatusCode.STATUSUNKNOWN
2026-05-19 18:10:45.518 INFO  o.c.m.IncomingMessageProcessor - SENDER UST1 | RECEIVER LVS1 | MESSAGETYPE DAYSTART | ORDINAL 81 | ERRORCODE OK | SOURCE 19052026 | TARGET 181045 | REPORTPOINT RPUNKNOWN | LETYPE LEUNKNOWN | STATUSCODE AUTOMATIONENABLED | USERDATA null | RAWMESSAGE UST1LVS111810019052026181042????????01???????001
2026-05-19 18:10:45.519 INFO  o.c.TcpClientConfig$$SpringCGLIB$$0 - <tcpclient><recv> LVS1UST1AA810019052026181042????????01???????001
2026-05-19 18:21:10.869 INFO  o.c.ApplicationCloseListener - <tcpserver><info> ApplicationContextClosedEvent detected
2026-05-19 18:21:10.896 INFO  org.code_studio.BarcodeConfig - <tcpserver><info> Barcode communication - COM port closed: COM3
2026-05-19 18:21:10.897 INFO  o.c.ApplicationCloseListener - <tcpserver><info> Waiting for 3000 msec to receive DAYEND confirmation from CRANE, and then close the TCP connection.
2026-05-19 18:21:13.998 INFO  o.c.TcpServerConfig$$SpringCGLIB$$0 - <tcpclient><info> Connection closed: 127.0.0.1:18196:51960:4ef50be8-97d4-4317-b7a0-cb224aa867ad
2026-05-19 18:21:14.052 INFO  o.c.TcpServerConfig$$SpringCGLIB$$0 - <tcpserver><info> Connection closed: 127.0.0.1:51960:18196:fbec1d7e-2403-40d1-ac38-59c9da2a3eec
2026-05-19 18:21:33.250 INFO  o.code_studio.ComPortSchedulerTask - <tcpserver><info> Trying to open COM port for Barcode communication
2026-05-19 18:21:33.482 INFO  o.c.WebSocketServerConfig$$SpringCGLIB$$0 - <wsserver><info> Created WS channel: /app/topic
2026-05-19 18:21:33.727 INFO  o.c.TcpServerConfig$$SpringCGLIB$$0 - <tcpserver><info> TCP server started on port: 18196
2026-05-19 18:21:33.737 INFO  o.c.TcpClientConfig$$SpringCGLIB$$0 - <tcpclient><info> TCP client has been created for server: localhost:18196
2026-05-19 18:21:33.851 INFO  o.c.WebSocketServerConfig$$SpringCGLIB$$0 - <wsserver><info> Created WS server on endpoint: /ws
2026-05-19 18:21:35.042 INFO  o.code_studio.ComPortSchedulerTask - <tcpserver><info> Barcode communication enabled. COM port open: COM3
2026-05-19 18:21:35.180 INFO  o.c.TcpServerConfig$$SpringCGLIB$$0 - <tcpclient><info> Connection established: 127.0.0.1:18196:52124:bdea5998-e1e3-4ac7-b845-b23df3b335f4
2026-05-19 18:21:35.180 INFO  o.c.TcpServerConfig$$SpringCGLIB$$0 - <tcpserver><info> Connection established: 127.0.0.1:52124:18196:305c0e1e-7b17-4366-abca-d15d3a00b1f4
2026-05-19 18:21:35.188 INFO  o.c.CraneClientConnectedListener - <tcpsvr><info> CraneClientConnectedEvent detected
2026-05-19 18:21:35.237 WARN  o.c.ApplicationReadyListener - <tcpsvr><info> Message Flow Automation Debug is ENABLED
2026-05-19 18:21:35.283 INFO  o.c.controller.TcpMessageController - <tcpclient><send> LVS1UST1DA820019052026182135????????01???????001
2026-05-19 18:21:35.297 INFO  o.c.CraneClientConnectedListener - <tcpclient><send> DAYSTART message sent to Crane server
2026-05-19 18:21:35.329 INFO  o.c.TcpServerConfig$$SpringCGLIB$$0 - <tcpserver><recv> LVS1UST1DA820019052026182135????????01???????001
2026-05-19 18:21:35.355 WARN  o.c.m.IncomingMessageProcessor - MessageProcessor::handleError->StatusCode.STATUSUNKNOWN
2026-05-19 18:21:35.361 INFO  o.c.m.IncomingMessageProcessor - SENDER LVS1 | RECEIVER UST1 | MESSAGETYPE DAYSTART | ORDINAL 82 | ERRORCODE OK | SOURCE 19052026 | TARGET 182135 | REPORTPOINT RPUNKNOWN | LETYPE LEUNKNOWN | STATUSCODE AUTOMATIONENABLED | USERDATA null | RAWMESSAGE LVS1UST1DA820019052026182135????????01???????001
2026-05-19 18:21:38.383 INFO  o.c.controller.TcpMessageController - <tcpclient><send> UST1LVS111830019052026182135????????01???????001
2026-05-19 18:21:38.387 INFO  o.c.TcpClientConfig$$SpringCGLIB$$0 - <tcpclient><recv> LVS1UST1DA820019052026182135????????01???????001
2026-05-19 18:21:38.388 INFO  o.c.TcpServerConfig$$SpringCGLIB$$0 - <tcpserver><recv> UST1LVS111830019052026182135????????01???????001
2026-05-19 18:21:38.389 WARN  o.c.m.IncomingMessageProcessor - MessageProcessor::handleError->StatusCode.STATUSUNKNOWN
2026-05-19 18:21:38.389 INFO  o.c.m.IncomingMessageProcessor - SENDER UST1 | RECEIVER LVS1 | MESSAGETYPE DAYSTART | ORDINAL 83 | ERRORCODE OK | SOURCE 19052026 | TARGET 182138 | REPORTPOINT RPUNKNOWN | LETYPE LEUNKNOWN | STATUSCODE AUTOMATIONENABLED | USERDATA null | RAWMESSAGE UST1LVS111830019052026182135????????01???????001
2026-05-19 18:21:38.391 INFO  o.c.TcpClientConfig$$SpringCGLIB$$0 - <tcpclient><recv> LVS1UST1AA830019052026182135????????01???????001
2026-05-19 18:24:06.005 INFO  o.c.ApplicationCloseListener - <tcpserver><info> ApplicationContextClosedEvent detected
2026-05-19 18:24:06.007 INFO  org.code_studio.BarcodeConfig - <tcpserver><info> Barcode communication - COM port closed: COM3
2026-05-19 18:24:06.008 INFO  o.c.ApplicationCloseListener - <tcpserver><info> Waiting for 3000 msec to receive DAYEND confirmation from CRANE, and then close the TCP connection.
2026-05-19 18:24:09.020 INFO  o.c.TcpServerConfig$$SpringCGLIB$$0 - <tcpclient><info> Connection closed: 127.0.0.1:18196:52124:bdea5998-e1e3-4ac7-b845-b23df3b335f4
2026-05-19 18:24:09.030 INFO  o.c.TcpServerConfig$$SpringCGLIB$$0 - <tcpserver><info> Connection closed: 127.0.0.1:52124:18196:305c0e1e-7b17-4366-abca-d15d3a00b1f4
2026-05-19 18:24:19.975 INFO  o.code_studio.ComPortSchedulerTask - <tcpserver><info> Trying to open COM port for Barcode communication
2026-05-19 18:24:20.147 INFO  o.c.WebSocketServerConfig$$SpringCGLIB$$0 - <wsserver><info> Created WS channel: /app/topic
2026-05-19 18:24:20.332 INFO  o.c.TcpServerConfig$$SpringCGLIB$$0 - <tcpserver><info> TCP server started on port: 18196
2026-05-19 18:24:20.347 INFO  o.c.TcpClientConfig$$SpringCGLIB$$0 - <tcpclient><info> TCP client has been created for server: localhost:18196
2026-05-19 18:24:20.440 INFO  o.c.WebSocketServerConfig$$SpringCGLIB$$0 - <wsserver><info> Created WS server on endpoint: /ws
2026-05-19 18:24:21.400 INFO  o.c.TcpServerConfig$$SpringCGLIB$$0 - <tcpserver><info> Connection established: 127.0.0.1:52182:18196:3016538b-533c-4595-81ab-feabcf03695a
2026-05-19 18:24:21.400 INFO  o.c.TcpServerConfig$$SpringCGLIB$$0 - <tcpclient><info> Connection established: 127.0.0.1:18196:52182:8c504081-51b5-43fb-a121-9c11aa7f5993
2026-05-19 18:24:21.401 INFO  o.c.CraneClientConnectedListener - <tcpsvr><info> CraneClientConnectedEvent detected
2026-05-19 18:24:21.450 WARN  o.c.ApplicationReadyListener - <tcpsvr><info> Message Flow Automation Debug is ENABLED
2026-05-19 18:24:21.464 INFO  o.c.controller.TcpMessageController - <tcpclient><send> LVS1UST1DA840019052026182421????????01???????001
2026-05-19 18:24:21.479 INFO  o.c.CraneClientConnectedListener - <tcpclient><send> DAYSTART message sent to Crane server
2026-05-19 18:24:21.497 INFO  o.code_studio.ComPortSchedulerTask - <tcpserver><info> Barcode communication enabled. COM port open: COM3
2026-05-19 18:24:21.506 INFO  o.c.TcpServerConfig$$SpringCGLIB$$0 - <tcpserver><recv> LVS1UST1DA840019052026182421????????01???????001
2026-05-19 18:24:21.532 WARN  o.c.m.IncomingMessageProcessor - MessageProcessor::handleError->StatusCode.STATUSUNKNOWN
2026-05-19 18:24:21.540 INFO  o.c.m.IncomingMessageProcessor - SENDER LVS1 | RECEIVER UST1 | MESSAGETYPE DAYSTART | ORDINAL 84 | ERRORCODE OK | SOURCE 19052026 | TARGET 182421 | REPORTPOINT RPUNKNOWN | LETYPE LEUNKNOWN | STATUSCODE AUTOMATIONENABLED | USERDATA null | RAWMESSAGE LVS1UST1DA840019052026182421????????01???????001
2026-05-19 18:24:24.563 INFO  o.c.controller.TcpMessageController - <tcpclient><send> UST1LVS111850019052026182421????????01???????001
2026-05-19 18:24:24.566 INFO  o.c.TcpClientConfig$$SpringCGLIB$$0 - <tcpclient><recv> LVS1UST1DA840019052026182421????????01???????001
2026-05-19 18:24:24.566 INFO  o.c.TcpServerConfig$$SpringCGLIB$$0 - <tcpserver><recv> UST1LVS111850019052026182421????????01???????001
2026-05-19 18:24:24.568 WARN  o.c.m.IncomingMessageProcessor - MessageProcessor::handleError->StatusCode.STATUSUNKNOWN
2026-05-19 18:24:24.569 INFO  o.c.m.IncomingMessageProcessor - SENDER UST1 | RECEIVER LVS1 | MESSAGETYPE DAYSTART | ORDINAL 85 | ERRORCODE OK | SOURCE 19052026 | TARGET 182424 | REPORTPOINT RPUNKNOWN | LETYPE LEUNKNOWN | STATUSCODE AUTOMATIONENABLED | USERDATA null | RAWMESSAGE UST1LVS111850019052026182421????????01???????001
2026-05-19 18:24:24.569 INFO  o.c.TcpClientConfig$$SpringCGLIB$$0 - <tcpclient><recv> LVS1UST1AA850019052026182421????????01???????001
2026-05-19 18:25:18.861 INFO  o.c.ApplicationCloseListener - <tcpserver><info> ApplicationContextClosedEvent detected
2026-05-19 18:25:18.863 INFO  org.code_studio.BarcodeConfig - <tcpserver><info> Barcode communication - COM port closed: COM3
2026-05-19 18:25:18.863 INFO  o.c.ApplicationCloseListener - <tcpserver><info> Waiting for 3000 msec to receive DAYEND confirmation from CRANE, and then close the TCP connection.
2026-05-19 18:25:21.879 INFO  o.c.TcpServerConfig$$SpringCGLIB$$0 - <tcpclient><info> Connection closed: 127.0.0.1:18196:52182:8c504081-51b5-43fb-a121-9c11aa7f5993
2026-05-19 18:25:21.883 INFO  o.c.TcpServerConfig$$SpringCGLIB$$0 - <tcpserver><info> Connection closed: 127.0.0.1:52182:18196:3016538b-533c-4595-81ab-feabcf03695a
2026-05-19 18:39:21.601 INFO  o.code_studio.ComPortSchedulerTask - <tcpserver><info> Trying to open COM port for Barcode communication
2026-05-19 18:39:21.777 INFO  o.c.WebSocketServerConfig$$SpringCGLIB$$0 - <wsserver><info> Created WS channel: /app/topic
2026-05-19 18:39:21.965 INFO  o.c.TcpServerConfig$$SpringCGLIB$$0 - <tcpserver><info> TCP server started on port: 18196
2026-05-19 18:39:21.973 INFO  o.c.TcpClientConfig$$SpringCGLIB$$0 - <tcpclient><info> TCP client has been created for server: localhost:18196
2026-05-19 18:39:22.062 INFO  o.c.WebSocketServerConfig$$SpringCGLIB$$0 - <wsserver><info> Created WS server on endpoint: /ws
2026-05-19 18:39:22.580 INFO  o.code_studio.ComPortSchedulerTask - <tcpserver><info> Barcode communication enabled. COM port open: COM3
2026-05-19 18:39:23.509 INFO  o.c.TcpServerConfig$$SpringCGLIB$$0 - <tcpserver><info> Connection established: 127.0.0.1:52332:18196:7323028c-3c17-4bb8-86e0-633d5c178b5e
2026-05-19 18:39:23.509 INFO  o.c.TcpServerConfig$$SpringCGLIB$$0 - <tcpclient><info> Connection established: 127.0.0.1:18196:52332:3bd6dd1e-f11b-4fb9-9575-8140b034a433
2026-05-19 18:39:23.510 INFO  o.c.CraneClientConnectedListener - <tcpsvr><info> CraneClientConnectedEvent detected
2026-05-19 18:39:23.570 WARN  o.c.ApplicationReadyListener - <tcpsvr><info> Message Flow Automation Debug is ENABLED
2026-05-19 18:39:23.572 INFO  o.c.controller.TcpMessageController - <tcpclient><send> LVS1UST1DA860019052026183923????????01???????001
2026-05-19 18:39:23.588 INFO  o.c.CraneClientConnectedListener - <tcpclient><send> DAYSTART message sent to Crane server
2026-05-19 18:39:23.613 INFO  o.c.TcpServerConfig$$SpringCGLIB$$0 - <tcpserver><recv> LVS1UST1DA860019052026183923????????01???????001
2026-05-19 18:39:23.640 WARN  o.c.m.IncomingMessageProcessor - MessageProcessor::handleError->StatusCode.STATUSUNKNOWN
2026-05-19 18:39:23.647 INFO  o.c.m.IncomingMessageProcessor - SENDER LVS1 | RECEIVER UST1 | MESSAGETYPE DAYSTART | ORDINAL 86 | ERRORCODE OK | SOURCE 19052026 | TARGET 183923 | REPORTPOINT RPUNKNOWN | LETYPE LEUNKNOWN | STATUSCODE AUTOMATIONENABLED | USERDATA null | RAWMESSAGE LVS1UST1DA860019052026183923????????01???????001
2026-05-19 18:39:26.669 INFO  o.c.controller.TcpMessageController - <tcpclient><send> UST1LVS111870019052026183923????????01???????001
2026-05-19 18:39:26.674 INFO  o.c.TcpClientConfig$$SpringCGLIB$$0 - <tcpclient><recv> LVS1UST1DA860019052026183923????????01???????001
2026-05-19 18:39:26.676 INFO  o.c.TcpServerConfig$$SpringCGLIB$$0 - <tcpserver><recv> UST1LVS111870019052026183923????????01???????001
2026-05-19 18:39:26.681 WARN  o.c.m.IncomingMessageProcessor - MessageProcessor::handleError->StatusCode.STATUSUNKNOWN
2026-05-19 18:39:26.681 INFO  o.c.m.IncomingMessageProcessor - SENDER UST1 | RECEIVER LVS1 | MESSAGETYPE DAYSTART | ORDINAL 87 | ERRORCODE OK | SOURCE 19052026 | TARGET 183926 | REPORTPOINT RPUNKNOWN | LETYPE LEUNKNOWN | STATUSCODE AUTOMATIONENABLED | USERDATA null | RAWMESSAGE UST1LVS111870019052026183923????????01???????001
2026-05-19 18:39:26.683 INFO  o.c.TcpClientConfig$$SpringCGLIB$$0 - <tcpclient><recv> LVS1UST1AA870019052026183923????????01???????001
2026-05-19 18:40:32.831 INFO  o.c.ApplicationCloseListener - <tcpserver><info> ApplicationContextClosedEvent detected
2026-05-19 18:40:32.833 INFO  org.code_studio.BarcodeConfig - <tcpserver><info> Barcode communication - COM port closed: COM3
2026-05-19 18:40:32.833 INFO  o.c.ApplicationCloseListener - <tcpserver><info> Waiting for 3000 msec to receive DAYEND confirmation from CRANE, and then close the TCP connection.
2026-05-19 18:40:35.844 INFO  o.c.TcpServerConfig$$SpringCGLIB$$0 - <tcpclient><info> Connection closed: 127.0.0.1:18196:52332:3bd6dd1e-f11b-4fb9-9575-8140b034a433
2026-05-19 18:40:35.849 INFO  o.c.TcpServerConfig$$SpringCGLIB$$0 - <tcpserver><info> Connection closed: 127.0.0.1:52332:18196:7323028c-3c17-4bb8-86e0-633d5c178b5e
2026-05-19 18:42:05.225 INFO  o.code_studio.ComPortSchedulerTask - <tcpserver><info> Trying to open COM port for Barcode communication
2026-05-19 18:42:05.380 INFO  o.c.WebSocketServerConfig$$SpringCGLIB$$0 - <wsserver><info> Created WS channel: /app/topic
2026-05-19 18:42:05.580 INFO  o.c.TcpServerConfig$$SpringCGLIB$$0 - <tcpserver><info> TCP server started on port: 18196
2026-05-19 18:42:05.588 INFO  o.c.TcpClientConfig$$SpringCGLIB$$0 - <tcpclient><info> TCP client has been created for server: localhost:18196
2026-05-19 18:42:05.680 INFO  o.c.WebSocketServerConfig$$SpringCGLIB$$0 - <wsserver><info> Created WS server on endpoint: /ws
2026-05-19 18:42:06.584 INFO  o.code_studio.ComPortSchedulerTask - <tcpserver><info> Barcode communication enabled. COM port open: COM3
2026-05-19 18:42:06.806 INFO  o.c.TcpServerConfig$$SpringCGLIB$$0 - <tcpserver><info> Connection established: 127.0.0.1:52400:18196:fd66305b-4ff9-447c-a235-a72487daca3a
2026-05-19 18:42:06.808 INFO  o.c.CraneClientConnectedListener - <tcpsvr><info> CraneClientConnectedEvent detected
2026-05-19 18:42:06.810 INFO  o.c.TcpServerConfig$$SpringCGLIB$$0 - <tcpclient><info> Connection established: 127.0.0.1:18196:52400:5634beba-a3d1-46f5-a4f8-ebdca591274c
2026-05-19 18:42:06.864 WARN  o.c.ApplicationReadyListener - <tcpsvr><info> Message Flow Automation Debug is ENABLED
2026-05-19 18:42:06.876 INFO  o.c.controller.TcpMessageController - <tcpclient><send> LVS1UST1DA880019052026184206????????01???????001
2026-05-19 18:42:06.888 INFO  o.c.CraneClientConnectedListener - <tcpclient><send> DAYSTART message sent to Crane server
2026-05-19 18:42:06.913 INFO  o.c.TcpServerConfig$$SpringCGLIB$$0 - <tcpserver><recv> LVS1UST1DA880019052026184206????????01???????001
2026-05-19 18:42:06.939 WARN  o.c.m.IncomingMessageProcessor - MessageProcessor::handleError->StatusCode.STATUSUNKNOWN
2026-05-19 18:42:06.943 INFO  o.c.m.IncomingMessageProcessor - SENDER LVS1 | RECEIVER UST1 | MESSAGETYPE DAYSTART | ORDINAL 88 | ERRORCODE OK | SOURCE 19052026 | TARGET 184206 | REPORTPOINT RPUNKNOWN | LETYPE LEUNKNOWN | STATUSCODE AUTOMATIONENABLED | USERDATA null | RAWMESSAGE LVS1UST1DA880019052026184206????????01???????001
2026-05-19 18:42:09.966 INFO  o.c.controller.TcpMessageController - <tcpclient><send> UST1LVS111890019052026184206????????01???????001
2026-05-19 18:42:09.969 INFO  o.c.TcpClientConfig$$SpringCGLIB$$0 - <tcpclient><recv> LVS1UST1DA880019052026184206????????01???????001
2026-05-19 18:42:09.972 INFO  o.c.TcpServerConfig$$SpringCGLIB$$0 - <tcpserver><recv> UST1LVS111890019052026184206????????01???????001
2026-05-19 18:42:09.978 WARN  o.c.m.IncomingMessageProcessor - MessageProcessor::handleError->StatusCode.STATUSUNKNOWN
2026-05-19 18:42:09.979 INFO  o.c.m.IncomingMessageProcessor - SENDER UST1 | RECEIVER LVS1 | MESSAGETYPE DAYSTART | ORDINAL 89 | ERRORCODE OK | SOURCE 19052026 | TARGET 184209 | REPORTPOINT RPUNKNOWN | LETYPE LEUNKNOWN | STATUSCODE AUTOMATIONENABLED | USERDATA null | RAWMESSAGE UST1LVS111890019052026184206????????01???????001
2026-05-19 18:42:09.980 INFO  o.c.TcpClientConfig$$SpringCGLIB$$0 - <tcpclient><recv> LVS1UST1AA890019052026184206????????01???????001
2026-05-19 18:44:35.409 INFO  o.c.ApplicationCloseListener - <tcpserver><info> ApplicationContextClosedEvent detected
2026-05-19 18:44:35.411 INFO  org.code_studio.BarcodeConfig - <tcpserver><info> Barcode communication - COM port closed: COM3
2026-05-19 18:44:35.411 INFO  o.c.ApplicationCloseListener - <tcpserver><info> Waiting for 3000 msec to receive DAYEND confirmation from CRANE, and then close the TCP connection.
2026-05-19 18:44:38.424 INFO  o.c.TcpServerConfig$$SpringCGLIB$$0 - <tcpclient><info> Connection closed: 127.0.0.1:18196:52400:5634beba-a3d1-46f5-a4f8-ebdca591274c
2026-05-19 18:44:38.429 INFO  o.c.TcpServerConfig$$SpringCGLIB$$0 - <tcpserver><info> Connection closed: 127.0.0.1:52400:18196:fd66305b-4ff9-447c-a235-a72487daca3a
2026-05-19 18:44:46.625 INFO  o.code_studio.ComPortSchedulerTask - <tcpserver><info> Trying to open COM port for Barcode communication
2026-05-19 18:44:46.832 INFO  o.c.WebSocketServerConfig$$SpringCGLIB$$0 - <wsserver><info> Created WS channel: /app/topic
2026-05-19 18:44:47.053 INFO  o.c.TcpServerConfig$$SpringCGLIB$$0 - <tcpserver><info> TCP server started on port: 18196
2026-05-19 18:44:47.064 INFO  o.c.TcpClientConfig$$SpringCGLIB$$0 - <tcpclient><info> TCP client has been created for server: localhost:18196
2026-05-19 18:44:47.184 INFO  o.c.WebSocketServerConfig$$SpringCGLIB$$0 - <wsserver><info> Created WS server on endpoint: /ws
2026-05-19 18:44:47.762 INFO  o.code_studio.ComPortSchedulerTask - <tcpserver><info> Barcode communication enabled. COM port open: COM3
2026-05-19 18:44:48.458 INFO  o.c.TcpServerConfig$$SpringCGLIB$$0 - <tcpserver><info> Connection established: 127.0.0.1:52455:18196:88cdb5cf-e584-448c-9d15-9125a00b2ef0
2026-05-19 18:44:48.485 INFO  o.c.CraneClientConnectedListener - <tcpsvr><info> CraneClientConnectedEvent detected
2026-05-19 18:44:48.509 INFO  o.c.TcpServerConfig$$SpringCGLIB$$0 - <tcpclient><info> Connection established: 127.0.0.1:18196:52455:3cd998d8-10e1-4f62-b0b3-d05982d31472
2026-05-19 18:44:48.548 WARN  o.c.ApplicationReadyListener - <tcpsvr><info> Message Flow Automation Debug is ENABLED
2026-05-19 18:44:48.680 INFO  o.c.controller.TcpMessageController - <tcpclient><send> LVS1UST1DA900019052026184448????????01???????001
2026-05-19 18:44:48.698 INFO  o.c.CraneClientConnectedListener - <tcpclient><send> DAYSTART message sent to Crane server
2026-05-19 18:44:48.724 INFO  o.c.TcpServerConfig$$SpringCGLIB$$0 - <tcpserver><recv> LVS1UST1DA900019052026184448????????01???????001
2026-05-19 18:44:48.763 WARN  o.c.m.IncomingMessageProcessor - MessageProcessor::handleError->StatusCode.STATUSUNKNOWN
2026-05-19 18:44:48.767 INFO  o.c.m.IncomingMessageProcessor - SENDER LVS1 | RECEIVER UST1 | MESSAGETYPE DAYSTART | ORDINAL 90 | ERRORCODE OK | SOURCE 19052026 | TARGET 184448 | REPORTPOINT RPUNKNOWN | LETYPE LEUNKNOWN | STATUSCODE AUTOMATIONENABLED | USERDATA null | RAWMESSAGE LVS1UST1DA900019052026184448????????01???????001
2026-05-19 18:44:51.800 INFO  o.c.controller.TcpMessageController - <tcpclient><send> UST1LVS111910019052026184448????????01???????001
2026-05-19 18:44:51.804 INFO  o.c.TcpClientConfig$$SpringCGLIB$$0 - <tcpclient><recv> LVS1UST1DA900019052026184448????????01???????001
2026-05-19 18:44:51.805 INFO  o.c.TcpServerConfig$$SpringCGLIB$$0 - <tcpserver><recv> UST1LVS111910019052026184448????????01???????001
2026-05-19 18:44:51.807 WARN  o.c.m.IncomingMessageProcessor - MessageProcessor::handleError->StatusCode.STATUSUNKNOWN
2026-05-19 18:44:51.807 INFO  o.c.m.IncomingMessageProcessor - SENDER UST1 | RECEIVER LVS1 | MESSAGETYPE DAYSTART | ORDINAL 91 | ERRORCODE OK | SOURCE 19052026 | TARGET 184451 | REPORTPOINT RPUNKNOWN | LETYPE LEUNKNOWN | STATUSCODE AUTOMATIONENABLED | USERDATA null | RAWMESSAGE UST1LVS111910019052026184448????????01???????001
2026-05-19 18:44:51.809 INFO  o.c.TcpClientConfig$$SpringCGLIB$$0 - <tcpclient><recv> LVS1UST1AA910019052026184448????????01???????001
2026-05-19 18:48:04.265 INFO  o.c.ApplicationCloseListener - <tcpserver><info> ApplicationContextClosedEvent detected
2026-05-19 18:48:04.266 INFO  org.code_studio.BarcodeConfig - <tcpserver><info> Barcode communication - COM port closed: COM3
2026-05-19 18:48:04.266 INFO  o.c.ApplicationCloseListener - <tcpserver><info> Waiting for 3000 msec to receive DAYEND confirmation from CRANE, and then close the TCP connection.
2026-05-19 18:48:07.280 INFO  o.c.TcpServerConfig$$SpringCGLIB$$0 - <tcpclient><info> Connection closed: 127.0.0.1:18196:52455:3cd998d8-10e1-4f62-b0b3-d05982d31472
2026-05-19 18:48:07.285 INFO  o.c.TcpServerConfig$$SpringCGLIB$$0 - <tcpserver><info> Connection closed: 127.0.0.1:52455:18196:88cdb5cf-e584-448c-9d15-9125a00b2ef0
2026-05-19 18:48:17.148 INFO  o.code_studio.ComPortSchedulerTask - <tcpserver><info> Trying to open COM port for Barcode communication
2026-05-19 18:48:17.298 INFO  o.c.WebSocketServerConfig$$SpringCGLIB$$0 - <wsserver><info> Created WS channel: /app/topic
2026-05-19 18:48:17.510 INFO  o.c.TcpServerConfig$$SpringCGLIB$$0 - <tcpserver><info> TCP server started on port: 18196
2026-05-19 18:48:17.521 INFO  o.c.TcpClientConfig$$SpringCGLIB$$0 - <tcpclient><info> TCP client has been created for server: localhost:18196
2026-05-19 18:48:17.624 INFO  o.code_studio.ComPortSchedulerTask - <tcpserver><info> Barcode communication enabled. COM port open: COM3
2026-05-19 18:48:17.626 INFO  o.c.WebSocketServerConfig$$SpringCGLIB$$0 - <wsserver><info> Created WS server on endpoint: /ws
2026-05-19 18:48:18.967 INFO  o.c.TcpServerConfig$$SpringCGLIB$$0 - <tcpserver><info> Connection established: 127.0.0.1:52511:18196:c42573cd-f2a2-4e12-8f6f-855758938391
2026-05-19 18:48:18.968 INFO  o.c.CraneClientConnectedListener - <tcpsvr><info> CraneClientConnectedEvent detected
2026-05-19 18:48:18.975 INFO  o.c.TcpServerConfig$$SpringCGLIB$$0 - <tcpclient><info> Connection established: 127.0.0.1:18196:52511:03f9a3c9-eb78-4184-ad2c-7ec00e3afc94
2026-05-19 18:48:19.037 WARN  o.c.ApplicationReadyListener - <tcpsvr><info> Message Flow Automation Debug is ENABLED
2026-05-19 18:48:19.075 INFO  o.c.controller.TcpMessageController - <tcpclient><send> LVS1UST1DA920019052026184819????????01???????001
2026-05-19 18:48:19.087 INFO  o.c.CraneClientConnectedListener - <tcpclient><send> DAYSTART message sent to Crane server
2026-05-19 18:48:19.110 INFO  o.c.TcpServerConfig$$SpringCGLIB$$0 - <tcpserver><recv> LVS1UST1DA920019052026184819????????01???????001
2026-05-19 18:48:19.132 WARN  o.c.m.IncomingMessageProcessor - MessageProcessor::handleError->StatusCode.STATUSUNKNOWN
2026-05-19 18:48:19.137 INFO  o.c.m.IncomingMessageProcessor - SENDER LVS1 | RECEIVER UST1 | MESSAGETYPE DAYSTART | ORDINAL 92 | ERRORCODE OK | SOURCE 19052026 | TARGET 184819 | REPORTPOINT RPUNKNOWN | LETYPE LEUNKNOWN | STATUSCODE AUTOMATIONENABLED | USERDATA null | RAWMESSAGE LVS1UST1DA920019052026184819????????01???????001
2026-05-19 18:48:22.160 INFO  o.c.controller.TcpMessageController - <tcpclient><send> UST1LVS111930019052026184819????????01???????001
2026-05-19 18:48:22.162 INFO  o.c.TcpClientConfig$$SpringCGLIB$$0 - <tcpclient><recv> LVS1UST1DA920019052026184819????????01???????001
2026-05-19 18:48:22.163 INFO  o.c.TcpServerConfig$$SpringCGLIB$$0 - <tcpserver><recv> UST1LVS111930019052026184819????????01???????001
2026-05-19 18:48:22.164 WARN  o.c.m.IncomingMessageProcessor - MessageProcessor::handleError->StatusCode.STATUSUNKNOWN
2026-05-19 18:48:22.164 INFO  o.c.m.IncomingMessageProcessor - SENDER UST1 | RECEIVER LVS1 | MESSAGETYPE DAYSTART | ORDINAL 93 | ERRORCODE OK | SOURCE 19052026 | TARGET 184822 | REPORTPOINT RPUNKNOWN | LETYPE LEUNKNOWN | STATUSCODE AUTOMATIONENABLED | USERDATA null | RAWMESSAGE UST1LVS111930019052026184819????????01???????001
2026-05-19 18:48:22.165 INFO  o.c.TcpClientConfig$$SpringCGLIB$$0 - <tcpclient><recv> LVS1UST1AA930019052026184819????????01???????001
2026-05-19 18:51:13.932 INFO  o.c.ApplicationCloseListener - <tcpserver><info> ApplicationContextClosedEvent detected
2026-05-19 18:51:13.937 INFO  org.code_studio.BarcodeConfig - <tcpserver><info> Barcode communication - COM port closed: COM3
2026-05-19 18:51:13.937 INFO  o.c.ApplicationCloseListener - <tcpserver><info> Waiting for 3000 msec to receive DAYEND confirmation from CRANE, and then close the TCP connection.
2026-05-19 18:51:16.948 INFO  o.c.TcpServerConfig$$SpringCGLIB$$0 - <tcpclient><info> Connection closed: 127.0.0.1:18196:52511:03f9a3c9-eb78-4184-ad2c-7ec00e3afc94
2026-05-19 18:51:16.954 INFO  o.c.TcpServerConfig$$SpringCGLIB$$0 - <tcpserver><info> Connection closed: 127.0.0.1:52511:18196:c42573cd-f2a2-4e12-8f6f-855758938391
2026-05-19 18:51:26.909 INFO  o.code_studio.ComPortSchedulerTask - <tcpserver><info> Trying to open COM port for Barcode communication
2026-05-19 18:51:27.050 INFO  o.c.WebSocketServerConfig$$SpringCGLIB$$0 - <wsserver><info> Created WS channel: /app/topic
2026-05-19 18:51:27.330 INFO  o.c.TcpServerConfig$$SpringCGLIB$$0 - <tcpserver><info> TCP server started on port: 18196
2026-05-19 18:51:27.339 INFO  o.c.TcpClientConfig$$SpringCGLIB$$0 - <tcpclient><info> TCP client has been created for server: localhost:18196
2026-05-19 18:51:27.452 INFO  o.c.WebSocketServerConfig$$SpringCGLIB$$0 - <wsserver><info> Created WS server on endpoint: /ws
2026-05-19 18:51:28.441 INFO  o.code_studio.ComPortSchedulerTask - <tcpserver><info> Barcode communication enabled. COM port open: COM3
2026-05-19 18:51:28.641 INFO  o.c.TcpServerConfig$$SpringCGLIB$$0 - <tcpclient><info> Connection established: 127.0.0.1:18196:52581:5d64c228-8e1b-4575-b2b0-cfd689e493d8
2026-05-19 18:51:28.641 INFO  o.c.TcpServerConfig$$SpringCGLIB$$0 - <tcpserver><info> Connection established: 127.0.0.1:52581:18196:86293b5f-aa0e-4a1b-b4b0-121e20bba68c
2026-05-19 18:51:28.643 INFO  o.c.CraneClientConnectedListener - <tcpsvr><info> CraneClientConnectedEvent detected
2026-05-19 18:51:28.712 WARN  o.c.ApplicationReadyListener - <tcpsvr><info> Message Flow Automation Debug is ENABLED
2026-05-19 18:51:28.716 INFO  o.c.controller.TcpMessageController - <tcpclient><send> LVS1UST1DA940019052026185128????????01???????001
2026-05-19 18:51:28.734 INFO  o.c.CraneClientConnectedListener - <tcpclient><send> DAYSTART message sent to Crane server
2026-05-19 18:51:28.751 INFO  o.c.TcpServerConfig$$SpringCGLIB$$0 - <tcpserver><recv> LVS1UST1DA940019052026185128????????01???????001
2026-05-19 18:51:28.777 WARN  o.c.m.IncomingMessageProcessor - MessageProcessor::handleError->StatusCode.STATUSUNKNOWN
2026-05-19 18:51:28.785 INFO  o.c.m.IncomingMessageProcessor - SENDER LVS1 | RECEIVER UST1 | MESSAGETYPE DAYSTART | ORDINAL 94 | ERRORCODE OK | SOURCE 19052026 | TARGET 185128 | REPORTPOINT RPUNKNOWN | LETYPE LEUNKNOWN | STATUSCODE AUTOMATIONENABLED | USERDATA null | RAWMESSAGE LVS1UST1DA940019052026185128????????01???????001
2026-05-19 18:51:31.813 INFO  o.c.controller.TcpMessageController - <tcpclient><send> UST1LVS111950019052026185128????????01???????001
2026-05-19 18:51:31.817 INFO  o.c.TcpServerConfig$$SpringCGLIB$$0 - <tcpserver><recv> UST1LVS111950019052026185128????????01???????001
2026-05-19 18:51:31.817 INFO  o.c.TcpClientConfig$$SpringCGLIB$$0 - <tcpclient><recv> LVS1UST1DA940019052026185128????????01???????001
2026-05-19 18:51:31.818 WARN  o.c.m.IncomingMessageProcessor - MessageProcessor::handleError->StatusCode.STATUSUNKNOWN
2026-05-19 18:51:31.818 INFO  o.c.m.IncomingMessageProcessor - SENDER UST1 | RECEIVER LVS1 | MESSAGETYPE DAYSTART | ORDINAL 95 | ERRORCODE OK | SOURCE 19052026 | TARGET 185131 | REPORTPOINT RPUNKNOWN | LETYPE LEUNKNOWN | STATUSCODE AUTOMATIONENABLED | USERDATA null | RAWMESSAGE UST1LVS111950019052026185128????????01???????001
2026-05-19 18:51:31.820 INFO  o.c.TcpClientConfig$$SpringCGLIB$$0 - <tcpclient><recv> LVS1UST1AA950019052026185128????????01???????001
2026-05-19 18:53:48.601 INFO  o.c.ApplicationCloseListener - <tcpserver><info> ApplicationContextClosedEvent detected
2026-05-19 18:53:48.602 INFO  org.code_studio.BarcodeConfig - <tcpserver><info> Barcode communication - COM port closed: COM3
2026-05-19 18:53:48.603 INFO  o.c.ApplicationCloseListener - <tcpserver><info> Waiting for 3000 msec to receive DAYEND confirmation from CRANE, and then close the TCP connection.
2026-05-19 18:53:51.621 INFO  o.c.TcpServerConfig$$SpringCGLIB$$0 - <tcpclient><info> Connection closed: 127.0.0.1:18196:52581:5d64c228-8e1b-4575-b2b0-cfd689e493d8
2026-05-19 18:53:51.628 INFO  o.c.TcpServerConfig$$SpringCGLIB$$0 - <tcpserver><info> Connection closed: 127.0.0.1:52581:18196:86293b5f-aa0e-4a1b-b4b0-121e20bba68c
2026-05-19 18:54:02.185 INFO  o.code_studio.ComPortSchedulerTask - <tcpserver><info> Trying to open COM port for Barcode communication
2026-05-19 18:54:02.392 INFO  o.c.WebSocketServerConfig$$SpringCGLIB$$0 - <wsserver><info> Created WS channel: /app/topic
2026-05-19 18:54:02.623 INFO  o.c.TcpServerConfig$$SpringCGLIB$$0 - <tcpserver><info> TCP server started on port: 18196
2026-05-19 18:54:02.633 INFO  o.c.TcpClientConfig$$SpringCGLIB$$0 - <tcpclient><info> TCP client has been created for server: localhost:18196
2026-05-19 18:54:02.750 INFO  o.c.WebSocketServerConfig$$SpringCGLIB$$0 - <wsserver><info> Created WS server on endpoint: /ws
2026-05-19 18:54:03.910 INFO  o.c.TcpServerConfig$$SpringCGLIB$$0 - <tcpserver><info> Connection established: 127.0.0.1:52646:18196:69f7f83a-8d71-44c2-bebe-86d5dc86919c
2026-05-19 18:54:03.910 INFO  o.c.TcpServerConfig$$SpringCGLIB$$0 - <tcpclient><info> Connection established: 127.0.0.1:18196:52646:6d8f3026-3b48-4453-b99c-d6966c7c80b5
2026-05-19 18:54:03.914 INFO  o.c.CraneClientConnectedListener - <tcpsvr><info> CraneClientConnectedEvent detected
2026-05-19 18:54:03.964 WARN  o.c.ApplicationReadyListener - <tcpsvr><info> Message Flow Automation Debug is ENABLED
2026-05-19 18:54:03.986 INFO  o.c.controller.TcpMessageController - <tcpclient><send> LVS1UST1DA960019052026185403????????01???????001
2026-05-19 18:54:04.008 INFO  o.c.CraneClientConnectedListener - <tcpclient><send> DAYSTART message sent to Crane server
2026-05-19 18:54:04.038 INFO  o.c.TcpServerConfig$$SpringCGLIB$$0 - <tcpserver><recv> LVS1UST1DA960019052026185403????????01???????001
2026-05-19 18:54:04.062 WARN  o.c.m.IncomingMessageProcessor - MessageProcessor::handleError->StatusCode.STATUSUNKNOWN
2026-05-19 18:54:04.066 INFO  o.c.m.IncomingMessageProcessor - SENDER LVS1 | RECEIVER UST1 | MESSAGETYPE DAYSTART | ORDINAL 96 | ERRORCODE OK | SOURCE 19052026 | TARGET 185404 | REPORTPOINT RPUNKNOWN | LETYPE LEUNKNOWN | STATUSCODE AUTOMATIONENABLED | USERDATA null | RAWMESSAGE LVS1UST1DA960019052026185403????????01???????001
2026-05-19 18:54:04.550 INFO  o.code_studio.ComPortSchedulerTask - <tcpserver><info> Barcode communication enabled. COM port open: COM3
2026-05-19 18:54:07.089 INFO  o.c.controller.TcpMessageController - <tcpclient><send> UST1LVS111970019052026185404????????01???????001
2026-05-19 18:54:07.092 INFO  o.c.TcpClientConfig$$SpringCGLIB$$0 - <tcpclient><recv> LVS1UST1DA960019052026185403????????01???????001
2026-05-19 18:54:07.094 INFO  o.c.TcpServerConfig$$SpringCGLIB$$0 - <tcpserver><recv> UST1LVS111970019052026185404????????01???????001
2026-05-19 18:54:07.097 WARN  o.c.m.IncomingMessageProcessor - MessageProcessor::handleError->StatusCode.STATUSUNKNOWN
2026-05-19 18:54:07.097 INFO  o.c.m.IncomingMessageProcessor - SENDER UST1 | RECEIVER LVS1 | MESSAGETYPE DAYSTART | ORDINAL 97 | ERRORCODE OK | SOURCE 19052026 | TARGET 185407 | REPORTPOINT RPUNKNOWN | LETYPE LEUNKNOWN | STATUSCODE AUTOMATIONENABLED | USERDATA null | RAWMESSAGE UST1LVS111970019052026185404????????01???????001
2026-05-19 18:54:07.099 INFO  o.c.TcpClientConfig$$SpringCGLIB$$0 - <tcpclient><recv> LVS1UST1AA970019052026185404????????01???????001
2026-05-19 18:58:55.932 INFO  o.c.ApplicationCloseListener - <tcpserver><info> ApplicationContextClosedEvent detected
2026-05-19 18:58:55.935 INFO  org.code_studio.BarcodeConfig - <tcpserver><info> Barcode communication - COM port closed: COM3
2026-05-19 18:58:55.936 INFO  o.c.ApplicationCloseListener - <tcpserver><info> Waiting for 3000 msec to receive DAYEND confirmation from CRANE, and then close the TCP connection.
2026-05-19 18:58:58.956 INFO  o.c.TcpServerConfig$$SpringCGLIB$$0 - <tcpclient><info> Connection closed: 127.0.0.1:18196:52646:6d8f3026-3b48-4453-b99c-d6966c7c80b5
2026-05-19 18:58:58.962 INFO  o.c.TcpServerConfig$$SpringCGLIB$$0 - <tcpserver><info> Connection closed: 127.0.0.1:52646:18196:69f7f83a-8d71-44c2-bebe-86d5dc86919c
2026-05-19 18:59:08.085 INFO  o.code_studio.ComPortSchedulerTask - <tcpserver><info> Trying to open COM port for Barcode communication
2026-05-19 18:59:08.260 INFO  o.c.WebSocketServerConfig$$SpringCGLIB$$0 - <wsserver><info> Created WS channel: /app/topic
2026-05-19 18:59:08.498 INFO  o.c.TcpServerConfig$$SpringCGLIB$$0 - <tcpserver><info> TCP server started on port: 18196
2026-05-19 18:59:08.508 INFO  o.c.TcpClientConfig$$SpringCGLIB$$0 - <tcpclient><info> TCP client has been created for server: localhost:18196
2026-05-19 18:59:08.625 INFO  o.c.WebSocketServerConfig$$SpringCGLIB$$0 - <wsserver><info> Created WS server on endpoint: /ws
2026-05-19 18:59:09.160 INFO  o.code_studio.ComPortSchedulerTask - <tcpserver><info> Barcode communication enabled. COM port open: COM3
2026-05-19 18:59:10.120 INFO  o.c.TcpServerConfig$$SpringCGLIB$$0 - <tcpserver><info> Connection established: 127.0.0.1:52713:18196:2f4b3e57-0417-4c39-9dbf-514b40596ffe
2026-05-19 18:59:10.122 INFO  o.c.CraneClientConnectedListener - <tcpsvr><info> CraneClientConnectedEvent detected
2026-05-19 18:59:10.130 INFO  o.c.TcpServerConfig$$SpringCGLIB$$0 - <tcpclient><info> Connection established: 127.0.0.1:18196:52713:ff3bba87-5977-45ec-a3f2-fbadd3e2c8c4
2026-05-19 18:59:10.151 WARN  o.c.ApplicationReadyListener - <tcpsvr><info> Message Flow Automation Debug is ENABLED
2026-05-19 18:59:10.195 INFO  o.c.controller.TcpMessageController - <tcpclient><send> LVS1UST1DA980019052026185910????????01???????001
2026-05-19 18:59:10.206 INFO  o.c.CraneClientConnectedListener - <tcpclient><send> DAYSTART message sent to Crane server
2026-05-19 18:59:10.229 INFO  o.c.TcpServerConfig$$SpringCGLIB$$0 - <tcpserver><recv> LVS1UST1DA980019052026185910????????01???????001
2026-05-19 18:59:10.266 WARN  o.c.m.IncomingMessageProcessor - MessageProcessor::handleError->StatusCode.STATUSUNKNOWN
2026-05-19 18:59:10.272 INFO  o.c.m.IncomingMessageProcessor - SENDER LVS1 | RECEIVER UST1 | MESSAGETYPE DAYSTART | ORDINAL 98 | ERRORCODE OK | SOURCE 19052026 | TARGET 185910 | REPORTPOINT RPUNKNOWN | LETYPE LEUNKNOWN | STATUSCODE AUTOMATIONENABLED | USERDATA null | RAWMESSAGE LVS1UST1DA980019052026185910????????01???????001
2026-05-19 18:59:13.295 INFO  o.c.controller.TcpMessageController - <tcpclient><send> UST1LVS111990019052026185910????????01???????001
2026-05-19 18:59:13.300 INFO  o.c.TcpClientConfig$$SpringCGLIB$$0 - <tcpclient><recv> LVS1UST1DA980019052026185910????????01???????001
2026-05-19 18:59:13.300 INFO  o.c.TcpServerConfig$$SpringCGLIB$$0 - <tcpserver><recv> UST1LVS111990019052026185910????????01???????001
2026-05-19 18:59:13.301 WARN  o.c.m.IncomingMessageProcessor - MessageProcessor::handleError->StatusCode.STATUSUNKNOWN
2026-05-19 18:59:13.302 INFO  o.c.m.IncomingMessageProcessor - SENDER UST1 | RECEIVER LVS1 | MESSAGETYPE DAYSTART | ORDINAL 99 | ERRORCODE OK | SOURCE 19052026 | TARGET 185913 | REPORTPOINT RPUNKNOWN | LETYPE LEUNKNOWN | STATUSCODE AUTOMATIONENABLED | USERDATA null | RAWMESSAGE UST1LVS111990019052026185910????????01???????001
2026-05-19 18:59:13.307 INFO  o.c.TcpClientConfig$$SpringCGLIB$$0 - <tcpclient><recv> LVS1UST1AA990019052026185910????????01???????001
2026-05-19 19:04:02.908 INFO  o.c.ApplicationCloseListener - <tcpserver><info> ApplicationContextClosedEvent detected
2026-05-19 19:04:02.923 INFO  org.code_studio.BarcodeConfig - <tcpserver><info> Barcode communication - COM port closed: COM3
2026-05-19 19:04:02.925 INFO  o.c.ApplicationCloseListener - <tcpserver><info> Waiting for 3000 msec to receive DAYEND confirmation from CRANE, and then close the TCP connection.
2026-05-19 19:04:05.983 INFO  o.c.TcpServerConfig$$SpringCGLIB$$0 - <tcpclient><info> Connection closed: 127.0.0.1:18196:52713:ff3bba87-5977-45ec-a3f2-fbadd3e2c8c4
2026-05-19 19:04:06.024 INFO  o.c.TcpServerConfig$$SpringCGLIB$$0 - <tcpserver><info> Connection closed: 127.0.0.1:52713:18196:2f4b3e57-0417-4c39-9dbf-514b40596ffe
2026-05-19 19:04:17.012 INFO  o.code_studio.ComPortSchedulerTask - <tcpserver><info> Trying to open COM port for Barcode communication
2026-05-19 19:04:17.177 INFO  o.c.WebSocketServerConfig$$SpringCGLIB$$0 - <wsserver><info> Created WS channel: /app/topic
2026-05-19 19:04:17.466 INFO  o.c.TcpServerConfig$$SpringCGLIB$$0 - <tcpserver><info> TCP server started on port: 18196
2026-05-19 19:04:17.479 INFO  o.c.TcpClientConfig$$SpringCGLIB$$0 - <tcpclient><info> TCP client has been created for server: localhost:18196
2026-05-19 19:04:17.623 INFO  o.c.WebSocketServerConfig$$SpringCGLIB$$0 - <wsserver><info> Created WS server on endpoint: /ws
2026-05-19 19:04:17.642 INFO  o.code_studio.ComPortSchedulerTask - <tcpserver><info> Barcode communication enabled. COM port open: COM3
2026-05-19 19:04:19.264 INFO  o.c.TcpServerConfig$$SpringCGLIB$$0 - <tcpserver><info> Connection established: 127.0.0.1:52803:18196:514930d0-3575-4783-968b-9eef1b78eb4c
2026-05-19 19:04:19.264 INFO  o.c.TcpServerConfig$$SpringCGLIB$$0 - <tcpclient><info> Connection established: 127.0.0.1:18196:52803:51acf25e-8af5-4db4-b506-44357661b3f5
2026-05-19 19:04:19.270 INFO  o.c.CraneClientConnectedListener - <tcpsvr><info> CraneClientConnectedEvent detected
2026-05-19 19:04:19.330 WARN  o.c.ApplicationReadyListener - <tcpsvr><info> Message Flow Automation Debug is ENABLED
2026-05-19 19:04:19.346 INFO  o.c.controller.TcpMessageController - <tcpclient><send> LVS1UST1DA010019052026190419????????01???????001
2026-05-19 19:04:19.361 INFO  o.c.CraneClientConnectedListener - <tcpclient><send> DAYSTART message sent to Crane server
2026-05-19 19:04:19.383 INFO  o.c.TcpServerConfig$$SpringCGLIB$$0 - <tcpserver><recv> LVS1UST1DA010019052026190419????????01???????001
2026-05-19 19:04:19.417 WARN  o.c.m.IncomingMessageProcessor - MessageProcessor::handleError->StatusCode.STATUSUNKNOWN
2026-05-19 19:04:19.425 INFO  o.c.m.IncomingMessageProcessor - SENDER LVS1 | RECEIVER UST1 | MESSAGETYPE DAYSTART | ORDINAL 1 | ERRORCODE OK | SOURCE 19052026 | TARGET 190419 | REPORTPOINT RPUNKNOWN | LETYPE LEUNKNOWN | STATUSCODE AUTOMATIONENABLED | USERDATA null | RAWMESSAGE LVS1UST1DA010019052026190419????????01???????001
2026-05-19 19:04:22.445 INFO  o.c.controller.TcpMessageController - <tcpclient><send> UST1LVS111020019052026190419????????01???????001
2026-05-19 19:04:22.449 INFO  o.c.TcpClientConfig$$SpringCGLIB$$0 - <tcpclient><recv> LVS1UST1DA010019052026190419????????01???????001
2026-05-19 19:04:22.450 INFO  o.c.TcpServerConfig$$SpringCGLIB$$0 - <tcpserver><recv> UST1LVS111020019052026190419????????01???????001
2026-05-19 19:04:22.452 WARN  o.c.m.IncomingMessageProcessor - MessageProcessor::handleError->StatusCode.STATUSUNKNOWN
2026-05-19 19:04:22.453 INFO  o.c.m.IncomingMessageProcessor - SENDER UST1 | RECEIVER LVS1 | MESSAGETYPE DAYSTART | ORDINAL 2 | ERRORCODE OK | SOURCE 19052026 | TARGET 190422 | REPORTPOINT RPUNKNOWN | LETYPE LEUNKNOWN | STATUSCODE AUTOMATIONENABLED | USERDATA null | RAWMESSAGE UST1LVS111020019052026190419????????01???????001
2026-05-19 19:04:22.454 INFO  o.c.TcpClientConfig$$SpringCGLIB$$0 - <tcpclient><recv> LVS1UST1AA020019052026190419????????01???????001
2026-05-19 19:09:29.277 INFO  o.c.ApplicationCloseListener - <tcpserver><info> ApplicationContextClosedEvent detected
2026-05-19 19:09:29.301 INFO  org.code_studio.BarcodeConfig - <tcpserver><info> Barcode communication - COM port closed: COM3
2026-05-19 19:09:29.304 INFO  o.c.ApplicationCloseListener - <tcpserver><info> Waiting for 3000 msec to receive DAYEND confirmation from CRANE, and then close the TCP connection.
2026-05-19 19:09:32.427 INFO  o.c.TcpServerConfig$$SpringCGLIB$$0 - <tcpclient><info> Connection closed: 127.0.0.1:18196:52803:51acf25e-8af5-4db4-b506-44357661b3f5
2026-05-19 19:09:32.441 INFO  o.c.TcpServerConfig$$SpringCGLIB$$0 - <tcpserver><info> Connection closed: 127.0.0.1:52803:18196:514930d0-3575-4783-968b-9eef1b78eb4c
2026-05-19 19:09:43.792 INFO  o.code_studio.ComPortSchedulerTask - <tcpserver><info> Trying to open COM port for Barcode communication
2026-05-19 19:09:43.981 INFO  o.c.WebSocketServerConfig$$SpringCGLIB$$0 - <wsserver><info> Created WS channel: /app/topic
2026-05-19 19:09:44.230 INFO  o.c.TcpServerConfig$$SpringCGLIB$$0 - <tcpserver><info> TCP server started on port: 18196
2026-05-19 19:09:44.247 INFO  o.c.TcpClientConfig$$SpringCGLIB$$0 - <tcpclient><info> TCP client has been created for server: localhost:18196
2026-05-19 19:09:44.375 INFO  o.c.WebSocketServerConfig$$SpringCGLIB$$0 - <wsserver><info> Created WS server on endpoint: /ws
2026-05-19 19:09:45.438 INFO  o.code_studio.ComPortSchedulerTask - <tcpserver><info> Barcode communication enabled. COM port open: COM3
2026-05-19 19:09:45.544 INFO  o.c.TcpServerConfig$$SpringCGLIB$$0 - <tcpserver><info> Connection established: 127.0.0.1:52876:18196:f6322189-3a22-467a-aaef-ad145c7b0ea6
2026-05-19 19:09:45.545 INFO  o.c.CraneClientConnectedListener - <tcpsvr><info> CraneClientConnectedEvent detected
2026-05-19 19:09:45.547 INFO  o.c.TcpServerConfig$$SpringCGLIB$$0 - <tcpclient><info> Connection established: 127.0.0.1:18196:52876:b7be3b64-6e88-4eb7-9b4a-2bfd363e5d74
2026-05-19 19:09:45.618 WARN  o.c.ApplicationReadyListener - <tcpsvr><info> Message Flow Automation Debug is ENABLED
2026-05-19 19:09:45.639 INFO  o.c.controller.TcpMessageController - <tcpclient><send> LVS1UST1DA030019052026190945????????01???????001
2026-05-19 19:09:45.656 INFO  o.c.CraneClientConnectedListener - <tcpclient><send> DAYSTART message sent to Crane server
2026-05-19 19:09:45.677 INFO  o.c.TcpServerConfig$$SpringCGLIB$$0 - <tcpserver><recv> LVS1UST1DA030019052026190945????????01???????001
2026-05-19 19:09:45.705 WARN  o.c.m.IncomingMessageProcessor - MessageProcessor::handleError->StatusCode.STATUSUNKNOWN
2026-05-19 19:09:45.711 INFO  o.c.m.IncomingMessageProcessor - SENDER LVS1 | RECEIVER UST1 | MESSAGETYPE DAYSTART | ORDINAL 3 | ERRORCODE OK | SOURCE 19052026 | TARGET 190945 | REPORTPOINT RPUNKNOWN | LETYPE LEUNKNOWN | STATUSCODE AUTOMATIONENABLED | USERDATA null | RAWMESSAGE LVS1UST1DA030019052026190945????????01???????001
2026-05-19 19:09:48.877 INFO  o.c.controller.TcpMessageController - <tcpclient><send> UST1LVS111040019052026190945????????01???????001
2026-05-19 19:09:48.880 INFO  o.c.TcpClientConfig$$SpringCGLIB$$0 - <tcpclient><recv> LVS1UST1DA030019052026190945????????01???????001
2026-05-19 19:09:48.881 INFO  o.c.TcpServerConfig$$SpringCGLIB$$0 - <tcpserver><recv> UST1LVS111040019052026190945????????01???????001
2026-05-19 19:09:48.884 WARN  o.c.m.IncomingMessageProcessor - MessageProcessor::handleError->StatusCode.STATUSUNKNOWN
2026-05-19 19:09:48.884 INFO  o.c.m.IncomingMessageProcessor - SENDER UST1 | RECEIVER LVS1 | MESSAGETYPE DAYSTART | ORDINAL 4 | ERRORCODE OK | SOURCE 19052026 | TARGET 190948 | REPORTPOINT RPUNKNOWN | LETYPE LEUNKNOWN | STATUSCODE AUTOMATIONENABLED | USERDATA null | RAWMESSAGE UST1LVS111040019052026190945????????01???????001
2026-05-19 19:09:48.886 INFO  o.c.TcpClientConfig$$SpringCGLIB$$0 - <tcpclient><recv> LVS1UST1AA040019052026190945????????01???????001
2026-05-19 19:11:37.041 INFO  o.c.ApplicationCloseListener - <tcpserver><info> ApplicationContextClosedEvent detected
2026-05-19 19:11:37.043 INFO  org.code_studio.BarcodeConfig - <tcpserver><info> Barcode communication - COM port closed: COM3
2026-05-19 19:11:37.043 INFO  o.c.ApplicationCloseListener - <tcpserver><info> Waiting for 3000 msec to receive DAYEND confirmation from CRANE, and then close the TCP connection.
2026-05-19 19:11:40.056 INFO  o.c.TcpServerConfig$$SpringCGLIB$$0 - <tcpclient><info> Connection closed: 127.0.0.1:18196:52876:b7be3b64-6e88-4eb7-9b4a-2bfd363e5d74
2026-05-19 19:11:40.064 INFO  o.c.TcpServerConfig$$SpringCGLIB$$0 - <tcpserver><info> Connection closed: 127.0.0.1:52876:18196:f6322189-3a22-467a-aaef-ad145c7b0ea6
2026-05-19 19:12:24.782 INFO  o.code_studio.ComPortSchedulerTask - <tcpserver><info> Trying to open COM port for Barcode communication
2026-05-19 19:12:24.993 INFO  o.c.WebSocketServerConfig$$SpringCGLIB$$0 - <wsserver><info> Created WS channel: /app/topic
2026-05-19 19:12:25.178 INFO  o.c.TcpServerConfig$$SpringCGLIB$$0 - <tcpserver><info> TCP server started on port: 18196
2026-05-19 19:12:25.188 INFO  o.c.TcpClientConfig$$SpringCGLIB$$0 - <tcpclient><info> TCP client has been created for server: localhost:18196
2026-05-19 19:12:25.295 INFO  o.c.WebSocketServerConfig$$SpringCGLIB$$0 - <wsserver><info> Created WS server on endpoint: /ws
2026-05-19 19:12:25.332 INFO  o.code_studio.ComPortSchedulerTask - <tcpserver><info> Barcode communication enabled. COM port open: COM3
2026-05-19 19:12:26.457 INFO  o.c.TcpServerConfig$$SpringCGLIB$$0 - <tcpserver><info> Connection established: 127.0.0.1:52921:18196:6026b4ca-8900-49a7-a31c-aa59bab25b5b
2026-05-19 19:12:26.459 INFO  o.c.CraneClientConnectedListener - <tcpsvr><info> CraneClientConnectedEvent detected
2026-05-19 19:12:26.461 INFO  o.c.TcpServerConfig$$SpringCGLIB$$0 - <tcpclient><info> Connection established: 127.0.0.1:18196:52921:02fdce0b-4492-4f5b-a37c-87411d883371
2026-05-19 19:12:26.499 WARN  o.c.ApplicationReadyListener - <tcpsvr><info> Message Flow Automation Debug is ENABLED
2026-05-19 19:12:26.545 INFO  o.c.controller.TcpMessageController - <tcpclient><send> LVS1UST1DA050019052026191226????????01???????001
2026-05-19 19:12:26.607 INFO  o.c.CraneClientConnectedListener - <tcpclient><send> DAYSTART message sent to Crane server
2026-05-19 19:12:26.639 INFO  o.c.TcpServerConfig$$SpringCGLIB$$0 - <tcpserver><recv> LVS1UST1DA050019052026191226????????01???????001
2026-05-19 19:12:26.677 WARN  o.c.m.IncomingMessageProcessor - MessageProcessor::handleError->StatusCode.STATUSUNKNOWN
2026-05-19 19:12:26.689 INFO  o.c.m.IncomingMessageProcessor - SENDER LVS1 | RECEIVER UST1 | MESSAGETYPE DAYSTART | ORDINAL 5 | ERRORCODE OK | SOURCE 19052026 | TARGET 191226 | REPORTPOINT RPUNKNOWN | LETYPE LEUNKNOWN | STATUSCODE AUTOMATIONENABLED | USERDATA null | RAWMESSAGE LVS1UST1DA050019052026191226????????01???????001
2026-05-19 19:12:29.713 INFO  o.c.controller.TcpMessageController - <tcpclient><send> UST1LVS111060019052026191226????????01???????001
2026-05-19 19:12:29.716 INFO  o.c.TcpClientConfig$$SpringCGLIB$$0 - <tcpclient><recv> LVS1UST1DA050019052026191226????????01???????001
2026-05-19 19:12:29.717 INFO  o.c.TcpServerConfig$$SpringCGLIB$$0 - <tcpserver><recv> UST1LVS111060019052026191226????????01???????001
2026-05-19 19:12:29.718 WARN  o.c.m.IncomingMessageProcessor - MessageProcessor::handleError->StatusCode.STATUSUNKNOWN
2026-05-19 19:12:29.718 INFO  o.c.m.IncomingMessageProcessor - SENDER UST1 | RECEIVER LVS1 | MESSAGETYPE DAYSTART | ORDINAL 6 | ERRORCODE OK | SOURCE 19052026 | TARGET 191229 | REPORTPOINT RPUNKNOWN | LETYPE LEUNKNOWN | STATUSCODE AUTOMATIONENABLED | USERDATA null | RAWMESSAGE UST1LVS111060019052026191226????????01???????001
2026-05-19 19:12:29.719 INFO  o.c.TcpClientConfig$$SpringCGLIB$$0 - <tcpclient><recv> LVS1UST1AA060019052026191226????????01???????001
2026-05-19 19:18:20.813 INFO  o.c.ApplicationCloseListener - <tcpserver><info> ApplicationContextClosedEvent detected
2026-05-19 19:18:20.821 INFO  org.code_studio.BarcodeConfig - <tcpserver><info> Barcode communication - COM port closed: COM3
2026-05-19 19:18:20.821 INFO  o.c.ApplicationCloseListener - <tcpserver><info> Waiting for 3000 msec to receive DAYEND confirmation from CRANE, and then close the TCP connection.
2026-05-19 19:18:23.883 INFO  o.c.TcpServerConfig$$SpringCGLIB$$0 - <tcpclient><info> Connection closed: 127.0.0.1:18196:52921:02fdce0b-4492-4f5b-a37c-87411d883371
2026-05-19 19:18:23.913 INFO  o.c.TcpServerConfig$$SpringCGLIB$$0 - <tcpserver><info> Connection closed: 127.0.0.1:52921:18196:6026b4ca-8900-49a7-a31c-aa59bab25b5b
2026-05-19 19:18:57.214 INFO  o.code_studio.ComPortSchedulerTask - <tcpserver><info> Trying to open COM port for Barcode communication
2026-05-19 19:18:57.386 INFO  o.c.WebSocketServerConfig$$SpringCGLIB$$0 - <wsserver><info> Created WS channel: /app/topic
2026-05-19 19:18:57.660 INFO  o.c.TcpServerConfig$$SpringCGLIB$$0 - <tcpserver><info> TCP server started on port: 18196
2026-05-19 19:18:57.670 INFO  o.c.TcpClientConfig$$SpringCGLIB$$0 - <tcpclient><info> TCP client has been created for server: localhost:18196
2026-05-19 19:18:57.777 INFO  o.c.WebSocketServerConfig$$SpringCGLIB$$0 - <wsserver><info> Created WS server on endpoint: /ws
2026-05-19 19:18:58.256 INFO  o.code_studio.ComPortSchedulerTask - <tcpserver><info> Barcode communication enabled. COM port open: COM3
2026-05-19 19:18:59.354 INFO  o.c.TcpServerConfig$$SpringCGLIB$$0 - <tcpserver><info> Connection established: 127.0.0.1:53031:18196:38d4cd81-338b-4fb9-8bdb-64cba4c52d7f
2026-05-19 19:18:59.359 INFO  o.c.CraneClientConnectedListener - <tcpsvr><info> CraneClientConnectedEvent detected
2026-05-19 19:18:59.365 INFO  o.c.TcpServerConfig$$SpringCGLIB$$0 - <tcpclient><info> Connection established: 127.0.0.1:18196:53031:b56d0029-9bd6-44ab-9e2f-1dc6136f9e8d
2026-05-19 19:18:59.440 WARN  o.c.ApplicationReadyListener - <tcpsvr><info> Message Flow Automation Debug is ENABLED
2026-05-19 19:18:59.445 INFO  o.c.controller.TcpMessageController - <tcpclient><send> LVS1UST1DA070019052026191859????????01???????001
2026-05-19 19:18:59.471 INFO  o.c.CraneClientConnectedListener - <tcpclient><send> DAYSTART message sent to Crane server
2026-05-19 19:18:59.497 INFO  o.c.TcpServerConfig$$SpringCGLIB$$0 - <tcpserver><recv> LVS1UST1DA070019052026191859????????01???????001
2026-05-19 19:18:59.521 WARN  o.c.m.IncomingMessageProcessor - MessageProcessor::handleError->StatusCode.STATUSUNKNOWN
2026-05-19 19:18:59.526 INFO  o.c.m.IncomingMessageProcessor - SENDER LVS1 | RECEIVER UST1 | MESSAGETYPE DAYSTART | ORDINAL 7 | ERRORCODE OK | SOURCE 19052026 | TARGET 191859 | REPORTPOINT RPUNKNOWN | LETYPE LEUNKNOWN | STATUSCODE AUTOMATIONENABLED | USERDATA null | RAWMESSAGE LVS1UST1DA070019052026191859????????01???????001
2026-05-19 19:19:02.552 INFO  o.c.controller.TcpMessageController - <tcpclient><send> UST1LVS111080019052026191859????????01???????001
2026-05-19 19:19:02.556 INFO  o.c.TcpClientConfig$$SpringCGLIB$$0 - <tcpclient><recv> LVS1UST1DA070019052026191859????????01???????001
2026-05-19 19:19:02.559 INFO  o.c.TcpServerConfig$$SpringCGLIB$$0 - <tcpserver><recv> UST1LVS111080019052026191859????????01???????001
2026-05-19 19:19:02.562 WARN  o.c.m.IncomingMessageProcessor - MessageProcessor::handleError->StatusCode.STATUSUNKNOWN
2026-05-19 19:19:02.562 INFO  o.c.m.IncomingMessageProcessor - SENDER UST1 | RECEIVER LVS1 | MESSAGETYPE DAYSTART | ORDINAL 8 | ERRORCODE OK | SOURCE 19052026 | TARGET 191902 | REPORTPOINT RPUNKNOWN | LETYPE LEUNKNOWN | STATUSCODE AUTOMATIONENABLED | USERDATA null | RAWMESSAGE UST1LVS111080019052026191859????????01???????001
2026-05-19 19:19:02.564 INFO  o.c.TcpClientConfig$$SpringCGLIB$$0 - <tcpclient><recv> LVS1UST1AA080019052026191859????????01???????001
2026-05-19 19:22:13.054 INFO  o.c.ApplicationCloseListener - <tcpserver><info> ApplicationContextClosedEvent detected
2026-05-19 19:22:13.056 INFO  org.code_studio.BarcodeConfig - <tcpserver><info> Barcode communication - COM port closed: COM3
2026-05-19 19:22:13.056 INFO  o.c.ApplicationCloseListener - <tcpserver><info> Waiting for 3000 msec to receive DAYEND confirmation from CRANE, and then close the TCP connection.
2026-05-19 19:22:16.066 INFO  o.c.TcpServerConfig$$SpringCGLIB$$0 - <tcpclient><info> Connection closed: 127.0.0.1:18196:53031:b56d0029-9bd6-44ab-9e2f-1dc6136f9e8d
2026-05-19 19:22:16.074 INFO  o.c.TcpServerConfig$$SpringCGLIB$$0 - <tcpserver><info> Connection closed: 127.0.0.1:53031:18196:38d4cd81-338b-4fb9-8bdb-64cba4c52d7f
2026-05-19 19:22:24.421 INFO  o.code_studio.ComPortSchedulerTask - <tcpserver><info> Trying to open COM port for Barcode communication
2026-05-19 19:22:24.650 INFO  o.c.WebSocketServerConfig$$SpringCGLIB$$0 - <wsserver><info> Created WS channel: /app/topic
2026-05-19 19:22:24.885 INFO  o.c.TcpServerConfig$$SpringCGLIB$$0 - <tcpserver><info> TCP server started on port: 18196
2026-05-19 19:22:24.896 INFO  o.c.TcpClientConfig$$SpringCGLIB$$0 - <tcpclient><info> TCP client has been created for server: localhost:18196
2026-05-19 19:22:24.998 INFO  o.c.WebSocketServerConfig$$SpringCGLIB$$0 - <wsserver><info> Created WS server on endpoint: /ws
2026-05-19 19:22:25.968 INFO  o.c.TcpServerConfig$$SpringCGLIB$$0 - <tcpserver><info> Connection established: 127.0.0.1:53091:18196:57df53ba-edc8-45d7-ada0-ebe0995621f7
2026-05-19 19:22:25.970 INFO  o.c.CraneClientConnectedListener - <tcpsvr><info> CraneClientConnectedEvent detected
2026-05-19 19:22:25.971 INFO  o.c.TcpServerConfig$$SpringCGLIB$$0 - <tcpclient><info> Connection established: 127.0.0.1:18196:53091:750fe3fe-18d7-40cc-b81e-47cb59ec87bd
2026-05-19 19:22:26.012 WARN  o.c.ApplicationReadyListener - <tcpsvr><info> Message Flow Automation Debug is ENABLED
2026-05-19 19:22:26.026 INFO  o.c.controller.TcpMessageController - <tcpclient><send> LVS1UST1DA090019052026192226????????01???????001
2026-05-19 19:22:26.038 INFO  o.c.CraneClientConnectedListener - <tcpclient><send> DAYSTART message sent to Crane server
2026-05-19 19:22:26.060 INFO  o.c.TcpServerConfig$$SpringCGLIB$$0 - <tcpserver><recv> LVS1UST1DA090019052026192226????????01???????001
2026-05-19 19:22:26.085 WARN  o.c.m.IncomingMessageProcessor - MessageProcessor::handleError->StatusCode.STATUSUNKNOWN
2026-05-19 19:22:26.089 INFO  o.c.m.IncomingMessageProcessor - SENDER LVS1 | RECEIVER UST1 | MESSAGETYPE DAYSTART | ORDINAL 9 | ERRORCODE OK | SOURCE 19052026 | TARGET 192226 | REPORTPOINT RPUNKNOWN | LETYPE LEUNKNOWN | STATUSCODE AUTOMATIONENABLED | USERDATA null | RAWMESSAGE LVS1UST1DA090019052026192226????????01???????001
2026-05-19 19:22:27.072 INFO  o.code_studio.ComPortSchedulerTask - <tcpserver><info> Barcode communication enabled. COM port open: COM3
2026-05-19 19:22:29.110 INFO  o.c.controller.TcpMessageController - <tcpclient><send> UST1LVS111100019052026192226????????01???????001
2026-05-19 19:22:29.120 INFO  o.c.TcpClientConfig$$SpringCGLIB$$0 - <tcpclient><recv> LVS1UST1DA090019052026192226????????01???????001
2026-05-19 19:22:29.121 INFO  o.c.TcpServerConfig$$SpringCGLIB$$0 - <tcpserver><recv> UST1LVS111100019052026192226????????01???????001
2026-05-19 19:22:29.123 WARN  o.c.m.IncomingMessageProcessor - MessageProcessor::handleError->StatusCode.STATUSUNKNOWN
2026-05-19 19:22:29.123 INFO  o.c.m.IncomingMessageProcessor - SENDER UST1 | RECEIVER LVS1 | MESSAGETYPE DAYSTART | ORDINAL 10 | ERRORCODE OK | SOURCE 19052026 | TARGET 192229 | REPORTPOINT RPUNKNOWN | LETYPE LEUNKNOWN | STATUSCODE AUTOMATIONENABLED | USERDATA null | RAWMESSAGE UST1LVS111100019052026192226????????01???????001
2026-05-19 19:22:29.125 INFO  o.c.TcpClientConfig$$SpringCGLIB$$0 - <tcpclient><recv> LVS1UST1AA100019052026192226????????01???????001
2026-05-19 19:37:43.923 INFO  o.c.ApplicationCloseListener - <tcpserver><info> ApplicationContextClosedEvent detected
2026-05-19 19:37:43.953 INFO  org.code_studio.BarcodeConfig - <tcpserver><info> Barcode communication - COM port closed: COM3
2026-05-19 19:37:43.955 INFO  o.c.ApplicationCloseListener - <tcpserver><info> Waiting for 3000 msec to receive DAYEND confirmation from CRANE, and then close the TCP connection.
2026-05-19 19:37:47.061 INFO  o.c.TcpServerConfig$$SpringCGLIB$$0 - <tcpclient><info> Connection closed: 127.0.0.1:18196:53091:750fe3fe-18d7-40cc-b81e-47cb59ec87bd
2026-05-19 19:37:47.095 INFO  o.c.TcpServerConfig$$SpringCGLIB$$0 - <tcpserver><info> Connection closed: 127.0.0.1:53091:18196:57df53ba-edc8-45d7-ada0-ebe0995621f7
2026-05-19 19:38:02.624 INFO  o.code_studio.ComPortSchedulerTask - <tcpserver><info> Trying to open COM port for Barcode communication
2026-05-19 19:38:02.837 INFO  o.c.WebSocketServerConfig$$SpringCGLIB$$0 - <wsserver><info> Created WS channel: /app/topic
2026-05-19 19:38:03.130 INFO  o.c.TcpServerConfig$$SpringCGLIB$$0 - <tcpserver><info> TCP server started on port: 18196
2026-05-19 19:38:03.142 INFO  o.c.TcpClientConfig$$SpringCGLIB$$0 - <tcpclient><info> TCP client has been created for server: localhost:18196
2026-05-19 19:38:03.297 INFO  o.c.WebSocketServerConfig$$SpringCGLIB$$0 - <wsserver><info> Created WS server on endpoint: /ws
2026-05-19 19:38:04.803 INFO  o.c.TcpServerConfig$$SpringCGLIB$$0 - <tcpclient><info> Connection established: 127.0.0.1:18196:53325:a35c9762-9ac5-4540-8e06-5ef66e6d2ad6
2026-05-19 19:38:04.803 INFO  o.c.TcpServerConfig$$SpringCGLIB$$0 - <tcpserver><info> Connection established: 127.0.0.1:53325:18196:7c4341d2-4466-4f81-bd34-6af434060f98
2026-05-19 19:38:04.806 INFO  o.c.CraneClientConnectedListener - <tcpsvr><info> CraneClientConnectedEvent detected
2026-05-19 19:38:04.859 WARN  o.c.ApplicationReadyListener - <tcpsvr><info> Message Flow Automation Debug is ENABLED
2026-05-19 19:38:04.869 INFO  o.c.controller.TcpMessageController - <tcpclient><send> LVS1UST1DA110019052026193804????????01???????001
2026-05-19 19:38:04.884 INFO  o.c.CraneClientConnectedListener - <tcpclient><send> DAYSTART message sent to Crane server
2026-05-19 19:38:04.941 INFO  o.c.TcpServerConfig$$SpringCGLIB$$0 - <tcpserver><recv> LVS1UST1DA110019052026193804????????01???????001
2026-05-19 19:38:04.981 WARN  o.c.m.IncomingMessageProcessor - MessageProcessor::handleError->StatusCode.STATUSUNKNOWN
2026-05-19 19:38:04.987 INFO  o.c.m.IncomingMessageProcessor - SENDER LVS1 | RECEIVER UST1 | MESSAGETYPE DAYSTART | ORDINAL 11 | ERRORCODE OK | SOURCE 19052026 | TARGET 193804 | REPORTPOINT RPUNKNOWN | LETYPE LEUNKNOWN | STATUSCODE AUTOMATIONENABLED | USERDATA null | RAWMESSAGE LVS1UST1DA110019052026193804????????01???????001
2026-05-19 19:38:05.182 INFO  o.code_studio.ComPortSchedulerTask - <tcpserver><info> Barcode communication enabled. COM port open: COM3
2026-05-19 19:38:08.017 INFO  o.c.controller.TcpMessageController - <tcpclient><send> UST1LVS111120019052026193804????????01???????001
2026-05-19 19:38:08.023 INFO  o.c.TcpClientConfig$$SpringCGLIB$$0 - <tcpclient><recv> LVS1UST1DA110019052026193804????????01???????001
2026-05-19 19:38:08.025 INFO  o.c.TcpServerConfig$$SpringCGLIB$$0 - <tcpserver><recv> UST1LVS111120019052026193804????????01???????001
2026-05-19 19:38:08.036 WARN  o.c.m.IncomingMessageProcessor - MessageProcessor::handleError->StatusCode.STATUSUNKNOWN
2026-05-19 19:38:08.037 INFO  o.c.m.IncomingMessageProcessor - SENDER UST1 | RECEIVER LVS1 | MESSAGETYPE DAYSTART | ORDINAL 12 | ERRORCODE OK | SOURCE 19052026 | TARGET 193808 | REPORTPOINT RPUNKNOWN | LETYPE LEUNKNOWN | STATUSCODE AUTOMATIONENABLED | USERDATA null | RAWMESSAGE UST1LVS111120019052026193804????????01???????001
2026-05-19 19:38:08.044 INFO  o.c.TcpClientConfig$$SpringCGLIB$$0 - <tcpclient><recv> LVS1UST1AA120019052026193804????????01???????001
2026-05-19 19:44:50.567 INFO  o.c.ApplicationCloseListener - <tcpserver><info> ApplicationContextClosedEvent detected
2026-05-19 19:44:50.580 INFO  org.code_studio.BarcodeConfig - <tcpserver><info> Barcode communication - COM port closed: COM3
2026-05-19 19:44:50.581 INFO  o.c.ApplicationCloseListener - <tcpserver><info> Waiting for 3000 msec to receive DAYEND confirmation from CRANE, and then close the TCP connection.
2026-05-19 19:44:53.830 INFO  o.c.TcpServerConfig$$SpringCGLIB$$0 - <tcpclient><info> Connection closed: 127.0.0.1:18196:53325:a35c9762-9ac5-4540-8e06-5ef66e6d2ad6
2026-05-19 19:44:53.841 INFO  o.c.TcpServerConfig$$SpringCGLIB$$0 - <tcpserver><info> Connection closed: 127.0.0.1:53325:18196:7c4341d2-4466-4f81-bd34-6af434060f98
2026-05-19 19:45:10.365 INFO  o.code_studio.ComPortSchedulerTask - <tcpserver><info> Trying to open COM port for Barcode communication
2026-05-19 19:45:10.537 INFO  o.c.WebSocketServerConfig$$SpringCGLIB$$0 - <wsserver><info> Created WS channel: /app/topic
2026-05-19 19:45:10.770 INFO  o.c.TcpServerConfig$$SpringCGLIB$$0 - <tcpserver><info> TCP server started on port: 18196
2026-05-19 19:45:10.780 INFO  o.c.TcpClientConfig$$SpringCGLIB$$0 - <tcpclient><info> TCP client has been created for server: localhost:18196
2026-05-19 19:45:10.898 INFO  o.c.WebSocketServerConfig$$SpringCGLIB$$0 - <wsserver><info> Created WS server on endpoint: /ws
2026-05-19 19:45:11.395 INFO  o.code_studio.ComPortSchedulerTask - <tcpserver><info> Barcode communication enabled. COM port open: COM3
2026-05-19 19:45:12.203 INFO  o.c.TcpServerConfig$$SpringCGLIB$$0 - <tcpserver><info> Connection established: 127.0.0.1:53433:18196:94b53aea-205b-42b8-adec-f40f4246b54a
2026-05-19 19:45:12.204 INFO  o.c.TcpServerConfig$$SpringCGLIB$$0 - <tcpclient><info> Connection established: 127.0.0.1:18196:53433:3eb352e2-cd94-4264-a5fc-b30a4de45769
2026-05-19 19:45:12.207 INFO  o.c.CraneClientConnectedListener - <tcpsvr><info> CraneClientConnectedEvent detected
2026-05-19 19:45:12.276 WARN  o.c.ApplicationReadyListener - <tcpsvr><info> Message Flow Automation Debug is ENABLED
2026-05-19 19:45:12.278 INFO  o.c.controller.TcpMessageController - <tcpclient><send> LVS1UST1DA130019052026194512????????01???????001
2026-05-19 19:45:12.293 INFO  o.c.CraneClientConnectedListener - <tcpclient><send> DAYSTART message sent to Crane server
2026-05-19 19:45:12.318 INFO  o.c.TcpServerConfig$$SpringCGLIB$$0 - <tcpserver><recv> LVS1UST1DA130019052026194512????????01???????001
2026-05-19 19:45:12.350 WARN  o.c.m.IncomingMessageProcessor - MessageProcessor::handleError->StatusCode.STATUSUNKNOWN
2026-05-19 19:45:12.354 INFO  o.c.m.IncomingMessageProcessor - SENDER LVS1 | RECEIVER UST1 | MESSAGETYPE DAYSTART | ORDINAL 13 | ERRORCODE OK | SOURCE 19052026 | TARGET 194512 | REPORTPOINT RPUNKNOWN | LETYPE LEUNKNOWN | STATUSCODE AUTOMATIONENABLED | USERDATA null | RAWMESSAGE LVS1UST1DA130019052026194512????????01???????001
2026-05-19 19:45:15.375 INFO  o.c.controller.TcpMessageController - <tcpclient><send> UST1LVS111140019052026194512????????01???????001
2026-05-19 19:45:15.377 INFO  o.c.TcpClientConfig$$SpringCGLIB$$0 - <tcpclient><recv> LVS1UST1DA130019052026194512????????01???????001
2026-05-19 19:45:15.378 INFO  o.c.TcpServerConfig$$SpringCGLIB$$0 - <tcpserver><recv> UST1LVS111140019052026194512????????01???????001
2026-05-19 19:45:15.379 WARN  o.c.m.IncomingMessageProcessor - MessageProcessor::handleError->StatusCode.STATUSUNKNOWN
2026-05-19 19:45:15.379 INFO  o.c.m.IncomingMessageProcessor - SENDER UST1 | RECEIVER LVS1 | MESSAGETYPE DAYSTART | ORDINAL 14 | ERRORCODE OK | SOURCE 19052026 | TARGET 194515 | REPORTPOINT RPUNKNOWN | LETYPE LEUNKNOWN | STATUSCODE AUTOMATIONENABLED | USERDATA null | RAWMESSAGE UST1LVS111140019052026194512????????01???????001
2026-05-19 19:45:15.380 INFO  o.c.TcpClientConfig$$SpringCGLIB$$0 - <tcpclient><recv> LVS1UST1AA140019052026194512????????01???????001
2026-05-19 19:48:04.984 INFO  o.c.ApplicationCloseListener - <tcpserver><info> ApplicationContextClosedEvent detected
2026-05-19 19:48:04.985 INFO  org.code_studio.BarcodeConfig - <tcpserver><info> Barcode communication - COM port closed: COM3
2026-05-19 19:48:04.985 INFO  o.c.ApplicationCloseListener - <tcpserver><info> Waiting for 3000 msec to receive DAYEND confirmation from CRANE, and then close the TCP connection.
2026-05-19 19:48:07.999 INFO  o.c.TcpServerConfig$$SpringCGLIB$$0 - <tcpclient><info> Connection closed: 127.0.0.1:18196:53433:3eb352e2-cd94-4264-a5fc-b30a4de45769
2026-05-19 19:48:08.003 INFO  o.c.TcpServerConfig$$SpringCGLIB$$0 - <tcpserver><info> Connection closed: 127.0.0.1:53433:18196:94b53aea-205b-42b8-adec-f40f4246b54a
2026-05-19 19:48:20.013 INFO  o.code_studio.ComPortSchedulerTask - <tcpserver><info> Trying to open COM port for Barcode communication
2026-05-19 19:48:20.181 INFO  o.c.WebSocketServerConfig$$SpringCGLIB$$0 - <wsserver><info> Created WS channel: /app/topic
2026-05-19 19:48:20.501 INFO  o.c.TcpServerConfig$$SpringCGLIB$$0 - <tcpserver><info> TCP server started on port: 18196
2026-05-19 19:48:20.528 INFO  o.c.TcpClientConfig$$SpringCGLIB$$0 - <tcpclient><info> TCP client has been created for server: localhost:18196
2026-05-19 19:48:20.618 INFO  o.c.WebSocketServerConfig$$SpringCGLIB$$0 - <wsserver><info> Created WS server on endpoint: /ws
2026-05-19 19:48:20.837 INFO  o.code_studio.ComPortSchedulerTask - <tcpserver><info> Barcode communication enabled. COM port open: COM3
2026-05-19 19:48:21.879 INFO  o.c.TcpServerConfig$$SpringCGLIB$$0 - <tcpclient><info> Connection established: 127.0.0.1:18196:53657:d5daeed2-1be7-4aab-b19e-b5ad3184ca75
2026-05-19 19:48:21.879 INFO  o.c.TcpServerConfig$$SpringCGLIB$$0 - <tcpserver><info> Connection established: 127.0.0.1:53657:18196:67ce2721-e2d8-4c34-8b33-000a4cac4067
2026-05-19 19:48:21.880 INFO  o.c.CraneClientConnectedListener - <tcpsvr><info> CraneClientConnectedEvent detected
2026-05-19 19:48:21.914 WARN  o.c.ApplicationReadyListener - <tcpsvr><info> Message Flow Automation Debug is ENABLED
2026-05-19 19:48:21.939 INFO  o.c.controller.TcpMessageController - <tcpclient><send> LVS1UST1DA150019052026194821????????01???????001
2026-05-19 19:48:21.954 INFO  o.c.CraneClientConnectedListener - <tcpclient><send> DAYSTART message sent to Crane server
2026-05-19 19:48:21.976 INFO  o.c.TcpServerConfig$$SpringCGLIB$$0 - <tcpserver><recv> LVS1UST1DA150019052026194821????????01???????001
2026-05-19 19:48:21.999 WARN  o.c.m.IncomingMessageProcessor - MessageProcessor::handleError->StatusCode.STATUSUNKNOWN
2026-05-19 19:48:22.003 INFO  o.c.m.IncomingMessageProcessor - SENDER LVS1 | RECEIVER UST1 | MESSAGETYPE DAYSTART | ORDINAL 15 | ERRORCODE OK | SOURCE 19052026 | TARGET 194821 | REPORTPOINT RPUNKNOWN | LETYPE LEUNKNOWN | STATUSCODE AUTOMATIONENABLED | USERDATA null | RAWMESSAGE LVS1UST1DA150019052026194821????????01???????001
2026-05-19 19:48:25.028 INFO  o.c.controller.TcpMessageController - <tcpclient><send> UST1LVS111160019052026194821????????01???????001
2026-05-19 19:48:25.038 INFO  o.c.TcpClientConfig$$SpringCGLIB$$0 - <tcpclient><recv> LVS1UST1DA150019052026194821????????01???????001
2026-05-19 19:48:25.041 INFO  o.c.TcpServerConfig$$SpringCGLIB$$0 - <tcpserver><recv> UST1LVS111160019052026194821????????01???????001
2026-05-19 19:48:25.043 WARN  o.c.m.IncomingMessageProcessor - MessageProcessor::handleError->StatusCode.STATUSUNKNOWN
2026-05-19 19:48:25.043 INFO  o.c.m.IncomingMessageProcessor - SENDER UST1 | RECEIVER LVS1 | MESSAGETYPE DAYSTART | ORDINAL 16 | ERRORCODE OK | SOURCE 19052026 | TARGET 194825 | REPORTPOINT RPUNKNOWN | LETYPE LEUNKNOWN | STATUSCODE AUTOMATIONENABLED | USERDATA null | RAWMESSAGE UST1LVS111160019052026194821????????01???????001
2026-05-19 19:48:25.045 INFO  o.c.TcpClientConfig$$SpringCGLIB$$0 - <tcpclient><recv> LVS1UST1AA160019052026194821????????01???????001
2026-05-19 19:56:24.907 INFO  o.c.ApplicationCloseListener - <tcpserver><info> ApplicationContextClosedEvent detected
2026-05-19 19:56:24.923 INFO  org.code_studio.BarcodeConfig - <tcpserver><info> Barcode communication - COM port closed: COM3
2026-05-19 19:56:24.924 INFO  o.c.ApplicationCloseListener - <tcpserver><info> Waiting for 3000 msec to receive DAYEND confirmation from CRANE, and then close the TCP connection.
2026-05-19 19:56:27.980 INFO  o.c.TcpServerConfig$$SpringCGLIB$$0 - <tcpclient><info> Connection closed: 127.0.0.1:18196:53657:d5daeed2-1be7-4aab-b19e-b5ad3184ca75
2026-05-19 19:56:28.003 INFO  o.c.TcpServerConfig$$SpringCGLIB$$0 - <tcpserver><info> Connection closed: 127.0.0.1:53657:18196:67ce2721-e2d8-4c34-8b33-000a4cac4067
2026-05-19 19:56:39.769 INFO  o.code_studio.ComPortSchedulerTask - <tcpserver><info> Trying to open COM port for Barcode communication
2026-05-19 19:56:39.927 INFO  o.c.WebSocketServerConfig$$SpringCGLIB$$0 - <wsserver><info> Created WS channel: /app/topic
2026-05-19 19:56:40.141 INFO  o.c.TcpServerConfig$$SpringCGLIB$$0 - <tcpserver><info> TCP server started on port: 18196
2026-05-19 19:56:40.151 INFO  o.c.TcpClientConfig$$SpringCGLIB$$0 - <tcpclient><info> TCP client has been created for server: localhost:18196
2026-05-19 19:56:40.258 INFO  o.c.WebSocketServerConfig$$SpringCGLIB$$0 - <wsserver><info> Created WS server on endpoint: /ws
2026-05-19 19:56:41.337 INFO  o.code_studio.ComPortSchedulerTask - <tcpserver><info> Barcode communication enabled. COM port open: COM3
2026-05-19 19:56:41.389 INFO  o.c.TcpServerConfig$$SpringCGLIB$$0 - <tcpserver><info> Connection established: 127.0.0.1:53819:18196:1b61a7f2-97e8-4163-911f-dca249ca0064
2026-05-19 19:56:41.391 INFO  o.c.TcpServerConfig$$SpringCGLIB$$0 - <tcpclient><info> Connection established: 127.0.0.1:18196:53819:ecfdf04b-88b5-422a-8bd1-34ed770538fd
2026-05-19 19:56:41.392 INFO  o.c.CraneClientConnectedListener - <tcpsvr><info> CraneClientConnectedEvent detected
2026-05-19 19:56:41.449 WARN  o.c.ApplicationReadyListener - <tcpsvr><info> Message Flow Automation Debug is ENABLED
2026-05-19 19:56:41.461 INFO  o.c.controller.TcpMessageController - <tcpclient><send> LVS1UST1DA170019052026195641????????01???????001
2026-05-19 19:56:41.475 INFO  o.c.CraneClientConnectedListener - <tcpclient><send> DAYSTART message sent to Crane server
2026-05-19 19:56:41.498 INFO  o.c.TcpServerConfig$$SpringCGLIB$$0 - <tcpserver><recv> LVS1UST1DA170019052026195641????????01???????001
2026-05-19 19:56:41.520 WARN  o.c.m.IncomingMessageProcessor - MessageProcessor::handleError->StatusCode.STATUSUNKNOWN
2026-05-19 19:56:41.535 INFO  o.c.m.IncomingMessageProcessor - SENDER LVS1 | RECEIVER UST1 | MESSAGETYPE DAYSTART | ORDINAL 17 | ERRORCODE OK | SOURCE 19052026 | TARGET 195641 | REPORTPOINT RPUNKNOWN | LETYPE LEUNKNOWN | STATUSCODE AUTOMATIONENABLED | USERDATA null | RAWMESSAGE LVS1UST1DA170019052026195641????????01???????001
2026-05-19 19:56:44.574 INFO  o.c.controller.TcpMessageController - <tcpclient><send> UST1LVS111180019052026195641????????01???????001
2026-05-19 19:56:44.577 INFO  o.c.TcpClientConfig$$SpringCGLIB$$0 - <tcpclient><recv> LVS1UST1DA170019052026195641????????01???????001
2026-05-19 19:56:44.579 INFO  o.c.TcpServerConfig$$SpringCGLIB$$0 - <tcpserver><recv> UST1LVS111180019052026195641????????01???????001
2026-05-19 19:56:44.582 WARN  o.c.m.IncomingMessageProcessor - MessageProcessor::handleError->StatusCode.STATUSUNKNOWN
2026-05-19 19:56:44.582 INFO  o.c.m.IncomingMessageProcessor - SENDER UST1 | RECEIVER LVS1 | MESSAGETYPE DAYSTART | ORDINAL 18 | ERRORCODE OK | SOURCE 19052026 | TARGET 195644 | REPORTPOINT RPUNKNOWN | LETYPE LEUNKNOWN | STATUSCODE AUTOMATIONENABLED | USERDATA null | RAWMESSAGE UST1LVS111180019052026195641????????01???????001
2026-05-19 19:56:44.583 INFO  o.c.TcpClientConfig$$SpringCGLIB$$0 - <tcpclient><recv> LVS1UST1AA180019052026195641????????01???????001
2026-05-19 22:36:52.057 INFO  o.c.ApplicationCloseListener - <tcpserver><info> ApplicationContextClosedEvent detected
2026-05-19 22:36:52.133 INFO  org.code_studio.BarcodeConfig - <tcpserver><info> Barcode communication - COM port closed: COM3
2026-05-19 22:36:52.135 INFO  o.c.ApplicationCloseListener - <tcpserver><info> Waiting for 3000 msec to receive DAYEND confirmation from CRANE, and then close the TCP connection.
2026-05-19 22:36:55.258 INFO  o.c.TcpServerConfig$$SpringCGLIB$$0 - <tcpclient><info> Connection closed: 127.0.0.1:18196:53819:ecfdf04b-88b5-422a-8bd1-34ed770538fd
2026-05-19 22:36:55.282 INFO  o.c.TcpServerConfig$$SpringCGLIB$$0 - <tcpserver><info> Connection closed: 127.0.0.1:53819:18196:1b61a7f2-97e8-4163-911f-dca249ca0064
2026-05-19 22:37:19.161 INFO  o.code_studio.ComPortSchedulerTask - <tcpserver><info> Trying to open COM port for Barcode communication
2026-05-19 22:37:19.400 INFO  o.c.WebSocketServerConfig$$SpringCGLIB$$0 - <wsserver><info> Created WS channel: /app/topic
2026-05-19 22:37:19.769 INFO  o.c.TcpServerConfig$$SpringCGLIB$$0 - <tcpserver><info> TCP server started on port: 18196
2026-05-19 22:37:19.782 INFO  o.c.TcpClientConfig$$SpringCGLIB$$0 - <tcpclient><info> TCP client has been created for server: localhost:18196
2026-05-19 22:37:19.900 INFO  o.c.WebSocketServerConfig$$SpringCGLIB$$0 - <wsserver><info> Created WS server on endpoint: /ws
2026-05-19 22:37:21.190 INFO  o.c.TcpServerConfig$$SpringCGLIB$$0 - <tcpclient><info> Connection established: 127.0.0.1:18196:55460:af18debe-bfae-43d2-a627-5fdce4a65391
2026-05-19 22:37:21.190 INFO  o.c.TcpServerConfig$$SpringCGLIB$$0 - <tcpserver><info> Connection established: 127.0.0.1:55460:18196:a0568676-a02c-4639-b2ee-be52ebee9ef9
2026-05-19 22:37:21.195 INFO  o.c.CraneClientConnectedListener - <tcpsvr><info> CraneClientConnectedEvent detected
2026-05-19 22:37:21.219 INFO  o.code_studio.ComPortSchedulerTask - <tcpserver><info> Barcode communication enabled. COM port open: COM3
2026-05-19 22:37:21.255 WARN  o.c.ApplicationReadyListener - <tcpsvr><info> Message Flow Automation Debug is ENABLED
2026-05-19 22:37:21.271 INFO  o.c.controller.TcpMessageController - <tcpclient><send> LVS1UST1DA190019052026223721????????01???????001
2026-05-19 22:37:21.285 INFO  o.c.CraneClientConnectedListener - <tcpclient><send> DAYSTART message sent to Crane server
2026-05-19 22:37:21.311 INFO  o.c.TcpServerConfig$$SpringCGLIB$$0 - <tcpserver><recv> LVS1UST1DA190019052026223721????????01???????001
2026-05-19 22:37:21.343 WARN  o.c.m.IncomingMessageProcessor - MessageProcessor::handleError->StatusCode.STATUSUNKNOWN
2026-05-19 22:37:21.349 INFO  o.c.m.IncomingMessageProcessor - SENDER LVS1 | RECEIVER UST1 | MESSAGETYPE DAYSTART | ORDINAL 19 | ERRORCODE OK | SOURCE 19052026 | TARGET 223721 | REPORTPOINT RPUNKNOWN | LETYPE LEUNKNOWN | STATUSCODE AUTOMATIONENABLED | USERDATA null | RAWMESSAGE LVS1UST1DA190019052026223721????????01???????001
2026-05-19 22:37:24.378 INFO  o.c.controller.TcpMessageController - <tcpclient><send> UST1LVS111200019052026223721????????01???????001
2026-05-19 22:37:24.382 INFO  o.c.TcpClientConfig$$SpringCGLIB$$0 - <tcpclient><recv> LVS1UST1DA190019052026223721????????01???????001
2026-05-19 22:37:24.382 INFO  o.c.TcpServerConfig$$SpringCGLIB$$0 - <tcpserver><recv> UST1LVS111200019052026223721????????01???????001
2026-05-19 22:37:24.383 WARN  o.c.m.IncomingMessageProcessor - MessageProcessor::handleError->StatusCode.STATUSUNKNOWN
2026-05-19 22:37:24.383 INFO  o.c.m.IncomingMessageProcessor - SENDER UST1 | RECEIVER LVS1 | MESSAGETYPE DAYSTART | ORDINAL 20 | ERRORCODE OK | SOURCE 19052026 | TARGET 223724 | REPORTPOINT RPUNKNOWN | LETYPE LEUNKNOWN | STATUSCODE AUTOMATIONENABLED | USERDATA null | RAWMESSAGE UST1LVS111200019052026223721????????01???????001
2026-05-19 22:37:24.384 INFO  o.c.TcpClientConfig$$SpringCGLIB$$0 - <tcpclient><recv> LVS1UST1AA200019052026223721????????01???????001
2026-05-19 22:44:09.090 INFO  o.c.ApplicationCloseListener - <tcpserver><info> ApplicationContextClosedEvent detected
2026-05-19 22:44:09.204 INFO  org.code_studio.BarcodeConfig - <tcpserver><info> Barcode communication - COM port closed: COM3
2026-05-19 22:44:09.206 INFO  o.c.ApplicationCloseListener - <tcpserver><info> Waiting for 3000 msec to receive DAYEND confirmation from CRANE, and then close the TCP connection.
2026-05-19 22:44:12.379 INFO  o.c.TcpServerConfig$$SpringCGLIB$$0 - <tcpclient><info> Connection closed: 127.0.0.1:18196:55460:af18debe-bfae-43d2-a627-5fdce4a65391
2026-05-19 22:44:12.390 INFO  o.c.TcpServerConfig$$SpringCGLIB$$0 - <tcpserver><info> Connection closed: 127.0.0.1:55460:18196:a0568676-a02c-4639-b2ee-be52ebee9ef9
2026-05-19 22:44:22.930 INFO  o.code_studio.ComPortSchedulerTask - <tcpserver><info> Trying to open COM port for Barcode communication
2026-05-19 22:44:23.106 INFO  o.c.WebSocketServerConfig$$SpringCGLIB$$0 - <wsserver><info> Created WS channel: /app/topic
2026-05-19 22:44:23.323 INFO  o.c.TcpServerConfig$$SpringCGLIB$$0 - <tcpserver><info> TCP server started on port: 18196
2026-05-19 22:44:23.352 INFO  o.c.TcpClientConfig$$SpringCGLIB$$0 - <tcpclient><info> TCP client has been created for server: localhost:18196
2026-05-19 22:44:23.467 INFO  o.code_studio.ComPortSchedulerTask - <tcpserver><info> Barcode communication enabled. COM port open: COM3
2026-05-19 22:44:23.503 INFO  o.c.WebSocketServerConfig$$SpringCGLIB$$0 - <wsserver><info> Created WS server on endpoint: /ws
2026-05-19 22:44:25.012 INFO  o.c.TcpServerConfig$$SpringCGLIB$$0 - <tcpserver><info> Connection established: 127.0.0.1:55590:18196:0b7c8e2e-1c3c-4c19-b508-1acd5518c007
2026-05-19 22:44:25.014 INFO  o.c.CraneClientConnectedListener - <tcpsvr><info> CraneClientConnectedEvent detected
2026-05-19 22:44:25.016 INFO  o.c.TcpServerConfig$$SpringCGLIB$$0 - <tcpclient><info> Connection established: 127.0.0.1:18196:55590:e0d6545a-fd04-41bd-8d7f-85ae24a9a414
2026-05-19 22:44:25.060 WARN  o.c.ApplicationReadyListener - <tcpsvr><info> Message Flow Automation Debug is ENABLED
2026-05-19 22:44:25.108 INFO  o.c.controller.TcpMessageController - <tcpclient><send> LVS1UST1DA210019052026224425????????01???????001
2026-05-19 22:44:25.120 INFO  o.c.CraneClientConnectedListener - <tcpclient><send> DAYSTART message sent to Crane server
2026-05-19 22:44:25.145 INFO  o.c.TcpServerConfig$$SpringCGLIB$$0 - <tcpserver><recv> LVS1UST1DA210019052026224425????????01???????001
2026-05-19 22:44:25.169 WARN  o.c.m.IncomingMessageProcessor - MessageProcessor::handleError->StatusCode.STATUSUNKNOWN
2026-05-19 22:44:25.176 INFO  o.c.m.IncomingMessageProcessor - SENDER LVS1 | RECEIVER UST1 | MESSAGETYPE DAYSTART | ORDINAL 21 | ERRORCODE OK | SOURCE 19052026 | TARGET 224425 | REPORTPOINT RPUNKNOWN | LETYPE LEUNKNOWN | STATUSCODE AUTOMATIONENABLED | USERDATA null | RAWMESSAGE LVS1UST1DA210019052026224425????????01???????001
2026-05-19 22:44:28.195 INFO  o.c.controller.TcpMessageController - <tcpclient><send> UST1LVS111220019052026224425????????01???????001
2026-05-19 22:44:28.198 INFO  o.c.TcpClientConfig$$SpringCGLIB$$0 - <tcpclient><recv> LVS1UST1DA210019052026224425????????01???????001
2026-05-19 22:44:28.199 INFO  o.c.TcpServerConfig$$SpringCGLIB$$0 - <tcpserver><recv> UST1LVS111220019052026224425????????01???????001
2026-05-19 22:44:28.201 WARN  o.c.m.IncomingMessageProcessor - MessageProcessor::handleError->StatusCode.STATUSUNKNOWN
2026-05-19 22:44:28.201 INFO  o.c.m.IncomingMessageProcessor - SENDER UST1 | RECEIVER LVS1 | MESSAGETYPE DAYSTART | ORDINAL 22 | ERRORCODE OK | SOURCE 19052026 | TARGET 224428 | REPORTPOINT RPUNKNOWN | LETYPE LEUNKNOWN | STATUSCODE AUTOMATIONENABLED | USERDATA null | RAWMESSAGE UST1LVS111220019052026224425????????01???????001
2026-05-19 22:44:28.202 INFO  o.c.TcpClientConfig$$SpringCGLIB$$0 - <tcpclient><recv> LVS1UST1AA220019052026224425????????01???????001
2026-05-19 22:48:13.405 INFO  o.c.ApplicationCloseListener - <tcpserver><info> ApplicationContextClosedEvent detected
2026-05-19 22:48:13.423 INFO  org.code_studio.BarcodeConfig - <tcpserver><info> Barcode communication - COM port closed: COM3
2026-05-19 22:48:13.424 INFO  o.c.ApplicationCloseListener - <tcpserver><info> Waiting for 3000 msec to receive DAYEND confirmation from CRANE, and then close the TCP connection.
2026-05-19 22:48:16.494 INFO  o.c.TcpServerConfig$$SpringCGLIB$$0 - <tcpclient><info> Connection closed: 127.0.0.1:18196:55590:e0d6545a-fd04-41bd-8d7f-85ae24a9a414
2026-05-19 22:48:16.506 INFO  o.c.TcpServerConfig$$SpringCGLIB$$0 - <tcpserver><info> Connection closed: 127.0.0.1:55590:18196:0b7c8e2e-1c3c-4c19-b508-1acd5518c007
2026-05-19 22:48:56.091 INFO  o.code_studio.ComPortSchedulerTask - <tcpserver><info> Trying to open COM port for Barcode communication
2026-05-19 22:48:56.263 INFO  o.c.WebSocketServerConfig$$SpringCGLIB$$0 - <wsserver><info> Created WS channel: /app/topic
2026-05-19 22:48:56.539 INFO  o.c.TcpServerConfig$$SpringCGLIB$$0 - <tcpserver><info> TCP server started on port: 18196
2026-05-19 22:48:56.554 INFO  o.c.TcpClientConfig$$SpringCGLIB$$0 - <tcpclient><info> TCP client has been created for server: localhost:18196
2026-05-19 22:48:56.736 INFO  o.c.WebSocketServerConfig$$SpringCGLIB$$0 - <wsserver><info> Created WS server on endpoint: /ws
2026-05-19 22:48:57.484 INFO  o.code_studio.ComPortSchedulerTask - <tcpserver><info> Barcode communication enabled. COM port open: COM3
2026-05-19 22:48:58.068 INFO  o.c.TcpServerConfig$$SpringCGLIB$$0 - <tcpserver><info> Connection established: 127.0.0.1:55664:18196:1fabd357-d4a9-4b31-b35b-f9169ae4ef9e
2026-05-19 22:48:58.068 INFO  o.c.TcpServerConfig$$SpringCGLIB$$0 - <tcpclient><info> Connection established: 127.0.0.1:18196:55664:b45b51b9-410e-418a-a34e-9006b6780b41
2026-05-19 22:48:58.071 INFO  o.c.CraneClientConnectedListener - <tcpsvr><info> CraneClientConnectedEvent detected
2026-05-19 22:48:58.117 WARN  o.c.ApplicationReadyListener - <tcpsvr><info> Message Flow Automation Debug is ENABLED
2026-05-19 22:48:58.136 INFO  o.c.controller.TcpMessageController - <tcpclient><send> LVS1UST1DA230019052026224858????????01???????001
2026-05-19 22:48:58.150 INFO  o.c.CraneClientConnectedListener - <tcpclient><send> DAYSTART message sent to Crane server
2026-05-19 22:48:58.168 INFO  o.c.TcpServerConfig$$SpringCGLIB$$0 - <tcpserver><recv> LVS1UST1DA230019052026224858????????01???????001
2026-05-19 22:48:58.190 WARN  o.c.m.IncomingMessageProcessor - MessageProcessor::handleError->StatusCode.STATUSUNKNOWN
2026-05-19 22:48:58.197 INFO  o.c.m.IncomingMessageProcessor - SENDER LVS1 | RECEIVER UST1 | MESSAGETYPE DAYSTART | ORDINAL 23 | ERRORCODE OK | SOURCE 19052026 | TARGET 224858 | REPORTPOINT RPUNKNOWN | LETYPE LEUNKNOWN | STATUSCODE AUTOMATIONENABLED | USERDATA null | RAWMESSAGE LVS1UST1DA230019052026224858????????01???????001
2026-05-19 22:49:01.236 INFO  o.c.controller.TcpMessageController - <tcpclient><send> UST1LVS111240019052026224858????????01???????001
2026-05-19 22:49:01.241 INFO  o.c.TcpClientConfig$$SpringCGLIB$$0 - <tcpclient><recv> LVS1UST1DA230019052026224858????????01???????001
2026-05-19 22:49:01.241 INFO  o.c.TcpServerConfig$$SpringCGLIB$$0 - <tcpserver><recv> UST1LVS111240019052026224858????????01???????001
2026-05-19 22:49:01.242 WARN  o.c.m.IncomingMessageProcessor - MessageProcessor::handleError->StatusCode.STATUSUNKNOWN
2026-05-19 22:49:01.243 INFO  o.c.m.IncomingMessageProcessor - SENDER UST1 | RECEIVER LVS1 | MESSAGETYPE DAYSTART | ORDINAL 24 | ERRORCODE OK | SOURCE 19052026 | TARGET 224901 | REPORTPOINT RPUNKNOWN | LETYPE LEUNKNOWN | STATUSCODE AUTOMATIONENABLED | USERDATA null | RAWMESSAGE UST1LVS111240019052026224858????????01???????001
2026-05-19 22:49:01.244 INFO  o.c.TcpClientConfig$$SpringCGLIB$$0 - <tcpclient><recv> LVS1UST1AA240019052026224858????????01???????001
2026-05-19 22:52:57.278 INFO  o.c.ApplicationCloseListener - <tcpserver><info> ApplicationContextClosedEvent detected
2026-05-19 22:52:57.289 INFO  org.code_studio.BarcodeConfig - <tcpserver><info> Barcode communication - COM port closed: COM3
2026-05-19 22:52:57.290 INFO  o.c.ApplicationCloseListener - <tcpserver><info> Waiting for 3000 msec to receive DAYEND confirmation from CRANE, and then close the TCP connection.
2026-05-19 22:53:00.386 INFO  o.c.TcpServerConfig$$SpringCGLIB$$0 - <tcpclient><info> Connection closed: 127.0.0.1:18196:55664:b45b51b9-410e-418a-a34e-9006b6780b41
2026-05-19 22:53:00.395 INFO  o.c.TcpServerConfig$$SpringCGLIB$$0 - <tcpserver><info> Connection closed: 127.0.0.1:55664:18196:1fabd357-d4a9-4b31-b35b-f9169ae4ef9e
2026-05-19 22:53:31.027 INFO  o.code_studio.ComPortSchedulerTask - <tcpserver><info> Trying to open COM port for Barcode communication
2026-05-19 22:53:31.267 INFO  o.c.WebSocketServerConfig$$SpringCGLIB$$0 - <wsserver><info> Created WS channel: /app/topic
2026-05-19 22:53:31.547 INFO  o.c.TcpServerConfig$$SpringCGLIB$$0 - <tcpserver><info> TCP server started on port: 18196
2026-05-19 22:53:31.557 INFO  o.c.TcpClientConfig$$SpringCGLIB$$0 - <tcpclient><info> TCP client has been created for server: localhost:18196
2026-05-19 22:53:31.681 INFO  o.c.WebSocketServerConfig$$SpringCGLIB$$0 - <wsserver><info> Created WS server on endpoint: /ws
2026-05-19 22:53:32.690 INFO  o.code_studio.ComPortSchedulerTask - <tcpserver><info> Barcode communication enabled. COM port open: COM3
2026-05-19 22:53:32.888 INFO  o.c.TcpServerConfig$$SpringCGLIB$$0 - <tcpserver><info> Connection established: 127.0.0.1:55782:18196:6947d55e-6317-4b4f-a122-f7aacbaa508d
2026-05-19 22:53:32.888 INFO  o.c.TcpServerConfig$$SpringCGLIB$$0 - <tcpclient><info> Connection established: 127.0.0.1:18196:55782:c8a4ae29-76bb-449b-8670-d38bc95dd613
2026-05-19 22:53:32.891 INFO  o.c.CraneClientConnectedListener - <tcpsvr><info> CraneClientConnectedEvent detected
2026-05-19 22:53:32.947 WARN  o.c.ApplicationReadyListener - <tcpsvr><info> Message Flow Automation Debug is ENABLED
2026-05-19 22:53:32.957 INFO  o.c.controller.TcpMessageController - <tcpclient><send> LVS1UST1DA250019052026225332????????01???????001
2026-05-19 22:53:32.970 INFO  o.c.CraneClientConnectedListener - <tcpclient><send> DAYSTART message sent to Crane server
2026-05-19 22:53:32.995 INFO  o.c.TcpServerConfig$$SpringCGLIB$$0 - <tcpserver><recv> LVS1UST1DA250019052026225332????????01???????001
2026-05-19 22:53:33.038 WARN  o.c.m.IncomingMessageProcessor - MessageProcessor::handleError->StatusCode.STATUSUNKNOWN
2026-05-19 22:53:33.042 INFO  o.c.m.IncomingMessageProcessor - SENDER LVS1 | RECEIVER UST1 | MESSAGETYPE DAYSTART | ORDINAL 25 | ERRORCODE OK | SOURCE 19052026 | TARGET 225333 | REPORTPOINT RPUNKNOWN | LETYPE LEUNKNOWN | STATUSCODE AUTOMATIONENABLED | USERDATA null | RAWMESSAGE LVS1UST1DA250019052026225332????????01???????001
2026-05-19 22:53:36.175 INFO  o.c.controller.TcpMessageController - <tcpclient><send> UST1LVS111260019052026225333????????01???????001
2026-05-19 22:53:36.178 INFO  o.c.TcpClientConfig$$SpringCGLIB$$0 - <tcpclient><recv> LVS1UST1DA250019052026225332????????01???????001
2026-05-19 22:53:36.178 INFO  o.c.TcpServerConfig$$SpringCGLIB$$0 - <tcpserver><recv> UST1LVS111260019052026225333????????01???????001
2026-05-19 22:53:36.179 WARN  o.c.m.IncomingMessageProcessor - MessageProcessor::handleError->StatusCode.STATUSUNKNOWN
2026-05-19 22:53:36.180 INFO  o.c.m.IncomingMessageProcessor - SENDER UST1 | RECEIVER LVS1 | MESSAGETYPE DAYSTART | ORDINAL 26 | ERRORCODE OK | SOURCE 19052026 | TARGET 225336 | REPORTPOINT RPUNKNOWN | LETYPE LEUNKNOWN | STATUSCODE AUTOMATIONENABLED | USERDATA null | RAWMESSAGE UST1LVS111260019052026225333????????01???????001
2026-05-19 22:53:36.182 INFO  o.c.TcpClientConfig$$SpringCGLIB$$0 - <tcpclient><recv> LVS1UST1AA260019052026225333????????01???????001
2026-05-19 22:59:33.892 INFO  o.c.ApplicationCloseListener - <tcpserver><info> ApplicationContextClosedEvent detected
2026-05-19 22:59:33.911 INFO  org.code_studio.BarcodeConfig - <tcpserver><info> Barcode communication - COM port closed: COM3
2026-05-19 22:59:33.911 INFO  o.c.ApplicationCloseListener - <tcpserver><info> Waiting for 3000 msec to receive DAYEND confirmation from CRANE, and then close the TCP connection.
2026-05-19 22:59:36.966 INFO  o.c.TcpServerConfig$$SpringCGLIB$$0 - <tcpclient><info> Connection closed: 127.0.0.1:18196:55782:c8a4ae29-76bb-449b-8670-d38bc95dd613
2026-05-19 22:59:36.975 INFO  o.c.TcpServerConfig$$SpringCGLIB$$0 - <tcpserver><info> Connection closed: 127.0.0.1:55782:18196:6947d55e-6317-4b4f-a122-f7aacbaa508d
2026-05-19 22:59:59.024 INFO  o.code_studio.ComPortSchedulerTask - <tcpserver><info> Trying to open COM port for Barcode communication
2026-05-19 22:59:59.205 INFO  o.c.WebSocketServerConfig$$SpringCGLIB$$0 - <wsserver><info> Created WS channel: /app/topic
2026-05-19 22:59:59.473 INFO  o.c.TcpServerConfig$$SpringCGLIB$$0 - <tcpserver><info> TCP server started on port: 18196
2026-05-19 22:59:59.484 INFO  o.c.TcpClientConfig$$SpringCGLIB$$0 - <tcpclient><info> TCP client has been created for server: localhost:18196
2026-05-19 22:59:59.613 INFO  o.c.WebSocketServerConfig$$SpringCGLIB$$0 - <wsserver><info> Created WS server on endpoint: /ws
2026-05-19 23:00:00.473 INFO  o.code_studio.ComPortSchedulerTask - <tcpserver><info> Barcode communication enabled. COM port open: COM3
2026-05-19 23:00:01.045 INFO  o.c.TcpServerConfig$$SpringCGLIB$$0 - <tcpserver><info> Connection established: 127.0.0.1:55894:18196:6c70f9e1-9763-431f-9a61-df0ed7f0b9a7
2026-05-19 23:00:01.045 INFO  o.c.TcpServerConfig$$SpringCGLIB$$0 - <tcpclient><info> Connection established: 127.0.0.1:18196:55894:7ccdc76a-b6e5-4d9f-b4ab-04b8671f0c11
2026-05-19 23:00:01.048 INFO  o.c.CraneClientConnectedListener - <tcpsvr><info> CraneClientConnectedEvent detected
2026-05-19 23:00:01.105 WARN  o.c.ApplicationReadyListener - <tcpsvr><info> Message Flow Automation Debug is ENABLED
2026-05-19 23:00:01.115 INFO  o.c.controller.TcpMessageController - <tcpclient><send> LVS1UST1DA270019052026230001????????01???????001
2026-05-19 23:00:01.128 INFO  o.c.CraneClientConnectedListener - <tcpclient><send> DAYSTART message sent to Crane server
2026-05-19 23:00:01.155 INFO  o.c.TcpServerConfig$$SpringCGLIB$$0 - <tcpserver><recv> LVS1UST1DA270019052026230001????????01???????001
2026-05-19 23:00:01.205 WARN  o.c.m.IncomingMessageProcessor - MessageProcessor::handleError->StatusCode.STATUSUNKNOWN
2026-05-19 23:00:01.210 INFO  o.c.m.IncomingMessageProcessor - SENDER LVS1 | RECEIVER UST1 | MESSAGETYPE DAYSTART | ORDINAL 27 | ERRORCODE OK | SOURCE 19052026 | TARGET 230001 | REPORTPOINT RPUNKNOWN | LETYPE LEUNKNOWN | STATUSCODE AUTOMATIONENABLED | USERDATA null | RAWMESSAGE LVS1UST1DA270019052026230001????????01???????001
2026-05-19 23:00:04.234 INFO  o.c.controller.TcpMessageController - <tcpclient><send> UST1LVS111280019052026230001????????01???????001
2026-05-19 23:00:04.237 INFO  o.c.TcpClientConfig$$SpringCGLIB$$0 - <tcpclient><recv> LVS1UST1DA270019052026230001????????01???????001
2026-05-19 23:00:04.237 INFO  o.c.TcpServerConfig$$SpringCGLIB$$0 - <tcpserver><recv> UST1LVS111280019052026230001????????01???????001
2026-05-19 23:00:04.238 WARN  o.c.m.IncomingMessageProcessor - MessageProcessor::handleError->StatusCode.STATUSUNKNOWN
2026-05-19 23:00:04.238 INFO  o.c.m.IncomingMessageProcessor - SENDER UST1 | RECEIVER LVS1 | MESSAGETYPE DAYSTART | ORDINAL 28 | ERRORCODE OK | SOURCE 19052026 | TARGET 230004 | REPORTPOINT RPUNKNOWN | LETYPE LEUNKNOWN | STATUSCODE AUTOMATIONENABLED | USERDATA null | RAWMESSAGE UST1LVS111280019052026230001????????01???????001
2026-05-19 23:00:04.240 INFO  o.c.TcpClientConfig$$SpringCGLIB$$0 - <tcpclient><recv> LVS1UST1AA280019052026230001????????01???????001
2026-05-19 23:02:13.679 INFO  o.c.ApplicationCloseListener - <tcpserver><info> ApplicationContextClosedEvent detected
2026-05-19 23:02:13.690 INFO  org.code_studio.BarcodeConfig - <tcpserver><info> Barcode communication - COM port closed: COM3
2026-05-19 23:02:13.690 INFO  o.c.ApplicationCloseListener - <tcpserver><info> Waiting for 3000 msec to receive DAYEND confirmation from CRANE, and then close the TCP connection.
2026-05-19 23:02:16.724 INFO  o.c.TcpServerConfig$$SpringCGLIB$$0 - <tcpclient><info> Connection closed: 127.0.0.1:18196:55894:7ccdc76a-b6e5-4d9f-b4ab-04b8671f0c11
2026-05-19 23:02:16.775 INFO  o.c.TcpServerConfig$$SpringCGLIB$$0 - <tcpserver><info> Connection closed: 127.0.0.1:55894:18196:6c70f9e1-9763-431f-9a61-df0ed7f0b9a7
2026-05-19 23:02:36.368 INFO  o.code_studio.ComPortSchedulerTask - <tcpserver><info> Trying to open COM port for Barcode communication
2026-05-19 23:02:36.576 INFO  o.c.WebSocketServerConfig$$SpringCGLIB$$0 - <wsserver><info> Created WS channel: /app/topic
2026-05-19 23:02:36.835 INFO  o.c.TcpServerConfig$$SpringCGLIB$$0 - <tcpserver><info> TCP server started on port: 18196
2026-05-19 23:02:36.844 INFO  o.c.TcpClientConfig$$SpringCGLIB$$0 - <tcpclient><info> TCP client has been created for server: localhost:18196
2026-05-19 23:02:36.953 INFO  o.c.WebSocketServerConfig$$SpringCGLIB$$0 - <wsserver><info> Created WS server on endpoint: /ws
2026-05-19 23:02:37.967 INFO  o.code_studio.ComPortSchedulerTask - <tcpserver><info> Barcode communication enabled. COM port open: COM3
2026-05-19 23:02:38.308 INFO  o.c.TcpServerConfig$$SpringCGLIB$$0 - <tcpserver><info> Connection established: 127.0.0.1:55952:18196:446904a0-f6f0-472f-a306-7b41333fb93e
2026-05-19 23:02:38.314 INFO  o.c.CraneClientConnectedListener - <tcpsvr><info> CraneClientConnectedEvent detected
2026-05-19 23:02:38.320 INFO  o.c.TcpServerConfig$$SpringCGLIB$$0 - <tcpclient><info> Connection established: 127.0.0.1:18196:55952:5482ac74-af4b-4cca-b6d5-3961f5fbdf41
2026-05-19 23:02:38.375 WARN  o.c.ApplicationReadyListener - <tcpsvr><info> Message Flow Automation Debug is ENABLED
2026-05-19 23:02:38.422 INFO  o.c.controller.TcpMessageController - <tcpclient><send> LVS1UST1DA290019052026230238????????01???????001
2026-05-19 23:02:38.436 INFO  o.c.CraneClientConnectedListener - <tcpclient><send> DAYSTART message sent to Crane server
2026-05-19 23:02:38.470 INFO  o.c.TcpServerConfig$$SpringCGLIB$$0 - <tcpserver><recv> LVS1UST1DA290019052026230238????????01???????001
2026-05-19 23:02:38.501 WARN  o.c.m.IncomingMessageProcessor - MessageProcessor::handleError->StatusCode.STATUSUNKNOWN
2026-05-19 23:02:38.507 INFO  o.c.m.IncomingMessageProcessor - SENDER LVS1 | RECEIVER UST1 | MESSAGETYPE DAYSTART | ORDINAL 29 | ERRORCODE OK | SOURCE 19052026 | TARGET 230238 | REPORTPOINT RPUNKNOWN | LETYPE LEUNKNOWN | STATUSCODE AUTOMATIONENABLED | USERDATA null | RAWMESSAGE LVS1UST1DA290019052026230238????????01???????001
2026-05-19 23:02:41.533 INFO  o.c.controller.TcpMessageController - <tcpclient><send> UST1LVS111300019052026230238????????01???????001
2026-05-19 23:02:41.536 INFO  o.c.TcpServerConfig$$SpringCGLIB$$0 - <tcpserver><recv> UST1LVS111300019052026230238????????01???????001
2026-05-19 23:02:41.536 INFO  o.c.TcpClientConfig$$SpringCGLIB$$0 - <tcpclient><recv> LVS1UST1DA290019052026230238????????01???????001
2026-05-19 23:02:41.537 WARN  o.c.m.IncomingMessageProcessor - MessageProcessor::handleError->StatusCode.STATUSUNKNOWN
2026-05-19 23:02:41.537 INFO  o.c.m.IncomingMessageProcessor - SENDER UST1 | RECEIVER LVS1 | MESSAGETYPE DAYSTART | ORDINAL 30 | ERRORCODE OK | SOURCE 19052026 | TARGET 230241 | REPORTPOINT RPUNKNOWN | LETYPE LEUNKNOWN | STATUSCODE AUTOMATIONENABLED | USERDATA null | RAWMESSAGE UST1LVS111300019052026230238????????01???????001
2026-05-19 23:02:41.538 INFO  o.c.TcpClientConfig$$SpringCGLIB$$0 - <tcpclient><recv> LVS1UST1AA300019052026230238????????01???????001
