2026-08-27 08:10:27.499 DEBUG o.code_studio.rest.CSRestService$1 - 404: http://localhost:33377/api/v1/craneQueue/allInputByClientId/50008
2026-08-27 08:10:28.127 INFO  org.code_studio.rest.CSRestService - 404: http://localhost:33377/api/v1/paletteItem/allPageableByPaletteId/301/0
2026-08-27 08:10:36.330 INFO  org.code_studio.rest.CSRestService - 404: http://localhost:33377/api/v1/paletteItem/allPageableByPaletteId/299/0
2026-08-27 08:11:43.665 ERROR org.code_studio.rest.CSRestService - 400: http://localhost:33377/api/v1/item/allByClientIdPageable/0/50008
2026-08-27 08:34:42.155 INFO  org.code_studio.rest.CSRestService - 404: http://localhost:33377/api/v1/paletteItem/allPageableByPaletteId/301/0
2026-08-27 08:34:44.729 INFO  org.code_studio.rest.CSRestService - 404: http://localhost:33377/api/v1/paletteItem/allPageableByPaletteId/302/0
2026-08-27 08:35:17.845 INFO  org.code_studio.rest.CSRestService - 404: http://localhost:33377/api/v1/paletteItem/allPageableByPaletteId/301/0
2026-08-27 08:35:19.240 INFO  org.code_studio.rest.CSRestService - 404: http://localhost:33377/api/v1/paletteItem/allPageableByPaletteId/302/0
2026-08-27 08:35:24.692 DEBUG o.code_studio.rest.CSRestService$1 - 404: http://localhost:33377/api/v1/craneQueue/allInputByClientId/50008
2026-08-27 08:35:25.316 INFO  org.code_studio.rest.CSRestService - 404: http://localhost:33377/api/v1/paletteItem/allPageableByPaletteId/301/0
2026-08-27 08:35:28.449 INFO  org.code_studio.rest.CSRestService - 404: http://localhost:33377/api/v1/paletteItem/allPageableByPaletteId/302/0
2026-08-27 08:35:41.223 DEBUG o.code_studio.rest.CSRestService$1 - 404: http://localhost:33377/api/v1/craneQueue/allInputByClientId/50008
2026-08-27 08:35:41.679 INFO  org.code_studio.rest.CSRestService - 404: http://localhost:33377/api/v1/paletteItem/allPageableByPaletteId/301/0
2026-08-27 08:35:44.856 INFO  org.code_studio.rest.CSRestService - 404: http://localhost:33377/api/v1/paletteItem/allPageableByPaletteId/302/0
2026-08-27 08:36:25.120 DEBUG o.code_studio.rest.CSRestService$1 - 404: http://localhost:33377/api/v1/craneQueue/allInputByClientId/50008
2026-08-27 08:36:25.918 INFO  org.code_studio.rest.CSRestService - 404: http://localhost:33377/api/v1/paletteItem/allPageableByPaletteId/301/0
2026-08-27 08:36:28.911 INFO  org.code_studio.rest.CSRestService - 404: http://localhost:33377/api/v1/paletteItem/allPageableByPaletteId/302/0
2026-08-27 08:36:54.666 INFO  org.code_studio.rest.CSRestService - 404: http://localhost:33377/api/v1/paletteItem/allPageableByPaletteId/301/0
2026-08-27 08:36:56.035 INFO  org.code_studio.rest.CSRestService - 404: http://localhost:33377/api/v1/paletteItem/allPageableByPaletteId/302/0
2026-08-27 08:40:04.217 ERROR org.code_studio.rest.CSRestService - 400: http://localhost:33377/api/v1/item/allByClientIdPageable/0/50008
2026-08-27 08:40:45.159 INFO  org.code_studio.rest.CSRestService - 404: http://localhost:33377/api/v1/paletteItem/allPageableByPaletteId/301/0
2026-08-27 08:40:46.336 INFO  org.code_studio.rest.CSRestService - 404: http://localhost:33377/api/v1/paletteItem/allPageableByPaletteId/303/0
2026-08-27 08:54:13.113 INFO  org.code_studio.rest.CSRestService - 404: http://localhost:33377/api/v1/palette/allPageableByDocumentId/8/0
2026-08-27 08:54:15.399 INFO  org.code_studio.rest.CSRestService - 404: http://localhost:33377/api/v1/palette/allPageableByDocumentId/8/0
2026-08-27 08:54:43.475 INFO  org.code_studio.rest.CSRestService - 404: http://localhost:33377/api/v1/paletteItem/allPageableByPaletteId/303/0
2026-08-27 08:54:44.786 INFO  org.code_studio.rest.CSRestService - 404: http://localhost:33377/api/v1/paletteItem/allPageableByPaletteId/304/0
2026-08-27 10:00:05.461 DEBUG o.code_studio.rest.CSRestService$1 - 404: http://localhost:33377/api/v1/craneQueue/allInputByClientId/50008
2026-08-27 10:00:06.223 INFO  org.code_studio.rest.CSRestService - 404: http://localhost:33377/api/v1/paletteItem/allPageableByPaletteId/304/0
2026-08-27 10:00:10.456 INFO  org.code_studio.rest.CSRestService - 404: http://localhost:33377/api/v1/paletteItem/allPageableByPaletteId/303/0
2026-08-27 10:00:13.714 INFO  org.code_studio.rest.CSRestService - 404: http://localhost:33377/api/v1/paletteItem/allPageableByPaletteId/304/0
2026-08-27 10:01:33.477 INFO  org.code_studio.rest.CSRestService - 404: http://localhost:33377/api/v1/paletteItem/allPageableByPaletteId/301/0
2026-08-27 10:01:34.647 INFO  org.code_studio.rest.CSRestService - 404: http://localhost:33377/api/v1/paletteItem/allPageableByPaletteId/305/0
2026-08-27 10:03:37.812 INFO  org.code_studio.rest.CSRestService - 404: http://localhost:33377/api/v1/paletteItem/allPageableByPaletteId/301/0
2026-08-27 10:03:38.883 INFO  org.code_studio.rest.CSRestService - 404: http://localhost:33377/api/v1/paletteItem/allPageableByPaletteId/306/0
2026-08-27 10:24:07.603 DEBUG o.code_studio.rest.CSRestService$1 - 404: http://localhost:33377/api/v1/craneQueue/allInputByClientId/50008
2026-08-27 10:24:08.706 INFO  org.code_studio.rest.CSRestService - 404: http://localhost:33377/api/v1/paletteItem/allPageableByPaletteId/306/0
2026-08-27 10:24:55.155 INFO  org.code_studio.rest.CSRestService - 404: http://localhost:33377/api/v1/paletteItem/allPageableByPaletteId/301/0
2026-08-27 10:24:56.334 INFO  org.code_studio.rest.CSRestService - 404: http://localhost:33377/api/v1/paletteItem/allPageableByPaletteId/306/0
2026-08-27 10:24:58.088 INFO  org.code_studio.rest.CSRestService - 404: http://localhost:33377/api/v1/paletteItem/allPageableByPaletteId/301/0
2026-08-27 10:24:59.827 INFO  org.code_studio.rest.CSRestService - 404: http://localhost:33377/api/v1/paletteItem/allPageableByPaletteId/306/0
2026-08-27 10:25:04.106 INFO  org.code_studio.rest.CSRestService - 404: http://localhost:33377/api/v1/paletteItem/allPageableByPaletteId/301/0
2026-08-27 10:25:04.933 INFO  org.code_studio.rest.CSRestService - 404: http://localhost:33377/api/v1/paletteItem/allPageableByPaletteId/303/0
2026-08-27 10:25:05.853 INFO  org.code_studio.rest.CSRestService - 404: http://localhost:33377/api/v1/paletteItem/allPageableByPaletteId/306/0
2026-08-27 10:25:19.248 INFO  org.code_studio.rest.CSRestService - 404: http://localhost:33377/api/v1/paletteItem/allPageableByPaletteId/303/0
2026-08-27 10:25:20.189 INFO  org.code_studio.rest.CSRestService - 404: http://localhost:33377/api/v1/paletteItem/allPageableByPaletteId/306/0
2026-08-27 10:26:46.097 INFO  org.code_studio.rest.CSRestService - 404: http://localhost:33377/api/v1/paletteItem/allPageableByPaletteId/301/0
2026-08-27 10:26:47.224 INFO  org.code_studio.rest.CSRestService - 404: http://localhost:33377/api/v1/paletteItem/allPageableByPaletteId/306/0
2026-08-27 10:26:48.897 INFO  org.code_studio.rest.CSRestService - 404: http://localhost:33377/api/v1/paletteItem/allPageableByPaletteId/301/0
2026-08-27 10:26:49.495 INFO  org.code_studio.rest.CSRestService - 404: http://localhost:33377/api/v1/paletteItem/allPageableByPaletteId/306/0
2026-08-27 10:36:18.558 DEBUG o.code_studio.rest.CSRestService$1 - 404: http://localhost:33377/api/v1/craneQueue/allInputByClientId/50008
2026-08-27 10:36:19.170 INFO  org.code_studio.rest.CSRestService - 404: http://localhost:33377/api/v1/paletteItem/allPageableByPaletteId/306/0
2026-08-27 10:36:46.486 INFO  org.code_studio.rest.CSRestService - 404: http://localhost:33377/api/v1/paletteItem/allPageableByPaletteId/301/0
2026-08-27 10:36:47.857 INFO  org.code_studio.rest.CSRestService - 404: http://localhost:33377/api/v1/paletteItem/allPageableByPaletteId/306/0
2026-08-27 11:36:16.917 DEBUG o.code_studio.rest.CSRestService$1 - 404: http://localhost:33377/api/v1/craneQueue/allInputByClientId/50008
2026-08-27 11:36:17.540 INFO  org.code_studio.rest.CSRestService - 404: http://localhost:33377/api/v1/paletteItem/allPageableByPaletteId/306/0
2026-08-27 11:37:00.177 ERROR org.code_studio.rest.CSRestService - {}
com.fasterxml.jackson.databind.JsonMappingException: Cannot invoke "org.code_studio.database.PaletteDocument.getProcessDate()" because "this.paletteDocument" is null (through reference chain: org.code_studio.database.Palette["processDate"])
	at com.fasterxml.jackson.databind.JsonMappingException.wrapWithPath(JsonMappingException.java:401)
	at com.fasterxml.jackson.databind.JsonMappingException.wrapWithPath(JsonMappingException.java:360)
	at com.fasterxml.jackson.databind.ser.std.StdSerializer.wrapAndThrow(StdSerializer.java:323)
	at com.fasterxml.jackson.databind.ser.std.BeanSerializerBase.serializeFields(BeanSerializerBase.java:778)
	at com.fasterxml.jackson.databind.ser.BeanSerializer.serialize(BeanSerializer.java:184)
	at com.fasterxml.jackson.databind.ser.DefaultSerializerProvider._serialize(DefaultSerializerProvider.java:502)
	at com.fasterxml.jackson.databind.ser.DefaultSerializerProvider.serializeValue(DefaultSerializerProvider.java:341)
	at com.fasterxml.jackson.databind.ObjectWriter$Prefetch.serialize(ObjectWriter.java:1587)
	at com.fasterxml.jackson.databind.ObjectWriter._writeValueAndClose(ObjectWriter.java:1289)
	at com.fasterxml.jackson.databind.ObjectWriter.writeValueAsString(ObjectWriter.java:1140)
	at org.code_studio.rest.CSRestService.addOrUpdate(CSRestService.java:370)
	at org.code_studio.controller.Dobanovci_PaletteGroupAddEditController.lambda$3(Dobanovci_PaletteGroupAddEditController.java:178)
	at com.sun.javafx.event.CompositeEventHandler.dispatchBubblingEvent(CompositeEventHandler.java:86)
	at com.sun.javafx.event.EventHandlerManager.dispatchBubblingEvent(EventHandlerManager.java:232)
	at com.sun.javafx.event.EventHandlerManager.dispatchBubblingEvent(EventHandlerManager.java:189)
	at com.sun.javafx.event.CompositeEventDispatcher.dispatchBubblingEvent(CompositeEventDispatcher.java:59)
	at com.sun.javafx.event.BasicEventDispatcher.dispatchEvent(BasicEventDispatcher.java:58)
	at com.sun.javafx.event.EventDispatchChainImpl.dispatchEvent(EventDispatchChainImpl.java:114)
	at com.sun.javafx.event.BasicEventDispatcher.dispatchEvent(BasicEventDispatcher.java:56)
	at com.sun.javafx.event.EventDispatchChainImpl.dispatchEvent(EventDispatchChainImpl.java:114)
	at com.sun.javafx.event.BasicEventDispatcher.dispatchEvent(BasicEventDispatcher.java:56)
	at com.sun.javafx.event.EventDispatchChainImpl.dispatchEvent(EventDispatchChainImpl.java:114)
	at com.sun.javafx.event.EventUtil.fireEventImpl(EventUtil.java:74)
	at com.sun.javafx.event.EventUtil.fireEvent(EventUtil.java:49)
	at javafx.event.Event.fireEvent(Event.java:199)
	at javafx.scene.Node.fireEvent(Node.java:9005)
	at javafx.scene.control.Button.fire(Button.java:203)
	at com.sun.javafx.scene.control.behavior.ButtonBehavior.mouseReleased(ButtonBehavior.java:207)
	at com.sun.javafx.scene.control.inputmap.InputMap.handle(InputMap.java:274)
	at com.sun.javafx.event.CompositeEventHandler$NormalEventHandlerRecord.handleBubblingEvent(CompositeEventHandler.java:247)
	at com.sun.javafx.event.CompositeEventHandler.dispatchBubblingEvent(CompositeEventHandler.java:80)
	at com.sun.javafx.event.EventHandlerManager.dispatchBubblingEvent(EventHandlerManager.java:232)
	at com.sun.javafx.event.EventHandlerManager.dispatchBubblingEvent(EventHandlerManager.java:189)
	at com.sun.javafx.event.CompositeEventDispatcher.dispatchBubblingEvent(CompositeEventDispatcher.java:59)
	at com.sun.javafx.event.BasicEventDispatcher.dispatchEvent(BasicEventDispatcher.java:58)
	at com.sun.javafx.event.EventDispatchChainImpl.dispatchEvent(EventDispatchChainImpl.java:114)
	at com.sun.javafx.event.BasicEventDispatcher.dispatchEvent(BasicEventDispatcher.java:56)
	at com.sun.javafx.event.EventDispatchChainImpl.dispatchEvent(EventDispatchChainImpl.java:114)
	at com.sun.javafx.event.BasicEventDispatcher.dispatchEvent(BasicEventDispatcher.java:56)
	at com.sun.javafx.event.EventDispatchChainImpl.dispatchEvent(EventDispatchChainImpl.java:114)
	at com.sun.javafx.event.EventUtil.fireEventImpl(EventUtil.java:74)
	at com.sun.javafx.event.EventUtil.fireEvent(EventUtil.java:49)
	at javafx.event.Event.fireEvent(Event.java:199)
	at javafx.scene.Scene$MouseHandler.process(Scene.java:4005)
	at javafx.scene.Scene.processMouseEvent(Scene.java:1934)
	at javafx.scene.Scene$ScenePeerListener.mouseEvent(Scene.java:2763)
	at com.sun.javafx.tk.quantum.GlassViewEventHandler$MouseEventNotification.get(GlassViewEventHandler.java:352)
	at com.sun.javafx.tk.quantum.GlassViewEventHandler$MouseEventNotification.get(GlassViewEventHandler.java:254)
	at com.sun.javafx.tk.quantum.QuantumToolkit.runWithoutRenderLock(QuantumToolkit.java:424)
	at com.sun.javafx.tk.quantum.GlassViewEventHandler.handleMouseEvent(GlassViewEventHandler.java:386)
	at com.sun.glass.ui.View.handleMouseEvent(View.java:560)
	at com.sun.glass.ui.View.notifyMouse(View.java:946)
	at com.sun.glass.ui.win.WinApplication._enterNestedEventLoopImpl(Native Method)
	at com.sun.glass.ui.win.WinApplication._enterNestedEventLoop(WinApplication.java:195)
	at com.sun.glass.ui.Application.enterNestedEventLoop(Application.java:510)
	at com.sun.glass.ui.EventLoop.enter(EventLoop.java:107)
	at com.sun.javafx.tk.quantum.QuantumToolkit.enterNestedEventLoop(QuantumToolkit.java:649)
	at javafx.stage.Stage.showAndWait(Stage.java:429)
	at org.code_studio.main.Common.displayForm(Common.java:211)
	at org.code_studio.controller.Dobanovci_GoodsInController.lambda$14(Dobanovci_GoodsInController.java:342)
	at com.sun.javafx.event.CompositeEventHandler.dispatchBubblingEvent(CompositeEventHandler.java:86)
	at com.sun.javafx.event.EventHandlerManager.dispatchBubblingEvent(EventHandlerManager.java:232)
	at com.sun.javafx.event.EventHandlerManager.dispatchBubblingEvent(EventHandlerManager.java:189)
	at com.sun.javafx.event.CompositeEventDispatcher.dispatchBubblingEvent(CompositeEventDispatcher.java:59)
	at com.sun.javafx.event.BasicEventDispatcher.dispatchEvent(BasicEventDispatcher.java:58)
	at com.sun.javafx.event.EventDispatchChainImpl.dispatchEvent(EventDispatchChainImpl.java:114)
	at com.sun.javafx.event.BasicEventDispatcher.dispatchEvent(BasicEventDispatcher.java:56)
	at com.sun.javafx.event.EventDispatchChainImpl.dispatchEvent(EventDispatchChainImpl.java:114)
	at com.sun.javafx.event.BasicEventDispatcher.dispatchEvent(BasicEventDispatcher.java:56)
	at com.sun.javafx.event.EventDispatchChainImpl.dispatchEvent(EventDispatchChainImpl.java:114)
	at com.sun.javafx.event.BasicEventDispatcher.dispatchEvent(BasicEventDispatcher.java:56)
	at com.sun.javafx.event.EventDispatchChainImpl.dispatchEvent(EventDispatchChainImpl.java:114)
	at com.sun.javafx.event.EventUtil.fireEventImpl(EventUtil.java:74)
	at com.sun.javafx.event.EventUtil.fireEvent(EventUtil.java:49)
	at javafx.event.Event.fireEvent(Event.java:199)
	at javafx.scene.Node.fireEvent(Node.java:9005)
	at javafx.scene.control.Button.fire(Button.java:203)
	at com.sun.javafx.scene.control.behavior.ButtonBehavior.mouseReleased(ButtonBehavior.java:207)
	at com.sun.javafx.scene.control.inputmap.InputMap.handle(InputMap.java:274)
	at com.sun.javafx.event.CompositeEventHandler$NormalEventHandlerRecord.handleBubblingEvent(CompositeEventHandler.java:247)
	at com.sun.javafx.event.CompositeEventHandler.dispatchBubblingEvent(CompositeEventHandler.java:80)
	at com.sun.javafx.event.EventHandlerManager.dispatchBubblingEvent(EventHandlerManager.java:232)
	at com.sun.javafx.event.EventHandlerManager.dispatchBubblingEvent(EventHandlerManager.java:189)
	at com.sun.javafx.event.CompositeEventDispatcher.dispatchBubblingEvent(CompositeEventDispatcher.java:59)
	at com.sun.javafx.event.BasicEventDispatcher.dispatchEvent(BasicEventDispatcher.java:58)
	at com.sun.javafx.event.EventDispatchChainImpl.dispatchEvent(EventDispatchChainImpl.java:114)
	at com.sun.javafx.event.BasicEventDispatcher.dispatchEvent(BasicEventDispatcher.java:56)
	at com.sun.javafx.event.EventDispatchChainImpl.dispatchEvent(EventDispatchChainImpl.java:114)
	at com.sun.javafx.event.BasicEventDispatcher.dispatchEvent(BasicEventDispatcher.java:56)
	at com.sun.javafx.event.EventDispatchChainImpl.dispatchEvent(EventDispatchChainImpl.java:114)
	at com.sun.javafx.event.BasicEventDispatcher.dispatchEvent(BasicEventDispatcher.java:56)
	at com.sun.javafx.event.EventDispatchChainImpl.dispatchEvent(EventDispatchChainImpl.java:114)
	at com.sun.javafx.event.EventUtil.fireEventImpl(EventUtil.java:74)
	at com.sun.javafx.event.EventUtil.fireEvent(EventUtil.java:54)
	at javafx.event.Event.fireEvent(Event.java:199)
	at javafx.scene.Scene$MouseHandler.process(Scene.java:4005)
	at javafx.scene.Scene.processMouseEvent(Scene.java:1934)
	at javafx.scene.Scene$ScenePeerListener.mouseEvent(Scene.java:2763)
	at com.sun.javafx.tk.quantum.GlassViewEventHandler$MouseEventNotification.get(GlassViewEventHandler.java:352)
	at com.sun.javafx.tk.quantum.GlassViewEventHandler$MouseEventNotification.get(GlassViewEventHandler.java:254)
	at com.sun.javafx.tk.quantum.QuantumToolkit.runWithoutRenderLock(QuantumToolkit.java:424)
	at com.sun.javafx.tk.quantum.GlassViewEventHandler.handleMouseEvent(GlassViewEventHandler.java:386)
	at com.sun.glass.ui.View.handleMouseEvent(View.java:560)
	at com.sun.glass.ui.View.notifyMouse(View.java:946)
	at com.sun.glass.ui.win.WinApplication._runLoop(Native Method)
	at com.sun.glass.ui.win.WinApplication.lambda$runLoop$0(WinApplication.java:168)
	at java.base/java.lang.Thread.run(Thread.java:1447)
Caused by: java.lang.NullPointerException: Cannot invoke "org.code_studio.database.PaletteDocument.getProcessDate()" because "this.paletteDocument" is null
	at org.code_studio.database.Palette.getProcessDate(Palette.java:268)
	at java.base/jdk.internal.reflect.DirectMethodHandleAccessor.invoke(DirectMethodHandleAccessor.java:104)
	at java.base/java.lang.reflect.Method.invoke(Method.java:565)
	at com.fasterxml.jackson.databind.ser.BeanPropertyWriter.serializeAsField(BeanPropertyWriter.java:688)
	at com.fasterxml.jackson.databind.ser.std.BeanSerializerBase.serializeFields(BeanSerializerBase.java:770)
	... 103 common frames omitted
2026-08-27 11:37:01.198 INFO  org.code_studio.rest.CSRestService - 404: http://localhost:33377/api/v1/item/allPageableByNameAndClientId/gh/50008/0
2026-08-27 11:37:01.288 ERROR org.code_studio.rest.CSRestService - {}
com.fasterxml.jackson.databind.JsonMappingException: Cannot invoke "java.math.BigDecimal.toString()" because "this.netPriceRmD" is null (through reference chain: org.code_studio.database.Item["netPriceRmDPlusSpec"])
	at com.fasterxml.jackson.databind.JsonMappingException.wrapWithPath(JsonMappingException.java:401)
	at com.fasterxml.jackson.databind.JsonMappingException.wrapWithPath(JsonMappingException.java:360)
	at com.fasterxml.jackson.databind.ser.std.StdSerializer.wrapAndThrow(StdSerializer.java:323)
	at com.fasterxml.jackson.databind.ser.std.BeanSerializerBase.serializeFields(BeanSerializerBase.java:778)
	at com.fasterxml.jackson.databind.ser.BeanSerializer.serialize(BeanSerializer.java:184)
	at com.fasterxml.jackson.databind.ser.DefaultSerializerProvider._serialize(DefaultSerializerProvider.java:502)
	at com.fasterxml.jackson.databind.ser.DefaultSerializerProvider.serializeValue(DefaultSerializerProvider.java:341)
	at com.fasterxml.jackson.databind.ObjectWriter$Prefetch.serialize(ObjectWriter.java:1587)
	at com.fasterxml.jackson.databind.ObjectWriter._writeValueAndClose(ObjectWriter.java:1289)
	at com.fasterxml.jackson.databind.ObjectWriter.writeValueAsString(ObjectWriter.java:1140)
	at org.code_studio.rest.CSRestService.addOrUpdate(CSRestService.java:370)
	at org.code_studio.controller.Dobanovci_PaletteGroupAddEditController.lambda$3(Dobanovci_PaletteGroupAddEditController.java:203)
	at com.sun.javafx.event.CompositeEventHandler.dispatchBubblingEvent(CompositeEventHandler.java:86)
	at com.sun.javafx.event.EventHandlerManager.dispatchBubblingEvent(EventHandlerManager.java:232)
	at com.sun.javafx.event.EventHandlerManager.dispatchBubblingEvent(EventHandlerManager.java:189)
	at com.sun.javafx.event.CompositeEventDispatcher.dispatchBubblingEvent(CompositeEventDispatcher.java:59)
	at com.sun.javafx.event.BasicEventDispatcher.dispatchEvent(BasicEventDispatcher.java:58)
	at com.sun.javafx.event.EventDispatchChainImpl.dispatchEvent(EventDispatchChainImpl.java:114)
	at com.sun.javafx.event.BasicEventDispatcher.dispatchEvent(BasicEventDispatcher.java:56)
	at com.sun.javafx.event.EventDispatchChainImpl.dispatchEvent(EventDispatchChainImpl.java:114)
	at com.sun.javafx.event.BasicEventDispatcher.dispatchEvent(BasicEventDispatcher.java:56)
	at com.sun.javafx.event.EventDispatchChainImpl.dispatchEvent(EventDispatchChainImpl.java:114)
	at com.sun.javafx.event.EventUtil.fireEventImpl(EventUtil.java:74)
	at com.sun.javafx.event.EventUtil.fireEvent(EventUtil.java:49)
	at javafx.event.Event.fireEvent(Event.java:199)
	at javafx.scene.Node.fireEvent(Node.java:9005)
	at javafx.scene.control.Button.fire(Button.java:203)
	at com.sun.javafx.scene.control.behavior.ButtonBehavior.mouseReleased(ButtonBehavior.java:207)
	at com.sun.javafx.scene.control.inputmap.InputMap.handle(InputMap.java:274)
	at com.sun.javafx.event.CompositeEventHandler$NormalEventHandlerRecord.handleBubblingEvent(CompositeEventHandler.java:247)
	at com.sun.javafx.event.CompositeEventHandler.dispatchBubblingEvent(CompositeEventHandler.java:80)
	at com.sun.javafx.event.EventHandlerManager.dispatchBubblingEvent(EventHandlerManager.java:232)
	at com.sun.javafx.event.EventHandlerManager.dispatchBubblingEvent(EventHandlerManager.java:189)
	at com.sun.javafx.event.CompositeEventDispatcher.dispatchBubblingEvent(CompositeEventDispatcher.java:59)
	at com.sun.javafx.event.BasicEventDispatcher.dispatchEvent(BasicEventDispatcher.java:58)
	at com.sun.javafx.event.EventDispatchChainImpl.dispatchEvent(EventDispatchChainImpl.java:114)
	at com.sun.javafx.event.BasicEventDispatcher.dispatchEvent(BasicEventDispatcher.java:56)
	at com.sun.javafx.event.EventDispatchChainImpl.dispatchEvent(EventDispatchChainImpl.java:114)
	at com.sun.javafx.event.BasicEventDispatcher.dispatchEvent(BasicEventDispatcher.java:56)
	at com.sun.javafx.event.EventDispatchChainImpl.dispatchEvent(EventDispatchChainImpl.java:114)
	at com.sun.javafx.event.EventUtil.fireEventImpl(EventUtil.java:74)
	at com.sun.javafx.event.EventUtil.fireEvent(EventUtil.java:49)
	at javafx.event.Event.fireEvent(Event.java:199)
	at javafx.scene.Scene$MouseHandler.process(Scene.java:4005)
	at javafx.scene.Scene.processMouseEvent(Scene.java:1934)
	at javafx.scene.Scene$ScenePeerListener.mouseEvent(Scene.java:2763)
	at com.sun.javafx.tk.quantum.GlassViewEventHandler$MouseEventNotification.get(GlassViewEventHandler.java:352)
	at com.sun.javafx.tk.quantum.GlassViewEventHandler$MouseEventNotification.get(GlassViewEventHandler.java:254)
	at com.sun.javafx.tk.quantum.QuantumToolkit.runWithoutRenderLock(QuantumToolkit.java:424)
	at com.sun.javafx.tk.quantum.GlassViewEventHandler.handleMouseEvent(GlassViewEventHandler.java:386)
	at com.sun.glass.ui.View.handleMouseEvent(View.java:560)
	at com.sun.glass.ui.View.notifyMouse(View.java:946)
	at com.sun.glass.ui.win.WinApplication._enterNestedEventLoopImpl(Native Method)
	at com.sun.glass.ui.win.WinApplication._enterNestedEventLoop(WinApplication.java:195)
	at com.sun.glass.ui.Application.enterNestedEventLoop(Application.java:510)
	at com.sun.glass.ui.EventLoop.enter(EventLoop.java:107)
	at com.sun.javafx.tk.quantum.QuantumToolkit.enterNestedEventLoop(QuantumToolkit.java:649)
	at javafx.stage.Stage.showAndWait(Stage.java:429)
	at org.code_studio.main.Common.displayForm(Common.java:211)
	at org.code_studio.controller.Dobanovci_GoodsInController.lambda$14(Dobanovci_GoodsInController.java:342)
	at com.sun.javafx.event.CompositeEventHandler.dispatchBubblingEvent(CompositeEventHandler.java:86)
	at com.sun.javafx.event.EventHandlerManager.dispatchBubblingEvent(EventHandlerManager.java:232)
	at com.sun.javafx.event.EventHandlerManager.dispatchBubblingEvent(EventHandlerManager.java:189)
	at com.sun.javafx.event.CompositeEventDispatcher.dispatchBubblingEvent(CompositeEventDispatcher.java:59)
	at com.sun.javafx.event.BasicEventDispatcher.dispatchEvent(BasicEventDispatcher.java:58)
	at com.sun.javafx.event.EventDispatchChainImpl.dispatchEvent(EventDispatchChainImpl.java:114)
	at com.sun.javafx.event.BasicEventDispatcher.dispatchEvent(BasicEventDispatcher.java:56)
	at com.sun.javafx.event.EventDispatchChainImpl.dispatchEvent(EventDispatchChainImpl.java:114)
	at com.sun.javafx.event.BasicEventDispatcher.dispatchEvent(BasicEventDispatcher.java:56)
	at com.sun.javafx.event.EventDispatchChainImpl.dispatchEvent(EventDispatchChainImpl.java:114)
	at com.sun.javafx.event.BasicEventDispatcher.dispatchEvent(BasicEventDispatcher.java:56)
	at com.sun.javafx.event.EventDispatchChainImpl.dispatchEvent(EventDispatchChainImpl.java:114)
	at com.sun.javafx.event.EventUtil.fireEventImpl(EventUtil.java:74)
	at com.sun.javafx.event.EventUtil.fireEvent(EventUtil.java:49)
	at javafx.event.Event.fireEvent(Event.java:199)
	at javafx.scene.Node.fireEvent(Node.java:9005)
	at javafx.scene.control.Button.fire(Button.java:203)
	at com.sun.javafx.scene.control.behavior.ButtonBehavior.mouseReleased(ButtonBehavior.java:207)
	at com.sun.javafx.scene.control.inputmap.InputMap.handle(InputMap.java:274)
	at com.sun.javafx.event.CompositeEventHandler$NormalEventHandlerRecord.handleBubblingEvent(CompositeEventHandler.java:247)
	at com.sun.javafx.event.CompositeEventHandler.dispatchBubblingEvent(CompositeEventHandler.java:80)
	at com.sun.javafx.event.EventHandlerManager.dispatchBubblingEvent(EventHandlerManager.java:232)
	at com.sun.javafx.event.EventHandlerManager.dispatchBubblingEvent(EventHandlerManager.java:189)
	at com.sun.javafx.event.CompositeEventDispatcher.dispatchBubblingEvent(CompositeEventDispatcher.java:59)
	at com.sun.javafx.event.BasicEventDispatcher.dispatchEvent(BasicEventDispatcher.java:58)
	at com.sun.javafx.event.EventDispatchChainImpl.dispatchEvent(EventDispatchChainImpl.java:114)
	at com.sun.javafx.event.BasicEventDispatcher.dispatchEvent(BasicEventDispatcher.java:56)
	at com.sun.javafx.event.EventDispatchChainImpl.dispatchEvent(EventDispatchChainImpl.java:114)
	at com.sun.javafx.event.BasicEventDispatcher.dispatchEvent(BasicEventDispatcher.java:56)
	at com.sun.javafx.event.EventDispatchChainImpl.dispatchEvent(EventDispatchChainImpl.java:114)
	at com.sun.javafx.event.BasicEventDispatcher.dispatchEvent(BasicEventDispatcher.java:56)
	at com.sun.javafx.event.EventDispatchChainImpl.dispatchEvent(EventDispatchChainImpl.java:114)
	at com.sun.javafx.event.EventUtil.fireEventImpl(EventUtil.java:74)
	at com.sun.javafx.event.EventUtil.fireEvent(EventUtil.java:54)
	at javafx.event.Event.fireEvent(Event.java:199)
	at javafx.scene.Scene$MouseHandler.process(Scene.java:4005)
	at javafx.scene.Scene.processMouseEvent(Scene.java:1934)
	at javafx.scene.Scene$ScenePeerListener.mouseEvent(Scene.java:2763)
	at com.sun.javafx.tk.quantum.GlassViewEventHandler$MouseEventNotification.get(GlassViewEventHandler.java:352)
	at com.sun.javafx.tk.quantum.GlassViewEventHandler$MouseEventNotification.get(GlassViewEventHandler.java:254)
	at com.sun.javafx.tk.quantum.QuantumToolkit.runWithoutRenderLock(QuantumToolkit.java:424)
	at com.sun.javafx.tk.quantum.GlassViewEventHandler.handleMouseEvent(GlassViewEventHandler.java:386)
	at com.sun.glass.ui.View.handleMouseEvent(View.java:560)
	at com.sun.glass.ui.View.notifyMouse(View.java:946)
	at com.sun.glass.ui.win.WinApplication._runLoop(Native Method)
	at com.sun.glass.ui.win.WinApplication.lambda$runLoop$0(WinApplication.java:168)
	at java.base/java.lang.Thread.run(Thread.java:1447)
Caused by: java.lang.NullPointerException: Cannot invoke "java.math.BigDecimal.toString()" because "this.netPriceRmD" is null
	at org.code_studio.database.Item.getNetPriceRmDPlusSpec(Item.java:546)
	at java.base/jdk.internal.reflect.DirectMethodHandleAccessor.invoke(DirectMethodHandleAccessor.java:104)
	at java.base/java.lang.reflect.Method.invoke(Method.java:565)
	at com.fasterxml.jackson.databind.ser.BeanPropertyWriter.serializeAsField(BeanPropertyWriter.java:688)
	at com.fasterxml.jackson.databind.ser.std.BeanSerializerBase.serializeFields(BeanSerializerBase.java:770)
	... 103 common frames omitted
2026-08-27 11:37:01.534 ERROR org.code_studio.rest.CSRestService - {}
org.springframework.web.client.HttpClientErrorException$UnsupportedMediaType: 415  on POST request for "http://localhost:33377/api/v1/paletteItem": "{"timestamp":"2026-08-27T09:37:01.472+00:00","status":415,"error":"Unsupported Media Type","path":"/api/v1/paletteItem"}"
	at org.springframework.web.client.HttpClientErrorException.create(HttpClientErrorException.java:127)
	at org.springframework.web.client.DefaultResponseErrorHandler.handleError(DefaultResponseErrorHandler.java:186)
	at org.springframework.web.client.DefaultResponseErrorHandler.handleError(DefaultResponseErrorHandler.java:147)
	at org.springframework.web.client.RestTemplate.handleResponse(RestTemplate.java:953)
	at org.springframework.web.client.RestTemplate.doExecute(RestTemplate.java:902)
	at org.springframework.web.client.RestTemplate.execute(RestTemplate.java:841)
	at org.springframework.web.client.RestTemplate.postForEntity(RestTemplate.java:567)
	at org.code_studio.rest.CSRestService.addOrUpdate(CSRestService.java:372)
	at org.code_studio.controller.Dobanovci_PaletteGroupAddEditController.lambda$3(Dobanovci_PaletteGroupAddEditController.java:220)
	at com.sun.javafx.event.CompositeEventHandler.dispatchBubblingEvent(CompositeEventHandler.java:86)
	at com.sun.javafx.event.EventHandlerManager.dispatchBubblingEvent(EventHandlerManager.java:232)
	at com.sun.javafx.event.EventHandlerManager.dispatchBubblingEvent(EventHandlerManager.java:189)
	at com.sun.javafx.event.CompositeEventDispatcher.dispatchBubblingEvent(CompositeEventDispatcher.java:59)
	at com.sun.javafx.event.BasicEventDispatcher.dispatchEvent(BasicEventDispatcher.java:58)
	at com.sun.javafx.event.EventDispatchChainImpl.dispatchEvent(EventDispatchChainImpl.java:114)
	at com.sun.javafx.event.BasicEventDispatcher.dispatchEvent(BasicEventDispatcher.java:56)
	at com.sun.javafx.event.EventDispatchChainImpl.dispatchEvent(EventDispatchChainImpl.java:114)
	at com.sun.javafx.event.BasicEventDispatcher.dispatchEvent(BasicEventDispatcher.java:56)
	at com.sun.javafx.event.EventDispatchChainImpl.dispatchEvent(EventDispatchChainImpl.java:114)
	at com.sun.javafx.event.EventUtil.fireEventImpl(EventUtil.java:74)
	at com.sun.javafx.event.EventUtil.fireEvent(EventUtil.java:49)
	at javafx.event.Event.fireEvent(Event.java:199)
	at javafx.scene.Node.fireEvent(Node.java:9005)
	at javafx.scene.control.Button.fire(Button.java:203)
	at com.sun.javafx.scene.control.behavior.ButtonBehavior.mouseReleased(ButtonBehavior.java:207)
	at com.sun.javafx.scene.control.inputmap.InputMap.handle(InputMap.java:274)
	at com.sun.javafx.event.CompositeEventHandler$NormalEventHandlerRecord.handleBubblingEvent(CompositeEventHandler.java:247)
	at com.sun.javafx.event.CompositeEventHandler.dispatchBubblingEvent(CompositeEventHandler.java:80)
	at com.sun.javafx.event.EventHandlerManager.dispatchBubblingEvent(EventHandlerManager.java:232)
	at com.sun.javafx.event.EventHandlerManager.dispatchBubblingEvent(EventHandlerManager.java:189)
	at com.sun.javafx.event.CompositeEventDispatcher.dispatchBubblingEvent(CompositeEventDispatcher.java:59)
	at com.sun.javafx.event.BasicEventDispatcher.dispatchEvent(BasicEventDispatcher.java:58)
	at com.sun.javafx.event.EventDispatchChainImpl.dispatchEvent(EventDispatchChainImpl.java:114)
	at com.sun.javafx.event.BasicEventDispatcher.dispatchEvent(BasicEventDispatcher.java:56)
	at com.sun.javafx.event.EventDispatchChainImpl.dispatchEvent(EventDispatchChainImpl.java:114)
	at com.sun.javafx.event.BasicEventDispatcher.dispatchEvent(BasicEventDispatcher.java:56)
	at com.sun.javafx.event.EventDispatchChainImpl.dispatchEvent(EventDispatchChainImpl.java:114)
	at com.sun.javafx.event.EventUtil.fireEventImpl(EventUtil.java:74)
	at com.sun.javafx.event.EventUtil.fireEvent(EventUtil.java:49)
	at javafx.event.Event.fireEvent(Event.java:199)
	at javafx.scene.Scene$MouseHandler.process(Scene.java:4005)
	at javafx.scene.Scene.processMouseEvent(Scene.java:1934)
	at javafx.scene.Scene$ScenePeerListener.mouseEvent(Scene.java:2763)
	at com.sun.javafx.tk.quantum.GlassViewEventHandler$MouseEventNotification.get(GlassViewEventHandler.java:352)
	at com.sun.javafx.tk.quantum.GlassViewEventHandler$MouseEventNotification.get(GlassViewEventHandler.java:254)
	at com.sun.javafx.tk.quantum.QuantumToolkit.runWithoutRenderLock(QuantumToolkit.java:424)
	at com.sun.javafx.tk.quantum.GlassViewEventHandler.handleMouseEvent(GlassViewEventHandler.java:386)
	at com.sun.glass.ui.View.handleMouseEvent(View.java:560)
	at com.sun.glass.ui.View.notifyMouse(View.java:946)
	at com.sun.glass.ui.win.WinApplication._enterNestedEventLoopImpl(Native Method)
	at com.sun.glass.ui.win.WinApplication._enterNestedEventLoop(WinApplication.java:195)
	at com.sun.glass.ui.Application.enterNestedEventLoop(Application.java:510)
	at com.sun.glass.ui.EventLoop.enter(EventLoop.java:107)
	at com.sun.javafx.tk.quantum.QuantumToolkit.enterNestedEventLoop(QuantumToolkit.java:649)
	at javafx.stage.Stage.showAndWait(Stage.java:429)
	at org.code_studio.main.Common.displayForm(Common.java:211)
	at org.code_studio.controller.Dobanovci_GoodsInController.lambda$14(Dobanovci_GoodsInController.java:342)
	at com.sun.javafx.event.CompositeEventHandler.dispatchBubblingEvent(CompositeEventHandler.java:86)
	at com.sun.javafx.event.EventHandlerManager.dispatchBubblingEvent(EventHandlerManager.java:232)
	at com.sun.javafx.event.EventHandlerManager.dispatchBubblingEvent(EventHandlerManager.java:189)
	at com.sun.javafx.event.CompositeEventDispatcher.dispatchBubblingEvent(CompositeEventDispatcher.java:59)
	at com.sun.javafx.event.BasicEventDispatcher.dispatchEvent(BasicEventDispatcher.java:58)
	at com.sun.javafx.event.EventDispatchChainImpl.dispatchEvent(EventDispatchChainImpl.java:114)
	at com.sun.javafx.event.BasicEventDispatcher.dispatchEvent(BasicEventDispatcher.java:56)
	at com.sun.javafx.event.EventDispatchChainImpl.dispatchEvent(EventDispatchChainImpl.java:114)
	at com.sun.javafx.event.BasicEventDispatcher.dispatchEvent(BasicEventDispatcher.java:56)
	at com.sun.javafx.event.EventDispatchChainImpl.dispatchEvent(EventDispatchChainImpl.java:114)
	at com.sun.javafx.event.BasicEventDispatcher.dispatchEvent(BasicEventDispatcher.java:56)
	at com.sun.javafx.event.EventDispatchChainImpl.dispatchEvent(EventDispatchChainImpl.java:114)
	at com.sun.javafx.event.EventUtil.fireEventImpl(EventUtil.java:74)
	at com.sun.javafx.event.EventUtil.fireEvent(EventUtil.java:49)
	at javafx.event.Event.fireEvent(Event.java:199)
	at javafx.scene.Node.fireEvent(Node.java:9005)
	at javafx.scene.control.Button.fire(Button.java:203)
	at com.sun.javafx.scene.control.behavior.ButtonBehavior.mouseReleased(ButtonBehavior.java:207)
	at com.sun.javafx.scene.control.inputmap.InputMap.handle(InputMap.java:274)
	at com.sun.javafx.event.CompositeEventHandler$NormalEventHandlerRecord.handleBubblingEvent(CompositeEventHandler.java:247)
	at com.sun.javafx.event.CompositeEventHandler.dispatchBubblingEvent(CompositeEventHandler.java:80)
	at com.sun.javafx.event.EventHandlerManager.dispatchBubblingEvent(EventHandlerManager.java:232)
	at com.sun.javafx.event.EventHandlerManager.dispatchBubblingEvent(EventHandlerManager.java:189)
	at com.sun.javafx.event.CompositeEventDispatcher.dispatchBubblingEvent(CompositeEventDispatcher.java:59)
	at com.sun.javafx.event.BasicEventDispatcher.dispatchEvent(BasicEventDispatcher.java:58)
	at com.sun.javafx.event.EventDispatchChainImpl.dispatchEvent(EventDispatchChainImpl.java:114)
	at com.sun.javafx.event.BasicEventDispatcher.dispatchEvent(BasicEventDispatcher.java:56)
	at com.sun.javafx.event.EventDispatchChainImpl.dispatchEvent(EventDispatchChainImpl.java:114)
	at com.sun.javafx.event.BasicEventDispatcher.dispatchEvent(BasicEventDispatcher.java:56)
	at com.sun.javafx.event.EventDispatchChainImpl.dispatchEvent(EventDispatchChainImpl.java:114)
	at com.sun.javafx.event.BasicEventDispatcher.dispatchEvent(BasicEventDispatcher.java:56)
	at com.sun.javafx.event.EventDispatchChainImpl.dispatchEvent(EventDispatchChainImpl.java:114)
	at com.sun.javafx.event.EventUtil.fireEventImpl(EventUtil.java:74)
	at com.sun.javafx.event.EventUtil.fireEvent(EventUtil.java:54)
	at javafx.event.Event.fireEvent(Event.java:199)
	at javafx.scene.Scene$MouseHandler.process(Scene.java:4005)
	at javafx.scene.Scene.processMouseEvent(Scene.java:1934)
	at javafx.scene.Scene$ScenePeerListener.mouseEvent(Scene.java:2763)
	at com.sun.javafx.tk.quantum.GlassViewEventHandler$MouseEventNotification.get(GlassViewEventHandler.java:352)
	at com.sun.javafx.tk.quantum.GlassViewEventHandler$MouseEventNotification.get(GlassViewEventHandler.java:254)
	at com.sun.javafx.tk.quantum.QuantumToolkit.runWithoutRenderLock(QuantumToolkit.java:424)
	at com.sun.javafx.tk.quantum.GlassViewEventHandler.handleMouseEvent(GlassViewEventHandler.java:386)
	at com.sun.glass.ui.View.handleMouseEvent(View.java:560)
	at com.sun.glass.ui.View.notifyMouse(View.java:946)
	at com.sun.glass.ui.win.WinApplication._runLoop(Native Method)
	at com.sun.glass.ui.win.WinApplication.lambda$runLoop$0(WinApplication.java:168)
	at java.base/java.lang.Thread.run(Thread.java:1447)
2026-08-27 11:37:01.735 ERROR org.code_studio.rest.CSRestService - {}
com.fasterxml.jackson.databind.JsonMappingException: Cannot invoke "org.code_studio.database.PaletteDocument.getProcessDate()" because "this.paletteDocument" is null (through reference chain: org.code_studio.database.Palette["processDate"])
	at com.fasterxml.jackson.databind.JsonMappingException.wrapWithPath(JsonMappingException.java:401)
	at com.fasterxml.jackson.databind.JsonMappingException.wrapWithPath(JsonMappingException.java:360)
	at com.fasterxml.jackson.databind.ser.std.StdSerializer.wrapAndThrow(StdSerializer.java:323)
	at com.fasterxml.jackson.databind.ser.std.BeanSerializerBase.serializeFields(BeanSerializerBase.java:778)
	at com.fasterxml.jackson.databind.ser.BeanSerializer.serialize(BeanSerializer.java:184)
	at com.fasterxml.jackson.databind.ser.DefaultSerializerProvider._serialize(DefaultSerializerProvider.java:502)
	at com.fasterxml.jackson.databind.ser.DefaultSerializerProvider.serializeValue(DefaultSerializerProvider.java:341)
	at com.fasterxml.jackson.databind.ObjectWriter$Prefetch.serialize(ObjectWriter.java:1587)
	at com.fasterxml.jackson.databind.ObjectWriter._writeValueAndClose(ObjectWriter.java:1289)
	at com.fasterxml.jackson.databind.ObjectWriter.writeValueAsString(ObjectWriter.java:1140)
	at org.code_studio.rest.CSRestService.addOrUpdate(CSRestService.java:370)
	at org.code_studio.controller.Dobanovci_PaletteGroupAddEditController.lambda$3(Dobanovci_PaletteGroupAddEditController.java:178)
	at com.sun.javafx.event.CompositeEventHandler.dispatchBubblingEvent(CompositeEventHandler.java:86)
	at com.sun.javafx.event.EventHandlerManager.dispatchBubblingEvent(EventHandlerManager.java:232)
	at com.sun.javafx.event.EventHandlerManager.dispatchBubblingEvent(EventHandlerManager.java:189)
	at com.sun.javafx.event.CompositeEventDispatcher.dispatchBubblingEvent(CompositeEventDispatcher.java:59)
	at com.sun.javafx.event.BasicEventDispatcher.dispatchEvent(BasicEventDispatcher.java:58)
	at com.sun.javafx.event.EventDispatchChainImpl.dispatchEvent(EventDispatchChainImpl.java:114)
	at com.sun.javafx.event.BasicEventDispatcher.dispatchEvent(BasicEventDispatcher.java:56)
	at com.sun.javafx.event.EventDispatchChainImpl.dispatchEvent(EventDispatchChainImpl.java:114)
	at com.sun.javafx.event.BasicEventDispatcher.dispatchEvent(BasicEventDispatcher.java:56)
	at com.sun.javafx.event.EventDispatchChainImpl.dispatchEvent(EventDispatchChainImpl.java:114)
	at com.sun.javafx.event.EventUtil.fireEventImpl(EventUtil.java:74)
	at com.sun.javafx.event.EventUtil.fireEvent(EventUtil.java:49)
	at javafx.event.Event.fireEvent(Event.java:199)
	at javafx.scene.Node.fireEvent(Node.java:9005)
	at javafx.scene.control.Button.fire(Button.java:203)
	at com.sun.javafx.scene.control.behavior.ButtonBehavior.mouseReleased(ButtonBehavior.java:207)
	at com.sun.javafx.scene.control.inputmap.InputMap.handle(InputMap.java:274)
	at com.sun.javafx.event.CompositeEventHandler$NormalEventHandlerRecord.handleBubblingEvent(CompositeEventHandler.java:247)
	at com.sun.javafx.event.CompositeEventHandler.dispatchBubblingEvent(CompositeEventHandler.java:80)
	at com.sun.javafx.event.EventHandlerManager.dispatchBubblingEvent(EventHandlerManager.java:232)
	at com.sun.javafx.event.EventHandlerManager.dispatchBubblingEvent(EventHandlerManager.java:189)
	at com.sun.javafx.event.CompositeEventDispatcher.dispatchBubblingEvent(CompositeEventDispatcher.java:59)
	at com.sun.javafx.event.BasicEventDispatcher.dispatchEvent(BasicEventDispatcher.java:58)
	at com.sun.javafx.event.EventDispatchChainImpl.dispatchEvent(EventDispatchChainImpl.java:114)
	at com.sun.javafx.event.BasicEventDispatcher.dispatchEvent(BasicEventDispatcher.java:56)
	at com.sun.javafx.event.EventDispatchChainImpl.dispatchEvent(EventDispatchChainImpl.java:114)
	at com.sun.javafx.event.BasicEventDispatcher.dispatchEvent(BasicEventDispatcher.java:56)
	at com.sun.javafx.event.EventDispatchChainImpl.dispatchEvent(EventDispatchChainImpl.java:114)
	at com.sun.javafx.event.EventUtil.fireEventImpl(EventUtil.java:74)
	at com.sun.javafx.event.EventUtil.fireEvent(EventUtil.java:49)
	at javafx.event.Event.fireEvent(Event.java:199)
	at javafx.scene.Scene$MouseHandler.process(Scene.java:4005)
	at javafx.scene.Scene.processMouseEvent(Scene.java:1934)
	at javafx.scene.Scene$ScenePeerListener.mouseEvent(Scene.java:2763)
	at com.sun.javafx.tk.quantum.GlassViewEventHandler$MouseEventNotification.get(GlassViewEventHandler.java:352)
	at com.sun.javafx.tk.quantum.GlassViewEventHandler$MouseEventNotification.get(GlassViewEventHandler.java:254)
	at com.sun.javafx.tk.quantum.QuantumToolkit.runWithoutRenderLock(QuantumToolkit.java:424)
	at com.sun.javafx.tk.quantum.GlassViewEventHandler.handleMouseEvent(GlassViewEventHandler.java:386)
	at com.sun.glass.ui.View.handleMouseEvent(View.java:560)
	at com.sun.glass.ui.View.notifyMouse(View.java:946)
	at com.sun.glass.ui.win.WinApplication._enterNestedEventLoopImpl(Native Method)
	at com.sun.glass.ui.win.WinApplication._enterNestedEventLoop(WinApplication.java:195)
	at com.sun.glass.ui.Application.enterNestedEventLoop(Application.java:510)
	at com.sun.glass.ui.EventLoop.enter(EventLoop.java:107)
	at com.sun.javafx.tk.quantum.QuantumToolkit.enterNestedEventLoop(QuantumToolkit.java:649)
	at javafx.stage.Stage.showAndWait(Stage.java:429)
	at org.code_studio.main.Common.displayForm(Common.java:211)
	at org.code_studio.controller.Dobanovci_GoodsInController.lambda$14(Dobanovci_GoodsInController.java:342)
	at com.sun.javafx.event.CompositeEventHandler.dispatchBubblingEvent(CompositeEventHandler.java:86)
	at com.sun.javafx.event.EventHandlerManager.dispatchBubblingEvent(EventHandlerManager.java:232)
	at com.sun.javafx.event.EventHandlerManager.dispatchBubblingEvent(EventHandlerManager.java:189)
	at com.sun.javafx.event.CompositeEventDispatcher.dispatchBubblingEvent(CompositeEventDispatcher.java:59)
	at com.sun.javafx.event.BasicEventDispatcher.dispatchEvent(BasicEventDispatcher.java:58)
	at com.sun.javafx.event.EventDispatchChainImpl.dispatchEvent(EventDispatchChainImpl.java:114)
	at com.sun.javafx.event.BasicEventDispatcher.dispatchEvent(BasicEventDispatcher.java:56)
	at com.sun.javafx.event.EventDispatchChainImpl.dispatchEvent(EventDispatchChainImpl.java:114)
	at com.sun.javafx.event.BasicEventDispatcher.dispatchEvent(BasicEventDispatcher.java:56)
	at com.sun.javafx.event.EventDispatchChainImpl.dispatchEvent(EventDispatchChainImpl.java:114)
	at com.sun.javafx.event.BasicEventDispatcher.dispatchEvent(BasicEventDispatcher.java:56)
	at com.sun.javafx.event.EventDispatchChainImpl.dispatchEvent(EventDispatchChainImpl.java:114)
	at com.sun.javafx.event.EventUtil.fireEventImpl(EventUtil.java:74)
	at com.sun.javafx.event.EventUtil.fireEvent(EventUtil.java:49)
	at javafx.event.Event.fireEvent(Event.java:199)
	at javafx.scene.Node.fireEvent(Node.java:9005)
	at javafx.scene.control.Button.fire(Button.java:203)
	at com.sun.javafx.scene.control.behavior.ButtonBehavior.mouseReleased(ButtonBehavior.java:207)
	at com.sun.javafx.scene.control.inputmap.InputMap.handle(InputMap.java:274)
	at com.sun.javafx.event.CompositeEventHandler$NormalEventHandlerRecord.handleBubblingEvent(CompositeEventHandler.java:247)
	at com.sun.javafx.event.CompositeEventHandler.dispatchBubblingEvent(CompositeEventHandler.java:80)
	at com.sun.javafx.event.EventHandlerManager.dispatchBubblingEvent(EventHandlerManager.java:232)
	at com.sun.javafx.event.EventHandlerManager.dispatchBubblingEvent(EventHandlerManager.java:189)
	at com.sun.javafx.event.CompositeEventDispatcher.dispatchBubblingEvent(CompositeEventDispatcher.java:59)
	at com.sun.javafx.event.BasicEventDispatcher.dispatchEvent(BasicEventDispatcher.java:58)
	at com.sun.javafx.event.EventDispatchChainImpl.dispatchEvent(EventDispatchChainImpl.java:114)
	at com.sun.javafx.event.BasicEventDispatcher.dispatchEvent(BasicEventDispatcher.java:56)
	at com.sun.javafx.event.EventDispatchChainImpl.dispatchEvent(EventDispatchChainImpl.java:114)
	at com.sun.javafx.event.BasicEventDispatcher.dispatchEvent(BasicEventDispatcher.java:56)
	at com.sun.javafx.event.EventDispatchChainImpl.dispatchEvent(EventDispatchChainImpl.java:114)
	at com.sun.javafx.event.BasicEventDispatcher.dispatchEvent(BasicEventDispatcher.java:56)
	at com.sun.javafx.event.EventDispatchChainImpl.dispatchEvent(EventDispatchChainImpl.java:114)
	at com.sun.javafx.event.EventUtil.fireEventImpl(EventUtil.java:74)
	at com.sun.javafx.event.EventUtil.fireEvent(EventUtil.java:54)
	at javafx.event.Event.fireEvent(Event.java:199)
	at javafx.scene.Scene$MouseHandler.process(Scene.java:4005)
	at javafx.scene.Scene.processMouseEvent(Scene.java:1934)
	at javafx.scene.Scene$ScenePeerListener.mouseEvent(Scene.java:2763)
	at com.sun.javafx.tk.quantum.GlassViewEventHandler$MouseEventNotification.get(GlassViewEventHandler.java:352)
	at com.sun.javafx.tk.quantum.GlassViewEventHandler$MouseEventNotification.get(GlassViewEventHandler.java:254)
	at com.sun.javafx.tk.quantum.QuantumToolkit.runWithoutRenderLock(QuantumToolkit.java:424)
	at com.sun.javafx.tk.quantum.GlassViewEventHandler.handleMouseEvent(GlassViewEventHandler.java:386)
	at com.sun.glass.ui.View.handleMouseEvent(View.java:560)
	at com.sun.glass.ui.View.notifyMouse(View.java:946)
	at com.sun.glass.ui.win.WinApplication._runLoop(Native Method)
	at com.sun.glass.ui.win.WinApplication.lambda$runLoop$0(WinApplication.java:168)
	at java.base/java.lang.Thread.run(Thread.java:1447)
Caused by: java.lang.NullPointerException: Cannot invoke "org.code_studio.database.PaletteDocument.getProcessDate()" because "this.paletteDocument" is null
	at org.code_studio.database.Palette.getProcessDate(Palette.java:268)
	at java.base/jdk.internal.reflect.DirectMethodHandleAccessor.invoke(DirectMethodHandleAccessor.java:104)
	at java.base/java.lang.reflect.Method.invoke(Method.java:565)
	at com.fasterxml.jackson.databind.ser.BeanPropertyWriter.serializeAsField(BeanPropertyWriter.java:688)
	at com.fasterxml.jackson.databind.ser.std.BeanSerializerBase.serializeFields(BeanSerializerBase.java:770)
	... 103 common frames omitted
2026-08-27 11:37:01.761 INFO  org.code_studio.rest.CSRestService - 404: http://localhost:33377/api/v1/item/allPageableByNameAndClientId/gh/50008/0
2026-08-27 11:37:01.828 ERROR org.code_studio.rest.CSRestService - {}
com.fasterxml.jackson.databind.JsonMappingException: Cannot invoke "java.math.BigDecimal.toString()" because "this.netPriceRmD" is null (through reference chain: org.code_studio.database.Item["netPriceRmDPlusSpec"])
	at com.fasterxml.jackson.databind.JsonMappingException.wrapWithPath(JsonMappingException.java:401)
	at com.fasterxml.jackson.databind.JsonMappingException.wrapWithPath(JsonMappingException.java:360)
	at com.fasterxml.jackson.databind.ser.std.StdSerializer.wrapAndThrow(StdSerializer.java:323)
	at com.fasterxml.jackson.databind.ser.std.BeanSerializerBase.serializeFields(BeanSerializerBase.java:778)
	at com.fasterxml.jackson.databind.ser.BeanSerializer.serialize(BeanSerializer.java:184)
	at com.fasterxml.jackson.databind.ser.DefaultSerializerProvider._serialize(DefaultSerializerProvider.java:502)
	at com.fasterxml.jackson.databind.ser.DefaultSerializerProvider.serializeValue(DefaultSerializerProvider.java:341)
	at com.fasterxml.jackson.databind.ObjectWriter$Prefetch.serialize(ObjectWriter.java:1587)
	at com.fasterxml.jackson.databind.ObjectWriter._writeValueAndClose(ObjectWriter.java:1289)
	at com.fasterxml.jackson.databind.ObjectWriter.writeValueAsString(ObjectWriter.java:1140)
	at org.code_studio.rest.CSRestService.addOrUpdate(CSRestService.java:370)
	at org.code_studio.controller.Dobanovci_PaletteGroupAddEditController.lambda$3(Dobanovci_PaletteGroupAddEditController.java:203)
	at com.sun.javafx.event.CompositeEventHandler.dispatchBubblingEvent(CompositeEventHandler.java:86)
	at com.sun.javafx.event.EventHandlerManager.dispatchBubblingEvent(EventHandlerManager.java:232)
	at com.sun.javafx.event.EventHandlerManager.dispatchBubblingEvent(EventHandlerManager.java:189)
	at com.sun.javafx.event.CompositeEventDispatcher.dispatchBubblingEvent(CompositeEventDispatcher.java:59)
	at com.sun.javafx.event.BasicEventDispatcher.dispatchEvent(BasicEventDispatcher.java:58)
	at com.sun.javafx.event.EventDispatchChainImpl.dispatchEvent(EventDispatchChainImpl.java:114)
	at com.sun.javafx.event.BasicEventDispatcher.dispatchEvent(BasicEventDispatcher.java:56)
	at com.sun.javafx.event.EventDispatchChainImpl.dispatchEvent(EventDispatchChainImpl.java:114)
	at com.sun.javafx.event.BasicEventDispatcher.dispatchEvent(BasicEventDispatcher.java:56)
	at com.sun.javafx.event.EventDispatchChainImpl.dispatchEvent(EventDispatchChainImpl.java:114)
	at com.sun.javafx.event.EventUtil.fireEventImpl(EventUtil.java:74)
	at com.sun.javafx.event.EventUtil.fireEvent(EventUtil.java:49)
	at javafx.event.Event.fireEvent(Event.java:199)
	at javafx.scene.Node.fireEvent(Node.java:9005)
	at javafx.scene.control.Button.fire(Button.java:203)
	at com.sun.javafx.scene.control.behavior.ButtonBehavior.mouseReleased(ButtonBehavior.java:207)
	at com.sun.javafx.scene.control.inputmap.InputMap.handle(InputMap.java:274)
	at com.sun.javafx.event.CompositeEventHandler$NormalEventHandlerRecord.handleBubblingEvent(CompositeEventHandler.java:247)
	at com.sun.javafx.event.CompositeEventHandler.dispatchBubblingEvent(CompositeEventHandler.java:80)
	at com.sun.javafx.event.EventHandlerManager.dispatchBubblingEvent(EventHandlerManager.java:232)
	at com.sun.javafx.event.EventHandlerManager.dispatchBubblingEvent(EventHandlerManager.java:189)
	at com.sun.javafx.event.CompositeEventDispatcher.dispatchBubblingEvent(CompositeEventDispatcher.java:59)
	at com.sun.javafx.event.BasicEventDispatcher.dispatchEvent(BasicEventDispatcher.java:58)
	at com.sun.javafx.event.EventDispatchChainImpl.dispatchEvent(EventDispatchChainImpl.java:114)
	at com.sun.javafx.event.BasicEventDispatcher.dispatchEvent(BasicEventDispatcher.java:56)
	at com.sun.javafx.event.EventDispatchChainImpl.dispatchEvent(EventDispatchChainImpl.java:114)
	at com.sun.javafx.event.BasicEventDispatcher.dispatchEvent(BasicEventDispatcher.java:56)
	at com.sun.javafx.event.EventDispatchChainImpl.dispatchEvent(EventDispatchChainImpl.java:114)
	at com.sun.javafx.event.EventUtil.fireEventImpl(EventUtil.java:74)
	at com.sun.javafx.event.EventUtil.fireEvent(EventUtil.java:49)
	at javafx.event.Event.fireEvent(Event.java:199)
	at javafx.scene.Scene$MouseHandler.process(Scene.java:4005)
	at javafx.scene.Scene.processMouseEvent(Scene.java:1934)
	at javafx.scene.Scene$ScenePeerListener.mouseEvent(Scene.java:2763)
	at com.sun.javafx.tk.quantum.GlassViewEventHandler$MouseEventNotification.get(GlassViewEventHandler.java:352)
	at com.sun.javafx.tk.quantum.GlassViewEventHandler$MouseEventNotification.get(GlassViewEventHandler.java:254)
	at com.sun.javafx.tk.quantum.QuantumToolkit.runWithoutRenderLock(QuantumToolkit.java:424)
	at com.sun.javafx.tk.quantum.GlassViewEventHandler.handleMouseEvent(GlassViewEventHandler.java:386)
	at com.sun.glass.ui.View.handleMouseEvent(View.java:560)
	at com.sun.glass.ui.View.notifyMouse(View.java:946)
	at com.sun.glass.ui.win.WinApplication._enterNestedEventLoopImpl(Native Method)
	at com.sun.glass.ui.win.WinApplication._enterNestedEventLoop(WinApplication.java:195)
	at com.sun.glass.ui.Application.enterNestedEventLoop(Application.java:510)
	at com.sun.glass.ui.EventLoop.enter(EventLoop.java:107)
	at com.sun.javafx.tk.quantum.QuantumToolkit.enterNestedEventLoop(QuantumToolkit.java:649)
	at javafx.stage.Stage.showAndWait(Stage.java:429)
	at org.code_studio.main.Common.displayForm(Common.java:211)
	at org.code_studio.controller.Dobanovci_GoodsInController.lambda$14(Dobanovci_GoodsInController.java:342)
	at com.sun.javafx.event.CompositeEventHandler.dispatchBubblingEvent(CompositeEventHandler.java:86)
	at com.sun.javafx.event.EventHandlerManager.dispatchBubblingEvent(EventHandlerManager.java:232)
	at com.sun.javafx.event.EventHandlerManager.dispatchBubblingEvent(EventHandlerManager.java:189)
	at com.sun.javafx.event.CompositeEventDispatcher.dispatchBubblingEvent(CompositeEventDispatcher.java:59)
	at com.sun.javafx.event.BasicEventDispatcher.dispatchEvent(BasicEventDispatcher.java:58)
	at com.sun.javafx.event.EventDispatchChainImpl.dispatchEvent(EventDispatchChainImpl.java:114)
	at com.sun.javafx.event.BasicEventDispatcher.dispatchEvent(BasicEventDispatcher.java:56)
	at com.sun.javafx.event.EventDispatchChainImpl.dispatchEvent(EventDispatchChainImpl.java:114)
	at com.sun.javafx.event.BasicEventDispatcher.dispatchEvent(BasicEventDispatcher.java:56)
	at com.sun.javafx.event.EventDispatchChainImpl.dispatchEvent(EventDispatchChainImpl.java:114)
	at com.sun.javafx.event.BasicEventDispatcher.dispatchEvent(BasicEventDispatcher.java:56)
	at com.sun.javafx.event.EventDispatchChainImpl.dispatchEvent(EventDispatchChainImpl.java:114)
	at com.sun.javafx.event.EventUtil.fireEventImpl(EventUtil.java:74)
	at com.sun.javafx.event.EventUtil.fireEvent(EventUtil.java:49)
	at javafx.event.Event.fireEvent(Event.java:199)
	at javafx.scene.Node.fireEvent(Node.java:9005)
	at javafx.scene.control.Button.fire(Button.java:203)
	at com.sun.javafx.scene.control.behavior.ButtonBehavior.mouseReleased(ButtonBehavior.java:207)
	at com.sun.javafx.scene.control.inputmap.InputMap.handle(InputMap.java:274)
	at com.sun.javafx.event.CompositeEventHandler$NormalEventHandlerRecord.handleBubblingEvent(CompositeEventHandler.java:247)
	at com.sun.javafx.event.CompositeEventHandler.dispatchBubblingEvent(CompositeEventHandler.java:80)
	at com.sun.javafx.event.EventHandlerManager.dispatchBubblingEvent(EventHandlerManager.java:232)
	at com.sun.javafx.event.EventHandlerManager.dispatchBubblingEvent(EventHandlerManager.java:189)
	at com.sun.javafx.event.CompositeEventDispatcher.dispatchBubblingEvent(CompositeEventDispatcher.java:59)
	at com.sun.javafx.event.BasicEventDispatcher.dispatchEvent(BasicEventDispatcher.java:58)
	at com.sun.javafx.event.EventDispatchChainImpl.dispatchEvent(EventDispatchChainImpl.java:114)
	at com.sun.javafx.event.BasicEventDispatcher.dispatchEvent(BasicEventDispatcher.java:56)
	at com.sun.javafx.event.EventDispatchChainImpl.dispatchEvent(EventDispatchChainImpl.java:114)
	at com.sun.javafx.event.BasicEventDispatcher.dispatchEvent(BasicEventDispatcher.java:56)
	at com.sun.javafx.event.EventDispatchChainImpl.dispatchEvent(EventDispatchChainImpl.java:114)
	at com.sun.javafx.event.BasicEventDispatcher.dispatchEvent(BasicEventDispatcher.java:56)
	at com.sun.javafx.event.EventDispatchChainImpl.dispatchEvent(EventDispatchChainImpl.java:114)
	at com.sun.javafx.event.EventUtil.fireEventImpl(EventUtil.java:74)
	at com.sun.javafx.event.EventUtil.fireEvent(EventUtil.java:54)
	at javafx.event.Event.fireEvent(Event.java:199)
	at javafx.scene.Scene$MouseHandler.process(Scene.java:4005)
	at javafx.scene.Scene.processMouseEvent(Scene.java:1934)
	at javafx.scene.Scene$ScenePeerListener.mouseEvent(Scene.java:2763)
	at com.sun.javafx.tk.quantum.GlassViewEventHandler$MouseEventNotification.get(GlassViewEventHandler.java:352)
	at com.sun.javafx.tk.quantum.GlassViewEventHandler$MouseEventNotification.get(GlassViewEventHandler.java:254)
	at com.sun.javafx.tk.quantum.QuantumToolkit.runWithoutRenderLock(QuantumToolkit.java:424)
	at com.sun.javafx.tk.quantum.GlassViewEventHandler.handleMouseEvent(GlassViewEventHandler.java:386)
	at com.sun.glass.ui.View.handleMouseEvent(View.java:560)
	at com.sun.glass.ui.View.notifyMouse(View.java:946)
	at com.sun.glass.ui.win.WinApplication._runLoop(Native Method)
	at com.sun.glass.ui.win.WinApplication.lambda$runLoop$0(WinApplication.java:168)
	at java.base/java.lang.Thread.run(Thread.java:1447)
Caused by: java.lang.NullPointerException: Cannot invoke "java.math.BigDecimal.toString()" because "this.netPriceRmD" is null
	at org.code_studio.database.Item.getNetPriceRmDPlusSpec(Item.java:546)
	at java.base/jdk.internal.reflect.DirectMethodHandleAccessor.invoke(DirectMethodHandleAccessor.java:104)
	at java.base/java.lang.reflect.Method.invoke(Method.java:565)
	at com.fasterxml.jackson.databind.ser.BeanPropertyWriter.serializeAsField(BeanPropertyWriter.java:688)
	at com.fasterxml.jackson.databind.ser.std.BeanSerializerBase.serializeFields(BeanSerializerBase.java:770)
	... 103 common frames omitted
2026-08-27 11:37:01.876 ERROR org.code_studio.rest.CSRestService - {}
org.springframework.web.client.HttpClientErrorException$UnsupportedMediaType: 415  on POST request for "http://localhost:33377/api/v1/paletteItem": "{"timestamp":"2026-08-27T09:37:01.840+00:00","status":415,"error":"Unsupported Media Type","path":"/api/v1/paletteItem"}"
	at org.springframework.web.client.HttpClientErrorException.create(HttpClientErrorException.java:127)
	at org.springframework.web.client.DefaultResponseErrorHandler.handleError(DefaultResponseErrorHandler.java:186)
	at org.springframework.web.client.DefaultResponseErrorHandler.handleError(DefaultResponseErrorHandler.java:147)
	at org.springframework.web.client.RestTemplate.handleResponse(RestTemplate.java:953)
	at org.springframework.web.client.RestTemplate.doExecute(RestTemplate.java:902)
	at org.springframework.web.client.RestTemplate.execute(RestTemplate.java:841)
	at org.springframework.web.client.RestTemplate.postForEntity(RestTemplate.java:567)
	at org.code_studio.rest.CSRestService.addOrUpdate(CSRestService.java:372)
	at org.code_studio.controller.Dobanovci_PaletteGroupAddEditController.lambda$3(Dobanovci_PaletteGroupAddEditController.java:220)
	at com.sun.javafx.event.CompositeEventHandler.dispatchBubblingEvent(CompositeEventHandler.java:86)
	at com.sun.javafx.event.EventHandlerManager.dispatchBubblingEvent(EventHandlerManager.java:232)
	at com.sun.javafx.event.EventHandlerManager.dispatchBubblingEvent(EventHandlerManager.java:189)
	at com.sun.javafx.event.CompositeEventDispatcher.dispatchBubblingEvent(CompositeEventDispatcher.java:59)
	at com.sun.javafx.event.BasicEventDispatcher.dispatchEvent(BasicEventDispatcher.java:58)
	at com.sun.javafx.event.EventDispatchChainImpl.dispatchEvent(EventDispatchChainImpl.java:114)
	at com.sun.javafx.event.BasicEventDispatcher.dispatchEvent(BasicEventDispatcher.java:56)
	at com.sun.javafx.event.EventDispatchChainImpl.dispatchEvent(EventDispatchChainImpl.java:114)
	at com.sun.javafx.event.BasicEventDispatcher.dispatchEvent(BasicEventDispatcher.java:56)
	at com.sun.javafx.event.EventDispatchChainImpl.dispatchEvent(EventDispatchChainImpl.java:114)
	at com.sun.javafx.event.EventUtil.fireEventImpl(EventUtil.java:74)
	at com.sun.javafx.event.EventUtil.fireEvent(EventUtil.java:49)
	at javafx.event.Event.fireEvent(Event.java:199)
	at javafx.scene.Node.fireEvent(Node.java:9005)
	at javafx.scene.control.Button.fire(Button.java:203)
	at com.sun.javafx.scene.control.behavior.ButtonBehavior.mouseReleased(ButtonBehavior.java:207)
	at com.sun.javafx.scene.control.inputmap.InputMap.handle(InputMap.java:274)
	at com.sun.javafx.event.CompositeEventHandler$NormalEventHandlerRecord.handleBubblingEvent(CompositeEventHandler.java:247)
	at com.sun.javafx.event.CompositeEventHandler.dispatchBubblingEvent(CompositeEventHandler.java:80)
	at com.sun.javafx.event.EventHandlerManager.dispatchBubblingEvent(EventHandlerManager.java:232)
	at com.sun.javafx.event.EventHandlerManager.dispatchBubblingEvent(EventHandlerManager.java:189)
	at com.sun.javafx.event.CompositeEventDispatcher.dispatchBubblingEvent(CompositeEventDispatcher.java:59)
	at com.sun.javafx.event.BasicEventDispatcher.dispatchEvent(BasicEventDispatcher.java:58)
	at com.sun.javafx.event.EventDispatchChainImpl.dispatchEvent(EventDispatchChainImpl.java:114)
	at com.sun.javafx.event.BasicEventDispatcher.dispatchEvent(BasicEventDispatcher.java:56)
	at com.sun.javafx.event.EventDispatchChainImpl.dispatchEvent(EventDispatchChainImpl.java:114)
	at com.sun.javafx.event.BasicEventDispatcher.dispatchEvent(BasicEventDispatcher.java:56)
	at com.sun.javafx.event.EventDispatchChainImpl.dispatchEvent(EventDispatchChainImpl.java:114)
	at com.sun.javafx.event.EventUtil.fireEventImpl(EventUtil.java:74)
	at com.sun.javafx.event.EventUtil.fireEvent(EventUtil.java:49)
	at javafx.event.Event.fireEvent(Event.java:199)
	at javafx.scene.Scene$MouseHandler.process(Scene.java:4005)
	at javafx.scene.Scene.processMouseEvent(Scene.java:1934)
	at javafx.scene.Scene$ScenePeerListener.mouseEvent(Scene.java:2763)
	at com.sun.javafx.tk.quantum.GlassViewEventHandler$MouseEventNotification.get(GlassViewEventHandler.java:352)
	at com.sun.javafx.tk.quantum.GlassViewEventHandler$MouseEventNotification.get(GlassViewEventHandler.java:254)
	at com.sun.javafx.tk.quantum.QuantumToolkit.runWithoutRenderLock(QuantumToolkit.java:424)
	at com.sun.javafx.tk.quantum.GlassViewEventHandler.handleMouseEvent(GlassViewEventHandler.java:386)
	at com.sun.glass.ui.View.handleMouseEvent(View.java:560)
	at com.sun.glass.ui.View.notifyMouse(View.java:946)
	at com.sun.glass.ui.win.WinApplication._enterNestedEventLoopImpl(Native Method)
	at com.sun.glass.ui.win.WinApplication._enterNestedEventLoop(WinApplication.java:195)
	at com.sun.glass.ui.Application.enterNestedEventLoop(Application.java:510)
	at com.sun.glass.ui.EventLoop.enter(EventLoop.java:107)
	at com.sun.javafx.tk.quantum.QuantumToolkit.enterNestedEventLoop(QuantumToolkit.java:649)
	at javafx.stage.Stage.showAndWait(Stage.java:429)
	at org.code_studio.main.Common.displayForm(Common.java:211)
	at org.code_studio.controller.Dobanovci_GoodsInController.lambda$14(Dobanovci_GoodsInController.java:342)
	at com.sun.javafx.event.CompositeEventHandler.dispatchBubblingEvent(CompositeEventHandler.java:86)
	at com.sun.javafx.event.EventHandlerManager.dispatchBubblingEvent(EventHandlerManager.java:232)
	at com.sun.javafx.event.EventHandlerManager.dispatchBubblingEvent(EventHandlerManager.java:189)
	at com.sun.javafx.event.CompositeEventDispatcher.dispatchBubblingEvent(CompositeEventDispatcher.java:59)
	at com.sun.javafx.event.BasicEventDispatcher.dispatchEvent(BasicEventDispatcher.java:58)
	at com.sun.javafx.event.EventDispatchChainImpl.dispatchEvent(EventDispatchChainImpl.java:114)
	at com.sun.javafx.event.BasicEventDispatcher.dispatchEvent(BasicEventDispatcher.java:56)
	at com.sun.javafx.event.EventDispatchChainImpl.dispatchEvent(EventDispatchChainImpl.java:114)
	at com.sun.javafx.event.BasicEventDispatcher.dispatchEvent(BasicEventDispatcher.java:56)
	at com.sun.javafx.event.EventDispatchChainImpl.dispatchEvent(EventDispatchChainImpl.java:114)
	at com.sun.javafx.event.BasicEventDispatcher.dispatchEvent(BasicEventDispatcher.java:56)
	at com.sun.javafx.event.EventDispatchChainImpl.dispatchEvent(EventDispatchChainImpl.java:114)
	at com.sun.javafx.event.EventUtil.fireEventImpl(EventUtil.java:74)
	at com.sun.javafx.event.EventUtil.fireEvent(EventUtil.java:49)
	at javafx.event.Event.fireEvent(Event.java:199)
	at javafx.scene.Node.fireEvent(Node.java:9005)
	at javafx.scene.control.Button.fire(Button.java:203)
	at com.sun.javafx.scene.control.behavior.ButtonBehavior.mouseReleased(ButtonBehavior.java:207)
	at com.sun.javafx.scene.control.inputmap.InputMap.handle(InputMap.java:274)
	at com.sun.javafx.event.CompositeEventHandler$NormalEventHandlerRecord.handleBubblingEvent(CompositeEventHandler.java:247)
	at com.sun.javafx.event.CompositeEventHandler.dispatchBubblingEvent(CompositeEventHandler.java:80)
	at com.sun.javafx.event.EventHandlerManager.dispatchBubblingEvent(EventHandlerManager.java:232)
	at com.sun.javafx.event.EventHandlerManager.dispatchBubblingEvent(EventHandlerManager.java:189)
	at com.sun.javafx.event.CompositeEventDispatcher.dispatchBubblingEvent(CompositeEventDispatcher.java:59)
	at com.sun.javafx.event.BasicEventDispatcher.dispatchEvent(BasicEventDispatcher.java:58)
	at com.sun.javafx.event.EventDispatchChainImpl.dispatchEvent(EventDispatchChainImpl.java:114)
	at com.sun.javafx.event.BasicEventDispatcher.dispatchEvent(BasicEventDispatcher.java:56)
	at com.sun.javafx.event.EventDispatchChainImpl.dispatchEvent(EventDispatchChainImpl.java:114)
	at com.sun.javafx.event.BasicEventDispatcher.dispatchEvent(BasicEventDispatcher.java:56)
	at com.sun.javafx.event.EventDispatchChainImpl.dispatchEvent(EventDispatchChainImpl.java:114)
	at com.sun.javafx.event.BasicEventDispatcher.dispatchEvent(BasicEventDispatcher.java:56)
	at com.sun.javafx.event.EventDispatchChainImpl.dispatchEvent(EventDispatchChainImpl.java:114)
	at com.sun.javafx.event.EventUtil.fireEventImpl(EventUtil.java:74)
	at com.sun.javafx.event.EventUtil.fireEvent(EventUtil.java:54)
	at javafx.event.Event.fireEvent(Event.java:199)
	at javafx.scene.Scene$MouseHandler.process(Scene.java:4005)
	at javafx.scene.Scene.processMouseEvent(Scene.java:1934)
	at javafx.scene.Scene$ScenePeerListener.mouseEvent(Scene.java:2763)
	at com.sun.javafx.tk.quantum.GlassViewEventHandler$MouseEventNotification.get(GlassViewEventHandler.java:352)
	at com.sun.javafx.tk.quantum.GlassViewEventHandler$MouseEventNotification.get(GlassViewEventHandler.java:254)
	at com.sun.javafx.tk.quantum.QuantumToolkit.runWithoutRenderLock(QuantumToolkit.java:424)
	at com.sun.javafx.tk.quantum.GlassViewEventHandler.handleMouseEvent(GlassViewEventHandler.java:386)
	at com.sun.glass.ui.View.handleMouseEvent(View.java:560)
	at com.sun.glass.ui.View.notifyMouse(View.java:946)
	at com.sun.glass.ui.win.WinApplication._runLoop(Native Method)
	at com.sun.glass.ui.win.WinApplication.lambda$runLoop$0(WinApplication.java:168)
	at java.base/java.lang.Thread.run(Thread.java:1447)
2026-08-27 11:37:02.008 ERROR org.code_studio.rest.CSRestService - {}
com.fasterxml.jackson.databind.JsonMappingException: Cannot invoke "org.code_studio.database.PaletteDocument.getProcessDate()" because "this.paletteDocument" is null (through reference chain: org.code_studio.database.Palette["processDate"])
	at com.fasterxml.jackson.databind.JsonMappingException.wrapWithPath(JsonMappingException.java:401)
	at com.fasterxml.jackson.databind.JsonMappingException.wrapWithPath(JsonMappingException.java:360)
	at com.fasterxml.jackson.databind.ser.std.StdSerializer.wrapAndThrow(StdSerializer.java:323)
	at com.fasterxml.jackson.databind.ser.std.BeanSerializerBase.serializeFields(BeanSerializerBase.java:778)
	at com.fasterxml.jackson.databind.ser.BeanSerializer.serialize(BeanSerializer.java:184)
	at com.fasterxml.jackson.databind.ser.DefaultSerializerProvider._serialize(DefaultSerializerProvider.java:502)
	at com.fasterxml.jackson.databind.ser.DefaultSerializerProvider.serializeValue(DefaultSerializerProvider.java:341)
	at com.fasterxml.jackson.databind.ObjectWriter$Prefetch.serialize(ObjectWriter.java:1587)
	at com.fasterxml.jackson.databind.ObjectWriter._writeValueAndClose(ObjectWriter.java:1289)
	at com.fasterxml.jackson.databind.ObjectWriter.writeValueAsString(ObjectWriter.java:1140)
	at org.code_studio.rest.CSRestService.addOrUpdate(CSRestService.java:370)
	at org.code_studio.controller.Dobanovci_PaletteGroupAddEditController.lambda$3(Dobanovci_PaletteGroupAddEditController.java:178)
	at com.sun.javafx.event.CompositeEventHandler.dispatchBubblingEvent(CompositeEventHandler.java:86)
	at com.sun.javafx.event.EventHandlerManager.dispatchBubblingEvent(EventHandlerManager.java:232)
	at com.sun.javafx.event.EventHandlerManager.dispatchBubblingEvent(EventHandlerManager.java:189)
	at com.sun.javafx.event.CompositeEventDispatcher.dispatchBubblingEvent(CompositeEventDispatcher.java:59)
	at com.sun.javafx.event.BasicEventDispatcher.dispatchEvent(BasicEventDispatcher.java:58)
	at com.sun.javafx.event.EventDispatchChainImpl.dispatchEvent(EventDispatchChainImpl.java:114)
	at com.sun.javafx.event.BasicEventDispatcher.dispatchEvent(BasicEventDispatcher.java:56)
	at com.sun.javafx.event.EventDispatchChainImpl.dispatchEvent(EventDispatchChainImpl.java:114)
	at com.sun.javafx.event.BasicEventDispatcher.dispatchEvent(BasicEventDispatcher.java:56)
	at com.sun.javafx.event.EventDispatchChainImpl.dispatchEvent(EventDispatchChainImpl.java:114)
	at com.sun.javafx.event.EventUtil.fireEventImpl(EventUtil.java:74)
	at com.sun.javafx.event.EventUtil.fireEvent(EventUtil.java:49)
	at javafx.event.Event.fireEvent(Event.java:199)
	at javafx.scene.Node.fireEvent(Node.java:9005)
	at javafx.scene.control.Button.fire(Button.java:203)
	at com.sun.javafx.scene.control.behavior.ButtonBehavior.mouseReleased(ButtonBehavior.java:207)
	at com.sun.javafx.scene.control.inputmap.InputMap.handle(InputMap.java:274)
	at com.sun.javafx.event.CompositeEventHandler$NormalEventHandlerRecord.handleBubblingEvent(CompositeEventHandler.java:247)
	at com.sun.javafx.event.CompositeEventHandler.dispatchBubblingEvent(CompositeEventHandler.java:80)
	at com.sun.javafx.event.EventHandlerManager.dispatchBubblingEvent(EventHandlerManager.java:232)
	at com.sun.javafx.event.EventHandlerManager.dispatchBubblingEvent(EventHandlerManager.java:189)
	at com.sun.javafx.event.CompositeEventDispatcher.dispatchBubblingEvent(CompositeEventDispatcher.java:59)
	at com.sun.javafx.event.BasicEventDispatcher.dispatchEvent(BasicEventDispatcher.java:58)
	at com.sun.javafx.event.EventDispatchChainImpl.dispatchEvent(EventDispatchChainImpl.java:114)
	at com.sun.javafx.event.BasicEventDispatcher.dispatchEvent(BasicEventDispatcher.java:56)
	at com.sun.javafx.event.EventDispatchChainImpl.dispatchEvent(EventDispatchChainImpl.java:114)
	at com.sun.javafx.event.BasicEventDispatcher.dispatchEvent(BasicEventDispatcher.java:56)
	at com.sun.javafx.event.EventDispatchChainImpl.dispatchEvent(EventDispatchChainImpl.java:114)
	at com.sun.javafx.event.EventUtil.fireEventImpl(EventUtil.java:74)
	at com.sun.javafx.event.EventUtil.fireEvent(EventUtil.java:49)
	at javafx.event.Event.fireEvent(Event.java:199)
	at javafx.scene.Scene$MouseHandler.process(Scene.java:4005)
	at javafx.scene.Scene.processMouseEvent(Scene.java:1934)
	at javafx.scene.Scene$ScenePeerListener.mouseEvent(Scene.java:2763)
	at com.sun.javafx.tk.quantum.GlassViewEventHandler$MouseEventNotification.get(GlassViewEventHandler.java:352)
	at com.sun.javafx.tk.quantum.GlassViewEventHandler$MouseEventNotification.get(GlassViewEventHandler.java:254)
	at com.sun.javafx.tk.quantum.QuantumToolkit.runWithoutRenderLock(QuantumToolkit.java:424)
	at com.sun.javafx.tk.quantum.GlassViewEventHandler.handleMouseEvent(GlassViewEventHandler.java:386)
	at com.sun.glass.ui.View.handleMouseEvent(View.java:560)
	at com.sun.glass.ui.View.notifyMouse(View.java:946)
	at com.sun.glass.ui.win.WinApplication._enterNestedEventLoopImpl(Native Method)
	at com.sun.glass.ui.win.WinApplication._enterNestedEventLoop(WinApplication.java:195)
	at com.sun.glass.ui.Application.enterNestedEventLoop(Application.java:510)
	at com.sun.glass.ui.EventLoop.enter(EventLoop.java:107)
	at com.sun.javafx.tk.quantum.QuantumToolkit.enterNestedEventLoop(QuantumToolkit.java:649)
	at javafx.stage.Stage.showAndWait(Stage.java:429)
	at org.code_studio.main.Common.displayForm(Common.java:211)
	at org.code_studio.controller.Dobanovci_GoodsInController.lambda$14(Dobanovci_GoodsInController.java:342)
	at com.sun.javafx.event.CompositeEventHandler.dispatchBubblingEvent(CompositeEventHandler.java:86)
	at com.sun.javafx.event.EventHandlerManager.dispatchBubblingEvent(EventHandlerManager.java:232)
	at com.sun.javafx.event.EventHandlerManager.dispatchBubblingEvent(EventHandlerManager.java:189)
	at com.sun.javafx.event.CompositeEventDispatcher.dispatchBubblingEvent(CompositeEventDispatcher.java:59)
	at com.sun.javafx.event.BasicEventDispatcher.dispatchEvent(BasicEventDispatcher.java:58)
	at com.sun.javafx.event.EventDispatchChainImpl.dispatchEvent(EventDispatchChainImpl.java:114)
	at com.sun.javafx.event.BasicEventDispatcher.dispatchEvent(BasicEventDispatcher.java:56)
	at com.sun.javafx.event.EventDispatchChainImpl.dispatchEvent(EventDispatchChainImpl.java:114)
	at com.sun.javafx.event.BasicEventDispatcher.dispatchEvent(BasicEventDispatcher.java:56)
	at com.sun.javafx.event.EventDispatchChainImpl.dispatchEvent(EventDispatchChainImpl.java:114)
	at com.sun.javafx.event.BasicEventDispatcher.dispatchEvent(BasicEventDispatcher.java:56)
	at com.sun.javafx.event.EventDispatchChainImpl.dispatchEvent(EventDispatchChainImpl.java:114)
	at com.sun.javafx.event.EventUtil.fireEventImpl(EventUtil.java:74)
	at com.sun.javafx.event.EventUtil.fireEvent(EventUtil.java:49)
	at javafx.event.Event.fireEvent(Event.java:199)
	at javafx.scene.Node.fireEvent(Node.java:9005)
	at javafx.scene.control.Button.fire(Button.java:203)
	at com.sun.javafx.scene.control.behavior.ButtonBehavior.mouseReleased(ButtonBehavior.java:207)
	at com.sun.javafx.scene.control.inputmap.InputMap.handle(InputMap.java:274)
	at com.sun.javafx.event.CompositeEventHandler$NormalEventHandlerRecord.handleBubblingEvent(CompositeEventHandler.java:247)
	at com.sun.javafx.event.CompositeEventHandler.dispatchBubblingEvent(CompositeEventHandler.java:80)
	at com.sun.javafx.event.EventHandlerManager.dispatchBubblingEvent(EventHandlerManager.java:232)
	at com.sun.javafx.event.EventHandlerManager.dispatchBubblingEvent(EventHandlerManager.java:189)
	at com.sun.javafx.event.CompositeEventDispatcher.dispatchBubblingEvent(CompositeEventDispatcher.java:59)
	at com.sun.javafx.event.BasicEventDispatcher.dispatchEvent(BasicEventDispatcher.java:58)
	at com.sun.javafx.event.EventDispatchChainImpl.dispatchEvent(EventDispatchChainImpl.java:114)
	at com.sun.javafx.event.BasicEventDispatcher.dispatchEvent(BasicEventDispatcher.java:56)
	at com.sun.javafx.event.EventDispatchChainImpl.dispatchEvent(EventDispatchChainImpl.java:114)
	at com.sun.javafx.event.BasicEventDispatcher.dispatchEvent(BasicEventDispatcher.java:56)
	at com.sun.javafx.event.EventDispatchChainImpl.dispatchEvent(EventDispatchChainImpl.java:114)
	at com.sun.javafx.event.BasicEventDispatcher.dispatchEvent(BasicEventDispatcher.java:56)
	at com.sun.javafx.event.EventDispatchChainImpl.dispatchEvent(EventDispatchChainImpl.java:114)
	at com.sun.javafx.event.EventUtil.fireEventImpl(EventUtil.java:74)
	at com.sun.javafx.event.EventUtil.fireEvent(EventUtil.java:54)
	at javafx.event.Event.fireEvent(Event.java:199)
	at javafx.scene.Scene$MouseHandler.process(Scene.java:4005)
	at javafx.scene.Scene.processMouseEvent(Scene.java:1934)
	at javafx.scene.Scene$ScenePeerListener.mouseEvent(Scene.java:2763)
	at com.sun.javafx.tk.quantum.GlassViewEventHandler$MouseEventNotification.get(GlassViewEventHandler.java:352)
	at com.sun.javafx.tk.quantum.GlassViewEventHandler$MouseEventNotification.get(GlassViewEventHandler.java:254)
	at com.sun.javafx.tk.quantum.QuantumToolkit.runWithoutRenderLock(QuantumToolkit.java:424)
	at com.sun.javafx.tk.quantum.GlassViewEventHandler.handleMouseEvent(GlassViewEventHandler.java:386)
	at com.sun.glass.ui.View.handleMouseEvent(View.java:560)
	at com.sun.glass.ui.View.notifyMouse(View.java:946)
	at com.sun.glass.ui.win.WinApplication._runLoop(Native Method)
	at com.sun.glass.ui.win.WinApplication.lambda$runLoop$0(WinApplication.java:168)
	at java.base/java.lang.Thread.run(Thread.java:1447)
Caused by: java.lang.NullPointerException: Cannot invoke "org.code_studio.database.PaletteDocument.getProcessDate()" because "this.paletteDocument" is null
	at org.code_studio.database.Palette.getProcessDate(Palette.java:268)
	at java.base/jdk.internal.reflect.DirectMethodHandleAccessor.invoke(DirectMethodHandleAccessor.java:104)
	at java.base/java.lang.reflect.Method.invoke(Method.java:565)
	at com.fasterxml.jackson.databind.ser.BeanPropertyWriter.serializeAsField(BeanPropertyWriter.java:688)
	at com.fasterxml.jackson.databind.ser.std.BeanSerializerBase.serializeFields(BeanSerializerBase.java:770)
	... 103 common frames omitted
2026-08-27 11:37:02.038 INFO  org.code_studio.rest.CSRestService - 404: http://localhost:33377/api/v1/item/allPageableByNameAndClientId/gh/50008/0
2026-08-27 11:37:02.134 ERROR org.code_studio.rest.CSRestService - {}
com.fasterxml.jackson.databind.JsonMappingException: Cannot invoke "java.math.BigDecimal.toString()" because "this.netPriceRmD" is null (through reference chain: org.code_studio.database.Item["netPriceRmDPlusSpec"])
	at com.fasterxml.jackson.databind.JsonMappingException.wrapWithPath(JsonMappingException.java:401)
	at com.fasterxml.jackson.databind.JsonMappingException.wrapWithPath(JsonMappingException.java:360)
	at com.fasterxml.jackson.databind.ser.std.StdSerializer.wrapAndThrow(StdSerializer.java:323)
	at com.fasterxml.jackson.databind.ser.std.BeanSerializerBase.serializeFields(BeanSerializerBase.java:778)
	at com.fasterxml.jackson.databind.ser.BeanSerializer.serialize(BeanSerializer.java:184)
	at com.fasterxml.jackson.databind.ser.DefaultSerializerProvider._serialize(DefaultSerializerProvider.java:502)
	at com.fasterxml.jackson.databind.ser.DefaultSerializerProvider.serializeValue(DefaultSerializerProvider.java:341)
	at com.fasterxml.jackson.databind.ObjectWriter$Prefetch.serialize(ObjectWriter.java:1587)
	at com.fasterxml.jackson.databind.ObjectWriter._writeValueAndClose(ObjectWriter.java:1289)
	at com.fasterxml.jackson.databind.ObjectWriter.writeValueAsString(ObjectWriter.java:1140)
	at org.code_studio.rest.CSRestService.addOrUpdate(CSRestService.java:370)
	at org.code_studio.controller.Dobanovci_PaletteGroupAddEditController.lambda$3(Dobanovci_PaletteGroupAddEditController.java:203)
	at com.sun.javafx.event.CompositeEventHandler.dispatchBubblingEvent(CompositeEventHandler.java:86)
	at com.sun.javafx.event.EventHandlerManager.dispatchBubblingEvent(EventHandlerManager.java:232)
	at com.sun.javafx.event.EventHandlerManager.dispatchBubblingEvent(EventHandlerManager.java:189)
	at com.sun.javafx.event.CompositeEventDispatcher.dispatchBubblingEvent(CompositeEventDispatcher.java:59)
	at com.sun.javafx.event.BasicEventDispatcher.dispatchEvent(BasicEventDispatcher.java:58)
	at com.sun.javafx.event.EventDispatchChainImpl.dispatchEvent(EventDispatchChainImpl.java:114)
	at com.sun.javafx.event.BasicEventDispatcher.dispatchEvent(BasicEventDispatcher.java:56)
	at com.sun.javafx.event.EventDispatchChainImpl.dispatchEvent(EventDispatchChainImpl.java:114)
	at com.sun.javafx.event.BasicEventDispatcher.dispatchEvent(BasicEventDispatcher.java:56)
	at com.sun.javafx.event.EventDispatchChainImpl.dispatchEvent(EventDispatchChainImpl.java:114)
	at com.sun.javafx.event.EventUtil.fireEventImpl(EventUtil.java:74)
	at com.sun.javafx.event.EventUtil.fireEvent(EventUtil.java:49)
	at javafx.event.Event.fireEvent(Event.java:199)
	at javafx.scene.Node.fireEvent(Node.java:9005)
	at javafx.scene.control.Button.fire(Button.java:203)
	at com.sun.javafx.scene.control.behavior.ButtonBehavior.mouseReleased(ButtonBehavior.java:207)
	at com.sun.javafx.scene.control.inputmap.InputMap.handle(InputMap.java:274)
	at com.sun.javafx.event.CompositeEventHandler$NormalEventHandlerRecord.handleBubblingEvent(CompositeEventHandler.java:247)
	at com.sun.javafx.event.CompositeEventHandler.dispatchBubblingEvent(CompositeEventHandler.java:80)
	at com.sun.javafx.event.EventHandlerManager.dispatchBubblingEvent(EventHandlerManager.java:232)
	at com.sun.javafx.event.EventHandlerManager.dispatchBubblingEvent(EventHandlerManager.java:189)
	at com.sun.javafx.event.CompositeEventDispatcher.dispatchBubblingEvent(CompositeEventDispatcher.java:59)
	at com.sun.javafx.event.BasicEventDispatcher.dispatchEvent(BasicEventDispatcher.java:58)
	at com.sun.javafx.event.EventDispatchChainImpl.dispatchEvent(EventDispatchChainImpl.java:114)
	at com.sun.javafx.event.BasicEventDispatcher.dispatchEvent(BasicEventDispatcher.java:56)
	at com.sun.javafx.event.EventDispatchChainImpl.dispatchEvent(EventDispatchChainImpl.java:114)
	at com.sun.javafx.event.BasicEventDispatcher.dispatchEvent(BasicEventDispatcher.java:56)
	at com.sun.javafx.event.EventDispatchChainImpl.dispatchEvent(EventDispatchChainImpl.java:114)
	at com.sun.javafx.event.EventUtil.fireEventImpl(EventUtil.java:74)
	at com.sun.javafx.event.EventUtil.fireEvent(EventUtil.java:49)
	at javafx.event.Event.fireEvent(Event.java:199)
	at javafx.scene.Scene$MouseHandler.process(Scene.java:4005)
	at javafx.scene.Scene.processMouseEvent(Scene.java:1934)
	at javafx.scene.Scene$ScenePeerListener.mouseEvent(Scene.java:2763)
	at com.sun.javafx.tk.quantum.GlassViewEventHandler$MouseEventNotification.get(GlassViewEventHandler.java:352)
	at com.sun.javafx.tk.quantum.GlassViewEventHandler$MouseEventNotification.get(GlassViewEventHandler.java:254)
	at com.sun.javafx.tk.quantum.QuantumToolkit.runWithoutRenderLock(QuantumToolkit.java:424)
	at com.sun.javafx.tk.quantum.GlassViewEventHandler.handleMouseEvent(GlassViewEventHandler.java:386)
	at com.sun.glass.ui.View.handleMouseEvent(View.java:560)
	at com.sun.glass.ui.View.notifyMouse(View.java:946)
	at com.sun.glass.ui.win.WinApplication._enterNestedEventLoopImpl(Native Method)
	at com.sun.glass.ui.win.WinApplication._enterNestedEventLoop(WinApplication.java:195)
	at com.sun.glass.ui.Application.enterNestedEventLoop(Application.java:510)
	at com.sun.glass.ui.EventLoop.enter(EventLoop.java:107)
	at com.sun.javafx.tk.quantum.QuantumToolkit.enterNestedEventLoop(QuantumToolkit.java:649)
	at javafx.stage.Stage.showAndWait(Stage.java:429)
	at org.code_studio.main.Common.displayForm(Common.java:211)
	at org.code_studio.controller.Dobanovci_GoodsInController.lambda$14(Dobanovci_GoodsInController.java:342)
	at com.sun.javafx.event.CompositeEventHandler.dispatchBubblingEvent(CompositeEventHandler.java:86)
	at com.sun.javafx.event.EventHandlerManager.dispatchBubblingEvent(EventHandlerManager.java:232)
	at com.sun.javafx.event.EventHandlerManager.dispatchBubblingEvent(EventHandlerManager.java:189)
	at com.sun.javafx.event.CompositeEventDispatcher.dispatchBubblingEvent(CompositeEventDispatcher.java:59)
	at com.sun.javafx.event.BasicEventDispatcher.dispatchEvent(BasicEventDispatcher.java:58)
	at com.sun.javafx.event.EventDispatchChainImpl.dispatchEvent(EventDispatchChainImpl.java:114)
	at com.sun.javafx.event.BasicEventDispatcher.dispatchEvent(BasicEventDispatcher.java:56)
	at com.sun.javafx.event.EventDispatchChainImpl.dispatchEvent(EventDispatchChainImpl.java:114)
	at com.sun.javafx.event.BasicEventDispatcher.dispatchEvent(BasicEventDispatcher.java:56)
	at com.sun.javafx.event.EventDispatchChainImpl.dispatchEvent(EventDispatchChainImpl.java:114)
	at com.sun.javafx.event.BasicEventDispatcher.dispatchEvent(BasicEventDispatcher.java:56)
	at com.sun.javafx.event.EventDispatchChainImpl.dispatchEvent(EventDispatchChainImpl.java:114)
	at com.sun.javafx.event.EventUtil.fireEventImpl(EventUtil.java:74)
	at com.sun.javafx.event.EventUtil.fireEvent(EventUtil.java:49)
	at javafx.event.Event.fireEvent(Event.java:199)
	at javafx.scene.Node.fireEvent(Node.java:9005)
	at javafx.scene.control.Button.fire(Button.java:203)
	at com.sun.javafx.scene.control.behavior.ButtonBehavior.mouseReleased(ButtonBehavior.java:207)
	at com.sun.javafx.scene.control.inputmap.InputMap.handle(InputMap.java:274)
	at com.sun.javafx.event.CompositeEventHandler$NormalEventHandlerRecord.handleBubblingEvent(CompositeEventHandler.java:247)
	at com.sun.javafx.event.CompositeEventHandler.dispatchBubblingEvent(CompositeEventHandler.java:80)
	at com.sun.javafx.event.EventHandlerManager.dispatchBubblingEvent(EventHandlerManager.java:232)
	at com.sun.javafx.event.EventHandlerManager.dispatchBubblingEvent(EventHandlerManager.java:189)
	at com.sun.javafx.event.CompositeEventDispatcher.dispatchBubblingEvent(CompositeEventDispatcher.java:59)
	at com.sun.javafx.event.BasicEventDispatcher.dispatchEvent(BasicEventDispatcher.java:58)
	at com.sun.javafx.event.EventDispatchChainImpl.dispatchEvent(EventDispatchChainImpl.java:114)
	at com.sun.javafx.event.BasicEventDispatcher.dispatchEvent(BasicEventDispatcher.java:56)
	at com.sun.javafx.event.EventDispatchChainImpl.dispatchEvent(EventDispatchChainImpl.java:114)
	at com.sun.javafx.event.BasicEventDispatcher.dispatchEvent(BasicEventDispatcher.java:56)
	at com.sun.javafx.event.EventDispatchChainImpl.dispatchEvent(EventDispatchChainImpl.java:114)
	at com.sun.javafx.event.BasicEventDispatcher.dispatchEvent(BasicEventDispatcher.java:56)
	at com.sun.javafx.event.EventDispatchChainImpl.dispatchEvent(EventDispatchChainImpl.java:114)
	at com.sun.javafx.event.EventUtil.fireEventImpl(EventUtil.java:74)
	at com.sun.javafx.event.EventUtil.fireEvent(EventUtil.java:54)
	at javafx.event.Event.fireEvent(Event.java:199)
	at javafx.scene.Scene$MouseHandler.process(Scene.java:4005)
	at javafx.scene.Scene.processMouseEvent(Scene.java:1934)
	at javafx.scene.Scene$ScenePeerListener.mouseEvent(Scene.java:2763)
	at com.sun.javafx.tk.quantum.GlassViewEventHandler$MouseEventNotification.get(GlassViewEventHandler.java:352)
	at com.sun.javafx.tk.quantum.GlassViewEventHandler$MouseEventNotification.get(GlassViewEventHandler.java:254)
	at com.sun.javafx.tk.quantum.QuantumToolkit.runWithoutRenderLock(QuantumToolkit.java:424)
	at com.sun.javafx.tk.quantum.GlassViewEventHandler.handleMouseEvent(GlassViewEventHandler.java:386)
	at com.sun.glass.ui.View.handleMouseEvent(View.java:560)
	at com.sun.glass.ui.View.notifyMouse(View.java:946)
	at com.sun.glass.ui.win.WinApplication._runLoop(Native Method)
	at com.sun.glass.ui.win.WinApplication.lambda$runLoop$0(WinApplication.java:168)
	at java.base/java.lang.Thread.run(Thread.java:1447)
Caused by: java.lang.NullPointerException: Cannot invoke "java.math.BigDecimal.toString()" because "this.netPriceRmD" is null
	at org.code_studio.database.Item.getNetPriceRmDPlusSpec(Item.java:546)
	at java.base/jdk.internal.reflect.DirectMethodHandleAccessor.invoke(DirectMethodHandleAccessor.java:104)
	at java.base/java.lang.reflect.Method.invoke(Method.java:565)
	at com.fasterxml.jackson.databind.ser.BeanPropertyWriter.serializeAsField(BeanPropertyWriter.java:688)
	at com.fasterxml.jackson.databind.ser.std.BeanSerializerBase.serializeFields(BeanSerializerBase.java:770)
	... 103 common frames omitted
2026-08-27 11:37:02.187 ERROR org.code_studio.rest.CSRestService - {}
org.springframework.web.client.HttpClientErrorException$UnsupportedMediaType: 415  on POST request for "http://localhost:33377/api/v1/paletteItem": "{"timestamp":"2026-08-27T09:37:02.146+00:00","status":415,"error":"Unsupported Media Type","path":"/api/v1/paletteItem"}"
	at org.springframework.web.client.HttpClientErrorException.create(HttpClientErrorException.java:127)
	at org.springframework.web.client.DefaultResponseErrorHandler.handleError(DefaultResponseErrorHandler.java:186)
	at org.springframework.web.client.DefaultResponseErrorHandler.handleError(DefaultResponseErrorHandler.java:147)
	at org.springframework.web.client.RestTemplate.handleResponse(RestTemplate.java:953)
	at org.springframework.web.client.RestTemplate.doExecute(RestTemplate.java:902)
	at org.springframework.web.client.RestTemplate.execute(RestTemplate.java:841)
	at org.springframework.web.client.RestTemplate.postForEntity(RestTemplate.java:567)
	at org.code_studio.rest.CSRestService.addOrUpdate(CSRestService.java:372)
	at org.code_studio.controller.Dobanovci_PaletteGroupAddEditController.lambda$3(Dobanovci_PaletteGroupAddEditController.java:220)
	at com.sun.javafx.event.CompositeEventHandler.dispatchBubblingEvent(CompositeEventHandler.java:86)
	at com.sun.javafx.event.EventHandlerManager.dispatchBubblingEvent(EventHandlerManager.java:232)
	at com.sun.javafx.event.EventHandlerManager.dispatchBubblingEvent(EventHandlerManager.java:189)
	at com.sun.javafx.event.CompositeEventDispatcher.dispatchBubblingEvent(CompositeEventDispatcher.java:59)
	at com.sun.javafx.event.BasicEventDispatcher.dispatchEvent(BasicEventDispatcher.java:58)
	at com.sun.javafx.event.EventDispatchChainImpl.dispatchEvent(EventDispatchChainImpl.java:114)
	at com.sun.javafx.event.BasicEventDispatcher.dispatchEvent(BasicEventDispatcher.java:56)
	at com.sun.javafx.event.EventDispatchChainImpl.dispatchEvent(EventDispatchChainImpl.java:114)
	at com.sun.javafx.event.BasicEventDispatcher.dispatchEvent(BasicEventDispatcher.java:56)
	at com.sun.javafx.event.EventDispatchChainImpl.dispatchEvent(EventDispatchChainImpl.java:114)
	at com.sun.javafx.event.EventUtil.fireEventImpl(EventUtil.java:74)
	at com.sun.javafx.event.EventUtil.fireEvent(EventUtil.java:49)
	at javafx.event.Event.fireEvent(Event.java:199)
	at javafx.scene.Node.fireEvent(Node.java:9005)
	at javafx.scene.control.Button.fire(Button.java:203)
	at com.sun.javafx.scene.control.behavior.ButtonBehavior.mouseReleased(ButtonBehavior.java:207)
	at com.sun.javafx.scene.control.inputmap.InputMap.handle(InputMap.java:274)
	at com.sun.javafx.event.CompositeEventHandler$NormalEventHandlerRecord.handleBubblingEvent(CompositeEventHandler.java:247)
	at com.sun.javafx.event.CompositeEventHandler.dispatchBubblingEvent(CompositeEventHandler.java:80)
	at com.sun.javafx.event.EventHandlerManager.dispatchBubblingEvent(EventHandlerManager.java:232)
	at com.sun.javafx.event.EventHandlerManager.dispatchBubblingEvent(EventHandlerManager.java:189)
	at com.sun.javafx.event.CompositeEventDispatcher.dispatchBubblingEvent(CompositeEventDispatcher.java:59)
	at com.sun.javafx.event.BasicEventDispatcher.dispatchEvent(BasicEventDispatcher.java:58)
	at com.sun.javafx.event.EventDispatchChainImpl.dispatchEvent(EventDispatchChainImpl.java:114)
	at com.sun.javafx.event.BasicEventDispatcher.dispatchEvent(BasicEventDispatcher.java:56)
	at com.sun.javafx.event.EventDispatchChainImpl.dispatchEvent(EventDispatchChainImpl.java:114)
	at com.sun.javafx.event.BasicEventDispatcher.dispatchEvent(BasicEventDispatcher.java:56)
	at com.sun.javafx.event.EventDispatchChainImpl.dispatchEvent(EventDispatchChainImpl.java:114)
	at com.sun.javafx.event.EventUtil.fireEventImpl(EventUtil.java:74)
	at com.sun.javafx.event.EventUtil.fireEvent(EventUtil.java:49)
	at javafx.event.Event.fireEvent(Event.java:199)
	at javafx.scene.Scene$MouseHandler.process(Scene.java:4005)
	at javafx.scene.Scene.processMouseEvent(Scene.java:1934)
	at javafx.scene.Scene$ScenePeerListener.mouseEvent(Scene.java:2763)
	at com.sun.javafx.tk.quantum.GlassViewEventHandler$MouseEventNotification.get(GlassViewEventHandler.java:352)
	at com.sun.javafx.tk.quantum.GlassViewEventHandler$MouseEventNotification.get(GlassViewEventHandler.java:254)
	at com.sun.javafx.tk.quantum.QuantumToolkit.runWithoutRenderLock(QuantumToolkit.java:424)
	at com.sun.javafx.tk.quantum.GlassViewEventHandler.handleMouseEvent(GlassViewEventHandler.java:386)
	at com.sun.glass.ui.View.handleMouseEvent(View.java:560)
	at com.sun.glass.ui.View.notifyMouse(View.java:946)
	at com.sun.glass.ui.win.WinApplication._enterNestedEventLoopImpl(Native Method)
	at com.sun.glass.ui.win.WinApplication._enterNestedEventLoop(WinApplication.java:195)
	at com.sun.glass.ui.Application.enterNestedEventLoop(Application.java:510)
	at com.sun.glass.ui.EventLoop.enter(EventLoop.java:107)
	at com.sun.javafx.tk.quantum.QuantumToolkit.enterNestedEventLoop(QuantumToolkit.java:649)
	at javafx.stage.Stage.showAndWait(Stage.java:429)
	at org.code_studio.main.Common.displayForm(Common.java:211)
	at org.code_studio.controller.Dobanovci_GoodsInController.lambda$14(Dobanovci_GoodsInController.java:342)
	at com.sun.javafx.event.CompositeEventHandler.dispatchBubblingEvent(CompositeEventHandler.java:86)
	at com.sun.javafx.event.EventHandlerManager.dispatchBubblingEvent(EventHandlerManager.java:232)
	at com.sun.javafx.event.EventHandlerManager.dispatchBubblingEvent(EventHandlerManager.java:189)
	at com.sun.javafx.event.CompositeEventDispatcher.dispatchBubblingEvent(CompositeEventDispatcher.java:59)
	at com.sun.javafx.event.BasicEventDispatcher.dispatchEvent(BasicEventDispatcher.java:58)
	at com.sun.javafx.event.EventDispatchChainImpl.dispatchEvent(EventDispatchChainImpl.java:114)
	at com.sun.javafx.event.BasicEventDispatcher.dispatchEvent(BasicEventDispatcher.java:56)
	at com.sun.javafx.event.EventDispatchChainImpl.dispatchEvent(EventDispatchChainImpl.java:114)
	at com.sun.javafx.event.BasicEventDispatcher.dispatchEvent(BasicEventDispatcher.java:56)
	at com.sun.javafx.event.EventDispatchChainImpl.dispatchEvent(EventDispatchChainImpl.java:114)
	at com.sun.javafx.event.BasicEventDispatcher.dispatchEvent(BasicEventDispatcher.java:56)
	at com.sun.javafx.event.EventDispatchChainImpl.dispatchEvent(EventDispatchChainImpl.java:114)
	at com.sun.javafx.event.EventUtil.fireEventImpl(EventUtil.java:74)
	at com.sun.javafx.event.EventUtil.fireEvent(EventUtil.java:49)
	at javafx.event.Event.fireEvent(Event.java:199)
	at javafx.scene.Node.fireEvent(Node.java:9005)
	at javafx.scene.control.Button.fire(Button.java:203)
	at com.sun.javafx.scene.control.behavior.ButtonBehavior.mouseReleased(ButtonBehavior.java:207)
	at com.sun.javafx.scene.control.inputmap.InputMap.handle(InputMap.java:274)
	at com.sun.javafx.event.CompositeEventHandler$NormalEventHandlerRecord.handleBubblingEvent(CompositeEventHandler.java:247)
	at com.sun.javafx.event.CompositeEventHandler.dispatchBubblingEvent(CompositeEventHandler.java:80)
	at com.sun.javafx.event.EventHandlerManager.dispatchBubblingEvent(EventHandlerManager.java:232)
	at com.sun.javafx.event.EventHandlerManager.dispatchBubblingEvent(EventHandlerManager.java:189)
	at com.sun.javafx.event.CompositeEventDispatcher.dispatchBubblingEvent(CompositeEventDispatcher.java:59)
	at com.sun.javafx.event.BasicEventDispatcher.dispatchEvent(BasicEventDispatcher.java:58)
	at com.sun.javafx.event.EventDispatchChainImpl.dispatchEvent(EventDispatchChainImpl.java:114)
	at com.sun.javafx.event.BasicEventDispatcher.dispatchEvent(BasicEventDispatcher.java:56)
	at com.sun.javafx.event.EventDispatchChainImpl.dispatchEvent(EventDispatchChainImpl.java:114)
	at com.sun.javafx.event.BasicEventDispatcher.dispatchEvent(BasicEventDispatcher.java:56)
	at com.sun.javafx.event.EventDispatchChainImpl.dispatchEvent(EventDispatchChainImpl.java:114)
	at com.sun.javafx.event.BasicEventDispatcher.dispatchEvent(BasicEventDispatcher.java:56)
	at com.sun.javafx.event.EventDispatchChainImpl.dispatchEvent(EventDispatchChainImpl.java:114)
	at com.sun.javafx.event.EventUtil.fireEventImpl(EventUtil.java:74)
	at com.sun.javafx.event.EventUtil.fireEvent(EventUtil.java:54)
	at javafx.event.Event.fireEvent(Event.java:199)
	at javafx.scene.Scene$MouseHandler.process(Scene.java:4005)
	at javafx.scene.Scene.processMouseEvent(Scene.java:1934)
	at javafx.scene.Scene$ScenePeerListener.mouseEvent(Scene.java:2763)
	at com.sun.javafx.tk.quantum.GlassViewEventHandler$MouseEventNotification.get(GlassViewEventHandler.java:352)
	at com.sun.javafx.tk.quantum.GlassViewEventHandler$MouseEventNotification.get(GlassViewEventHandler.java:254)
	at com.sun.javafx.tk.quantum.QuantumToolkit.runWithoutRenderLock(QuantumToolkit.java:424)
	at com.sun.javafx.tk.quantum.GlassViewEventHandler.handleMouseEvent(GlassViewEventHandler.java:386)
	at com.sun.glass.ui.View.handleMouseEvent(View.java:560)
	at com.sun.glass.ui.View.notifyMouse(View.java:946)
	at com.sun.glass.ui.win.WinApplication._runLoop(Native Method)
	at com.sun.glass.ui.win.WinApplication.lambda$runLoop$0(WinApplication.java:168)
	at java.base/java.lang.Thread.run(Thread.java:1447)
2026-08-27 11:37:02.303 ERROR org.code_studio.rest.CSRestService - {}
com.fasterxml.jackson.databind.JsonMappingException: Cannot invoke "org.code_studio.database.PaletteDocument.getProcessDate()" because "this.paletteDocument" is null (through reference chain: org.code_studio.database.Palette["processDate"])
	at com.fasterxml.jackson.databind.JsonMappingException.wrapWithPath(JsonMappingException.java:401)
	at com.fasterxml.jackson.databind.JsonMappingException.wrapWithPath(JsonMappingException.java:360)
	at com.fasterxml.jackson.databind.ser.std.StdSerializer.wrapAndThrow(StdSerializer.java:323)
	at com.fasterxml.jackson.databind.ser.std.BeanSerializerBase.serializeFields(BeanSerializerBase.java:778)
	at com.fasterxml.jackson.databind.ser.BeanSerializer.serialize(BeanSerializer.java:184)
	at com.fasterxml.jackson.databind.ser.DefaultSerializerProvider._serialize(DefaultSerializerProvider.java:502)
	at com.fasterxml.jackson.databind.ser.DefaultSerializerProvider.serializeValue(DefaultSerializerProvider.java:341)
	at com.fasterxml.jackson.databind.ObjectWriter$Prefetch.serialize(ObjectWriter.java:1587)
	at com.fasterxml.jackson.databind.ObjectWriter._writeValueAndClose(ObjectWriter.java:1289)
	at com.fasterxml.jackson.databind.ObjectWriter.writeValueAsString(ObjectWriter.java:1140)
	at org.code_studio.rest.CSRestService.addOrUpdate(CSRestService.java:370)
	at org.code_studio.controller.Dobanovci_PaletteGroupAddEditController.lambda$3(Dobanovci_PaletteGroupAddEditController.java:178)
	at com.sun.javafx.event.CompositeEventHandler.dispatchBubblingEvent(CompositeEventHandler.java:86)
	at com.sun.javafx.event.EventHandlerManager.dispatchBubblingEvent(EventHandlerManager.java:232)
	at com.sun.javafx.event.EventHandlerManager.dispatchBubblingEvent(EventHandlerManager.java:189)
	at com.sun.javafx.event.CompositeEventDispatcher.dispatchBubblingEvent(CompositeEventDispatcher.java:59)
	at com.sun.javafx.event.BasicEventDispatcher.dispatchEvent(BasicEventDispatcher.java:58)
	at com.sun.javafx.event.EventDispatchChainImpl.dispatchEvent(EventDispatchChainImpl.java:114)
	at com.sun.javafx.event.BasicEventDispatcher.dispatchEvent(BasicEventDispatcher.java:56)
	at com.sun.javafx.event.EventDispatchChainImpl.dispatchEvent(EventDispatchChainImpl.java:114)
	at com.sun.javafx.event.BasicEventDispatcher.dispatchEvent(BasicEventDispatcher.java:56)
	at com.sun.javafx.event.EventDispatchChainImpl.dispatchEvent(EventDispatchChainImpl.java:114)
	at com.sun.javafx.event.EventUtil.fireEventImpl(EventUtil.java:74)
	at com.sun.javafx.event.EventUtil.fireEvent(EventUtil.java:49)
	at javafx.event.Event.fireEvent(Event.java:199)
	at javafx.scene.Node.fireEvent(Node.java:9005)
	at javafx.scene.control.Button.fire(Button.java:203)
	at com.sun.javafx.scene.control.behavior.ButtonBehavior.mouseReleased(ButtonBehavior.java:207)
	at com.sun.javafx.scene.control.inputmap.InputMap.handle(InputMap.java:274)
	at com.sun.javafx.event.CompositeEventHandler$NormalEventHandlerRecord.handleBubblingEvent(CompositeEventHandler.java:247)
	at com.sun.javafx.event.CompositeEventHandler.dispatchBubblingEvent(CompositeEventHandler.java:80)
	at com.sun.javafx.event.EventHandlerManager.dispatchBubblingEvent(EventHandlerManager.java:232)
	at com.sun.javafx.event.EventHandlerManager.dispatchBubblingEvent(EventHandlerManager.java:189)
	at com.sun.javafx.event.CompositeEventDispatcher.dispatchBubblingEvent(CompositeEventDispatcher.java:59)
	at com.sun.javafx.event.BasicEventDispatcher.dispatchEvent(BasicEventDispatcher.java:58)
	at com.sun.javafx.event.EventDispatchChainImpl.dispatchEvent(EventDispatchChainImpl.java:114)
	at com.sun.javafx.event.BasicEventDispatcher.dispatchEvent(BasicEventDispatcher.java:56)
	at com.sun.javafx.event.EventDispatchChainImpl.dispatchEvent(EventDispatchChainImpl.java:114)
	at com.sun.javafx.event.BasicEventDispatcher.dispatchEvent(BasicEventDispatcher.java:56)
	at com.sun.javafx.event.EventDispatchChainImpl.dispatchEvent(EventDispatchChainImpl.java:114)
	at com.sun.javafx.event.EventUtil.fireEventImpl(EventUtil.java:74)
	at com.sun.javafx.event.EventUtil.fireEvent(EventUtil.java:49)
	at javafx.event.Event.fireEvent(Event.java:199)
	at javafx.scene.Scene$MouseHandler.process(Scene.java:4005)
	at javafx.scene.Scene.processMouseEvent(Scene.java:1934)
	at javafx.scene.Scene$ScenePeerListener.mouseEvent(Scene.java:2763)
	at com.sun.javafx.tk.quantum.GlassViewEventHandler$MouseEventNotification.get(GlassViewEventHandler.java:352)
	at com.sun.javafx.tk.quantum.GlassViewEventHandler$MouseEventNotification.get(GlassViewEventHandler.java:254)
	at com.sun.javafx.tk.quantum.QuantumToolkit.runWithoutRenderLock(QuantumToolkit.java:424)
	at com.sun.javafx.tk.quantum.GlassViewEventHandler.handleMouseEvent(GlassViewEventHandler.java:386)
	at com.sun.glass.ui.View.handleMouseEvent(View.java:560)
	at com.sun.glass.ui.View.notifyMouse(View.java:946)
	at com.sun.glass.ui.win.WinApplication._enterNestedEventLoopImpl(Native Method)
	at com.sun.glass.ui.win.WinApplication._enterNestedEventLoop(WinApplication.java:195)
	at com.sun.glass.ui.Application.enterNestedEventLoop(Application.java:510)
	at com.sun.glass.ui.EventLoop.enter(EventLoop.java:107)
	at com.sun.javafx.tk.quantum.QuantumToolkit.enterNestedEventLoop(QuantumToolkit.java:649)
	at javafx.stage.Stage.showAndWait(Stage.java:429)
	at org.code_studio.main.Common.displayForm(Common.java:211)
	at org.code_studio.controller.Dobanovci_GoodsInController.lambda$14(Dobanovci_GoodsInController.java:342)
	at com.sun.javafx.event.CompositeEventHandler.dispatchBubblingEvent(CompositeEventHandler.java:86)
	at com.sun.javafx.event.EventHandlerManager.dispatchBubblingEvent(EventHandlerManager.java:232)
	at com.sun.javafx.event.EventHandlerManager.dispatchBubblingEvent(EventHandlerManager.java:189)
	at com.sun.javafx.event.CompositeEventDispatcher.dispatchBubblingEvent(CompositeEventDispatcher.java:59)
	at com.sun.javafx.event.BasicEventDispatcher.dispatchEvent(BasicEventDispatcher.java:58)
	at com.sun.javafx.event.EventDispatchChainImpl.dispatchEvent(EventDispatchChainImpl.java:114)
	at com.sun.javafx.event.BasicEventDispatcher.dispatchEvent(BasicEventDispatcher.java:56)
	at com.sun.javafx.event.EventDispatchChainImpl.dispatchEvent(EventDispatchChainImpl.java:114)
	at com.sun.javafx.event.BasicEventDispatcher.dispatchEvent(BasicEventDispatcher.java:56)
	at com.sun.javafx.event.EventDispatchChainImpl.dispatchEvent(EventDispatchChainImpl.java:114)
	at com.sun.javafx.event.BasicEventDispatcher.dispatchEvent(BasicEventDispatcher.java:56)
	at com.sun.javafx.event.EventDispatchChainImpl.dispatchEvent(EventDispatchChainImpl.java:114)
	at com.sun.javafx.event.EventUtil.fireEventImpl(EventUtil.java:74)
	at com.sun.javafx.event.EventUtil.fireEvent(EventUtil.java:49)
	at javafx.event.Event.fireEvent(Event.java:199)
	at javafx.scene.Node.fireEvent(Node.java:9005)
	at javafx.scene.control.Button.fire(Button.java:203)
	at com.sun.javafx.scene.control.behavior.ButtonBehavior.mouseReleased(ButtonBehavior.java:207)
	at com.sun.javafx.scene.control.inputmap.InputMap.handle(InputMap.java:274)
	at com.sun.javafx.event.CompositeEventHandler$NormalEventHandlerRecord.handleBubblingEvent(CompositeEventHandler.java:247)
	at com.sun.javafx.event.CompositeEventHandler.dispatchBubblingEvent(CompositeEventHandler.java:80)
	at com.sun.javafx.event.EventHandlerManager.dispatchBubblingEvent(EventHandlerManager.java:232)
	at com.sun.javafx.event.EventHandlerManager.dispatchBubblingEvent(EventHandlerManager.java:189)
	at com.sun.javafx.event.CompositeEventDispatcher.dispatchBubblingEvent(CompositeEventDispatcher.java:59)
	at com.sun.javafx.event.BasicEventDispatcher.dispatchEvent(BasicEventDispatcher.java:58)
	at com.sun.javafx.event.EventDispatchChainImpl.dispatchEvent(EventDispatchChainImpl.java:114)
	at com.sun.javafx.event.BasicEventDispatcher.dispatchEvent(BasicEventDispatcher.java:56)
	at com.sun.javafx.event.EventDispatchChainImpl.dispatchEvent(EventDispatchChainImpl.java:114)
	at com.sun.javafx.event.BasicEventDispatcher.dispatchEvent(BasicEventDispatcher.java:56)
	at com.sun.javafx.event.EventDispatchChainImpl.dispatchEvent(EventDispatchChainImpl.java:114)
	at com.sun.javafx.event.BasicEventDispatcher.dispatchEvent(BasicEventDispatcher.java:56)
	at com.sun.javafx.event.EventDispatchChainImpl.dispatchEvent(EventDispatchChainImpl.java:114)
	at com.sun.javafx.event.EventUtil.fireEventImpl(EventUtil.java:74)
	at com.sun.javafx.event.EventUtil.fireEvent(EventUtil.java:54)
	at javafx.event.Event.fireEvent(Event.java:199)
	at javafx.scene.Scene$MouseHandler.process(Scene.java:4005)
	at javafx.scene.Scene.processMouseEvent(Scene.java:1934)
	at javafx.scene.Scene$ScenePeerListener.mouseEvent(Scene.java:2763)
	at com.sun.javafx.tk.quantum.GlassViewEventHandler$MouseEventNotification.get(GlassViewEventHandler.java:352)
	at com.sun.javafx.tk.quantum.GlassViewEventHandler$MouseEventNotification.get(GlassViewEventHandler.java:254)
	at com.sun.javafx.tk.quantum.QuantumToolkit.runWithoutRenderLock(QuantumToolkit.java:424)
	at com.sun.javafx.tk.quantum.GlassViewEventHandler.handleMouseEvent(GlassViewEventHandler.java:386)
	at com.sun.glass.ui.View.handleMouseEvent(View.java:560)
	at com.sun.glass.ui.View.notifyMouse(View.java:946)
	at com.sun.glass.ui.win.WinApplication._runLoop(Native Method)
	at com.sun.glass.ui.win.WinApplication.lambda$runLoop$0(WinApplication.java:168)
	at java.base/java.lang.Thread.run(Thread.java:1447)
Caused by: java.lang.NullPointerException: Cannot invoke "org.code_studio.database.PaletteDocument.getProcessDate()" because "this.paletteDocument" is null
	at org.code_studio.database.Palette.getProcessDate(Palette.java:268)
	at java.base/jdk.internal.reflect.DirectMethodHandleAccessor.invoke(DirectMethodHandleAccessor.java:104)
	at java.base/java.lang.reflect.Method.invoke(Method.java:565)
	at com.fasterxml.jackson.databind.ser.BeanPropertyWriter.serializeAsField(BeanPropertyWriter.java:688)
	at com.fasterxml.jackson.databind.ser.std.BeanSerializerBase.serializeFields(BeanSerializerBase.java:770)
	... 103 common frames omitted
2026-08-27 11:37:02.324 INFO  org.code_studio.rest.CSRestService - 404: http://localhost:33377/api/v1/item/allPageableByNameAndClientId/gh/50008/0
2026-08-27 11:37:02.407 ERROR org.code_studio.rest.CSRestService - {}
com.fasterxml.jackson.databind.JsonMappingException: Cannot invoke "java.math.BigDecimal.toString()" because "this.netPriceRmD" is null (through reference chain: org.code_studio.database.Item["netPriceRmDPlusSpec"])
	at com.fasterxml.jackson.databind.JsonMappingException.wrapWithPath(JsonMappingException.java:401)
	at com.fasterxml.jackson.databind.JsonMappingException.wrapWithPath(JsonMappingException.java:360)
	at com.fasterxml.jackson.databind.ser.std.StdSerializer.wrapAndThrow(StdSerializer.java:323)
	at com.fasterxml.jackson.databind.ser.std.BeanSerializerBase.serializeFields(BeanSerializerBase.java:778)
	at com.fasterxml.jackson.databind.ser.BeanSerializer.serialize(BeanSerializer.java:184)
	at com.fasterxml.jackson.databind.ser.DefaultSerializerProvider._serialize(DefaultSerializerProvider.java:502)
	at com.fasterxml.jackson.databind.ser.DefaultSerializerProvider.serializeValue(DefaultSerializerProvider.java:341)
	at com.fasterxml.jackson.databind.ObjectWriter$Prefetch.serialize(ObjectWriter.java:1587)
	at com.fasterxml.jackson.databind.ObjectWriter._writeValueAndClose(ObjectWriter.java:1289)
	at com.fasterxml.jackson.databind.ObjectWriter.writeValueAsString(ObjectWriter.java:1140)
	at org.code_studio.rest.CSRestService.addOrUpdate(CSRestService.java:370)
	at org.code_studio.controller.Dobanovci_PaletteGroupAddEditController.lambda$3(Dobanovci_PaletteGroupAddEditController.java:203)
	at com.sun.javafx.event.CompositeEventHandler.dispatchBubblingEvent(CompositeEventHandler.java:86)
	at com.sun.javafx.event.EventHandlerManager.dispatchBubblingEvent(EventHandlerManager.java:232)
	at com.sun.javafx.event.EventHandlerManager.dispatchBubblingEvent(EventHandlerManager.java:189)
	at com.sun.javafx.event.CompositeEventDispatcher.dispatchBubblingEvent(CompositeEventDispatcher.java:59)
	at com.sun.javafx.event.BasicEventDispatcher.dispatchEvent(BasicEventDispatcher.java:58)
	at com.sun.javafx.event.EventDispatchChainImpl.dispatchEvent(EventDispatchChainImpl.java:114)
	at com.sun.javafx.event.BasicEventDispatcher.dispatchEvent(BasicEventDispatcher.java:56)
	at com.sun.javafx.event.EventDispatchChainImpl.dispatchEvent(EventDispatchChainImpl.java:114)
	at com.sun.javafx.event.BasicEventDispatcher.dispatchEvent(BasicEventDispatcher.java:56)
	at com.sun.javafx.event.EventDispatchChainImpl.dispatchEvent(EventDispatchChainImpl.java:114)
	at com.sun.javafx.event.EventUtil.fireEventImpl(EventUtil.java:74)
	at com.sun.javafx.event.EventUtil.fireEvent(EventUtil.java:49)
	at javafx.event.Event.fireEvent(Event.java:199)
	at javafx.scene.Node.fireEvent(Node.java:9005)
	at javafx.scene.control.Button.fire(Button.java:203)
	at com.sun.javafx.scene.control.behavior.ButtonBehavior.mouseReleased(ButtonBehavior.java:207)
	at com.sun.javafx.scene.control.inputmap.InputMap.handle(InputMap.java:274)
	at com.sun.javafx.event.CompositeEventHandler$NormalEventHandlerRecord.handleBubblingEvent(CompositeEventHandler.java:247)
	at com.sun.javafx.event.CompositeEventHandler.dispatchBubblingEvent(CompositeEventHandler.java:80)
	at com.sun.javafx.event.EventHandlerManager.dispatchBubblingEvent(EventHandlerManager.java:232)
	at com.sun.javafx.event.EventHandlerManager.dispatchBubblingEvent(EventHandlerManager.java:189)
	at com.sun.javafx.event.CompositeEventDispatcher.dispatchBubblingEvent(CompositeEventDispatcher.java:59)
	at com.sun.javafx.event.BasicEventDispatcher.dispatchEvent(BasicEventDispatcher.java:58)
	at com.sun.javafx.event.EventDispatchChainImpl.dispatchEvent(EventDispatchChainImpl.java:114)
	at com.sun.javafx.event.BasicEventDispatcher.dispatchEvent(BasicEventDispatcher.java:56)
	at com.sun.javafx.event.EventDispatchChainImpl.dispatchEvent(EventDispatchChainImpl.java:114)
	at com.sun.javafx.event.BasicEventDispatcher.dispatchEvent(BasicEventDispatcher.java:56)
	at com.sun.javafx.event.EventDispatchChainImpl.dispatchEvent(EventDispatchChainImpl.java:114)
	at com.sun.javafx.event.EventUtil.fireEventImpl(EventUtil.java:74)
	at com.sun.javafx.event.EventUtil.fireEvent(EventUtil.java:49)
	at javafx.event.Event.fireEvent(Event.java:199)
	at javafx.scene.Scene$MouseHandler.process(Scene.java:4005)
	at javafx.scene.Scene.processMouseEvent(Scene.java:1934)
	at javafx.scene.Scene$ScenePeerListener.mouseEvent(Scene.java:2763)
	at com.sun.javafx.tk.quantum.GlassViewEventHandler$MouseEventNotification.get(GlassViewEventHandler.java:352)
	at com.sun.javafx.tk.quantum.GlassViewEventHandler$MouseEventNotification.get(GlassViewEventHandler.java:254)
	at com.sun.javafx.tk.quantum.QuantumToolkit.runWithoutRenderLock(QuantumToolkit.java:424)
	at com.sun.javafx.tk.quantum.GlassViewEventHandler.handleMouseEvent(GlassViewEventHandler.java:386)
	at com.sun.glass.ui.View.handleMouseEvent(View.java:560)
	at com.sun.glass.ui.View.notifyMouse(View.java:946)
	at com.sun.glass.ui.win.WinApplication._enterNestedEventLoopImpl(Native Method)
	at com.sun.glass.ui.win.WinApplication._enterNestedEventLoop(WinApplication.java:195)
	at com.sun.glass.ui.Application.enterNestedEventLoop(Application.java:510)
	at com.sun.glass.ui.EventLoop.enter(EventLoop.java:107)
	at com.sun.javafx.tk.quantum.QuantumToolkit.enterNestedEventLoop(QuantumToolkit.java:649)
	at javafx.stage.Stage.showAndWait(Stage.java:429)
	at org.code_studio.main.Common.displayForm(Common.java:211)
	at org.code_studio.controller.Dobanovci_GoodsInController.lambda$14(Dobanovci_GoodsInController.java:342)
	at com.sun.javafx.event.CompositeEventHandler.dispatchBubblingEvent(CompositeEventHandler.java:86)
	at com.sun.javafx.event.EventHandlerManager.dispatchBubblingEvent(EventHandlerManager.java:232)
	at com.sun.javafx.event.EventHandlerManager.dispatchBubblingEvent(EventHandlerManager.java:189)
	at com.sun.javafx.event.CompositeEventDispatcher.dispatchBubblingEvent(CompositeEventDispatcher.java:59)
	at com.sun.javafx.event.BasicEventDispatcher.dispatchEvent(BasicEventDispatcher.java:58)
	at com.sun.javafx.event.EventDispatchChainImpl.dispatchEvent(EventDispatchChainImpl.java:114)
	at com.sun.javafx.event.BasicEventDispatcher.dispatchEvent(BasicEventDispatcher.java:56)
	at com.sun.javafx.event.EventDispatchChainImpl.dispatchEvent(EventDispatchChainImpl.java:114)
	at com.sun.javafx.event.BasicEventDispatcher.dispatchEvent(BasicEventDispatcher.java:56)
	at com.sun.javafx.event.EventDispatchChainImpl.dispatchEvent(EventDispatchChainImpl.java:114)
	at com.sun.javafx.event.BasicEventDispatcher.dispatchEvent(BasicEventDispatcher.java:56)
	at com.sun.javafx.event.EventDispatchChainImpl.dispatchEvent(EventDispatchChainImpl.java:114)
	at com.sun.javafx.event.EventUtil.fireEventImpl(EventUtil.java:74)
	at com.sun.javafx.event.EventUtil.fireEvent(EventUtil.java:49)
	at javafx.event.Event.fireEvent(Event.java:199)
	at javafx.scene.Node.fireEvent(Node.java:9005)
	at javafx.scene.control.Button.fire(Button.java:203)
	at com.sun.javafx.scene.control.behavior.ButtonBehavior.mouseReleased(ButtonBehavior.java:207)
	at com.sun.javafx.scene.control.inputmap.InputMap.handle(InputMap.java:274)
	at com.sun.javafx.event.CompositeEventHandler$NormalEventHandlerRecord.handleBubblingEvent(CompositeEventHandler.java:247)
	at com.sun.javafx.event.CompositeEventHandler.dispatchBubblingEvent(CompositeEventHandler.java:80)
	at com.sun.javafx.event.EventHandlerManager.dispatchBubblingEvent(EventHandlerManager.java:232)
	at com.sun.javafx.event.EventHandlerManager.dispatchBubblingEvent(EventHandlerManager.java:189)
	at com.sun.javafx.event.CompositeEventDispatcher.dispatchBubblingEvent(CompositeEventDispatcher.java:59)
	at com.sun.javafx.event.BasicEventDispatcher.dispatchEvent(BasicEventDispatcher.java:58)
	at com.sun.javafx.event.EventDispatchChainImpl.dispatchEvent(EventDispatchChainImpl.java:114)
	at com.sun.javafx.event.BasicEventDispatcher.dispatchEvent(BasicEventDispatcher.java:56)
	at com.sun.javafx.event.EventDispatchChainImpl.dispatchEvent(EventDispatchChainImpl.java:114)
	at com.sun.javafx.event.BasicEventDispatcher.dispatchEvent(BasicEventDispatcher.java:56)
	at com.sun.javafx.event.EventDispatchChainImpl.dispatchEvent(EventDispatchChainImpl.java:114)
	at com.sun.javafx.event.BasicEventDispatcher.dispatchEvent(BasicEventDispatcher.java:56)
	at com.sun.javafx.event.EventDispatchChainImpl.dispatchEvent(EventDispatchChainImpl.java:114)
	at com.sun.javafx.event.EventUtil.fireEventImpl(EventUtil.java:74)
	at com.sun.javafx.event.EventUtil.fireEvent(EventUtil.java:54)
	at javafx.event.Event.fireEvent(Event.java:199)
	at javafx.scene.Scene$MouseHandler.process(Scene.java:4005)
	at javafx.scene.Scene.processMouseEvent(Scene.java:1934)
	at javafx.scene.Scene$ScenePeerListener.mouseEvent(Scene.java:2763)
	at com.sun.javafx.tk.quantum.GlassViewEventHandler$MouseEventNotification.get(GlassViewEventHandler.java:352)
	at com.sun.javafx.tk.quantum.GlassViewEventHandler$MouseEventNotification.get(GlassViewEventHandler.java:254)
	at com.sun.javafx.tk.quantum.QuantumToolkit.runWithoutRenderLock(QuantumToolkit.java:424)
	at com.sun.javafx.tk.quantum.GlassViewEventHandler.handleMouseEvent(GlassViewEventHandler.java:386)
	at com.sun.glass.ui.View.handleMouseEvent(View.java:560)
	at com.sun.glass.ui.View.notifyMouse(View.java:946)
	at com.sun.glass.ui.win.WinApplication._runLoop(Native Method)
	at com.sun.glass.ui.win.WinApplication.lambda$runLoop$0(WinApplication.java:168)
	at java.base/java.lang.Thread.run(Thread.java:1447)
Caused by: java.lang.NullPointerException: Cannot invoke "java.math.BigDecimal.toString()" because "this.netPriceRmD" is null
	at org.code_studio.database.Item.getNetPriceRmDPlusSpec(Item.java:546)
	at java.base/jdk.internal.reflect.DirectMethodHandleAccessor.invoke(DirectMethodHandleAccessor.java:104)
	at java.base/java.lang.reflect.Method.invoke(Method.java:565)
	at com.fasterxml.jackson.databind.ser.BeanPropertyWriter.serializeAsField(BeanPropertyWriter.java:688)
	at com.fasterxml.jackson.databind.ser.std.BeanSerializerBase.serializeFields(BeanSerializerBase.java:770)
	... 103 common frames omitted
2026-08-27 11:37:02.481 ERROR org.code_studio.rest.CSRestService - {}
org.springframework.web.client.HttpClientErrorException$UnsupportedMediaType: 415  on POST request for "http://localhost:33377/api/v1/paletteItem": "{"timestamp":"2026-08-27T09:37:02.433+00:00","status":415,"error":"Unsupported Media Type","path":"/api/v1/paletteItem"}"
	at org.springframework.web.client.HttpClientErrorException.create(HttpClientErrorException.java:127)
	at org.springframework.web.client.DefaultResponseErrorHandler.handleError(DefaultResponseErrorHandler.java:186)
	at org.springframework.web.client.DefaultResponseErrorHandler.handleError(DefaultResponseErrorHandler.java:147)
	at org.springframework.web.client.RestTemplate.handleResponse(RestTemplate.java:953)
	at org.springframework.web.client.RestTemplate.doExecute(RestTemplate.java:902)
	at org.springframework.web.client.RestTemplate.execute(RestTemplate.java:841)
	at org.springframework.web.client.RestTemplate.postForEntity(RestTemplate.java:567)
	at org.code_studio.rest.CSRestService.addOrUpdate(CSRestService.java:372)
	at org.code_studio.controller.Dobanovci_PaletteGroupAddEditController.lambda$3(Dobanovci_PaletteGroupAddEditController.java:220)
	at com.sun.javafx.event.CompositeEventHandler.dispatchBubblingEvent(CompositeEventHandler.java:86)
	at com.sun.javafx.event.EventHandlerManager.dispatchBubblingEvent(EventHandlerManager.java:232)
	at com.sun.javafx.event.EventHandlerManager.dispatchBubblingEvent(EventHandlerManager.java:189)
	at com.sun.javafx.event.CompositeEventDispatcher.dispatchBubblingEvent(CompositeEventDispatcher.java:59)
	at com.sun.javafx.event.BasicEventDispatcher.dispatchEvent(BasicEventDispatcher.java:58)
	at com.sun.javafx.event.EventDispatchChainImpl.dispatchEvent(EventDispatchChainImpl.java:114)
	at com.sun.javafx.event.BasicEventDispatcher.dispatchEvent(BasicEventDispatcher.java:56)
	at com.sun.javafx.event.EventDispatchChainImpl.dispatchEvent(EventDispatchChainImpl.java:114)
	at com.sun.javafx.event.BasicEventDispatcher.dispatchEvent(BasicEventDispatcher.java:56)
	at com.sun.javafx.event.EventDispatchChainImpl.dispatchEvent(EventDispatchChainImpl.java:114)
	at com.sun.javafx.event.EventUtil.fireEventImpl(EventUtil.java:74)
	at com.sun.javafx.event.EventUtil.fireEvent(EventUtil.java:49)
	at javafx.event.Event.fireEvent(Event.java:199)
	at javafx.scene.Node.fireEvent(Node.java:9005)
	at javafx.scene.control.Button.fire(Button.java:203)
	at com.sun.javafx.scene.control.behavior.ButtonBehavior.mouseReleased(ButtonBehavior.java:207)
	at com.sun.javafx.scene.control.inputmap.InputMap.handle(InputMap.java:274)
	at com.sun.javafx.event.CompositeEventHandler$NormalEventHandlerRecord.handleBubblingEvent(CompositeEventHandler.java:247)
	at com.sun.javafx.event.CompositeEventHandler.dispatchBubblingEvent(CompositeEventHandler.java:80)
	at com.sun.javafx.event.EventHandlerManager.dispatchBubblingEvent(EventHandlerManager.java:232)
	at com.sun.javafx.event.EventHandlerManager.dispatchBubblingEvent(EventHandlerManager.java:189)
	at com.sun.javafx.event.CompositeEventDispatcher.dispatchBubblingEvent(CompositeEventDispatcher.java:59)
	at com.sun.javafx.event.BasicEventDispatcher.dispatchEvent(BasicEventDispatcher.java:58)
	at com.sun.javafx.event.EventDispatchChainImpl.dispatchEvent(EventDispatchChainImpl.java:114)
	at com.sun.javafx.event.BasicEventDispatcher.dispatchEvent(BasicEventDispatcher.java:56)
	at com.sun.javafx.event.EventDispatchChainImpl.dispatchEvent(EventDispatchChainImpl.java:114)
	at com.sun.javafx.event.BasicEventDispatcher.dispatchEvent(BasicEventDispatcher.java:56)
	at com.sun.javafx.event.EventDispatchChainImpl.dispatchEvent(EventDispatchChainImpl.java:114)
	at com.sun.javafx.event.EventUtil.fireEventImpl(EventUtil.java:74)
	at com.sun.javafx.event.EventUtil.fireEvent(EventUtil.java:49)
	at javafx.event.Event.fireEvent(Event.java:199)
	at javafx.scene.Scene$MouseHandler.process(Scene.java:4005)
	at javafx.scene.Scene.processMouseEvent(Scene.java:1934)
	at javafx.scene.Scene$ScenePeerListener.mouseEvent(Scene.java:2763)
	at com.sun.javafx.tk.quantum.GlassViewEventHandler$MouseEventNotification.get(GlassViewEventHandler.java:352)
	at com.sun.javafx.tk.quantum.GlassViewEventHandler$MouseEventNotification.get(GlassViewEventHandler.java:254)
	at com.sun.javafx.tk.quantum.QuantumToolkit.runWithoutRenderLock(QuantumToolkit.java:424)
	at com.sun.javafx.tk.quantum.GlassViewEventHandler.handleMouseEvent(GlassViewEventHandler.java:386)
	at com.sun.glass.ui.View.handleMouseEvent(View.java:560)
	at com.sun.glass.ui.View.notifyMouse(View.java:946)
	at com.sun.glass.ui.win.WinApplication._enterNestedEventLoopImpl(Native Method)
	at com.sun.glass.ui.win.WinApplication._enterNestedEventLoop(WinApplication.java:195)
	at com.sun.glass.ui.Application.enterNestedEventLoop(Application.java:510)
	at com.sun.glass.ui.EventLoop.enter(EventLoop.java:107)
	at com.sun.javafx.tk.quantum.QuantumToolkit.enterNestedEventLoop(QuantumToolkit.java:649)
	at javafx.stage.Stage.showAndWait(Stage.java:429)
	at org.code_studio.main.Common.displayForm(Common.java:211)
	at org.code_studio.controller.Dobanovci_GoodsInController.lambda$14(Dobanovci_GoodsInController.java:342)
	at com.sun.javafx.event.CompositeEventHandler.dispatchBubblingEvent(CompositeEventHandler.java:86)
	at com.sun.javafx.event.EventHandlerManager.dispatchBubblingEvent(EventHandlerManager.java:232)
	at com.sun.javafx.event.EventHandlerManager.dispatchBubblingEvent(EventHandlerManager.java:189)
	at com.sun.javafx.event.CompositeEventDispatcher.dispatchBubblingEvent(CompositeEventDispatcher.java:59)
	at com.sun.javafx.event.BasicEventDispatcher.dispatchEvent(BasicEventDispatcher.java:58)
	at com.sun.javafx.event.EventDispatchChainImpl.dispatchEvent(EventDispatchChainImpl.java:114)
	at com.sun.javafx.event.BasicEventDispatcher.dispatchEvent(BasicEventDispatcher.java:56)
	at com.sun.javafx.event.EventDispatchChainImpl.dispatchEvent(EventDispatchChainImpl.java:114)
	at com.sun.javafx.event.BasicEventDispatcher.dispatchEvent(BasicEventDispatcher.java:56)
	at com.sun.javafx.event.EventDispatchChainImpl.dispatchEvent(EventDispatchChainImpl.java:114)
	at com.sun.javafx.event.BasicEventDispatcher.dispatchEvent(BasicEventDispatcher.java:56)
	at com.sun.javafx.event.EventDispatchChainImpl.dispatchEvent(EventDispatchChainImpl.java:114)
	at com.sun.javafx.event.EventUtil.fireEventImpl(EventUtil.java:74)
	at com.sun.javafx.event.EventUtil.fireEvent(EventUtil.java:49)
	at javafx.event.Event.fireEvent(Event.java:199)
	at javafx.scene.Node.fireEvent(Node.java:9005)
	at javafx.scene.control.Button.fire(Button.java:203)
	at com.sun.javafx.scene.control.behavior.ButtonBehavior.mouseReleased(ButtonBehavior.java:207)
	at com.sun.javafx.scene.control.inputmap.InputMap.handle(InputMap.java:274)
	at com.sun.javafx.event.CompositeEventHandler$NormalEventHandlerRecord.handleBubblingEvent(CompositeEventHandler.java:247)
	at com.sun.javafx.event.CompositeEventHandler.dispatchBubblingEvent(CompositeEventHandler.java:80)
	at com.sun.javafx.event.EventHandlerManager.dispatchBubblingEvent(EventHandlerManager.java:232)
	at com.sun.javafx.event.EventHandlerManager.dispatchBubblingEvent(EventHandlerManager.java:189)
	at com.sun.javafx.event.CompositeEventDispatcher.dispatchBubblingEvent(CompositeEventDispatcher.java:59)
	at com.sun.javafx.event.BasicEventDispatcher.dispatchEvent(BasicEventDispatcher.java:58)
	at com.sun.javafx.event.EventDispatchChainImpl.dispatchEvent(EventDispatchChainImpl.java:114)
	at com.sun.javafx.event.BasicEventDispatcher.dispatchEvent(BasicEventDispatcher.java:56)
	at com.sun.javafx.event.EventDispatchChainImpl.dispatchEvent(EventDispatchChainImpl.java:114)
	at com.sun.javafx.event.BasicEventDispatcher.dispatchEvent(BasicEventDispatcher.java:56)
	at com.sun.javafx.event.EventDispatchChainImpl.dispatchEvent(EventDispatchChainImpl.java:114)
	at com.sun.javafx.event.BasicEventDispatcher.dispatchEvent(BasicEventDispatcher.java:56)
	at com.sun.javafx.event.EventDispatchChainImpl.dispatchEvent(EventDispatchChainImpl.java:114)
	at com.sun.javafx.event.EventUtil.fireEventImpl(EventUtil.java:74)
	at com.sun.javafx.event.EventUtil.fireEvent(EventUtil.java:54)
	at javafx.event.Event.fireEvent(Event.java:199)
	at javafx.scene.Scene$MouseHandler.process(Scene.java:4005)
	at javafx.scene.Scene.processMouseEvent(Scene.java:1934)
	at javafx.scene.Scene$ScenePeerListener.mouseEvent(Scene.java:2763)
	at com.sun.javafx.tk.quantum.GlassViewEventHandler$MouseEventNotification.get(GlassViewEventHandler.java:352)
	at com.sun.javafx.tk.quantum.GlassViewEventHandler$MouseEventNotification.get(GlassViewEventHandler.java:254)
	at com.sun.javafx.tk.quantum.QuantumToolkit.runWithoutRenderLock(QuantumToolkit.java:424)
	at com.sun.javafx.tk.quantum.GlassViewEventHandler.handleMouseEvent(GlassViewEventHandler.java:386)
	at com.sun.glass.ui.View.handleMouseEvent(View.java:560)
	at com.sun.glass.ui.View.notifyMouse(View.java:946)
	at com.sun.glass.ui.win.WinApplication._runLoop(Native Method)
	at com.sun.glass.ui.win.WinApplication.lambda$runLoop$0(WinApplication.java:168)
	at java.base/java.lang.Thread.run(Thread.java:1447)
2026-08-27 11:37:02.494 INFO  org.code_studio.rest.CSRestService - 404: http://localhost:33377/api/v1/paletteItem/allPageableByPaletteId/306/0
2026-08-27 11:44:23.616 DEBUG o.code_studio.rest.CSRestService$1 - 404: http://localhost:33377/api/v1/craneQueue/allInputByClientId/50008
2026-08-27 11:44:24.356 INFO  org.code_studio.rest.CSRestService - 404: http://localhost:33377/api/v1/paletteItem/allPageableByPaletteId/306/0
2026-08-27 11:44:47.705 INFO  org.code_studio.rest.CSRestService - 404: http://localhost:33377/api/v1/paletteItem/allPageableByPaletteId/301/0
2026-08-27 11:44:49.575 INFO  org.code_studio.rest.CSRestService - 404: http://localhost:33377/api/v1/paletteItem/allPageableByPaletteId/307/0
2026-08-27 18:21:03.248 ERROR org.code_studio.rest.CSRestService - 400: http://localhost:33377/api/v1/item/allByClientIdPageable/0/50008
2026-08-27 18:21:11.124 ERROR org.code_studio.rest.CSRestService - 400: http://localhost:33377/api/v1/item/allByClientIdPageable/0/50008
2026-08-27 18:29:59.199 ERROR org.code_studio.rest.CSRestService - 400: http://localhost:33377/api/v1/item/allByClientIdPageable/0/50008
